"","label","time","RBC","total_iRBC"
"1","R log & I log",0,8890000,0
"2","R log & I log",0.01,8889999.24224437,44.0326805486819
"3","R log & I log",0.02,8889997.65115145,44.8149300822929
"4","R log & I log",0.03,8889995.70448842,45.7819361654412
"5","R log & I log",0.04,8889993.56976798,46.8046988389459
"6","R log & I log",0.05,8889991.31468666,47.8440347166678
"7","R log & I log",0.06,8889988.97244336,48.888060257256
"8","R log & I log",0.07,8889986.56274787,49.9331060982291
"9","R log & I log",0.08,8889984.09871193,50.9781260934894
"10","R log & I log",0.09,8889981.5897547,52.0227606693549
"11","R log & I log",0.1,8889979.04315663,53.0669094776564
"12","R log & I log",0.11,8889976.46370533,54.110547142887
"13","R log & I log",0.12,8889973.85519234,55.1536634679776
"14","R log & I log",0.13,8889971.22084604,56.1962547504939
"15","R log & I log",0.14,8889968.56322764,57.2383209138495
"16","R log & I log",0.15,8889965.8836918,58.2798618945105
"17","R log & I log",0.16,8889963.18344539,59.3208777725332
"18","R log & I log",0.17,8889960.46348582,60.3613686919052
"19","R log & I log",0.18,8889957.72460251,61.4013348243004
"20","R log & I log",0.19,8889954.96741043,62.440776350018
"21","R log & I log",0.2,8889952.19238723,63.4796934504038
"22","R log & I log",0.21,8889949.39990553,64.5180863057421
"23","R log & I log",0.22,8889946.59025864,65.5559550951146
"24","R log & I log",0.23,8889943.76368037,66.5932999967134
"25","R log & I log",0.24,8889940.9203411,67.6301211703633
"26","R log & I log",0.25,8889938.06039889,68.6664187861678
"27","R log & I log",0.26,8889935.18400212,69.7021930341447
"28","R log & I log",0.27,8889932.29126978,70.7374440971178
"29","R log & I log",0.28,8889929.38230198,71.7721721558495
"30","R log & I log",0.29,8889926.45718499,72.8063773874106
"31","R log & I log",0.3,8889923.51599711,73.8400599677671
"32","R log & I log",0.31,8889920.55881139,74.8732200721424
"33","R log & I log",0.32,8889917.58569733,75.90585787559
"34","R log & I log",0.33,8889914.59672168,76.9379735530018
"35","R log & I log",0.34,8889911.59194914,77.9695672791487
"36","R log & I log",0.35,8889908.57144245,79.0006392286089
"37","R log & I log",0.36,8889905.53526295,80.0311895757632
"38","R log & I log",0.37,8889902.48347092,81.0612184947904
"39","R log & I log",0.38,8889899.41612584,82.0907261596654
"40","R log & I log",0.39,8889896.33328643,83.1197127441603
"41","R log & I log",0.4,8889893.2350109,84.1481784218452
"42","R log & I log",0.41,8889890.12135692,85.1761233660901
"43","R log & I log",0.42,8889886.99238182,86.2035477500652
"44","R log & I log",0.43,8889883.84814255,87.230451746742
"45","R log & I log",0.44,8889880.68869576,88.2568355288937
"46","R log & I log",0.45,8889877.51409787,89.2826992690959
"47","R log & I log",0.46,8889874.32440503,90.3080431397268
"48","R log & I log",0.47,8889871.11967317,91.332867312968
"49","R log & I log",0.48,8889867.89995803,92.3571719608045
"50","R log & I log",0.49,8889864.66531514,93.3809572550257
"51","R log & I log",0.5,8889861.41579987,94.4042233672375
"52","R log & I log",0.51,8889858.15146738,95.426970468847
"53","R log & I log",0.52,8889854.87237266,96.4491987310493
"54","R log & I log",0.53,8889851.57857052,97.4709083248439
"55","R log & I log",0.54,8889848.2701156,98.4920994210394
"56","R log & I log",0.55,8889844.94706238,99.5127721902552
"57","R log & I log",0.56,8889841.60946518,100.532926802919
"58","R log & I log",0.57,8889838.25737817,101.552563429265
"59","R log & I log",0.58,8889834.89085532,102.571682239333
"60","R log & I log",0.59,8889831.50995047,103.59028340297
"61","R log & I log",0.6,8889828.1147173,104.60836708983
"62","R log & I log",0.61,8889824.7052093,105.625933469376
"63","R log & I log",0.62,8889821.28147985,106.642982710877
"64","R log & I log",0.63,8889817.84358212,107.659514983413
"65","R log & I log",0.64,8889814.39156917,108.67553045587
"66","R log & I log",0.65,8889810.92549386,109.691029296946
"67","R log & I log",0.66,8889807.44540893,110.706011675145
"68","R log & I log",0.67,8889803.95136695,111.720477758783
"69","R log & I log",0.68,8889800.44342034,112.734427715985
"70","R log & I log",0.69,8889796.92162134,113.747861714684
"71","R log & I log",0.7,8889793.38602207,114.760779922627
"72","R log & I log",0.71,8889789.83667448,115.77318250737
"73","R log & I log",0.72,8889786.27363037,116.785069636279
"74","R log & I log",0.73,8889782.69694139,117.796441476533
"75","R log & I log",0.74,8889779.10665903,118.807298195121
"76","R log & I log",0.75,8889775.50283463,119.817639958844
"77","R log & I log",0.76,8889771.88551938,120.827466934317
"78","R log & I log",0.77,8889768.25476433,121.836779287965
"79","R log & I log",0.78,8889764.61062036,122.845577186027
"80","R log & I log",0.79,8889760.95313822,123.853860794555
"81","R log & I log",0.8,8889757.28236849,124.861630279414
"82","R log & I log",0.81,8889753.59836161,125.868885806282
"83","R log & I log",0.82,8889749.90116787,126.875627540651
"84","R log & I log",0.83,8889746.19083743,127.881855647828
"85","R log & I log",0.84,8889742.46742027,128.887570292933
"86","R log & I log",0.85,8889738.73096624,129.892771640902
"87","R log & I log",0.86,8889734.98152504,130.897459856486
"88","R log & I log",0.87,8889731.21914624,131.901635104251
"89","R log & I log",0.88,8889727.44387923,132.905297548576
"90","R log & I log",0.89,8889723.65577327,133.908447353661
"91","R log & I log",0.9,8889719.8548775,134.911084683517
"92","R log & I log",0.91,8889716.04124087,135.913209701974
"93","R log & I log",0.92,8889712.21491222,136.914822572679
"94","R log & I log",0.93,8889708.37594023,137.915923459094
"95","R log & I log",0.94,8889704.52437344,138.9165125245
"96","R log & I log",0.95,8889700.66026025,139.916589931996
"97","R log & I log",0.96,8889696.7836489,140.916155844496
"98","R log & I log",0.97,8889692.89458752,141.915210424734
"99","R log & I log",0.98,8889688.99312407,142.913753835263
"100","R log & I log",0.99,8889685.07930638,143.911786238454
"101","R log & I log",1,8889681.15318213,144.909307796496
"102","R log & I log",1.01,8889677.14798306,145.793621520411
"103","R log & I log",1.02,8889671.77793992,147.437868365116
"104","R log & I log",1.03,8889665.25171698,150.046947098669
"105","R log & I log",1.04,8889658.13836438,153.17139951442
"106","R log & I log",1.05,8889650.75983207,156.519104133411
"107","R log & I log",1.06,8889643.2557794,159.954028561218
"108","R log & I log",1.07,8889635.6787683,163.420448843607
"109","R log & I log",1.08,8889628.04581861,166.897167314121
"110","R log & I log",1.09,8889620.36113873,170.376321763188
"111","R log & I log",1.1,8889612.62454573,173.855207976609
"112","R log & I log",1.11,8889604.83487164,177.332813826193
"113","R log & I log",1.12,8889596.99082376,180.808821216893
"114","R log & I log",1.13,8889589.09134829,184.283122281107
"115","R log & I log",1.14,8889581.13566856,187.755683513938
"116","R log & I log",1.15,8889573.12322048,191.226490313753
"117","R log & I log",1.16,8889565.05359917,194.695540165332
"118","R log & I log",1.17,8889556.92662448,198.162832369938
"119","R log & I log",1.18,8889548.74219336,201.62836685003
"120","R log & I log",1.19,8889540.50026159,205.092143816072
"121","R log & I log",1.2,8889532.20084126,208.554163635024
"122","R log & I log",1.21,8889523.84399114,212.014426735704
"123","R log & I log",1.22,8889515.42980655,215.47293356244
"124","R log & I log",1.23,8889506.95841062,218.929684558458
"125","R log & I log",1.24,8889498.4299473,222.384680162425
"126","R log & I log",1.25,8889489.84457602,225.83792080909
"127","R log & I log",1.26,8889481.20246764,229.289406930437
"128","R log & I log",1.27,8889472.50380135,232.739138956432
"129","R log & I log",1.28,8889463.74876243,236.187117315357
"130","R log & I log",1.29,8889454.93752159,239.633342391232
"131","R log & I log",1.3,8889446.07026312,243.077814592322
"132","R log & I log",1.31,8889437.14719578,246.520534373914
"133","R log & I log",1.32,8889428.16852286,249.961502173159
"134","R log & I log",1.33,8889419.134447,253.400718421198
"135","R log & I log",1.34,8889410.0451677,256.838183539255
"136","R log & I log",1.35,8889400.90088372,260.273897944785
"137","R log & I log",1.36,8889391.70179328,263.707862052603
"138","R log & I log",1.37,8889382.44809431,267.140076275487
"139","R log & I log",1.38,8889373.13998458,270.570541024825
"140","R log & I log",1.39,8889363.77766161,273.999256710574
"141","R log & I log",1.4,8889354.36132254,277.426223741121
"142","R log & I log",1.41,8889344.89116412,280.851442523198
"143","R log & I log",1.42,8889335.36738259,284.274913461859
"144","R log & I log",1.43,8889325.79017375,287.696636960588
"145","R log & I log",1.44,8889316.15973288,291.116613421165
"146","R log & I log",1.45,8889306.47625469,294.53484324356
"147","R log & I log",1.46,8889296.73993334,297.95132682607
"148","R log & I log",1.47,8889286.95096247,301.366064565365
"149","R log & I log",1.48,8889277.10953519,304.779056856497
"150","R log & I log",1.49,8889267.21584405,308.190304092882
"151","R log & I log",1.5,8889257.27008105,311.599806666282
"152","R log & I log",1.51,8889247.27243767,315.00756496681
"153","R log & I log",1.52,8889237.2231048,318.413579382925
"154","R log & I log",1.53,8889227.12227279,321.81785030145
"155","R log & I log",1.54,8889216.97013145,325.220378107566
"156","R log & I log",1.55,8889206.76687003,328.621163184822
"157","R log & I log",1.56,8889196.51267722,332.020205915133
"158","R log & I log",1.57,8889186.20774119,335.417506678788
"159","R log & I log",1.58,8889175.85224954,338.813065854447
"160","R log & I log",1.59,8889165.44638933,342.206883819148
"161","R log & I log",1.6,8889154.99034708,345.59896094831
"162","R log & I log",1.61,8889144.48430876,348.989297615733
"163","R log & I log",1.62,8889133.92845981,352.377894193606
"164","R log & I log",1.63,8889123.32298511,355.764751052505
"165","R log & I log",1.64,8889112.66806901,359.149868561401
"166","R log & I log",1.65,8889101.96389535,362.533247087659
"167","R log & I log",1.66,8889091.21064739,365.914886997043
"168","R log & I log",1.67,8889080.40850788,369.294788653718
"169","R log & I log",1.68,8889069.55765904,372.672952420256
"170","R log & I log",1.69,8889058.65828255,376.049378657634
"171","R log & I log",1.7,8889047.71055956,379.424067725242
"172","R log & I log",1.71,8889036.71467071,382.797019980884
"173","R log & I log",1.72,8889025.6707961,386.168235780781
"174","R log & I log",1.73,8889014.57911529,389.537715479574
"175","R log & I log",1.74,8889003.43980735,392.905459430326
"176","R log & I log",1.75,8888992.2530508,396.271467984528
"177","R log & I log",1.76,8888981.01902366,399.635741492101
"178","R log & I log",1.77,8888969.73790342,402.998280301396
"179","R log & I log",1.78,8888958.40986705,406.359084759202
"180","R log & I log",1.79,8888947.03509102,409.718155210745
"181","R log & I log",1.8,8888935.61375127,413.075491999694
"182","R log & I log",1.81,8888924.14602323,416.43109546816
"183","R log & I log",1.82,8888912.63208183,419.784965956705
"184","R log & I log",1.83,8888901.07210149,423.13710380434
"185","R log & I log",1.84,8888889.4662561,426.487509348529
"186","R log & I log",1.85,8888877.81471906,429.836182925196
"187","R log & I log",1.86,8888866.11766328,433.183124868721
"188","R log & I log",1.87,8888854.37526113,436.528335511949
"189","R log & I log",1.88,8888842.58768452,439.871815186192
"190","R log & I log",1.89,8888830.75510481,443.213564221228
"191","R log & I log",1.9,8888818.87769292,446.55358294531
"192","R log & I log",1.91,8888806.95561921,449.891871685164
"193","R log & I log",1.92,8888794.9890536,453.228430765996
"194","R log & I log",1.93,8888782.97816547,456.56326051149
"195","R log & I log",1.94,8888770.92312374,459.896361243818
"196","R log & I log",1.95,8888758.82409682,463.227733283637
"197","R log & I log",1.96,8888746.68125264,466.557376950094
"198","R log & I log",1.97,8888734.49475863,469.885292560829
"199","R log & I log",1.98,8888722.26478173,473.211480431979
"200","R log & I log",1.99,8888709.99148842,476.53594087818
"201","R log & I log",2,8888697.67504466,479.858674212571
"202","R log & I log",2.01,8888685.38298496,483.047062398384
"203","R log & I log",2.02,8888671.08878529,486.874323204628
"204","R log & I log",2.03,8888653.07256577,493.268029960863
"205","R log & I log",2.04,8888632.06924679,502.045851697599
"206","R log & I log",2.05,8888609.28599687,512.302254942721
"207","R log & I log",2.06,8888585.56259534,523.315944091369
"208","R log & I log",2.07,8888561.34405271,534.675131625301
"209","R log & I log",2.08,8888536.83188903,546.17914092862
"210","R log & I log",2.09,8888512.10651298,557.73874026599
"211","R log & I log",2.1,8888487.19535273,569.316458521883
"212","R log & I log",2.11,8888462.10447831,580.897436997349
"213","R log & I log",2.12,8888436.83292166,592.475827812655
"214","R log & I log",2.13,8888411.37762073,604.049456583371
"215","R log & I log",2.14,8888385.73549774,615.617627568337
"216","R log & I log",2.15,8888359.90419835,627.180012303421
"217","R log & I log",2.16,8888333.88204043,638.736506381944
"218","R log & I log",2.17,8888307.66782816,650.287033244115
"219","R log & I log",2.18,8888281.26080906,661.831621240971
"220","R log & I log",2.19,8888254.66062079,673.370247251728
"221","R log & I log",2.2,8888227.86714649,684.902912283122
"222","R log & I log",2.21,8888200.88046602,696.429623265852
"223","R log & I log",2.22,8888173.70082673,707.950371359694
"224","R log & I log",2.23,8888146.32857497,719.46516169591
"225","R log & I log",2.24,8888118.76415304,730.973988932051
"226","R log & I log",2.25,8888091.00805611,742.476858094378
"227","R log & I log",2.26,8888063.06083784,753.973763348413
"228","R log & I log",2.27,8888034.92307551,765.464710077901
"229","R log & I log",2.28,8888006.59538403,776.949692228343
"230","R log & I log",2.29,8887978.07838563,788.428715241063
"231","R log & I log",2.3,8887949.37272816,799.90177297956
"232","R log & I log",2.31,8887920.4790577,811.368870884206
"233","R log & I log",2.32,8887891.39803905,822.830002765813
"234","R log & I log",2.33,8887862.1303301,834.285174044285
"235","R log & I log",2.34,8887832.67660361,845.7343784893
"236","R log & I log",2.35,8887803.0375225,857.177621491827
"237","R log & I log",2.36,8887773.21376237,868.614896785729
"238","R log & I log",2.37,8887743.20598732,880.046209729075
"239","R log & I log",2.38,8887713.01487293,891.471554022503
"240","R log & I log",2.39,8887682.64108233,902.890934989356
"241","R log & I log",2.4,8887652.08528943,914.304346298312
"242","R log & I log",2.41,8887621.34815518,925.711793237183
"243","R log & I log",2.42,8887590.43035091,937.113269443348
"244","R log & I log",2.43,8887559.33253472,948.508780168779
"245","R log & I log",2.44,8887528.05537485,959.89831901993
"246","R log & I log",2.45,8887496.59952617,971.281891212859
"247","R log & I log",2.46,8887464.96565358,982.659490323346
"248","R log & I log",2.47,8887433.15440849,994.031121531568
"249","R log & I log",2.48,8887401.16645229,1005.39677838282
"250","R log & I log",2.49,8887369.00243288,1016.7564660215
"251","R log & I log",2.5,8887336.66300805,1028.11017796258
"252","R log & I log",2.51,8887304.14882211,1039.45791931477
"253","R log & I log",2.52,8887271.46052926,1050.7996835629
"254","R log & I log",2.53,8887238.59877018,1062.13547578014
"255","R log & I log",2.54,8887205.56419545,1073.46528942126
"256","R log & I log",2.55,8887172.35744215,1084.78912952426
"257","R log & I log",2.56,8887138.97915725,1096.10698951362
"258","R log & I log",2.57,8887105.42997422,1107.41887439205
"259","R log & I log",2.58,8887071.71053644,1118.72477755504
"260","R log & I log",2.59,8887037.82147378,1130.02470396938
"261","R log & I log",2.6,8887003.76342603,1141.31864700142
"262","R log & I log",2.61,8886969.53701951,1152.60661158273
"263","R log & I log",2.62,8886935.14289043,1163.88859105038
"264","R log & I log",2.63,8886900.58166157,1175.164590301
"265","R log & I log",2.64,8886865.85396559,1186.43460264243
"266","R log & I log",2.65,8886830.96042172,1197.69863293656
"267","R log & I log",2.66,8886795.90165913,1208.95667446211
"268","R log & I log",2.67,8886760.67829353,1220.20873204639
"269","R log & I log",2.68,8886725.29095056,1231.45479893914
"270","R log & I log",2.69,8886689.74024246,1242.69487993323
"271","R log & I log",2.7,8886654.02679139,1253.92896824957
"272","R log & I log",2.71,8886618.15120612,1265.15706864673
"273","R log & I log",2.72,8886582.11410535,1276.37917431691
"274","R log & I log",2.73,8886545.91609439,1287.59528998458
"275","R log & I log",2.74,8886509.5577885,1298.80540881334
"276","R log & I log",2.75,8886473.03978958,1310.00953549367
"277","R log & I log",2.76,8886436.36270946,1321.20766316075
"278","R log & I log",2.77,8886399.52714662,1332.39979647123
"279","R log & I log",2.78,8886362.53370951,1343.585928532
"280","R log & I log",2.79,8886325.38299323,1354.766063966
"281","R log & I log",2.8,8886288.07560283,1365.94019585178
"282","R log & I log",2.81,8886250.61213005,1377.10832877923
"283","R log & I log",2.82,8886212.99317658,1388.27045579879
"284","R log & I log",2.83,8886175.21933083,1399.4265814662
"285","R log & I log",2.84,8886137.29119115,1410.57669880498
"286","R log & I log",2.85,8886099.20934261,1421.72081233701
"287","R log & I log",2.86,8886060.97438026,1432.85891505842
"288","R log & I log",2.87,8886022.58688585,1443.99101145777
"289","R log & I log",2.88,8885984.04745113,1455.11709450375
"290","R log & I log",2.89,8885945.35665459,1466.23716865185
"291","R log & I log",2.9,8885906.51508468,1477.35122684338
"292","R log & I log",2.91,8885867.52331663,1488.45927350097
"293","R log & I log",2.92,8885828.38193565,1499.56130153867
"294","R log & I log",2.93,8885789.0915137,1510.65731534638
"295","R log & I log",2.94,8885749.65263276,1521.74730781104
"296","R log & I log",2.95,8885710.06586159,1532.83128328999
"297","R log & I log",2.96,8885670.33177891,1543.90923464317
"298","R log & I log",2.97,8885630.4509503,1554.98116619551
"299","R log & I log",2.98,8885590.42395129,1566.04707078009
"300","R log & I log",2.99,8885550.25134425,1577.10695268959
"301","R log & I log",3,8885509.93370154,1588.16080473037
"302","R log & I log",3.01,8885469.61662124,1599.12926757463
"303","R log & I log",3.02,8885427.10557062,1610.23157747252
"304","R log & I log",3.03,8885376.31485922,1625.88405715128
"305","R log & I log",3.04,8885315.15325746,1648.89922173912
"306","R log & I log",3.05,8885245.62463774,1678.43164394284
"307","R log & I log",3.06,8885170.67593346,1712.31060038009
"308","R log & I log",3.07,8885092.57760958,1748.64407071846
"309","R log & I log",3.08,8885012.68489149,1786.21739206446
"310","R log & I log",3.09,8884931.69297283,1824.36484621459
"311","R log & I log",3.1,8884849.91559172,1862.75803233052
"312","R log & I log",3.11,8884767.48000489,1901.24400569826
"313","R log & I log",3.12,8884684.42777275,1939.75566089646
"314","R log & I log",3.13,8884600.765415,1978.26484651048
"315","R log & I log",3.14,8884516.48807989,2016.76074640543
"316","R log & I log",3.15,8884431.58812839,2055.23859037213
"317","R log & I log",3.16,8884346.05822459,2093.69653247982
"318","R log & I log",3.17,8884259.89335713,2132.13393269636
"319","R log & I log",3.18,8884173.0901192,2170.55052978157
"320","R log & I log",3.19,8884085.64630981,2208.94620507576
"321","R log & I log",3.2,8883997.56064725,2247.32089755615
"322","R log & I log",3.21,8883908.83271547,2285.6745802127
"323","R log & I log",3.22,8883819.46280612,2324.00723230952
"324","R log & I log",3.23,8883729.45178159,2362.31883431231
"325","R log & I log",3.24,8883638.8009101,2400.60936513696
"326","R log & I log",3.25,8883547.51200255,2438.87880142372
"327","R log & I log",3.26,8883455.58662823,2477.12712509894
"328","R log & I log",3.27,8883363.02664174,2515.3543176403
"329","R log & I log",3.28,8883269.83403878,2553.56035781523
"330","R log & I log",3.29,8883176.01090283,2591.74522624394
"331","R log & I log",3.3,8883081.55937954,2629.90890138141
"332","R log & I log",3.31,8882986.48166183,2668.05136357301
"333","R log & I log",3.32,8882890.77997634,2706.17259096191
"334","R log & I log",3.33,8882794.45657462,2744.27256355499
"335","R log & I log",3.34,8882697.51395251,2782.35125724716
"336","R log & I log",3.35,8882599.95404806,2820.40865460161
"337","R log & I log",3.36,8882501.77941355,2858.44473073855
"338","R log & I log",3.37,8882402.99204056,2896.45946752768
"339","R log & I log",3.38,8882303.59408595,2934.4528434972
"340","R log & I log",3.39,8882203.58808903,2972.42483526018
"341","R log & I log",3.4,8882102.9762332,3010.37542005941
"342","R log & I log",3.41,8882001.76088352,3048.30457677781
"343","R log & I log",3.42,8881899.94438495,3086.21227975683
"344","R log & I log",3.43,8881797.52901007,3124.09850882688
"345","R log & I log",3.44,8881694.51702953,3161.96324063086
"346","R log & I log",3.45,8881590.91071724,3199.80644942748
"347","R log & I log",3.46,8881486.71233643,3237.62811364074
"348","R log & I log",3.47,8881381.92414515,3275.42821098413
"349","R log & I log",3.48,8881276.54839331,3313.20671435299
"350","R log & I log",3.49,8881170.58732859,3350.96360557594
"351","R log & I log",3.5,8881064.04319477,3388.6988568816
"352","R log & I log",3.51,8880956.9182266,3426.41244365515
"353","R log & I log",3.52,8880849.21465559,3464.10434230097
"354","R log & I log",3.53,8880740.93470694,3501.7745298213
"355","R log & I log",3.54,8880632.08060121,3539.42298004713
"356","R log & I log",3.55,8880522.65455182,3577.04966631142
"357","R log & I log",3.56,8880412.65876566,3614.65456708648
"358","R log & I log",3.57,8880302.09544751,3652.2376589035
"359","R log & I log",3.58,8880190.96679782,3689.79890328994
"360","R log & I log",3.59,8880079.27499781,3727.33829461214
"361","R log & I log",3.6,8879967.02224603,3764.85579296843
"362","R log & I log",3.61,8879854.21071856,3802.35137617747
"363","R log & I log",3.62,8879740.84258929,3839.82501864077
"364","R log & I log",3.63,8879626.92002874,3877.27669548277
"365","R log & I log",3.64,8879512.44520243,3914.70637794631
"366","R log & I log",3.65,8879397.42026711,3952.11404190574
"367","R log & I log",3.66,8879281.84737867,3989.4996588567
"368","R log & I log",3.67,8879165.72868418,4026.86320260323
"369","R log & I log",3.68,8879049.06632726,4064.20464626322
"370","R log & I log",3.69,8878931.86244603,4101.52396037806
"371","R log & I log",3.7,8878814.11917011,4138.82112215778
"372","R log & I log",3.71,8878695.83863093,4176.09609815049
"373","R log & I log",3.72,8878577.02294533,4213.3488637688
"374","R log & I log",3.73,8878457.67422922,4250.57939379416
"375","R log & I log",3.74,8878337.7945961,4287.78765674198
"376","R log & I log",3.75,8878217.38615086,4324.97362532424
"377","R log & I log",3.76,8878096.45099329,4362.13727060453
"378","R log & I log",3.77,8877974.99121881,4399.27856517265
"379","R log & I log",3.78,8877853.00891683,4436.39748023758
"380","R log & I log",3.79,8877730.50617291,4473.49398737405
"381","R log & I log",3.8,8877607.48506643,4510.56805689726
"382","R log & I log",3.81,8877483.94767256,4547.6196600087
"383","R log & I log",3.82,8877359.89606017,4584.64876689618
"384","R log & I log",3.83,8877235.33229404,4621.65534860405
"385","R log & I log",3.84,8877110.25843279,4658.63937506268
"386","R log & I log",3.85,8876984.67653102,4695.60081699835
"387","R log & I log",3.86,8876858.58863724,4732.53964401355
"388","R log & I log",3.87,8876731.99679595,4769.45582651489
"389","R log & I log",3.88,8876604.90304558,4806.3493337946
"390","R log & I log",3.89,8876477.30942061,4843.22013595125
"391","R log & I log",3.9,8876349.21794946,4880.0682019703
"392","R log & I log",3.91,8876220.63065662,4916.89350164267
"393","R log & I log",3.92,8876091.5495606,4953.69600364769
"394","R log & I log",3.93,8875961.97667599,4990.47567747024
"395","R log & I log",3.94,8875831.91401142,5027.23249148565
"396","R log & I log",3.95,8875701.36357165,5063.9664148763
"397","R log & I log",3.96,8875570.32735552,5100.6774157118
"398","R log & I log",3.97,8875438.80735825,5137.36546282338
"399","R log & I log",3.98,8875306.80556876,5174.03052456066
"400","R log & I log",3.99,8875174.32397302,5210.67256862575
"401","R log & I log",4,8875041.36454968,5247.29156303367
"402","R log & I log",4.01,8874908.08010217,5283.87790295533
"403","R log & I log",4.02,8874772.79137363,5319.97509398062
"404","R log & I log",4.03,8874623.27470507,5361.89239073379
"405","R log & I log",4.04,8874446.37532,5420.7704798394
"406","R log & I log",4.05,8874239.50614817,5501.13338947298
"407","R log & I log",4.06,8874008.30258012,5600.1349326373
"408","R log & I log",4.07,8873760.48950798,5712.11673918042
"409","R log & I log",4.08,8873502.37419028,5831.91726425929
"410","R log & I log",4.09,8873238.04038673,5955.9562177719
"411","R log & I log",4.1,8872969.77274829,6082.10230698678
"412","R log & I log",4.11,8872698.70145334,6209.21854770353
"413","R log & I log",4.12,8872425.33715434,6336.73245515413
"414","R log & I log",4.13,8872149.87529482,6464.37638072056
"415","R log & I log",4.14,8871872.3732585,6592.02899752811
"416","R log & I log",4.15,8871592.8322513,6719.63821551073
"417","R log & I log",4.16,8871311.23671358,6847.18107438316
"418","R log & I log",4.17,8871027.56816792,6974.6486101692
"419","R log & I log",4.18,8870741.81205738,7102.03700131394
"420","R log & I log",4.19,8870453.95661837,7229.34381542855
"421","R log & I log",4.2,8870163.996234,7356.56886979245
"422","R log & I log",4.21,8869871.92809273,7483.71154961675
"423","R log & I log",4.22,8869577.7517134,7610.77143829787
"424","R log & I log",4.23,8869281.46913674,7737.74828705741
"425","R log & I log",4.24,8868983.08370375,7864.64181428984
"426","R log & I log",4.25,8868682.60040786,7991.45173891408
"427","R log & I log",4.26,8868380.02486221,8118.17778575309
"428","R log & I log",4.27,8868075.36334205,8244.8196818081
"429","R log & I log",4.28,8867768.62270045,8371.37715297257
"430","R log & I log",4.29,8867459.81020531,8497.84992390703
"431","R log & I log",4.3,8867148.93341183,8624.23771657506
"432","R log & I log",4.31,8866836.00007984,8750.54025174243
"433","R log & I log",4.32,8866521.01811649,8876.75724756139
"434","R log & I log",4.33,8866203.99553877,9002.88842065592
"435","R log & I log",4.34,8865884.94043802,9128.93348454576
"436","R log & I log",4.35,8865563.86097074,9254.89214974572
"437","R log & I log",4.36,8865240.76534046,9380.7641226121
"438","R log & I log",4.37,8864915.66178207,9506.54910332068
"439","R log & I log",4.38,8864588.55854957,9632.24678458901
"440","R log & I log",4.39,8864259.46391974,9757.85684835713
"441","R log & I log",4.4,8863928.38619018,9883.37896218722
"442","R log & I log",4.41,8863595.33368943,10008.8127731492
"443","R log & I log",4.42,8863260.31477885,10134.1579023465
"444","R log & I log",4.43,8862923.33786569,10259.4139357514
"445","R log & I log",4.44,8862584.41141674,10384.5804150332
"446","R log & I log",4.45,8862243.54397227,10509.6568247076
"447","R log & I log",4.46,8861900.74416672,10634.642578069
"448","R log & I log",4.47,8861556.02075209,10759.5370047384
"449","R log & I log",4.48,8861209.38262318,10884.3393309147
"450","R log & I log",4.49,8860860.83884474,11009.0486617214
"451","R log & I log",4.5,8860510.39868045,11133.6639615504
"452","R log & I log",4.51,8860158.07162626,11258.1840320161
"453","R log & I log",4.52,8859803.8674361,11382.6074946434
"454","R log & I log",4.53,8859447.79615626,11506.9327687223
"455","R log & I log",4.54,8859089.8681597,11631.1580483759
"456","R log & I log",4.55,8858730.09417446,11755.2812829807
"457","R log & I log",4.56,8858368.4853106,11879.3001620877
"458","R log & I log",4.57,8858005.05309475,12003.2120955635
"459","R log & I log",4.58,8857639.80948874,12127.014191935
"460","R log & I log",4.59,8857272.76690815,12250.7032588206
"461","R log & I log",4.6,8856903.93824805,12374.2757870568
"462","R log & I log",4.61,8856533.33690396,12497.7279325863
"463","R log & I log",4.62,8856160.97677555,12621.0555156226
"464","R log & I log",4.63,8855786.87226798,12744.2540291542
"465","R log & I log",4.64,8855411.03830206,12867.3186344369
"466","R log & I log",4.65,8855033.49031974,12990.2441573419
"467","R log & I log",4.66,8854654.24428052,13113.0250943967
"468","R log & I log",4.67,8854273.31665163,13235.6556241043
"469","R log & I log",4.68,8853890.72439856,13358.1296190057
"470","R log & I log",4.69,8853506.48497063,13480.4406565043
"471","R log & I log",4.7,8853120.61628733,13602.5820359815
"472","R log & I log",4.71,8852733.13671951,13724.546792115
"473","R log & I log",4.72,8852344.06506385,13846.3277164795
"474","R log & I log",4.73,8851953.42052238,13967.9173804527
"475","R log & I log",4.74,8851561.22268224,14089.3081496002
"476","R log & I log",4.75,8851167.49149033,14210.4922041244
"477","R log & I log",4.76,8850772.24722171,14331.4615636462
"478","R log & I log",4.77,8850375.51045151,14452.2081124842
"479","R log & I log",4.78,8849977.30202617,14572.7236225185
"480","R log & I log",4.79,8849577.64303715,14692.9997742261
"481","R log & I log",4.8,8849176.55479242,14813.0281772625
"482","R log & I log",4.81,8848774.05878743,14932.8003939977
"483","R log & I log",4.82,8848370.17667384,15052.307963213
"484","R log & I log",4.83,8847964.93023033,15171.5424233054
"485","R log & I log",4.84,8847558.34134142,15290.4953267888
"486","R log & I log",4.85,8847150.43196954,15409.1582620701
"487","R log & I log",4.86,8846741.22412652,15527.5228733427
"488","R log & I log",4.87,8846330.73984875,15645.5808795884
"489","R log & I log",4.88,8845919.00117364,15763.324090113
"490","R log & I log",4.89,8845506.03011788,15880.7444207346
"491","R log & I log",4.9,8845091.84865551,15997.8339077073
"492","R log & I log",4.91,8844676.47869786,16114.5847222983
"493","R log & I log",4.92,8844259.94207376,16230.9891826775
"494","R log & I log",4.93,8843842.26051203,16347.0397662217
"495","R log & I log",4.94,8843423.4556242,16462.7291191843
"496","R log & I log",4.95,8843003.54888935,16578.0500668877
"497","R log & I log",4.96,8842582.56163917,16692.9956213666
"498","R log & I log",4.97,8842160.51504492,16807.5589895959
"499","R log & I log",4.98,8841737.4301052,16921.7335792665
"500","R log & I log",4.99,8841313.32763519,17035.5130046119
"501","R log & I log",5,8840888.22825593,17148.8910906992
"502","R log & I log",5.01,8840462.26034265,17261.8918343482
"503","R log & I log",5.02,8840034.75217157,17373.6692642563
"504","R log & I log",5.03,8839588.84181864,17490.0106753569
"505","R log & I log",5.04,8839089.03976796,17634.6845563881
"506","R log & I log",5.05,8838510.00079793,17831.1093280177
"507","R log & I log",5.06,8837851.1370224,18085.3351058288
"508","R log & I log",5.07,8837128.9262818,18387.9766763154
"509","R log & I log",5.08,8836364.19164407,18723.7430125353
"510","R log & I log",5.09,8835574.39395404,19078.5246267542
"511","R log & I log",5.1,8834771.43222426,19442.0867245268
"512","R log & I log",5.11,8833962.37940756,19808.0090208147
"513","R log & I log",5.12,8833151.05452066,20172.6298108377
"514","R log & I log",5.13,8832339.34548365,20534.010589916
"515","R log & I log",5.14,8831528.10295499,20891.1889616739
"516","R log & I log",5.15,8830717.65814953,21243.7280898724
"517","R log & I log",5.16,8829908.1391662,21591.4249822429
"518","R log & I log",5.17,8829099.55945045,21934.2235413274
"519","R log & I log",5.18,8828291.90272857,22272.1239890231
"520","R log & I log",5.19,8827485.14029896,22605.1599183384
"521","R log & I log",5.2,8826679.24082907,22933.3868781293
"522","R log & I log",5.21,8825874.17460965,23256.8712451163
"523","R log & I log",5.22,8825069.91244959,23575.6857897999
"524","R log & I log",5.23,8824266.42530099,23889.9122630195
"525","R log & I log",5.24,8823463.68353008,24199.6355116711
"526","R log & I log",5.25,8822661.65669881,24504.9437930453
"527","R log & I log",5.26,8821860.31336185,24805.928244289
"528","R log & I log",5.27,8821059.62097035,25102.6819900404
"529","R log & I log",5.28,8820259.54590949,25395.2993768272
"530","R log & I log",5.29,8819460.05367652,25683.8753301202
"531","R log & I log",5.3,8818661.10916677,25968.504805883
"532","R log & I log",5.31,8817862.67684139,26249.2824225724
"533","R log & I log",5.32,8817064.72092225,26526.3020032557
"534","R log & I log",5.33,8816267.20563813,26799.6562677642
"535","R log & I log",5.34,8815470.0953706,27069.4366399924
"536","R log & I log",5.35,8814673.35480417,27335.7330999344
"537","R log & I log",5.36,8813876.9490702,27598.6340319143
"538","R log & I log",5.37,8813080.84388051,27858.2260862661
"539","R log & I log",5.38,8812285.00563983,28114.5940608247
"540","R log & I log",5.39,8811489.40155189,28367.8208073379
"541","R log & I log",5.4,8810693.9996687,28617.9872025102
"542","R log & I log",5.41,8809898.7689689,28865.1721036536
"543","R log & I log",5.42,8809103.67941492,29109.4523179843
"544","R log & I log",5.43,8808308.7020238,29350.9025619765
"545","R log & I log",5.44,8807513.80891208,29589.5954452756
"546","R log & I log",5.45,8806718.97333253,29825.6014649642
"547","R log & I log",5.46,8805924.16971241,30058.9889990422
"548","R log & I log",5.47,8805129.37369031,30289.8243032326
"549","R log & I log",5.48,8804334.56214999,30518.1715108306
"550","R log & I log",5.49,8803539.71325333,30744.0926322575
"551","R log & I log",5.5,8802744.80647167,30967.6475551482
"552","R log & I log",5.51,8801949.82261296,31188.8940485241
"553","R log & I log",5.52,8801154.74384504,31407.8877707964
"554","R log & I log",5.53,8800359.55371792,31624.6822787071
"555","R log & I log",5.54,8799564.23718542,31839.3290362938
"556","R log & I log",5.55,8798768.78062219,32051.8774265149
"557","R log & I log",5.56,8797973.17183389,32262.3747695514
"558","R log & I log",5.57,8797177.40006736,32470.8663446715
"559","R log & I log",5.58,8796381.45601789,32677.3954085161
"560","R log & I log",5.59,8795585.33182493,32882.0032234499
"561","R log & I log",5.6,8794789.021063,33084.7290965424
"562","R log & I log",5.61,8793992.51873712,33285.6104155537
"563","R log & I log",5.62,8793195.82127323,33484.6826736106
"564","R log & I log",5.63,8792398.92648713,33681.9795252652
"565","R log & I log",5.64,8791601.83355684,33877.5328401548
"566","R log & I log",5.65,8790804.54299664,34071.3727539854
"567","R log & I log",5.66,8790007.05662765,34263.5277193726
"568","R log & I log",5.67,8789209.37753879,34454.0245642355
"569","R log & I log",5.68,8788411.51004407,34642.8885542549
"570","R log & I log",5.69,8787613.45963393,34830.143461571
"571","R log & I log",5.7,8786815.23292585,35015.8116351279
"572","R log & I log",5.71,8786016.8376179,35199.9140642107
"573","R log & I log",5.72,8785218.28243772,35382.4704434464
"574","R log & I log",5.73,8784419.57708777,35563.4992442851
"575","R log & I log",5.74,8783620.73219133,35743.0177868328
"576","R log & I log",5.75,8782821.75924331,35921.0423052477
"577","R log & I log",5.76,8782022.67055785,36097.5880117413
"578","R log & I log",5.77,8781223.47920982,36272.6691661867
"579","R log & I log",5.78,8780424.19897674,36446.2991470195
"580","R log & I log",5.79,8779624.84428923,36618.4905144321
"581","R log & I log",5.8,8778825.4301857,36789.2550666256
"582","R log & I log",5.81,8778025.97226351,36958.603897451
"583","R log & I log",5.82,8777226.4866253,37126.5474578578
"584","R log & I log",5.83,8776426.98982864,37293.0956149729
"585","R log & I log",5.84,8775627.49884343,37458.2577028823
"586","R log & I log",5.85,8774828.03101254,37622.0425691887
"587","R log & I log",5.86,8774028.60401048,37784.4586220799
"588","R log & I log",5.87,8773229.23580178,37945.5138773688
"589","R log & I log",5.88,8772429.94460318,38105.2160011701
"590","R log & I log",5.89,8771630.74884996,38263.5723480725
"591","R log & I log",5.9,8770831.66716381,38420.5899968404
"592","R log & I log",5.91,8770032.7183211,38576.2757852603
"593","R log & I log",5.92,8769233.92122292,38730.6363425275
"594","R log & I log",5.93,8768435.2948679,38883.6781186017
"595","R log & I log",5.94,8767636.85832523,39035.4074128528
"596","R log & I log",5.95,8766838.63071616,39185.8303934393
"597","R log & I log",5.96,8766040.63118941,39334.953122663
"598","R log & I log",5.97,8765242.87889874,39482.7815799338
"599","R log & I log",5.98,8764445.39298472,39629.3216799154
"600","R log & I log",5.99,8763648.19255949,39774.5792876945
"601","R log & I log",6,8762851.29668973,39918.5602348233
"602","R log & I log",6.01,8762054.75394914,40061.2938737609
"603","R log & I log",6.02,8761258.66889858,40202.3223871959
"604","R log & I log",6.03,8760454.79194272,40342.3228958315
"605","R log & I log",6.04,8759612.21639449,40496.9460757271
"606","R log & I log",6.05,8758691.64979271,40695.0246246535
"607","R log & I log",6.06,8757671.65478329,40958.0436622466
"608","R log & I log",6.07,8756556.83501635,41288.4053615806
"609","R log & I log",6.08,8755368.32972348,41673.4135103335
"610","R log & I log",6.09,8754131.17837545,42094.7506334485
"611","R log & I log",6.1,8752866.56601055,42535.5104366522
"612","R log & I log",6.11,8751589.28815862,42983.1546577521
"613","R log & I log",6.12,8750308.38642304,43429.6208383796
"614","R log & I log",6.13,8749028.85054022,43870.2235515485
"615","R log & I log",6.14,8747753.12151416,44302.5161312989
"616","R log & I log",6.15,8746482.2437253,44725.3546775854
"617","R log & I log",6.16,8745216.54419236,45138.3102661496
"618","R log & I log",6.17,8743956.02257509,45541.3180149019
"619","R log & I log",6.18,8742700.54121119,45934.4962547702
"620","R log & I log",6.19,8741449.9225241,46318.0434977041
"621","R log & I log",6.2,8740203.98409028,46692.1975215418
"622","R log & I log",6.21,8738962.55650473,47057.2103328934
"623","R log & I log",6.22,8737725.48517422,47413.3370317548
"624","R log & I log",6.23,8736492.63394731,47760.8323203873
"625","R log & I log",6.24,8735263.8788099,48099.9469528834
"626","R log & I log",6.25,8734039.10693761,48430.927207091
"627","R log & I log",6.26,8732818.215357,48754.014268537
"628","R log & I log",6.27,8731601.10932128,49069.4436537506
"629","R log & I log",6.28,8730387.70091738,49377.4448321187
"630","R log & I log",6.29,8729177.90816606,49678.2410600732
"631","R log & I log",6.3,8727971.65434475,49972.0492638108
"632","R log & I log",6.31,8726768.86752446,50259.0799309851
"633","R log & I log",6.32,8725569.48026644,50539.5370581533
"634","R log & I log",6.33,8724373.42926903,50813.6181844085
"635","R log & I log",6.34,8723180.65497167,51081.5145008271
"636","R log & I log",6.35,8721991.10118785,51343.4109858593
"637","R log & I log",6.36,8720804.71496512,51599.4864892941
"638","R log & I log",6.37,8719621.4463938,51849.9138548172
"639","R log & I log",6.38,8718441.24841498,52094.8600707805
"640","R log & I log",6.39,8717264.07665106,52334.4864352433
"641","R log & I log",6.4,8716089.8892605,52568.9487220786
"642","R log & I log",6.41,8714918.64681358,52798.3973439723
"643","R log & I log",6.42,8713750.31218941,53022.9775028781
"644","R log & I log",6.43,8712584.85047218,53242.8293540516
"645","R log & I log",6.44,8711422.22885453,53458.088175006
"646","R log & I log",6.45,8710262.41656192,53668.8845174282
"647","R log & I log",6.46,8709105.38478868,53875.3443485676
"648","R log & I log",6.47,8707951.10663691,54077.5891969326
"649","R log & I log",6.48,8706799.55706004,54275.7363012842
"650","R log & I log",6.49,8705650.71281807,54469.898752356
"651","R log & I log",6.5,8704504.55244542,54660.185621996
"652","R log & I log",6.51,8703361.05622499,54846.7020853363
"653","R log & I log",6.52,8702220.20616233,55029.5495427834
"654","R log & I log",6.53,8701081.98596123,55208.8257416159
"655","R log & I log",6.54,8699946.38100481,55384.6248919048
"656","R log & I log",6.55,8698813.37834073,55557.0377742532
"657","R log & I log",6.56,8697682.9666646,55726.1518455424
"658","R log & I log",6.57,8696555.13630033,55892.0513490586
"659","R log & I log",6.58,8695429.87918107,56054.8174159231
"660","R log & I log",6.59,8694307.18882788,56214.5281610792
"661","R log & I log",6.6,8693187.06031919,56371.2587952187
"662","R log & I log",6.61,8692069.49026479,56525.0817097216
"663","R log & I log",6.62,8690954.47677524,56676.0665747358
"664","R log & I log",6.63,8689842.01942238,56824.2804365057
"665","R log & I log",6.64,8688732.11918699,56969.7878227357
"666","R log & I log",6.65,8687624.77841349,57112.6508302288
"667","R log & I log",6.66,8686520.0007606,57252.9292177703
"668","R log & I log",6.67,8685417.79114789,57390.680495871
"669","R log & I log",6.68,8684318.15569493,57525.9600178239
"670","R log & I log",6.69,8683221.10165454,57658.8210704129
"671","R log & I log",6.7,8682126.63734466,57789.3149642826
"672","R log & I log",6.71,8681034.77208083,57917.4911191651
"673","R log & I log",6.72,8679945.51610641,58043.3971443209
"674","R log & I log",6.73,8678858.88051884,58167.0789226083
"675","R log & I log",6.74,8677774.87719589,58288.5806945395
"676","R log & I log",6.75,8676693.51872561,58407.9451351489
"677","R log & I log",6.76,8675614.81833773,58525.2134229857
"678","R log & I log",6.77,8674538.7898315,58640.4253101128
"679","R log & I log",6.78,8673465.44750125,58753.6191957077
"680","R log & I log",6.79,8672394.80606603,58864.832197183
"681","R log & I log",6.8,8671326.88060625,58974.1002119104
"682","R log & I log",6.81,8670261.68650279,59081.4579732953
"683","R log & I log",6.82,8669199.23937422,59186.93910743
"684","R log & I log",6.83,8668139.55501393,59290.5761917636
"685","R log & I log",6.84,8667082.6493323,59392.4008097526
"686","R log & I log",6.85,8666028.53830502,59492.443599532
"687","R log & I log",6.86,8664977.23792456,59590.7342982665
"688","R log & I log",6.87,8663928.76415272,59687.3017861921
"689","R log & I log",6.88,8662883.13287537,59782.1741291629
"690","R log & I log",6.89,8661840.35986133,59875.378618514
"691","R log & I log",6.9,8660800.46072522,59966.9418069827
"692","R log & I log",6.91,8659763.45089306,60056.8895428413
"693","R log & I log",6.92,8658729.34557023,60145.2470021716
"694","R log & I log",6.93,8657698.15971368,60232.0387183125
"695","R log & I log",6.94,8656669.90800433,60317.2886117326
"696","R log & I log",6.95,8655644.60482216,60401.0200183229
"697","R log & I log",6.96,8654622.26422708,60483.2557122092
"698","R log & I log",6.97,8653602.89994168,60564.0179279796
"699","R log & I log",6.98,8652586.52533523,60643.328382489
"700","R log & I log",6.99,8651573.15340951,60721.2082959502
"701","R log & I log",7,8650562.79678711,60797.6784106772
"702","R log & I log",7.01,8649555.47529999,60872.820176943
"703","R log & I log",7.02,8648551.33149865,60946.1906431933
"704","R log & I log",7.03,8647547.44168772,61009.0222515517
"705","R log & I log",7.04,8646524.40509984,61051.0488375658
"706","R log & I log",7.05,8645443.3899894,61083.5781489976
"707","R log & I log",7.06,8644266.61789788,61136.3973307251
"708","R log & I log",7.07,8642977.93908123,61236.1810479693
"709","R log & I log",7.08,8641586.00864949,61393.158663274
"710","R log & I log",7.09,8640114.78447722,61601.9165640305
"711","R log & I log",7.1,8638591.83160762,61848.9961675346
"712","R log & I log",7.11,8637040.82588395,62119.8525578276
"713","R log & I log",7.12,8635478.95824063,62402.5555487321
"714","R log & I log",7.13,8633917.22468635,62688.8082996916
"715","R log & I log",7.14,8632361.99684791,62973.4734407967
"716","R log & I log",7.15,8630816.57471424,63253.7100669666
"717","R log & I log",7.16,8629282.49776533,63528.0872022052
"718","R log & I log",7.17,8627760.31455312,63796.0109609268
"719","R log & I log",7.18,8626250.0759882,64057.3382826486
"720","R log & I log",7.19,8624751.6056845,64312.1460252724
"721","R log & I log",7.2,8623264.63049094,64560.6149749206
"722","R log & I log",7.21,8621788.84616393,64802.9691565568
"723","R log & I log",7.22,8620323.94634084,65039.4442674224
"724","R log & I log",7.23,8618869.63619447,65270.2710283829
"725","R log & I log",7.24,8617425.63079112,65495.6752716824
"726","R log & I log",7.25,8615991.65978001,65715.8700778998
"727","R log & I log",7.26,8614567.46409782,65931.0583022725
"728","R log & I log",7.27,8613152.79498232,66141.4324850788
"729","R log & I log",7.28,8611747.41252451,66347.1759460593
"730","R log & I log",7.29,8610351.08617305,66548.4620604318
"731","R log & I log",7.3,8608963.5934407,66745.4554813481
"732","R log & I log",7.31,8607584.72006938,66938.3120321834
"733","R log & I log",7.32,8606214.26009296,67127.178618862
"734","R log & I log",7.33,8604852.01477537,67312.1945249774
"735","R log & I log",7.34,8603497.79217284,67493.4920445384
"736","R log & I log",7.35,8602151.40689038,67671.1969550488
"737","R log & I log",7.36,8600812.68000851,67845.4287907965
"738","R log & I log",7.37,8599481.43896449,68016.3011450327
"739","R log & I log",7.38,8598157.51738665,68183.9219872341
"740","R log & I log",7.39,8596840.75489185,68348.3939995545
"741","R log & I log",7.4,8595530.99688272,68509.8149064989
"742","R log & I log",7.41,8594228.09436213,68668.277785599
"743","R log & I log",7.42,8592931.90376995,68823.8713455143
"744","R log & I log",7.43,8591642.28684254,68976.680159329
"745","R log & I log",7.44,8590359.11047093,69126.7848897352
"746","R log & I log",7.45,8589082.24653703,69274.2625441909
"747","R log & I log",7.46,8587811.57179088,69419.1866536872
"748","R log & I log",7.47,8586546.96773769,69561.6274317403
"749","R log & I log",7.48,8585288.32052285,69701.6519408255
"750","R log & I log",7.49,8584035.52081878,69839.3242601265
"751","R log & I log",7.5,8582788.46372326,69974.705634674
"752","R log & I log",7.51,8581547.04867148,70107.8545993406
"753","R log & I log",7.52,8580311.17935479,70238.8270880714
"754","R log & I log",7.53,8579080.7636401,70367.6765400095
"755","R log & I log",7.54,8577855.71349073,70494.4540025742
"756","R log & I log",7.55,8576635.94489302,70619.20822335
"757","R log & I log",7.56,8575421.37778718,70741.9857289796
"758","R log & I log",7.57,8574211.93599694,70862.8309009993
"759","R log & I log",7.58,8573007.54715656,70981.7860508333
"760","R log & I log",7.59,8571808.14263692,71098.8914865526
"761","R log & I log",7.6,8570613.65746937,71214.1855746129
"762","R log & I log",7.61,8569424.03025816,71327.7048117983
"763","R log & I log",7.62,8568239.20311237,71439.4838769924
"764","R log & I log",7.63,8567059.12155453,71549.5556896025
"765","R log & I log",7.64,8565883.73442138,71657.9514685412
"766","R log & I log",7.65,8564712.99376198,71764.7007962334
"767","R log & I log",7.66,8563546.85473099,71869.8316854244
"768","R log & I log",7.67,8562385.27549713,71973.3706290961
"769","R log & I log",7.68,8561228.21713378,72075.3426560032
"770","R log & I log",7.69,8560075.64350108,72175.771390907
"771","R log & I log",7.7,8558927.52113066,72274.6791153967
"772","R log & I log",7.71,8557783.81910045,72372.0868338118
"773","R log & I log",7.72,8556644.50890649,72468.0143368457
"774","R log & I log",7.73,8555509.56434793,72562.4802558339
"775","R log & I log",7.74,8554378.9614098,72655.5021213032
"776","R log & I log",7.75,8553252.67814157,72747.0964268759
"777","R log & I log",7.76,8552130.69452441,72837.2786956217
"778","R log & I log",7.77,8551012.99237782,72926.0635203438
"779","R log & I log",7.78,8549899.55523506,73013.4646219322
"780","R log & I log",7.79,8548790.36821719,73099.4949142335
"781","R log & I log",7.8,8547685.41791958,73184.1665635609
"782","R log & I log",7.81,8546584.6923091,73267.4910381987
"783","R log & I log",7.82,8545488.18062427,73349.4791532906
"784","R log & I log",7.83,8544395.87327389,73430.1411189055
"785","R log & I log",7.84,8543307.76173698,73509.4865913244
"786","R log & I log",7.85,8542223.83846907,73587.5247214408
"787","R log & I log",7.86,8541144.09681593,73664.2641968121
"788","R log & I log",7.87,8540068.53093214,73739.7132802522
"789","R log & I log",7.88,8538997.13570216,73813.8798484187
"790","R log & I log",7.89,8537929.90666848,73886.7714283057
"791","R log & I log",7.9,8536866.8399574,73958.3952347887
"792","R log & I log",7.91,8535807.93220904,74028.758204884
"793","R log & I log",7.92,8534753.1805207,74097.8670251802
"794","R log & I log",7.93,8533702.58239312,74165.728158709
"795","R log & I log",7.94,8532656.13567739,74232.3478721031
"796","R log & I log",7.95,8531613.83852395,74297.7322612689
"797","R log & I log",7.96,8530575.68933653,74361.8872739194
"798","R log & I log",7.97,8529541.68672642,74424.8187319232
"799","R log & I log",7.98,8528511.82948336,74486.5323463396
"800","R log & I log",7.99,8527486.11653742,74547.0337369321
"801","R log & I log",8,8526464.54692406,74606.3284495843
"802","R log & I log",8.01,8525447.12233093,74664.441447829
"803","R log & I log",8.02,8524433.90664545,74721.390347379
"804","R log & I log",8.03,8523424.08330003,74772.6796833571
"805","R log & I log",8.04,8522407.5647704,74805.366555758
"806","R log & I log",8.05,8521354.04967469,74815.324678136
"807","R log & I log",8.06,8520219.84150428,74821.7361582928
"808","R log & I log",8.07,8518969.3490714,74857.2157383924
"809","R log & I log",8.08,8517590.63256945,74948.3526435488
"810","R log & I log",8.09,8516095.83564573,75105.1350277691
"811","R log & I log",8.1,8514511.50757814,75322.1936486103
"812","R log & I log",8.11,8512867.57031345,75585.829885217
"813","R log & I log",8.12,8511190.14436666,75880.6154439874
"814","R log & I log",8.13,8509498.6694543,76193.342819893
"815","R log & I log",8.14,8507806.07125089,76514.283774982
"816","R log & I log",8.15,8506120.14378017,76837.0311368663
"817","R log & I log",8.16,8504445.14985337,77157.7176707578
"818","R log & I log",8.17,8502783.18898682,77474.1584305378
"819","R log & I log",8.18,8501135.08972545,77785.23264661
"820","R log & I log",8.19,8499501.03060899,78090.4093050755
"821","R log & I log",8.2,8497880.85727554,78389.4885050509
"822","R log & I log",8.21,8496274.2712044,78682.4405386209
"823","R log & I log",8.22,8494680.91243313,78969.3265609486
"824","R log & I log",8.23,8493100.41921739,79250.2430200283
"825","R log & I log",8.24,8491532.42641237,79525.3119189017
"826","R log & I log",8.25,8489976.59116595,79794.6602785037
"827","R log & I log",8.26,8488432.57927885,80058.416142337
"828","R log & I log",8.27,8486900.07881848,80316.7140368176
"829","R log & I log",8.28,8485378.78787543,80569.681159539
"830","R log & I log",8.29,8483868.41949855,80817.4459884009
"831","R log & I log",8.3,8482368.69674435,81060.1346489775
"832","R log & I log",8.31,8480879.35349887,81297.8708656406
"833","R log & I log",8.32,8479400.13467854,81530.7756691782
"834","R log & I log",8.33,8477930.79649601,81758.9669868297
"835","R log & I log",8.34,8476471.10489111,81982.559698984
"836","R log & I log",8.35,8475020.83469597,82201.665629675
"837","R log & I log",8.36,8473579.76916838,82416.3935620122
"838","R log & I log",8.37,8472147.69983693,82626.8492245603
"839","R log & I log",8.38,8470724.42632221,82833.1352816675
"840","R log & I log",8.39,8469309.75610299,83035.3513326632
"841","R log & I log",8.4,8467903.50421356,83233.5939357789
"842","R log & I log",8.41,8466505.49289614,83427.9566657802
"843","R log & I log",8.42,8465115.55133709,83618.5301899369
"844","R log & I log",8.43,8463733.51543683,83805.4023366999
"845","R log & I log",8.44,8462359.22762363,83988.65814929
"846","R log & I log",8.45,8460992.53664648,84168.3799359711
"847","R log & I log",8.46,8459633.29737474,84344.6473295885
"848","R log & I log",8.47,8458281.37059637,84517.5373545933
"849","R log & I log",8.48,8456936.62284917,84687.124491737
"850","R log & I log",8.49,8455598.92626602,84853.4807358677
"851","R log & I log",8.5,8454268.15844324,85016.6756472678
"852","R log & I log",8.51,8452944.20231218,85176.7764016496
"853","R log & I log",8.52,8451626.94601584,85333.8478369333
"854","R log & I log",8.53,8450316.28279715,85487.9524951805
"855","R log & I log",8.54,8449012.11089753,85639.1506629076
"856","R log & I log",8.55,8447714.33346087,85787.5004112901
"857","R log & I log",8.56,8446422.85844138,85933.0576327287
"858","R log & I log",8.57,8445137.59851477,86075.8760734031
"859","R log & I log",8.58,8443858.47098981,86216.0073668392
"860","R log & I log",8.59,8442585.39771857,86353.5010694142
"861","R log & I log",8.6,8441318.30500499,86488.4046941844
"862","R log & I log",8.61,8440057.12351058,86620.7637455954
"863","R log & I log",8.62,8438801.7881558,86750.6217592173
"864","R log & I log",8.63,8437552.23801786,86878.0203421795
"865","R log & I log",8.64,8436308.41622398,87002.9992103636
"866","R log & I log",8.65,8435070.26983607,87125.5962296126
"867","R log & I log",8.66,8433837.74972606,87245.84746815
"868","R log & I log",8.67,8432610.8104479,87363.7872537155
"869","R log & I log",8.68,8431389.41011075,87479.4482249698
"870","R log & I log",8.69,8430173.5102489,87592.861379332
"871","R log & I log",8.7,8428963.07568118,87704.0561283174
"872","R log & I log",8.71,8427758.07436176,87813.0603633432
"873","R log & I log",8.72,8426558.47723049,87919.9005229713
"874","R log & I log",8.73,8425364.25806671,88024.6016546678
"875","R log & I log",8.74,8424175.39334181,88127.1874760257
"876","R log & I log",8.75,8422991.86206748,88227.6804428669
"877","R log & I log",8.76,8421813.64564424,88326.1018208474
"878","R log & I log",8.77,8420640.72770347,88422.4717565151
"879","R log & I log",8.78,8419473.09399396,88516.8093234093
"880","R log & I log",8.79,8418310.73222331,88609.1325927237
"881","R log & I log",8.8,8417153.63190191,88699.4587085644
"882","R log & I log",8.81,8416001.78420745,88787.8039542502
"883","R log & I log",8.82,8414855.18186668,88874.183806281
"884","R log & I log",8.83,8413713.81902135,88958.6129933297
"885","R log & I log",8.84,8412577.69110106,89041.1055542702
"886","R log & I log",8.85,8411446.79470538,89121.6748965019
"887","R log & I log",8.86,8410321.12749221,89200.3338521709
"888","R log & I log",8.87,8409200.6880716,89277.0947284775
"889","R log & I log",8.88,8408085.47590438,89351.9693537221
"890","R log & I log",8.89,8406975.49120468,89424.9691235275
"891","R log & I log",8.9,8405870.73484744,89496.1050472447
"892","R log & I log",8.91,8404771.20828323,89565.3877904721
"893","R log & I log",8.92,8403676.91346033,89632.8277121906
"894","R log & I log",8.93,8402587.8527511,89698.4348993474
"895","R log & I log",8.94,8401504.02888166,89762.2192013952
"896","R log & I log",8.95,8400425.44486639,89824.1902634287
"897","R log & I log",8.96,8399352.10394908,89884.3575553233
"898","R log & I log",8.97,8398284.00954951,89942.7303971208
"899","R log & I log",8.98,8397221.16520927,89999.317984981
"900","R log & I log",8.99,8396163.57455498,90054.1294100056
"901","R log & I log",9,8395111.24125112,90107.1736820049
"902","R log & I log",9.01,8394064.17106433,90158.4678677445
"903","R log & I log",9.02,8393022.38983246,90208.0667747076
"904","R log & I log",9.03,8391985.75195435,90254.4481285666
"905","R log & I log",9.04,8390949.81810519,90289.0895784293
"906","R log & I log",9.05,8389894.91397802,90302.0344390163
"907","R log & I log",9.06,8388781.47536296,90298.8863085717
"908","R log & I log",9.07,8387562.91154986,90305.7098544741
"909","R log & I log",9.08,8386205.97328342,90355.9209212214
"910","R log & I log",9.09,8384702.49174186,90473.8382063654
"911","R log & I log",9.1,8383067.87196983,90667.0436769798
"912","R log & I log",9.11,8381331.22991494,90928.5314910325
"913","R log & I log",9.12,8379525.00962959,91243.2728190304
"914","R log & I log",9.13,8377677.91030711,91594.4874291482
"915","R log & I log",9.14,8375811.86441481,91967.493955848
"916","R log & I log",9.15,8373941.96298669,92351.1723561812
"917","R log & I log",9.16,8372077.61557873,92737.9600155805
"918","R log & I log",9.17,8370224.28704081,93123.0719290556
"919","R log & I log",9.18,8368384.82209808,93503.7072737274
"920","R log & I log",9.19,8366560.52475092,93878.323693112
"921","R log & I log",9.2,8364751.82794281,94246.140181799
"922","R log & I log",9.21,8362958.71734541,94606.804192846
"923","R log & I log",9.22,8361180.9453473,94960.2109416952
"924","R log & I log",9.23,8359418.1875652,95306.3654435844
"925","R log & I log",9.24,8357670.08015393,95645.3422613577
"926","R log & I log",9.25,8355936.25857432,95977.2494931355
"927","R log & I log",9.26,8354216.36112207,96302.2090552498
"928","R log & I log",9.27,8352510.04131589,96620.3510500554
"929","R log & I log",9.28,8350816.97523165,96931.8073957879
"930","R log & I log",9.29,8349136.85275544,97236.7101574837
"931","R log & I log",9.3,8347469.37119523,97535.1918030692
"932","R log & I log",9.31,8345814.23768711,97827.3844939956
"933","R log & I log",9.32,8344171.1729907,98113.4187501019
"934","R log & I log",9.33,8342539.91077754,98393.4227924161
"935","R log & I log",9.34,8340920.19450767,98667.5225834333
"936","R log & I log",9.35,8339311.77600769,98935.8418283819
"937","R log & I log",9.36,8337714.41612175,99198.501707308
"938","R log & I log",9.37,8336127.88527495,99455.6206363807
"939","R log & I log",9.38,8334551.96294071,99707.3142291326
"940","R log & I log",9.39,8332986.43670146,99953.6953152988
"941","R log & I log",9.4,8331431.10186102,100194.873920644
"942","R log & I log",9.41,8329885.76160103,100430.957207058
"943","R log & I log",9.42,8328350.22691477,100662.049468229
"944","R log & I log",9.43,8326824.31612224,100888.252188069
"945","R log & I log",9.44,8325307.85443701,101109.664085336
"946","R log & I log",9.45,8323800.67401894,101326.381105348
"947","R log & I log",9.46,8322302.61382095,101538.496448484
"948","R log & I log",9.47,8320813.5193535,101746.100616452
"949","R log & I log",9.48,8319333.24248118,101949.281454721
"950","R log & I log",9.49,8317861.64127981,102148.124185027
"951","R log & I log",9.5,8316398.57990427,102342.711438953
"952","R log & I log",9.51,8314943.92846141,102533.123291694
"953","R log & I log",9.52,8313497.56290396,102719.437291218
"954","R log & I log",9.53,8312059.36493057,102901.728483467
"955","R log & I log",9.54,8310629.2218906,103080.069434814
"956","R log & I log",9.55,8309207.02669232,103254.530255156
"957","R log & I log",9.56,8307792.6777168,103425.178621714
"958","R log & I log",9.57,8306386.07873724,103592.079800597
"959","R log & I log",9.58,8304987.13884121,103755.296665855
"960","R log & I log",9.59,8303595.77235084,103914.889719759
"961","R log & I log",9.6,8302211.89873826,104070.917116309
"962","R log & I log",9.61,8300835.44253593,104223.434687208
"963","R log & I log",9.62,8299466.33324229,104372.495970942
"964","R log & I log",9.63,8298104.50522178,104518.152245699
"965","R log & I log",9.64,8296749.89759816,104660.452564384
"966","R log & I log",9.65,8295402.45413792,104799.443792077
"967","R log & I log",9.66,8294062.12312254,104935.170650386
"968","R log & I log",9.67,8292728.85721059,105067.675772218
"969","R log & I log",9.68,8291402.61329496,105196.999761384
"970","R log & I log",9.69,8290083.35235776,105323.181249404
"971","R log & I log",9.7,8288771.0393181,105446.25695213
"972","R log & I log",9.71,8287465.64286701,105566.261735704
"973","R log & I log",9.72,8286167.1352926,105683.228693537
"974","R log & I log",9.73,8284875.49228985,105797.189231624
"975","R log & I log",9.74,8283590.69282189,105908.173127322
"976","R log & I log",9.75,8282312.71892813,106016.208612241
"977","R log & I log",9.76,8281041.55552951,106121.322461491
"978","R log & I log",9.77,8279777.19025013,106223.540077805
"979","R log & I log",9.78,8278519.61324761,106322.885568715
"980","R log & I log",9.79,8277268.81704011,106419.38182315
"981","R log & I log",9.8,8276024.79632841,106513.050593703
"982","R log & I log",9.81,8274787.54782039,106603.91258248
"983","R log & I log",9.82,8273557.07006482,106691.987522791
"984","R log & I log",9.83,8272333.36329394,106777.294253132
"985","R log & I log",9.84,8271116.42926221,106859.850791049
"986","R log & I log",9.85,8269906.27110901,106939.674398971
"987","R log & I log",9.86,8268702.89320645,107016.781660015
"988","R log & I log",9.87,8267506.3010155,107091.188549987
"989","R log & I log",9.88,8266316.50096191,107162.910497604
"990","R log & I log",9.89,8265133.50030849,107231.962445794
"991","R log & I log",9.9,8263957.30702961,107298.358912255
"992","R log & I log",9.91,8262787.92970576,107362.114042338
"993","R log & I log",9.92,8261625.37742487,107423.241658886
"994","R log & I log",9.93,8260469.65968731,107481.755308739
"995","R log & I log",9.94,8259320.78631341,107537.668307116
"996","R log & I log",9.95,8258178.7673563,107590.993780345
"997","R log & I log",9.96,8257043.61302272,107641.744705796
"998","R log & I log",9.97,8255915.33360227,107689.933947082
"999","R log & I log",9.98,8254793.93940314,107735.574284758
"1000","R log & I log",9.99,8253679.44069194,107778.678444937
"1001","R log & I log",10,8252571.84763698,107819.259127128
"1002","R log & I log",10.01,8251471.17104788,107857.330868856
"1003","R log & I log",10.02,8250377.43060963,107892.933157958
"1004","R log & I log",10.03,8249290.63284431,107925.671263713
"1005","R log & I log",10.04,8248209.1128005,107951.218901111
"1006","R log & I log",10.05,8247121.832309,107960.226253518
"1007","R log & I log",10.06,8245998.64588623,107949.322205716
"1008","R log & I log",10.07,8244792.04852274,107933.52686477
"1009","R log & I log",10.08,8243453.38565041,107944.34595182
"1010","R log & I log",10.09,8241951.48474045,108015.574344456
"1011","R log & I log",10.1,8240281.53207632,108169.373020359
"1012","R log & I log",10.11,8238461.97165888,108410.9405715
"1013","R log & I log",10.12,8236524.82859606,108731.221195772
"1014","R log & I log",10.13,8234505.4600826,109113.360917489
"1015","R log & I log",10.14,8232435.56147065,109538.756494504
"1016","R log & I log",10.15,8230339.93042163,109990.90060478
"1017","R log & I log",10.16,8228236.10530742,110457.003742522
"1018","R log & I log",10.17,8226135.46882107,110928.077180646
"1019","R log & I log",10.18,8224044.94528345,111398.219706201
"1020","R log & I log",10.19,8221968.34469827,111863.846397807
"1021","R log & I log",10.2,8219907.5998168,112322.874928787
"1022","R log & I log",10.21,8217863.53948274,112774.168759088
"1023","R log & I log",10.22,8215836.35908829,113217.175660554
"1024","R log & I log",10.23,8213825.96783736,113651.637629093
"1025","R log & I log",10.24,8211832.11213332,114077.485265848
"1026","R log & I log",10.25,8209854.48264518,114494.738115937
"1027","R log & I log",10.26,8207892.74667442,114903.469264337
"1028","R log & I log",10.27,8205946.57558365,115303.778762992
"1029","R log & I log",10.28,8204015.64878373,115695.777330252
"1030","R log & I log",10.29,8202099.65660055,116079.583909251
"1031","R log & I log",10.3,8200198.30133598,116455.322883606
"1032","R log & I log",10.31,8198311.29697158,116823.121359915
"1033","R log & I log",10.32,8196438.36847589,117183.107467623
"1034","R log & I log",10.33,8194579.25101957,117535.409428516
"1035","R log & I log",10.34,8192733.68927458,117880.155065597
"1036","R log & I log",10.35,8190901.43691564,118217.471443894
"1037","R log & I log",10.36,8189082.25574678,118547.484570035
"1038","R log & I log",10.37,8187275.91620084,118870.319002725
"1039","R log & I log",10.38,8185482.19763694,119186.097456455
"1040","R log & I log",10.39,8183700.8873385,119494.940712958
"1041","R log & I log",10.4,8181931.78008399,119796.967539251
"1042","R log & I log",10.41,8180174.67794226,120092.294585426
"1043","R log & I log",10.42,8178429.39025047,120381.036257653
"1044","R log & I log",10.43,8176695.73351909,120663.304636383
"1045","R log & I log",10.44,8174973.53127563,120939.209437049
"1046","R log & I log",10.45,8173262.61388887,121208.857978991
"1047","R log & I log",10.46,8171562.81841581,121472.355148162
"1048","R log & I log",10.47,8169873.98848494,121729.803371353
"1049","R log & I log",10.48,8168195.97413265,121981.302594511
"1050","R log & I log",10.49,8166528.63168657,122226.95027916
"1051","R log & I log",10.5,8164871.82368924,122466.841399296
"1052","R log & I log",10.51,8163225.41882258,122701.068428785
"1053","R log & I log",10.52,8161589.29182203,122929.721327512
"1054","R log & I log",10.53,8159963.32339691,123152.887532639
"1055","R log & I log",10.54,8158347.400171,123370.65195002
"1056","R log & I log",10.55,8156741.41463687,123583.096941669
"1057","R log & I log",10.56,8155145.26511066,123790.302313266
"1058","R log & I log",10.57,8153558.85568297,123992.345305544
"1059","R log & I log",10.58,8151982.09617042,124189.30058729
"1060","R log & I log",10.59,8150414.9020692,124381.240247959
"1061","R log & I log",10.6,8148857.19450469,124568.233793077
"1062","R log & I log",10.61,8147308.90017142,124750.348146112
"1063","R log & I log",10.62,8145769.9512627,124927.647656871
"1064","R log & I log",10.63,8144240.28539183,125100.194115342
"1065","R log & I log",10.64,8142719.84550413,125268.046770984
"1066","R log & I log",10.65,8141208.57977684,125431.262357709
"1067","R log & I log",10.66,8139706.44150365,125589.895126159
"1068","R log & I log",10.67,8138213.38896314,125743.996887014
"1069","R log & I log",10.68,8136729.38527418,125893.617066224
"1070","R log & I log",10.69,8135254.39824341,126038.802766212
"1071","R log & I log",10.7,8133788.40020555,126179.598827433
"1072","R log & I log",10.71,8132331.36785113,126316.047894119
"1073","R log & I log",10.72,8130883.28203759,126448.19049269
"1074","R log & I log",10.73,8129444.12758893,126576.065122582
"1075","R log & I log",10.74,8128013.89309292,126699.708349648
"1076","R log & I log",10.75,8126592.57069793,126819.154896826
"1077","R log & I log",10.76,8125180.15590431,126934.437738131
"1078","R log & I log",10.77,8123776.6473488,127045.588201577
"1079","R log & I log",10.78,8122382.04658829,127152.6360752
"1080","R log & I log",10.79,8120996.35788838,127255.609707939
"1081","R log & I log",10.8,8119619.58801366,127354.536107517
"1082","R log & I log",10.81,8118251.74601572,127449.441043247
"1083","R log & I log",10.82,8116892.84302232,127540.349153576
"1084","R log & I log",10.83,8115542.89201858,127627.284057899
"1085","R log & I log",10.84,8114201.90769628,127710.268429482
"1086","R log & I log",10.85,8112869.90624748,127789.324095756
"1087","R log & I log",10.86,8111546.90516277,127864.472139391
"1088","R log & I log",10.87,8110232.92304628,127935.73299409
"1089","R log & I log",10.88,8108927.97947273,128003.126519004
"1090","R log & I log",10.89,8107632.09482579,128066.672080167
"1091","R log & I log",10.9,8106345.29014726,128126.388625428
"1092","R log & I log",10.91,8105067.58698311,128182.294762352
"1093","R log & I log",10.92,8103799.00723775,128234.40883273
"1094","R log & I log",10.93,8102539.57305703,128282.748972722
"1095","R log & I log",10.94,8101289.30671919,128327.333167594
"1096","R log & I log",10.95,8100048.2305266,128368.179305367
"1097","R log & I log",10.96,8098816.36669861,128405.305230504
"1098","R log & I log",10.97,8097593.73727316,128438.728793883
"1099","R log & I log",10.98,8096380.3640204,128468.467895888
"1100","R log & I log",10.99,8095176.26836617,128494.540523115
"1101","R log & I log",11,8093981.47132073,128516.964782116
"1102","R log & I log",11.01,8092795.99377668,128535.759657055
"1103","R log & I log",11.02,8091619.86107398,128550.953790907
"1104","R log & I log",11.03,8090453.10357966,128562.481924823
"1105","R log & I log",11.04,8089295.19758126,128568.593051511
"1106","R log & I log",11.05,8088140.68524165,128563.105556367
"1107","R log & I log",11.06,8086969.49806312,128539.668117005
"1108","R log & I log",11.07,8085740.61981435,128503.788901428
"1109","R log & I log",11.08,8084399.15052714,128479.626088259
"1110","R log & I log",11.09,8082894.33562231,128503.473051972
"1111","R log & I log",11.1,8081196.49066788,128609.347047004
"1112","R log & I log",11.11,8079303.7034358,128817.257948966
"1113","R log & I log",11.12,8077237.5664103,129129.677622779
"1114","R log & I log",11.13,8075033.4476835,129534.881759511
"1115","R log & I log",11.14,8072730.33962931,130013.393402982
"1116","R log & I log",11.15,8070363.4397657,130544.171197422
"1117","R log & I log",11.16,8067961.00663511,131108.296599174
"1118","R log & I log",11.17,8065543.61085569,131690.801947832
"1119","R log & I log",11.18,8063125.02252033,132280.922242592
"1120","R log & I log",11.19,8060714.01565768,132871.314581489
"1121","R log & I log",11.2,8058315.67124169,133457.375963244
"1122","R log & I log",11.21,8055932.79824565,134036.298270526
"1123","R log & I log",11.22,8053566.78026047,134606.477141085
"1124","R log & I log",11.23,8051218.18692407,135167.040236071
"1125","R log & I log",11.24,8048887.17754032,135717.520236369
"1126","R log & I log",11.25,8046573.66405654,136257.713527479
"1127","R log & I log",11.26,8044277.46630052,136787.543508798
"1128","R log & I log",11.27,8041998.34840358,137307.020261706
"1129","R log & I log",11.28,8039736.07140444,137816.187653345
"1130","R log & I log",11.29,8037490.39167355,138315.117428563
"1131","R log & I log",11.3,8035261.07286081,138803.896535092
"1132","R log & I log",11.31,8033047.88447988,139282.619753111
"1133","R log & I log",11.32,8030850.60651174,139751.390730694
"1134","R log & I log",11.33,8028669.0255045,140210.31619862
"1135","R log & I log",11.34,8026502.93369249,140659.5055363
"1136","R log & I log",11.35,8024352.13102725,141099.071012209
"1137","R log & I log",11.36,8022216.4249113,141529.126965165
"1138","R log & I log",11.37,8020095.62919822,141949.788831531
"1139","R log & I log",11.38,8017989.56352353,142361.172433776
"1140","R log & I log",11.39,8015898.05319289,142763.393579936
"1141","R log & I log",11.4,8013820.92929008,143156.567815281
"1142","R log & I log",11.41,8011758.02874619,143540.810200629
"1143","R log & I log",11.42,8009709.19430551,143916.235068133
"1144","R log & I log",11.43,8007674.27443619,144282.95578699
"1145","R log & I log",11.44,8005653.12324297,144641.084585615
"1146","R log & I log",11.45,8003645.60039726,144990.732399286
"1147","R log & I log",11.46,8001651.57108255,145332.008713961
"1148","R log & I log",11.47,7999670.9059874,145665.02146303
"1149","R log & I log",11.48,7997703.48129229,145989.876910997
"1150","R log & I log",11.49,7995749.17864405,146306.679569745
"1151","R log & I log",11.5,7993807.88511924,146615.532106379
"1152","R log & I log",11.51,7991879.49320842,146916.535267109
"1153","R log & I log",11.52,7989963.90082481,147209.787784734
"1154","R log & I log",11.53,7988061.01133125,147495.386295999
"1155","R log & I log",11.54,7986170.7335591,147773.42527096
"1156","R log & I log",11.55,7984292.98182329,148043.996944262
"1157","R log & I log",11.56,7982427.67594708,148307.19124152
"1158","R log & I log",11.57,7980574.74129453,148563.095706672
"1159","R log & I log",11.58,7978734.1087987,148811.795438316
"1160","R log & I log",11.59,7976905.71498119,149053.373033786
"1161","R log & I log",11.6,7975089.50196488,149287.908536148
"1162","R log & I log",11.61,7973285.41747846,149515.47938583
"1163","R log & I log",11.62,7971493.41484695,149736.160383046
"1164","R log & I log",11.63,7969713.45296531,149950.02366314
"1165","R log & I log",11.64,7967945.49625609,150157.138682217
"1166","R log & I log",11.65,7966189.51461111,150357.572211329
"1167","R log & I log",11.66,7964445.4833136,150551.388341214
"1168","R log & I log",11.67,7962713.38293694,150738.648501476
"1169","R log & I log",11.68,7960993.19922036,150919.411496598
"1170","R log & I log",11.69,7959284.92292654,151093.733556604
"1171","R log & I log",11.7,7957588.54968559,151261.668396353
"1172","R log & I log",11.71,7955904.07982433,151423.267280359
"1173","R log & I log",11.72,7954231.51817554,151578.579098032
"1174","R log & I log",11.73,7952570.87386518,151727.650456167
"1175","R log & I log",11.74,7950922.16008494,151870.525785703
"1176","R log & I log",11.75,7949285.39385914,152007.247452653
"1177","R log & I log",11.76,7947660.59580726,152137.855869374
"1178","R log & I log",11.77,7946047.78989677,152262.389612279
"1179","R log & I log",11.78,7944447.00318652,152380.885550011
"1180","R log & I log",11.79,7942858.26556818,152493.378975461
"1181","R log & I log",11.8,7941281.60951125,152599.903733679
"1182","R log & I log",11.81,7939717.06980861,152700.492347926
"1183","R log & I log",11.82,7938164.68331878,152795.176151228
"1184","R log & I log",11.83,7936624.48870966,152883.985422264
"1185","R log & I log",11.84,7935096.52619179,152966.949526428
"1186","R log & I log",11.85,7933580.83733259,153044.097009889
"1187","R log & I log",11.86,7932077.46480217,153115.455729584
"1188","R log & I log",11.87,7930586.45212578,153181.052982798
"1189","R log & I log",11.88,7929107.84346748,153240.915622575
"1190","R log & I log",11.89,7927641.68343284,153295.070162491
"1191","R log & I log",11.9,7926188.01687729,153343.54287622
"1192","R log & I log",11.91,7924746.88872669,153386.359889609
"1193","R log & I log",11.92,7923318.34378315,153423.547281274
"1194","R log & I log",11.93,7921902.42655781,153455.131169756
"1195","R log & I log",11.94,7920499.18112677,153481.137787964
"1196","R log & I log",11.95,7919108.65099295,153501.593553017
"1197","R log & I log",11.96,7917730.8789492,153516.525134459
"1198","R log & I log",11.97,7916365.90694999,153525.95951842
"1199","R log & I log",11.98,7915013.77599751,153529.924064557
"1200","R log & I log",11.99,7913674.52604098,153528.446554793
"1201","R log & I log",12,7912348.19588494,153521.555235696
"1202","R log & I log",12.01,7911034.82324079,153509.27910811
"1203","R log & I log",12.02,7909734.44680051,153491.651037549
"1204","R log & I log",12.03,7908447.10440211,153468.675230279
"1205","R log & I log",12.04,7907172.68711129,153439.816749429
"1206","R log & I log",12.05,7905908.77768155,153401.819619111
"1207","R log & I log",12.06,7904643.52046031,153349.098221085
"1208","R log & I log",12.07,7903345.80301156,153281.657141073
"1209","R log & I log",12.08,7901963.19695916,153215.251913361
"1210","R log & I log",12.09,7900433.29242038,153183.028646444
"1211","R log & I log",12.1,7898702.66890705,153225.798344497
"1212","R log & I log",12.11,7896742.44943718,153377.859383775
"1213","R log & I log",12.12,7894553.18780043,153657.115370517
"1214","R log & I log",12.13,7892159.82951839,154062.988316572
"1215","R log & I log",12.14,7889601.64953121,154580.452132891
"1216","R log & I log",12.15,7886921.78109453,155186.772611346
"1217","R log & I log",12.16,7884159.93451269,155857.545240438
"1218","R log & I log",12.17,7881348.60010074,156570.722837013
"1219","R log & I log",12.18,7878512.08155181,157308.539374918
"1220","R log & I log",12.19,7875667.26615559,158057.841733195
"1221","R log & I log",12.2,7872825.20781194,158809.500751347
"1222","R log & I log",12.21,7869992.69561568,159557.535730199
"1223","R log & I log",12.22,7867173.75871672,160298.148466371
"1224","R log & I log",12.23,7864370.60478664,161029.061382757
"1225","R log & I log",12.24,7861584.35876394,161748.951410782
"1226","R log & I log",12.25,7858815.58096308,162457.035070142
"1227","R log & I log",12.26,7856064.50154437,163152.872735927
"1228","R log & I log",12.27,7853331.15013296,163836.251940614
"1229","R log & I log",12.28,7850615.50685055,164507.039293112
"1230","R log & I log",12.29,7847917.49971223,165165.1915104
"1231","R log & I log",12.3,7845237.05071973,165810.692459626
"1232","R log & I log",12.31,7842574.07691518,166443.556495963
"1233","R log & I log",12.32,7839928.49545488,167063.813328824
"1234","R log & I log",12.33,7837300.22529083,167671.505196782
"1235","R log & I log",12.34,7834689.18802407,168266.685298531
"1236","R log & I log",12.35,7832095.307821,168849.415045576
"1237","R log & I log",12.36,7829518.51085456,169419.762059277
"1238","R log & I log",12.37,7826958.72498009,169977.799227043
"1239","R log & I log",12.38,7824415.87980417,170523.604081102
"1240","R log & I log",12.39,7821889.90688279,171057.258116247
"1241","R log & I log",12.4,7819380.73982753,171578.846117016
"1242","R log & I log",12.41,7816888.31433037,172088.455604494
"1243","R log & I log",12.42,7814412.56821429,172586.176380041
"1244","R log & I log",12.43,7811953.44154953,173072.10010755
"1245","R log & I log",12.44,7809510.87678891,173546.319946688
"1246","R log & I log",12.45,7807084.81889946,174008.930196723
"1247","R log & I log",12.46,7804675.21547724,174460.025991471
"1248","R log & I log",12.47,7802282.01685013,174899.703062652
"1249","R log & I log",12.48,7799905.17620224,175328.057499042
"1250","R log & I log",12.49,7797544.64970848,175745.185498889
"1251","R log & I log",12.5,7795200.3966598,176151.183142519
"1252","R log & I log",12.51,7792872.37958106,176546.146195717
"1253","R log & I log",12.52,7790560.56436367,176930.169924419
"1254","R log & I log",12.53,7788264.92041879,177303.34890032
"1255","R log & I log",12.54,7785985.42083385,177665.776807611
"1256","R log & I log",12.55,7783722.0425204,178017.546265895
"1257","R log & I log",12.56,7781474.76636079,178358.748664195
"1258","R log & I log",12.57,7779243.57736186,178689.473994151
"1259","R log & I log",12.58,7777028.46480824,179009.810684913
"1260","R log & I log",12.59,7774829.42240244,179319.845450796
"1261","R log & I log",12.6,7772646.44838922,179619.663153842
"1262","R log & I log",12.61,7770479.54566775,179909.346675493
"1263","R log & I log",12.62,7768328.72188836,180188.976797458
"1264","R log & I log",12.63,7766193.9895256,180458.632099262
"1265","R log & I log",12.64,7764075.36592337,180718.388876668
"1266","R log & I log",12.65,7761972.87331436,180968.321077715
"1267","R log & I log",12.66,7759886.53881443,181208.500253431
"1268","R log & I log",12.67,7757816.39438658,181438.995526449
"1269","R log & I log",12.68,7755762.4767697,181659.873583273
"1270","R log & I log",12.69,7753724.82737403,181871.198691349
"1271","R log & I log",12.7,7751703.49215042,182073.03273587
"1272","R log & I log",12.71,7749698.52143718,182265.435270164
"1273","R log & I log",12.72,7747709.96978165,182448.463579201
"1274","R log & I log",12.73,7745737.89573101,182622.172762149
"1275","R log & I log",12.74,7743782.36159373,182786.615837889
"1276","R log & I log",12.75,7741843.43318118,182941.843867982
"1277","R log & I log",12.76,7739921.17953836,183087.906086936
"1278","R log & I log",12.77,7738015.67266391,183224.850037073
"1279","R log & I log",12.78,7736126.98721491,183352.721714013
"1280","R log & I log",12.79,7734255.20019855,183471.565725196
"1281","R log & I log",12.8,7732400.3906599,183581.425453429
"1282","R log & I log",12.81,7730562.63937159,183682.343217221
"1283","R log & I log",12.82,7728742.02852198,183774.360430536
"1284","R log & I log",12.83,7726938.64139895,183857.517769098
"1285","R log & I log",12.84,7725152.56207557,183931.855340397
"1286","R log & I log",12.85,7723383.87510711,183997.412846399
"1287","R log & I log",12.86,7721632.66523977,184054.229735543
"1288","R log & I log",12.87,7719899.01712426,184102.345351375
"1289","R log & I log",12.88,7718183.01503322,184141.79908269
"1290","R log & I log",12.89,7716484.74258983,184172.630509741
"1291","R log & I log",12.9,7714804.28251471,184194.879538511
"1292","R log & I log",12.91,7713141.71638894,184208.58652268
"1293","R log & I log",12.92,7711497.12442795,184213.792378831
"1294","R log & I log",12.93,7709870.58526535,184210.53869733
"1295","R log & I log",12.94,7708262.17575112,184198.867845519
"1296","R log & I log",12.95,7706671.97076697,184178.823059673
"1297","R log & I log",12.96,7705100.04305682,184150.448526502
"1298","R log & I log",12.97,7703546.46306944,184113.789457315
"1299","R log & I log",12.98,7702011.29881322,184068.892155897
"1300","R log & I log",12.99,7700494.6157254,184015.804078059
"1301","R log & I log",13,7698996.47655647,183954.573881031
"1302","R log & I log",13.01,7697516.941324,183885.25154976
"1303","R log & I log",13.02,7696056.06823344,183807.889631034
"1304","R log & I log",13.03,7694613.91407467,183722.538322881
"1305","R log & I log",13.04,7693190.49234326,183629.087716799
"1306","R log & I log",13.05,7691784.89984293,183526.141263331
"1307","R log & I log",13.06,7690390.82773661,183410.096874216
"1308","R log & I log",13.07,7688987.32207959,183278.960799548
"1309","R log & I log",13.08,7687530.64752441,183141.607120163
"1310","R log & I log",13.09,7685956.48070562,183024.827619816
"1311","R log & I log",13.1,7684194.63739845,182970.520563074
"1312","R log & I log",13.11,7682188.53957672,183023.752902425
"1313","R log & I log",13.12,7679909.41825347,183219.190321135
"1314","R log & I log",13.13,7677359.96014202,183572.639546727
"1315","R log & I log",13.14,7674568.46778317,184080.29094783
"1316","R log & I log",13.15,7671578.3731593,184723.435698129
"1317","R log & I log",13.16,7668437.74755399,185475.335197635
"1318","R log & I log",13.17,7665191.51767442,186307.522506449
"1319","R log & I log",13.18,7661877.15483445,187194.155137182
"1320","R log & I log",13.19,7658523.45286017,188114.01364324
"1321","R log & I log",13.2,7655151.06227104,189051.004861425
"1322","R log & I log",13.21,7651773.95293098,189993.692112359
"1323","R log & I log",13.22,7648401.16147657,190934.302415825
"1324","R log & I log",13.23,7645038.26732011,191867.779566026
"1325","R log & I log",13.24,7641688.65568735,192790.899359949
"1326","R log & I log",13.25,7638354.28676089,193701.676070738
"1327","R log & I log",13.26,7635036.33969182,194598.855546806
"1328","R log & I log",13.27,7631735.50179148,195481.670607663
"1329","R log & I log",13.28,7628452.20153689,196349.63631095
"1330","R log & I log",13.29,7625186.7535176,197202.418721927
"1331","R log & I log",13.3,7621939.38725298,198039.799908298
"1332","R log & I log",13.31,7618710.31520042,198861.605779113
"1333","R log & I log",13.32,7615499.72055652,199667.71696873
"1334","R log & I log",13.33,7612307.77979299,200458.036129786
"1335","R log & I log",13.34,7609134.66305519,201232.487612306
"1336","R log & I log",13.35,7605980.5347152,201991.015152382
"1337","R log & I log",13.36,7602845.55409914,202733.57780097
"1338","R log & I log",13.37,7599729.87562831,203460.147381467
"1339","R log & I log",13.38,7596633.64875258,204170.707035938
"1340","R log & I log",13.39,7593557.01800268,204865.250171882
"1341","R log & I log",13.4,7590500.1235005,205543.778912393
"1342","R log & I log",13.41,7587463.10084102,206206.304134614
"1343","R log & I log",13.42,7584446.08107897,206852.845147369
"1344","R log & I log",13.43,7581449.1914249,207483.428190164
"1345","R log & I log",13.44,7578472.55561069,208098.085663995
"1346","R log & I log",13.45,7575516.29422515,208696.855589486
"1347","R log & I log",13.46,7572580.52496975,209279.781249146
"1348","R log & I log",13.47,7569665.36293969,209846.910792715
"1349","R log & I log",13.48,7566770.92091464,210398.296818323
"1350","R log & I log",13.49,7563897.30965284,210933.995958752
"1351","R log & I log",13.5,7561044.63820027,211454.06846334
"1352","R log & I log",13.51,7558213.01425843,211958.577740293
"1353","R log & I log",13.52,7555402.54446408,212447.590041701
"1354","R log & I log",13.53,7552613.33467732,212921.174169051
"1355","R log & I log",13.54,7549845.49030747,213379.401128981
"1356","R log & I log",13.55,7547099.11665586,213822.343766314
"1357","R log & I log",13.56,7544374.31924575,214250.076428005
"1358","R log & I log",13.57,7541671.20413871,214662.674661073
"1359","R log & I log",13.58,7538989.87825107,215060.214914933
"1360","R log & I log",13.59,7536330.44966773,215442.774239901
"1361","R log & I log",13.6,7533693.02793725,215810.430000153
"1362","R log & I log",13.61,7531077.72434123,216163.259612651
"1363","R log & I log",13.62,7528484.65214088,216501.340305732
"1364","R log & I log",13.63,7525913.92679914,216824.748892641
"1365","R log & I log",13.64,7523365.66616788,217133.561567995
"1366","R log & I log",13.65,7520839.9906337,217427.853735201
"1367","R log & I log",13.66,7518337.02322451,217707.699862411
"1368","R log & I log",13.67,7515856.88967824,217973.173362255
"1369","R log & I log",13.68,7513399.71846744,218224.346498931
"1370","R log & I log",13.69,7510965.64077371,218461.290330273
"1371","R log & I log",13.7,7508554.79041526,218684.074685259
"1372","R log & I log",13.71,7506167.30373661,218892.768169047
"1373","R log & I log",13.72,7503803.31946435,219087.438188876
"1374","R log & I log",13.73,7501462.97852382,219268.151002965
"1375","R log & I log",13.74,7499146.42381207,219434.971799067
"1376","R log & I log",13.75,7496853.79993173,219587.964803488
"1377","R log & I log",13.76,7494585.2528985,219727.193411643
"1378","R log & I log",13.77,7492340.92983095,219852.720330012
"1379","R log & I log",13.78,7490120.97862161,219964.607728439
"1380","R log & I log",13.79,7487925.54758622,220062.917408353
"1381","R log & I log",13.8,7485754.78509591,220147.710986748
"1382","R log & I log",13.81,7483608.8392038,220219.050086003
"1383","R log & I log",13.82,7481487.8572718,220276.996521397
"1384","R log & I log",13.83,7479391.98559413,220321.612489464
"1385","R log & I log",13.84,7477321.3690159,220352.960763403
"1386","R log & I log",13.85,7475276.15055517,220371.104890657
"1387","R log & I log",13.86,7473256.471039,220376.109380907
"1388","R log & I log",13.87,7471262.46875368,220368.03988138
"1389","R log & I log",13.88,7469294.27910189,220346.963347378
"1390","R log & I log",13.89,7467352.03426667,220312.948212476
"1391","R log & I log",13.9,7465435.86289188,220266.064551125
"1392","R log & I log",13.91,7463545.88978689,220206.384224257
"1393","R log & I log",13.92,7461682.2356527,220133.981008603
"1394","R log & I log",13.93,7459845.01682214,220048.93071718
"1395","R log & I log",13.94,7458034.34501484,219951.311312541
"1396","R log & I log",13.95,7456250.3271133,219841.203007514
"1397","R log & I log",13.96,7454493.06496271,219718.688349576
"1398","R log & I log",13.97,7452762.6551912,219583.852291113
"1399","R log & I log",13.98,7451059.18904662,219436.782249713
"1400","R log & I log",13.99,7449382.75225089,219277.568158736
"1401","R log & I log",14,7447733.42487497,219106.302505139
"1402","R log & I log",14.01,7446111.28125702,218923.080381325
"1403","R log & I log",14.02,7444516.39034821,218727.99990801
"1404","R log & I log",14.03,7442948.81643419,218521.161250998
"1405","R log & I log",14.04,7441408.60649207,218302.626492768
"1406","R log & I log",14.05,7439895.48822713,218071.961032009
"1407","R log & I log",14.06,7438406.53464566,217827.284081794
"1408","R log & I log",14.07,7436929.29949702,217566.555830081
"1409","R log & I log",14.08,7435432.04127316,217293.833278252
"1410","R log & I log",14.09,7433858.25079102,217028.017430009
"1411","R log & I log",14.1,7432132.88474496,216806.275096299
"1412","R log & I log",14.11,7430179.18436958,216677.829431922
"1413","R log & I log",14.12,7427938.1160875,216690.861221264
"1414","R log & I log",14.13,7425381.10687074,216879.797403313
"1415","R log & I log",14.14,7422512.51949897,217258.359217247
"1416","R log & I log",14.15,7419363.46844587,217819.654484779
"1417","R log & I log",14.16,7415980.96187908,218541.516427076
"1418","R log & I log",14.17,7412417.53097244,219393.412070064
"1419","R log & I log",14.18,7408722.88325438,220343.049853973
"1420","R log & I log",14.19,7404939.48151898,221360.714508816
"1421","R log & I log",14.2,7401100.70792397,222421.627058745
"1422","R log & I log",14.21,7397231.17460458,223506.628948383
"1423","R log & I log",14.22,7393348.11117474,224601.720791051
"1424","R log & I log",14.23,7389463.11933206,225697.103937736
"1425","R log & I log",14.24,7385583.70922454,226786.194694388
"1426","R log & I log",14.25,7381714.70034448,227864.64213078
"1427","R log & I log",14.26,7377859.18111897,228929.589568015
"1428","R log & I log",14.27,7374019.13088164,229979.191190185
"1429","R log & I log",14.28,7370195.87634421,231012.232387479
"1430","R log & I log",14.29,7366390.43629729,232027.832704138
"1431","R log & I log",14.3,7362603.60022632,233025.368769495
"1432","R log & I log",14.31,7358836.04246879,234004.362672239
"1433","R log & I log",14.32,7355088.38823398,234964.415496481
"1434","R log & I log",14.33,7351361.22051062,235905.194016453
"1435","R log & I log",14.34,7347655.09550837,236826.413736852
"1436","R log & I log",14.35,7343970.58473021,237727.800064042
"1437","R log & I log",14.36,7340308.19409581,238609.139738457
"1438","R log & I log",14.37,7336668.36595028,239470.255857745
"1439","R log & I log",14.38,7333051.65447508,240310.941325971
"1440","R log & I log",14.39,7329458.57245649,241131.020445771
"1441","R log & I log",14.4,7325889.55700326,241930.363856567
"1442","R log & I log",14.41,7322345.06104797,242708.844919883
"1443","R log & I log",14.42,7318825.5279547,243466.351064788
"1444","R log & I log",14.43,7315331.38753032,244202.784342439
"1445","R log & I log",14.44,7311863.05637086,244918.061073877
"1446","R log & I log",14.45,7308420.93807437,245612.1117899
"1447","R log & I log",14.46,7305005.42320455,246284.880975956
"1448","R log & I log",14.47,7301616.89104287,246936.32496611
"1449","R log & I log",14.48,7298255.71021751,247566.411053255
"1450","R log & I log",14.49,7294922.23916056,248175.116906492
"1451","R log & I log",14.5,7291616.8263592,248762.430233427
"1452","R log & I log",14.51,7288339.81072894,249328.348327208
"1453","R log & I log",14.52,7285091.52205237,249872.877547708
"1454","R log & I log",14.53,7281872.28145098,250396.032791632
"1455","R log & I log",14.54,7278682.4018924,250897.83694253
"1456","R log & I log",14.55,7275522.18880317,251378.320231313
"1457","R log & I log",14.56,7272391.9405301,251837.519775731
"1458","R log & I log",14.57,7269291.94884659,252275.479081999
"1459","R log & I log",14.58,7266222.49939364,252692.247615146
"1460","R log & I log",14.59,7263183.87221021,253087.88027984
"1461","R log & I log",14.6,7260176.34221341,253462.436951155
"1462","R log & I log",14.61,7257200.17969812,253815.981987996
"1463","R log & I log",14.62,7254255.65076197,254148.58381856
"1464","R log & I log",14.63,7251343.0176874,254460.314560473
"1465","R log & I log",14.64,7248462.5393035,254751.249648202
"1466","R log & I log",14.65,7245614.47131385,255021.467481111
"1467","R log & I log",14.66,7242799.06656727,255271.049116156
"1468","R log & I log",14.67,7240016.5752679,255500.078007427
"1469","R log & I log",14.68,7237267.24513144,255708.639781045
"1470","R log & I log",14.69,7234551.32148698,255896.822044049
"1471","R log & I log",14.7,7231869.04731706,256064.714237126
"1472","R log & I log",14.71,7229220.66323659,256212.407534431
"1473","R log & I log",14.72,7226606.40742015,256339.99478124
"1474","R log & I log",14.73,7224026.5154829,256447.570460825
"1475","R log & I log",14.74,7221481.22031054,256535.230693309
"1476","R log & I log",14.75,7218970.7518342,256603.073273756
"1477","R log & I log",14.76,7216495.33675823,256651.197747686
"1478","R log & I log",14.77,7214055.19825571,256679.705511955
"1479","R log & I log",14.78,7211650.55564056,256688.699930787
"1480","R log & I log",14.79,7209281.62401463,256678.28646737
"1481","R log & I log",14.8,7206948.61388851,256648.572835653
"1482","R log & I log",14.81,7204651.73078431,256599.669169099
"1483","R log & I log",14.82,7202391.17483388,256531.688194256
"1484","R log & I log",14.83,7200167.14037732,256444.745402364
"1485","R log & I log",14.84,7197979.81555869,256338.959222475
"1486","R log & I log",14.85,7195829.38191996,256214.451199798
"1487","R log & I log",14.86,7193716.01400376,256071.3461726
"1488","R log & I log",14.87,7191639.87897507,255909.772436174
"1489","R log & I log",14.88,7189601.13626139,255729.861891659
"1490","R log & I log",14.89,7187599.93720518,255531.750187097
"1491","R log & I log",14.9,7185636.42473057,255315.576853726
"1492","R log & I log",14.91,7183710.73303488,255081.48542921
"1493","R log & I log",14.92,7181822.98731218,254829.623558718
"1494","R log & I log",14.93,7179973.3035048,254560.143075447
"1495","R log & I log",14.94,7178161.78807598,254273.20006819
"1496","R log & I log",14.95,7176388.53780537,253968.954937378
"1497","R log & I log",14.96,7174653.63961411,253647.572433373
"1498","R log & I log",14.97,7172957.17042203,253309.221672935
"1499","R log & I log",14.98,7171299.19703226,252954.076137362
"1500","R log & I log",14.99,7169679.77603878,252582.313657455
"1501","R log & I log",15,7168098.95375859,252194.116385128
"1502","R log & I log",15.01,7166556.76620024,251789.670756708
"1503","R log & I log",15.02,7165053.23922214,251369.167577017
"1504","R log & I log",15.03,7163588.38911206,250932.801762857
"1505","R log & I log",15.04,7162162.21482648,250480.75948202
"1506","R log & I log",15.05,7160774.61628224,250013.08117165
"1507","R log & I log",15.06,7159424.41560814,249529.045018064
"1508","R log & I log",15.07,7158105.40591745,249027.184128882
"1509","R log & I log",15.08,7156798.31651385,248508.482232075
"1510","R log & I log",15.09,7155462.14798458,247983.466048655
"1511","R log & I log",15.1,7154032.39161166,247478.717091158
"1512","R log & I log",15.11,7152429.62296916,247037.320897879
"1513","R log & I log",15.12,7150576.78454272,246710.767494463
"1514","R log & I log",15.13,7148416.76979763,246546.288501085
"1515","R log & I log",15.14,7145923.13734215,246575.860180832
"1516","R log & I log",15.15,7143101.56936228,246810.737716249
"1517","R log & I log",15.16,7139983.61213571,247242.198818573
"1518","R log & I log",15.17,7136616.64356839,247846.733674256
"1519","R log & I log",15.18,7133053.86288867,248592.701577631
"1520","R log & I log",15.19,7129346.41582227,249446.491507588
"1521","R log & I log",15.2,7125538.73259072,250376.861284135
"1522","R log & I log",15.21,7121666.60286373,251357.288887492
"1523","R log & I log",15.22,7117757.04086707,252366.865033337
"1524","R log & I log",15.23,7113829.66912873,253389.855640049
"1525","R log & I log",15.24,7109897.99645201,254415.05889047
"1526","R log & I log",15.25,7105971.10383836,255434.742694184
"1527","R log & I log",15.26,7102055.15788852,256443.567834312
"1528","R log & I log",15.27,7098154.24761878,257437.96551366
"1529","R log & I log",15.28,7094271.18239625,258415.521163721
"1530","R log & I log",15.29,7090408.0120211,259374.536908367
"1531","R log & I log",15.3,7086566.288448,260313.812761173
"1532","R log & I log",15.31,7082747.31086141,261232.427242314
"1533","R log & I log",15.32,7078952.22784335,262129.636831698
"1534","R log & I log",15.33,7075182.08619904,263004.825810286
"1535","R log & I log",15.34,7071437.88333895,263857.451376741
"1536","R log & I log",15.35,7067720.57821479,264687.027950617
"1537","R log & I log",15.36,7064031.08640465,265493.127890419
"1538","R log & I log",15.37,7060370.30379867,266275.354694115
"1539","R log & I log",15.38,7056739.10708469,267033.338946252
"1540","R log & I log",15.39,7053138.33741551,267766.750131775
"1541","R log & I log",15.4,7049568.81711718,268475.281201991
"1542","R log & I log",15.41,7046031.34045699,269158.655854727
"1543","R log & I log",15.42,7042526.68076851,269816.618959824
"1544","R log & I log",15.43,7039055.58431054,270448.942479413
"1545","R log & I log",15.44,7035618.77500686,271055.419957114
"1546","R log & I log",15.45,7032216.95096638,271635.869534815
"1547","R log & I log",15.46,7028850.7890736,272190.128814321
"1548","R log & I log",15.47,7025520.94107131,272718.058423495
"1549","R log & I log",15.48,7022228.03822173,273219.536970029
"1550","R log & I log",15.49,7018972.68752275,273694.46461368
"1551","R log & I log",15.5,7015755.47638242,274142.758147024
"1552","R log & I log",15.51,7012576.969048,274564.354405634
"1553","R log & I log",15.52,7009437.71120638,274959.205487832
"1554","R log & I log",15.53,7006338.22651927,275327.282098236
"1555","R log & I log",15.54,7003279.02117575,275668.568890012
"1556","R log & I log",15.55,7000260.58056557,275983.0677149
"1557","R log & I log",15.56,6997283.37380765,276270.793035482
"1558","R log & I log",15.57,6994347.85052299,276531.775094973
"1559","R log & I log",15.58,6991454.44529724,276766.055428942
"1560","R log & I log",15.59,6988603.57453699,276973.689975144
"1561","R log & I log",15.6,6985795.64086636,277154.744672147
"1562","R log & I log",15.61,6983031.03004336,277309.298510427
"1563","R log & I log",15.62,6980310.11524158,277437.439246011
"1564","R log & I log",15.63,6977633.25398673,277539.266425957
"1565","R log & I log",15.64,6975000.79230283,277614.887230155
"1566","R log & I log",15.65,6972413.061651,277664.419474681
"1567","R log & I log",15.66,6969870.38290418,277687.98760011
"1568","R log & I log",15.67,6967373.06325568,277685.725678587
"1569","R log & I log",15.68,6964921.40000544,277657.773563227
"1570","R log & I log",15.69,6962515.67743036,277604.279899283
"1571","R log & I log",15.7,6960156.17037634,277525.398429181
"1572","R log & I log",15.71,6957843.14106115,277421.291034795
"1573","R log & I log",15.72,6955576.84245539,277292.124222759
"1574","R log & I log",15.73,6953357.51509149,277138.072133945
"1575","R log & I log",15.74,6951185.39020936,276959.313229332
"1576","R log & I log",15.75,6949060.68657189,276756.033259937
"1577","R log & I log",15.76,6946983.61339923,276528.422133707
"1578","R log & I log",15.77,6944954.36718807,276276.676863286
"1579","R log & I log",15.78,6942973.13448347,276000.998580843
"1580","R log & I log",15.79,6941040.08873075,275701.59543983
"1581","R log & I log",15.8,6939155.39290935,275378.679754009
"1582","R log & I log",15.81,6937319.19642791,275032.470849227
"1583","R log & I log",15.82,6935531.63764734,274663.192314737
"1584","R log & I log",15.83,6933792.84085344,274271.074782181
"1585","R log & I log",15.84,6932102.91869775,273856.353262424
"1586","R log & I log",15.85,6930461.96925903,273419.269841067
"1587","R log & I log",15.86,6928870.07841373,272960.071099196
"1588","R log & I log",15.87,6927327.31701216,272479.01071435
"1589","R log & I log",15.88,6925833.74320924,271976.346940506
"1590","R log & I log",15.89,6924389.39976917,271452.345096581
"1591","R log & I log",15.9,6922994.31635462,270907.275106892
"1592","R log & I log",15.91,6921648.50696418,270341.413883083
"1593","R log & I log",15.92,6920351.97220053,269755.042915875
"1594","R log & I log",15.93,6919104.69686073,269148.450531923
"1595","R log & I log",15.94,6917906.65218575,268521.929528572
"1596","R log & I log",15.95,6916757.79359278,267875.779315078
"1597","R log & I log",15.96,6915658.06291047,267210.303592069
"1598","R log & I log",15.97,6914607.38625721,266525.812377784
"1599","R log & I log",15.98,6913605.6762579,265822.619733388
"1600","R log & I log",15.99,6912652.83008271,265101.045656585
"1601","R log & I log",16,6911748.73162223,264361.413874652
"1602","R log & I log",16.01,6910893.24968127,263604.053617824
"1603","R log & I log",16.02,6910086.24016719,262829.297517913
"1604","R log & I log",16.03,6909327.54466863,262037.483320903
"1605","R log & I log",16.04,6908616.99145152,261228.949445698
"1606","R log & I log",16.05,6907954.36822416,260403.993145195
"1607","R log & I log",16.06,6907339.13375433,259562.59275724
"1608","R log & I log",16.07,6906768.77518401,258703.98967784
"1609","R log & I log",16.08,6906234.32987461,257827.51259298
"1610","R log & I log",16.09,6905713.52718756,256936.224624533
"1611","R log & I log",16.1,6905165.2619082,256042.669290143
"1612","R log & I log",16.11,6904530.48805835,255172.812790468
"1613","R log & I log",16.12,6903741.16595025,254364.653099309
"1614","R log & I log",16.13,6902734.24772043,253660.968165625
"1615","R log & I log",16.14,6901464.69599595,253099.604793621
"1616","R log & I log",16.15,6899912.9907333,252705.417407893
"1617","R log & I log",16.16,6898085.57105825,252486.514132732
"1618","R log & I log",16.17,6896009.57641191,252435.143956439
"1619","R log & I log",16.18,6893725.03043163,252531.702024652
"1620","R log & I log",16.19,6891276.99761513,252749.851532816
"1621","R log & I log",16.2,6888709.09944764,253061.449865009
"1622","R log & I log",16.21,6886059.86720091,253439.928147883
"1623","R log & I log",16.22,6883360.76655982,253862.445535073
"1624","R log & I log",16.23,6880636.11009135,254310.605247397
"1625","R log & I log",16.24,6877903.8308684,254770.371738237
"1626","R log & I log",16.25,6875176.70525381,255231.469213833
"1627","R log & I log",16.26,6872463.60137273,255686.607957766
"1628","R log & I log",16.27,6869770.601154,256130.733063706
"1629","R log & I log",16.28,6867101.89061276,256560.37397785
"1630","R log & I log",16.29,6864460.3865798,256973.161416132
"1631","R log & I log",16.3,6861848.30085926,257367.391237987
"1632","R log & I log",16.31,6859267.33661309,257741.841854899
"1633","R log & I log",16.32,6856718.89026851,258095.595011389
"1634","R log & I log",16.33,6854204.19404145,258427.915798127
"1635","R log & I log",16.34,6851724.37525114,258738.190871671
"1636","R log & I log",16.35,6849280.484725,259025.896345497
"1637","R log & I log",16.36,6846873.5199602,259290.57326314
"1638","R log & I log",16.37,6844504.44100733,259531.809890102
"1639","R log & I log",16.38,6842174.16961268,259749.235969144
"1640","R log & I log",16.39,6839883.59392349,259942.517406127
"1641","R log & I log",16.4,6837633.56761231,260111.353825139
"1642","R log & I log",16.41,6835424.90876821,260255.479338005
"1643","R log & I log",16.42,6833258.40536561,260374.655232939
"1644","R log & I log",16.43,6831134.80750284,260468.675636883
"1645","R log & I log",16.44,6829054.83750008,260537.358425273
"1646","R log & I log",16.45,6827019.17699898,260580.554918748
"1647","R log & I log",16.46,6825028.48270743,260598.136786843
"1648","R log & I log",16.47,6823083.36974787,260590.008566333
"1649","R log & I log",16.48,6821184.42842642,260556.093981612
"1650","R log & I log",16.49,6819332.2147597,260496.343262394
"1651","R log & I log",16.5,6817527.24795334,260410.734268229
"1652","R log & I log",16.51,6815770.02536837,260299.260610752
"1653","R log & I log",16.52,6814061.00773891,260161.9432411
"1654","R log & I log",16.53,6812400.62543814,259998.824933542
"1655","R log & I log",16.54,6810789.27986956,259809.968976393
"1656","R log & I log",16.55,6809227.34599659,259595.456885165
"1657","R log & I log",16.56,6807715.17115882,259355.389168197
"1658","R log & I log",16.57,6806253.07448827,259089.885748767
"1659","R log & I log",16.58,6804841.34795539,258799.084785071
"1660","R log & I log",16.59,6803480.25797785,258483.141204855
"1661","R log & I log",16.6,6802170.04641089,258142.225671926
"1662","R log & I log",16.61,6800910.93111073,257776.524123605
"1663","R log & I log",16.62,6799703.10635688,257386.237222044
"1664","R log & I log",16.63,6798546.74373996,256971.579545625
"1665","R log & I log",16.64,6797441.9930424,256532.778619044
"1666","R log & I log",16.65,6796388.98284975,256070.074408121
"1667","R log & I log",16.66,6795387.82118677,255583.718580894
"1668","R log & I log",16.67,6794438.59621001,255073.97388491
"1669","R log & I log",16.68,6793541.3767963,254541.113439767
"1670","R log & I log",16.69,6792696.21312107,253985.420212796
"1671","R log & I log",16.7,6791903.13712692,253407.186414256
"1672","R log & I log",16.71,6791162.16300054,252806.713047153
"1673","R log & I log",16.72,6790473.28755742,252184.309365774
"1674","R log & I log",16.73,6789836.4906369,251540.29248503
"1675","R log & I log",16.74,6789251.73540508,250874.986905981
"1676","R log & I log",16.75,6788718.96866803,250188.724186241
"1677","R log & I log",16.76,6788238.12109858,249481.842526388
"1678","R log & I log",16.77,6787809.10747958,248754.686494801
"1679","R log & I log",16.78,6787431.82687351,248007.606667115
"1680","R log & I log",16.79,6787106.16282069,247240.959391179
"1681","R log & I log",16.8,6786831.98347694,246455.106460272
"1682","R log & I log",16.81,6786609.14178648,245650.414902455
"1683","R log & I log",16.82,6786437.47560357,244827.256678639
"1684","R log & I log",16.83,6786316.80785837,243986.008487983
"1685","R log & I log",16.84,6786246.94668395,243127.051476865
"1686","R log & I log",16.85,6786227.68559392,242250.771044658
"1687","R log & I log",16.86,6786258.80362772,241357.556554116
"1688","R log & I log",16.87,6786340.06555056,240447.801134117
"1689","R log & I log",16.88,6786471.22203041,239521.901385737
"1690","R log & I log",16.89,6786652.00987468,238580.257170675
"1691","R log & I log",16.9,6786882.15224733,237623.271303422
"1692","R log & I log",16.91,6787161.35894386,236651.34932463
"1693","R log & I log",16.92,6787489.32665041,235664.899182784
"1694","R log & I log",16.93,6787865.73926126,234664.330992927
"1695","R log & I log",16.94,6788290.26818845,233650.056698999
"1696","R log & I log",16.95,6788762.57272235,232622.489814289
"1697","R log & I log",16.96,6789282.30038292,231582.045071545
"1698","R log & I log",16.97,6789849.0873193,230529.138150525
"1699","R log & I log",16.98,6790462.55870113,229464.185318376
"1700","R log & I log",16.99,6791122.32915475,228387.603143777
"1701","R log & I log",17,6791828.00318826,227299.808130091
"1702","R log & I log",17.01,6792579.17565626,226201.21642414
"1703","R log & I log",17.02,6793375.43222372,225092.243467794
"1704","R log & I log",17.03,6794216.34992307,223973.30374661
"1705","R log & I log",17.04,6795101.49731798,222844.809488038
"1706","R log & I log",17.05,6796030.42414182,221707.154607279
"1707","R log & I log",17.06,6797002.62346358,220560.626603649
"1708","R log & I log",17.07,6798017.09854185,219405.00452815
"1709","R log & I log",17.08,6799070.98745265,218239.217961891
"1710","R log & I log",17.09,6800156.58364571,217061.904529018
"1711","R log & I log",17.1,6801257.79157577,215873.701905525
"1712","R log & I log",17.11,6802348.31593576,214680.353048934
"1713","R log & I log",17.12,6803393.27018479,213494.81140783
"1714","R log & I log",17.13,6804354.7730358,212336.43960841
"1715","R log & I log",17.14,6805199.54304695,211227.221332248
"1716","R log & I log",17.15,6805905.10622946,210186.98397619
"1717","R log & I log",17.16,6806463.29785933,209229.184542853
"1718","R log & I log",17.17,6806879.89781185,208358.955287714
"1719","R log & I log",17.18,6807171.69285198,207573.301211956
"1720","R log & I log",17.19,6807362.0946192,206863.008684261
"1721","R log & I log",17.2,6807477.11800558,206215.061895532
"1722","R log & I log",17.21,6807541.8896137,205615.16122449
"1723","R log & I log",17.22,6807578.62308003,205049.52779508
"1724","R log & I log",17.23,6807605.59000111,204506.082554352
"1725","R log & I log",17.24,6807637.01549516,203974.943386835
"1726","R log & I log",17.25,6807683.47866131,203448.460036729
"1727","R log & I log",17.26,6807752.57568481,202920.968081578
"1728","R log & I log",17.27,6807849.59396491,202388.43037572
"1729","R log & I log",17.28,6807978.14658348,201848.053809867
"1730","R log & I log",17.29,6808140.69573087,201297.945116869
"1731","R log & I log",17.3,6808338.90797646,200736.849525644
"1732","R log & I log",17.31,6808573.95496805,200163.935342701
"1733","R log & I log",17.32,6808846.68870526,199578.654225015
"1734","R log & I log",17.33,6809157.75949914,198980.639681885
"1735","R log & I log",17.34,6809507.67810684,198369.655089728
"1736","R log & I log",17.35,6809896.88154731,197745.535091213
"1737","R log & I log",17.36,6810325.74586927,197108.172776816
"1738","R log & I log",17.37,6810794.59156501,196457.512589947
"1739","R log & I log",17.38,6811303.70891614,195793.524554967
"1740","R log & I log",17.39,6811853.36031136,195116.201708761
"1741","R log & I log",17.4,6812443.77219433,194425.565259336
"1742","R log & I log",17.41,6813075.13723957,193721.661528222
"1743","R log & I log",17.42,6813747.61767075,193004.557732932
"1744","R log & I log",17.43,6814461.34748171,192274.339637913
"1745","R log & I log",17.44,6815216.43277935,191531.11069446
"1746","R log & I log",17.45,6816012.95245054,190774.991417522
"1747","R log & I log",17.46,6816850.95750993,190006.119519864
"1748","R log & I log",17.47,6817730.47221858,189224.648986189
"1749","R log & I log",17.48,6818651.49420777,188430.749447168
"1750","R log & I log",17.49,6819613.99605833,187624.604841058
"1751","R log & I log",17.5,6820617.92553552,186806.413108183
"1752","R log & I log",17.51,6821663.20648622,185976.385354318
"1753","R log & I log",17.52,6822749.73961902,185134.745112633
"1754","R log & I log",17.53,6823877.40335842,184281.727735518
"1755","R log & I log",17.54,6825046.05482835,183417.579510227
"1756","R log & I log",17.55,6826255.53077098,182542.556879932
"1757","R log & I log",17.56,6827505.6483089,181656.925698263
"1758","R log & I log",17.57,6828796.2056138,180760.960786596
"1759","R log & I log",17.58,6830126.98284207,179854.945202678
"1760","R log & I log",17.59,6831497.74310908,178939.169529093
"1761","R log & I log",17.6,6832908.23343665,178013.931068883
"1762","R log & I log",17.61,6834358.18561134,177079.533201991
"1763","R log & I log",17.62,6835847.31698928,176136.28473868
"1764","R log & I log",17.63,6837375.33131406,175184.499348435
"1765","R log & I log",17.64,6838941.91954778,174224.494891946
"1766","R log & I log",17.65,6840546.76067995,173256.592838987
"1767","R log & I log",17.66,6842189.52245449,172281.117679611
"1768","R log & I log",17.67,6843869.86213311,171298.39637602
"1769","R log & I log",17.68,6845587.42724263,170308.757766712
"1770","R log & I log",17.69,6847341.8562132,169312.532115233
"1771","R log & I log",17.7,6849132.77898183,168310.050609871
"1772","R log & I log",17.71,6850959.81759021,167301.644932417
"1773","R log & I log",17.72,6852822.5867649,166287.646773824
"1774","R log & I log",17.73,6854720.69446731,165268.38743884
"1775","R log & I log",17.74,6856653.742399,164244.197418085
"1776","R log & I log",17.75,6858621.3264762,163215.40604465
"1777","R log & I log",17.76,6860623.03727361,162182.3411095
"1778","R log & I log",17.77,6862658.46045032,161145.328549553
"1779","R log & I log",17.78,6864727.17714983,160104.692108365
"1780","R log & I log",17.79,6866828.76438108,159060.753048801
"1781","R log & I log",17.8,6868962.79538135,158013.829847605
"1782","R log & I log",17.81,6871128.8399633,156964.237941839
"1783","R log & I log",17.82,6873326.46487518,155912.289431535
"1784","R log & I log",17.83,6875555.23405489,154858.292904026
"1785","R log & I log",17.84,6877814.70897229,153802.55315442
"1786","R log & I log",17.85,6880104.44895775,152745.370963957
"1787","R log & I log",17.86,6882424.01149374,151687.042870911
"1788","R log & I log",17.87,6884772.95249243,150627.860997901
"1789","R log & I log",17.88,6887150.82657806,149568.112842547
"1790","R log & I log",17.89,6889557.18737196,148508.081111169
"1791","R log & I log",17.9,6891991.58777364,147448.043523663
"1792","R log & I log",17.91,6894453.58023493,146388.272667127
"1793","R log & I log",17.92,6896942.71703006,145329.035823579
"1794","R log & I log",17.93,6899458.55052263,144270.594842988
"1795","R log & I log",17.94,6902000.63343093,143213.205989686
"1796","R log & I log",17.95,6904568.51908949,142157.11983203
"1797","R log & I log",17.96,6907161.76170683,141102.581107905
"1798","R log & I log",17.97,6909779.9166303,140049.828629414
"1799","R log & I log",17.98,6912422.54056884,138999.095177739
"1800","R log & I log",17.99,6915089.19184368,137950.607432208
"1801","R log & I log",18,6917779.43063465,136904.58586887
"1802","R log & I log",18.01,6920492.8192132,135861.244711523
"1803","R log & I log",18.02,6923228.92216569,134820.791863961
"1804","R log & I log",18.03,6925987.30661803,133783.428912619
"1805","R log & I log",18.04,6928767.54242407,132749.350834333
"1806","R log & I log",18.05,6931569.20145492,131718.74150819
"1807","R log & I log",18.06,6934391.85315005,130691.740277988
"1808","R log & I log",18.07,6937235.02225181,129668.237542812
"1809","R log & I log",18.08,6940097.99177196,128647.364194484
"1810","R log & I log",18.09,6942979.30198108,127626.849555504
"1811","R log & I log",18.1,6945875.94362972,126602.803806889
"1812","R log & I log",18.11,6948782.59975651,125570.428397631
"1813","R log & I log",18.12,6951691.45200485,124525.559746285
"1814","R log & I log",18.13,6954592.95903869,123466.230818953
"1815","R log & I log",18.14,6957477.50584826,122393.477758563
"1816","R log & I log",18.15,6960337.22334906,121311.007865842
"1817","R log & I log",18.16,6963167.49616218,120224.092984412
"1818","R log & I log",18.17,6965967.5113065,119138.174730013
"1819","R log & I log",18.18,6968740.08817418,118057.77290768
"1820","R log & I log",18.19,6971490.71629216,116985.901954101
"1821","R log & I log",18.2,6974226.44628655,115923.976139777
"1822","R log & I log",18.21,6976954.76683868,114872.091487444
"1823","R log & I log",18.22,6979682.75872225,113829.456145285
"1824","R log & I log",18.23,6982416.57138136,112794.818548121
"1825","R log & I log",18.24,6985161.19115091,111766.807652023
"1826","R log & I log",18.25,6987920.43666271,110744.162416722
"1827","R log & I log",18.26,6990697.07811859,109725.842129494
"1828","R log & I log",18.27,6993493.0224583,108711.071840879
"1829","R log & I log",18.28,6996309.5177602,107699.315758134
"1830","R log & I log",18.29,6999147.32694117,106690.24781725
"1831","R log & I log",18.3,7002006.86542558,105683.703800712
"1832","R log & I log",18.31,7004888.3061,104679.642327256
"1833","R log & I log",18.32,7007791.67732748,103678.099699316
"1834","R log & I log",18.33,7010716.8964455,102679.172325398
"1835","R log & I log",18.34,7013663.82402979,101682.987996954
"1836","R log & I log",18.35,7016632.26989381,100689.700336715
"1837","R log & I log",18.36,7019622.0213328,99699.4736355536
"1838","R log & I log",18.37,7022632.83800806,98712.4839055307
"1839","R log & I log",18.38,7025664.46667874,97728.9103690389
"1840","R log & I log",18.39,7028716.6413056,96748.9343320036
"1841","R log & I log",18.4,7031789.08660755,95772.7369930781
"1842","R log & I log",18.41,7034881.51775572,94800.4999337919
"1843","R log & I log",18.42,7037993.6414874,93832.4035748005
"1844","R log & I log",18.43,7041125.1584994,92868.6269536537
"1845","R log & I log",18.44,7044275.76091359,91909.3463687614
"1846","R log & I log",18.45,7047445.1359596,90954.7361228947
"1847","R log & I log",18.46,7050632.96657827,90004.9684435922
"1848","R log & I log",18.47,7053838.93013093,89060.212571255
"1849","R log & I log",18.48,7057062.69891149,88120.6341089749
"1850","R log & I log",18.49,7060303.94114336,87186.3949450414
"1851","R log & I log",18.5,7063562.32176529,86257.6534460067
"1852","R log & I log",18.51,7066837.50292624,85334.5640354363
"1853","R log & I log",18.52,7070129.14449243,84417.2771140211
"1854","R log & I log",18.53,7073436.9042534,83505.9388125393
"1855","R log & I log",18.54,7076760.43833826,82600.6910336752
"1856","R log & I log",18.55,7080099.40157369,81701.6711250475
"1857","R log & I log",18.56,7083453.44798696,80809.0117003057
"1858","R log & I log",18.57,7086822.23114792,79922.8404329627
"1859","R log & I log",18.58,7090205.40453877,79043.2801422986
"1860","R log & I log",18.59,7093602.62182712,78170.4487744865
"1861","R log & I log",18.6,7097013.53725694,77304.4593873036
"1862","R log & I log",18.61,7100437.80588383,76445.4200008335
"1863","R log & I log",18.62,7103875.08388479,75593.4335574852
"1864","R log & I log",18.63,7107325.0288374,74748.5979170208
"1865","R log & I log",18.64,7110787.29995832,73911.0058603598
"1866","R log & I log",18.65,7114261.55836338,73080.7450958768
"1867","R log & I log",18.66,7117747.46726756,72257.8982568228
"1868","R log & I log",18.67,7121244.69215972,71442.5429156411
"1869","R log & I log",18.68,7124752.90098941,70634.7516027302
"1870","R log & I log",18.69,7128271.76434573,69834.5918402107
"1871","R log & I log",18.7,7131800.95559981,69042.1261689991
"1872","R log & I log",18.71,7135340.15103159,68257.4121818547
"1873","R log & I log",18.72,7138889.02994824,67480.5025529812
"1874","R log & I log",18.73,7142447.27479448,66711.4450803263
"1875","R log & I log",18.74,7146014.57125001,65950.2827257992
"1876","R log & I log",18.75,7149590.60831385,65197.0536628938
"1877","R log & I log",18.76,7153175.07837748,64451.7913180358
"1878","R log & I log",18.77,7156767.67728878,63714.5244197785
"1879","R log & I log",18.78,7160368.10440785,62985.2770451299
"1880","R log & I log",18.79,7163976.06265561,62264.068675184
"1881","R log & I log",18.8,7167591.25855572,61550.9142472278
"1882","R log & I log",18.81,7171213.40227075,60845.8242148861
"1883","R log & I log",18.82,7174842.20763283,60148.8046052734
"1884","R log & I log",18.83,7178477.39216958,59459.8570854326
"1885","R log & I log",18.84,7182118.67712637,58778.9790269773
"1886","R log & I log",18.85,7185765.78748478,58106.1635790225
"1887","R log & I log",18.86,7189418.45197828,57441.3997412134
"1888","R log & I log",18.87,7193076.40310528,56784.6724435822
"1889","R log & I log",18.88,7196739.37713949,56135.9626273855
"1890","R log & I log",18.89,7200407.11413833,55495.2473336417
"1891","R log & I log",18.9,7204079.35794953,54862.499792621
"1892","R log & I log",18.91,7207755.85621603,54237.6895202204
"1893","R log & I log",18.92,7211436.36037907,53620.7824152172
"1894","R log & I log",18.93,7215120.62567988,53011.7408637924
"1895","R log & I log",18.94,7218808.41115986,52410.5238451868
"1896","R log & I log",18.95,7222499.47965944,51817.0870438632
"1897","R log & I log",18.96,7226193.59781554,51231.3829619428
"1898","R log & I log",18.97,7229890.5360576,50653.3610375059
"1899","R log & I log",18.98,7233590.06860217,50082.967763201
"1900","R log & I log",18.99,7237291.97344605,49520.1468102672
"1901","R log & I log",19,7240996.03235803,48964.8391520486
"1902","R log & I log",19.01,7244702.03086912,48416.9831918832
"1903","R log & I log",19.02,7248409.75826132,47876.5148917068
"1904","R log & I log",19.03,7252119.00755509,47343.3679131615
"1905","R log & I log",19.04,7255829.57549479,46817.4737040368
"1906","R log & I log",19.05,7259541.26249904,46298.7603113911
"1907","R log & I log",19.06,7263253.87234446,45787.1413119983
"1908","R log & I log",19.07,7266967.21081096,45282.4630572995
"1909","R log & I log",19.08,7270681.07593537,44784.2639903438
"1910","R log & I log",19.09,7274395.22999666,44291.3434292894
"1911","R log & I log",19.1,7278109.33929774,43801.2053257226
"1912","R log & I log",19.11,7281822.90345225,43309.8272596954
"1913","R log & I log",19.12,7285535.20773183,42811.9796323177
"1914","R log & I log",19.13,7289245.34989281,42302.1497522262
"1915","R log & I log",19.14,7292952.36115407,41775.6973693472
"1916","R log & I log",19.15,7296655.38470325,41229.7648388323
"1917","R log & I log",19.16,7300353.85703139,40663.703161347
"1918","R log & I log",19.17,7304047.63253104,40078.9239925296
"1919","R log & I log",19.18,7307736.99615202,39478.3368140749
"1920","R log & I log",19.19,7311422.61759273,38865.7099095521
"1921","R log & I log",19.2,7315105.41912668,38245.0083051176
"1922","R log & I log",19.21,7318786.44098386,37619.9379952933
"1923","R log & I log",19.22,7322466.71417053,36993.6752672193
"1924","R log & I log",19.23,7326147.16926132,36368.7668677052
"1925","R log & I log",19.24,7329828.58312124,35747.1494186372
"1926","R log & I log",19.25,7333511.5586141,35130.2319728179
"1927","R log & I log",19.26,7337196.52935812,34519.0067008695
"1928","R log & I log",19.27,7340883.77902804,33914.1553288253
"1929","R log & I log",19.28,7344573.46766298,33316.1380009156
"1930","R log & I log",19.29,7348265.65778245,32725.2666131264
"1931","R log & I log",19.3,7351960.33807305,32141.751807219
"1932","R log & I log",19.31,7355657.44457963,31565.7447876835
"1933","R log & I log",19.32,7359356.8740111,30997.351488888
"1934","R log & I log",19.33,7363058.49747564,30436.6546842603
"1935","R log & I log",19.34,7366762.16730706,29883.717790328
"1936","R log & I log",19.35,7370467.72321058,29338.591701785
"1937","R log & I log",19.36,7374174.99648605,28801.3170806476
"1938","R log & I log",19.37,7377883.81225109,28271.9261922083
"1939","R log & I log",19.38,7381593.99163761,27750.4436082668
"1940","R log & I log",19.39,7385305.35383708,27236.8883966594
"1941","R log & I log",19.4,7389017.71619751,26731.2731117644
"1942","R log & I log",19.41,7392730.89486369,26233.6039314134
"1943","R log & I log",19.42,7396444.70544675,25743.8810387099
"1944","R log & I log",19.43,7400158.96350908,25262.0988610651
"1945","R log & I log",19.44,7403873.48490381,24788.2462262103
"1946","R log & I log",19.45,7407588.08603131,24322.3065296057
"1947","R log & I log",19.46,7411302.58405334,23864.2579045538
"1948","R log & I log",19.47,7415016.79702406,23414.0737279591
"1949","R log & I log",19.48,7418730.54411234,22971.7223547216
"1950","R log & I log",19.49,7422443.64585766,22537.1669186264
"1951","R log & I log",19.5,7426155.92424806,22110.3659492857
"1952","R log & I log",19.51,7429867.20282588,21691.2736597382
"1953","R log & I log",19.52,7433577.30678445,21279.8401458832
"1954","R log & I log",19.53,7437286.06308028,20876.0115006391
"1955","R log & I log",19.54,7440993.30053297,20479.7299677878
"1956","R log & I log",19.55,7444698.84992285,20090.9341192491
"1957","R log & I log",19.56,7448402.54409393,19709.5590598348
"1958","R log & I log",19.57,7452104.21801604,19335.536587834
"1959","R log & I log",19.58,7455803.70884958,18968.7953836078
"1960","R log & I log",19.59,7459500.8560001,18609.2612125244
"1961","R log & I log",19.6,7463195.50117897,18256.8571367008
"1962","R log & I log",19.61,7466887.48846375,17911.5037093241
"1963","R log & I log",19.62,7470576.66434805,17573.1191495475
"1964","R log & I log",19.63,7474262.87778051,17241.6195179348
"1965","R log & I log",19.64,7477945.98019874,16916.9189001957
"1966","R log & I log",19.65,7481625.82556185,16598.929589027
"1967","R log & I log",19.66,7485302.27038002,16287.5622535228
"1968","R log & I log",19.67,7488975.17373876,15982.7260978508
"1969","R log & I log",19.68,7492644.39731759,15684.3290154993
"1970","R log & I log",19.69,7496309.80540468,15392.2777411297
"1971","R log & I log",19.7,7499971.26490946,15106.4780081598
"1972","R log & I log",19.71,7503628.64536847,14826.8346551447
"1973","R log & I log",19.72,7507281.81895196,14553.2517664914
"1974","R log & I log",19.73,7510930.66046645,14285.6328052216
"1975","R log & I log",19.74,7514575.04735313,14023.880726631
"1976","R log & I log",19.75,7518214.85968315,13767.8980822959
"1977","R log & I log",19.76,7521849.9801512,13517.5871213004
"1978","R log & I log",19.77,7525480.29406736,13272.8498842345
"1979","R log & I log",19.78,7529105.68934591,13033.5883039138
"1980","R log & I log",19.79,7532726.05649227,12799.7042924936
"1981","R log & I log",19.8,7536341.28858857,12571.099818062
"1982","R log & I log",19.81,7539951.28127763,12347.6769801816
"1983","R log & I log",19.82,7543555.93274538,12129.3380858475
"1984","R log & I log",19.83,7547155.14370177,11915.9857225071
"1985","R log & I log",19.84,7550748.81736051,11707.5228257465
"1986","R log & I log",19.85,7554336.85941766,11503.8527430211
"1987","R log & I log",19.86,7557919.17802931,11304.8792951831
"1988","R log & I log",19.87,7561495.68378833,11110.5068365761
"1989","R log & I log",19.88,7565066.28970008,10920.6403129744
"1990","R log & I log",19.89,7568630.91115748,10735.1853172226
"1991","R log & I log",19.9,7572189.4659152,10554.0481426234
"1992","R log & I log",19.91,7575741.87406326,10377.1358345961
"1993","R log & I log",19.92,7579288.05799996,10204.3562405147
"1994","R log & I log",19.93,7582827.94240183,10035.6180618634
"1995","R log & I log",19.94,7586361.45420073,9870.83089080913
"1996","R log & I log",19.95,7589888.5225527,9709.90525915078
"1997","R log & I log",19.96,7593409.07880514,9552.75268676967
"1998","R log & I log",19.97,7596923.05647154,9399.28571563642
"1999","R log & I log",19.98,7600430.39119744,9249.41795327108
"2000","R log & I log",19.99,7603931.02073207,9103.06410672734
"2001","R log & I log",20,7607424.88489837,8960.14001622106
"2002","R log & Total I log",0,8890000,0
"2003","R log & Total I log",0.01,8889999.24224437,44.0326805486819
"2004","R log & Total I log",0.02,8889997.65115145,44.8149300822929
"2005","R log & Total I log",0.03,8889995.70448842,45.7819361654412
"2006","R log & Total I log",0.04,8889993.56976798,46.8046988389459
"2007","R log & Total I log",0.05,8889991.31468666,47.8440347166678
"2008","R log & Total I log",0.06,8889988.97244336,48.888060257256
"2009","R log & Total I log",0.07,8889986.56274787,49.9331060982291
"2010","R log & Total I log",0.08,8889984.09871193,50.9781260934894
"2011","R log & Total I log",0.09,8889981.5897547,52.0227606693549
"2012","R log & Total I log",0.1,8889979.04315663,53.0669094776564
"2013","R log & Total I log",0.11,8889976.46370533,54.110547142887
"2014","R log & Total I log",0.12,8889973.85519234,55.1536634679776
"2015","R log & Total I log",0.13,8889971.22084604,56.1962547504939
"2016","R log & Total I log",0.14,8889968.56322764,57.2383209138495
"2017","R log & Total I log",0.15,8889965.8836918,58.2798618945105
"2018","R log & Total I log",0.16,8889963.18344539,59.3208777725332
"2019","R log & Total I log",0.17,8889960.46348582,60.3613686919052
"2020","R log & Total I log",0.18,8889957.72460251,61.4013348243004
"2021","R log & Total I log",0.19,8889954.96741043,62.440776350018
"2022","R log & Total I log",0.2,8889952.19238723,63.4796934504038
"2023","R log & Total I log",0.21,8889949.39990553,64.5180863057421
"2024","R log & Total I log",0.22,8889946.59025864,65.5559550951146
"2025","R log & Total I log",0.23,8889943.76368037,66.5932999967134
"2026","R log & Total I log",0.24,8889940.9203411,67.6301211703633
"2027","R log & Total I log",0.25,8889938.06039889,68.6664187861678
"2028","R log & Total I log",0.26,8889935.18400212,69.7021930341447
"2029","R log & Total I log",0.27,8889932.29126978,70.7374440971178
"2030","R log & Total I log",0.28,8889929.38230198,71.7721721558495
"2031","R log & Total I log",0.29,8889926.45718499,72.8063773874106
"2032","R log & Total I log",0.3,8889923.51599711,73.8400599677671
"2033","R log & Total I log",0.31,8889920.55881139,74.8732200721424
"2034","R log & Total I log",0.32,8889917.58569733,75.90585787559
"2035","R log & Total I log",0.33,8889914.59672168,76.9379735530018
"2036","R log & Total I log",0.34,8889911.59194914,77.9695672791487
"2037","R log & Total I log",0.35,8889908.57144245,79.0006392286089
"2038","R log & Total I log",0.36,8889905.53526295,80.0311895757632
"2039","R log & Total I log",0.37,8889902.48347092,81.0612184947904
"2040","R log & Total I log",0.38,8889899.41612584,82.0907261596654
"2041","R log & Total I log",0.39,8889896.33328643,83.1197127441603
"2042","R log & Total I log",0.4,8889893.2350109,84.1481784218452
"2043","R log & Total I log",0.41,8889890.12135692,85.1761233660901
"2044","R log & Total I log",0.42,8889886.99238182,86.2035477500652
"2045","R log & Total I log",0.43,8889883.84814255,87.230451746742
"2046","R log & Total I log",0.44,8889880.68869576,88.2568355288937
"2047","R log & Total I log",0.45,8889877.51409787,89.2826992690959
"2048","R log & Total I log",0.46,8889874.32440503,90.3080431397268
"2049","R log & Total I log",0.47,8889871.11967317,91.332867312968
"2050","R log & Total I log",0.48,8889867.89995803,92.3571719608045
"2051","R log & Total I log",0.49,8889864.66531514,93.3809572550257
"2052","R log & Total I log",0.5,8889861.41579987,94.4042233672375
"2053","R log & Total I log",0.51,8889858.15146738,95.426970468847
"2054","R log & Total I log",0.52,8889854.87237266,96.4491987310493
"2055","R log & Total I log",0.53,8889851.57857052,97.4709083248439
"2056","R log & Total I log",0.54,8889848.2701156,98.4920994210394
"2057","R log & Total I log",0.55,8889844.94706238,99.5127721902552
"2058","R log & Total I log",0.56,8889841.60946518,100.532926802919
"2059","R log & Total I log",0.57,8889838.25737817,101.552563429265
"2060","R log & Total I log",0.58,8889834.89085532,102.571682239333
"2061","R log & Total I log",0.59,8889831.50995047,103.59028340297
"2062","R log & Total I log",0.6,8889828.1147173,104.60836708983
"2063","R log & Total I log",0.61,8889824.7052093,105.625933469376
"2064","R log & Total I log",0.62,8889821.28147985,106.642982710877
"2065","R log & Total I log",0.63,8889817.84358212,107.659514983413
"2066","R log & Total I log",0.64,8889814.39156917,108.67553045587
"2067","R log & Total I log",0.65,8889810.92549386,109.691029296946
"2068","R log & Total I log",0.66,8889807.44540893,110.706011675145
"2069","R log & Total I log",0.67,8889803.95136695,111.720477758783
"2070","R log & Total I log",0.68,8889800.44342034,112.734427715985
"2071","R log & Total I log",0.69,8889796.92162134,113.747861714684
"2072","R log & Total I log",0.7,8889793.38602207,114.760779922627
"2073","R log & Total I log",0.71,8889789.83667448,115.77318250737
"2074","R log & Total I log",0.72,8889786.27363037,116.785069636279
"2075","R log & Total I log",0.73,8889782.69694139,117.796441476533
"2076","R log & Total I log",0.74,8889779.10665903,118.807298195121
"2077","R log & Total I log",0.75,8889775.50283463,119.817639958844
"2078","R log & Total I log",0.76,8889771.88551938,120.827466934317
"2079","R log & Total I log",0.77,8889768.25476433,121.836779287965
"2080","R log & Total I log",0.78,8889764.61062036,122.845577186027
"2081","R log & Total I log",0.79,8889760.95313822,123.853860794555
"2082","R log & Total I log",0.8,8889757.28236849,124.861630279414
"2083","R log & Total I log",0.81,8889753.59836161,125.868885806282
"2084","R log & Total I log",0.82,8889749.90116787,126.875627540651
"2085","R log & Total I log",0.83,8889746.19083743,127.881855647828
"2086","R log & Total I log",0.84,8889742.46742027,128.887570292933
"2087","R log & Total I log",0.85,8889738.73096624,129.892771640902
"2088","R log & Total I log",0.86,8889734.98152504,130.897459856486
"2089","R log & Total I log",0.87,8889731.21914624,131.901635104251
"2090","R log & Total I log",0.88,8889727.44387923,132.905297548576
"2091","R log & Total I log",0.89,8889723.65577327,133.908447353661
"2092","R log & Total I log",0.9,8889719.8548775,134.911084683517
"2093","R log & Total I log",0.91,8889716.04124087,135.913209701974
"2094","R log & Total I log",0.92,8889712.21491222,136.914822572679
"2095","R log & Total I log",0.93,8889708.37594023,137.915923459094
"2096","R log & Total I log",0.94,8889704.52437344,138.9165125245
"2097","R log & Total I log",0.95,8889700.66026025,139.916589931996
"2098","R log & Total I log",0.96,8889696.7836489,140.916155844496
"2099","R log & Total I log",0.97,8889692.89458752,141.915210424734
"2100","R log & Total I log",0.98,8889688.99312407,142.913753835263
"2101","R log & Total I log",0.99,8889685.07930638,143.911786238454
"2102","R log & Total I log",1,8889681.15318213,144.909307796496
"2103","R log & Total I log",1.01,8889677.14798306,145.793621520411
"2104","R log & Total I log",1.02,8889671.77793992,147.437868365116
"2105","R log & Total I log",1.03,8889665.25171698,150.046947098669
"2106","R log & Total I log",1.04,8889658.13836438,153.17139951442
"2107","R log & Total I log",1.05,8889650.75983207,156.519104133411
"2108","R log & Total I log",1.06,8889643.2557794,159.954028561218
"2109","R log & Total I log",1.07,8889635.6787683,163.420448843607
"2110","R log & Total I log",1.08,8889628.04581861,166.897167314121
"2111","R log & Total I log",1.09,8889620.36113873,170.376321763188
"2112","R log & Total I log",1.1,8889612.62454573,173.855207976609
"2113","R log & Total I log",1.11,8889604.83487164,177.332813826193
"2114","R log & Total I log",1.12,8889596.99082376,180.808821216893
"2115","R log & Total I log",1.13,8889589.09134829,184.283122281107
"2116","R log & Total I log",1.14,8889581.13566856,187.755683513938
"2117","R log & Total I log",1.15,8889573.12322048,191.226490313753
"2118","R log & Total I log",1.16,8889565.05359917,194.695540165332
"2119","R log & Total I log",1.17,8889556.92662448,198.162832369938
"2120","R log & Total I log",1.18,8889548.74219336,201.62836685003
"2121","R log & Total I log",1.19,8889540.50026159,205.092143816072
"2122","R log & Total I log",1.2,8889532.20084126,208.554163635024
"2123","R log & Total I log",1.21,8889523.84399114,212.014426735704
"2124","R log & Total I log",1.22,8889515.42980655,215.47293356244
"2125","R log & Total I log",1.23,8889506.95841062,218.929684558458
"2126","R log & Total I log",1.24,8889498.4299473,222.384680162425
"2127","R log & Total I log",1.25,8889489.84457602,225.83792080909
"2128","R log & Total I log",1.26,8889481.20246764,229.289406930437
"2129","R log & Total I log",1.27,8889472.50380135,232.739138956432
"2130","R log & Total I log",1.28,8889463.74876243,236.187117315357
"2131","R log & Total I log",1.29,8889454.93752159,239.633342391232
"2132","R log & Total I log",1.3,8889446.07026312,243.077814592322
"2133","R log & Total I log",1.31,8889437.14719578,246.520534373914
"2134","R log & Total I log",1.32,8889428.16852286,249.961502173159
"2135","R log & Total I log",1.33,8889419.134447,253.400718421198
"2136","R log & Total I log",1.34,8889410.0451677,256.838183539255
"2137","R log & Total I log",1.35,8889400.90088372,260.273897944785
"2138","R log & Total I log",1.36,8889391.70179328,263.707862052603
"2139","R log & Total I log",1.37,8889382.44809431,267.140076275487
"2140","R log & Total I log",1.38,8889373.13998458,270.570541024825
"2141","R log & Total I log",1.39,8889363.77766161,273.999256710574
"2142","R log & Total I log",1.4,8889354.36132254,277.426223741121
"2143","R log & Total I log",1.41,8889344.89116412,280.851442523198
"2144","R log & Total I log",1.42,8889335.36738259,284.274913461859
"2145","R log & Total I log",1.43,8889325.79017375,287.696636960588
"2146","R log & Total I log",1.44,8889316.15973288,291.116613421165
"2147","R log & Total I log",1.45,8889306.47625469,294.53484324356
"2148","R log & Total I log",1.46,8889296.73993334,297.95132682607
"2149","R log & Total I log",1.47,8889286.95096247,301.366064565365
"2150","R log & Total I log",1.48,8889277.10953519,304.779056856497
"2151","R log & Total I log",1.49,8889267.21584405,308.190304092882
"2152","R log & Total I log",1.5,8889257.27008105,311.599806666282
"2153","R log & Total I log",1.51,8889247.27243767,315.00756496681
"2154","R log & Total I log",1.52,8889237.2231048,318.413579382925
"2155","R log & Total I log",1.53,8889227.12227279,321.81785030145
"2156","R log & Total I log",1.54,8889216.97013145,325.220378107566
"2157","R log & Total I log",1.55,8889206.76687003,328.621163184822
"2158","R log & Total I log",1.56,8889196.51267722,332.020205915133
"2159","R log & Total I log",1.57,8889186.20774119,335.417506678788
"2160","R log & Total I log",1.58,8889175.85224954,338.813065854447
"2161","R log & Total I log",1.59,8889165.44638933,342.206883819148
"2162","R log & Total I log",1.6,8889154.99034708,345.59896094831
"2163","R log & Total I log",1.61,8889144.48430876,348.989297615733
"2164","R log & Total I log",1.62,8889133.92845981,352.377894193606
"2165","R log & Total I log",1.63,8889123.32298511,355.764751052505
"2166","R log & Total I log",1.64,8889112.66806901,359.149868561401
"2167","R log & Total I log",1.65,8889101.96389535,362.533247087659
"2168","R log & Total I log",1.66,8889091.21064739,365.914886997043
"2169","R log & Total I log",1.67,8889080.40850788,369.294788653718
"2170","R log & Total I log",1.68,8889069.55765904,372.672952420256
"2171","R log & Total I log",1.69,8889058.65828255,376.049378657634
"2172","R log & Total I log",1.7,8889047.71055956,379.424067725242
"2173","R log & Total I log",1.71,8889036.71467071,382.797019980884
"2174","R log & Total I log",1.72,8889025.6707961,386.168235780781
"2175","R log & Total I log",1.73,8889014.57911529,389.537715479574
"2176","R log & Total I log",1.74,8889003.43980735,392.905459430326
"2177","R log & Total I log",1.75,8888992.2530508,396.271467984528
"2178","R log & Total I log",1.76,8888981.01902366,399.635741492101
"2179","R log & Total I log",1.77,8888969.73790342,402.998280301396
"2180","R log & Total I log",1.78,8888958.40986705,406.359084759202
"2181","R log & Total I log",1.79,8888947.03509102,409.718155210745
"2182","R log & Total I log",1.8,8888935.61375127,413.075491999694
"2183","R log & Total I log",1.81,8888924.14602323,416.43109546816
"2184","R log & Total I log",1.82,8888912.63208183,419.784965956705
"2185","R log & Total I log",1.83,8888901.07210149,423.13710380434
"2186","R log & Total I log",1.84,8888889.4662561,426.487509348529
"2187","R log & Total I log",1.85,8888877.81471906,429.836182925196
"2188","R log & Total I log",1.86,8888866.11766328,433.183124868721
"2189","R log & Total I log",1.87,8888854.37526113,436.528335511949
"2190","R log & Total I log",1.88,8888842.58768452,439.871815186192
"2191","R log & Total I log",1.89,8888830.75510481,443.213564221228
"2192","R log & Total I log",1.9,8888818.87769292,446.55358294531
"2193","R log & Total I log",1.91,8888806.95561921,449.891871685164
"2194","R log & Total I log",1.92,8888794.9890536,453.228430765996
"2195","R log & Total I log",1.93,8888782.97816547,456.56326051149
"2196","R log & Total I log",1.94,8888770.92312374,459.896361243818
"2197","R log & Total I log",1.95,8888758.82409682,463.227733283637
"2198","R log & Total I log",1.96,8888746.68125264,466.557376950094
"2199","R log & Total I log",1.97,8888734.49475863,469.885292560829
"2200","R log & Total I log",1.98,8888722.26478173,473.211480431979
"2201","R log & Total I log",1.99,8888709.99148842,476.53594087818
"2202","R log & Total I log",2,8888697.67504466,479.858674212571
"2203","R log & Total I log",2.01,8888685.38298496,483.047062398384
"2204","R log & Total I log",2.02,8888671.08878529,486.874323204628
"2205","R log & Total I log",2.03,8888653.07256577,493.268029960863
"2206","R log & Total I log",2.04,8888632.06924679,502.045851697599
"2207","R log & Total I log",2.05,8888609.28599687,512.302254942721
"2208","R log & Total I log",2.06,8888585.56259534,523.315944091369
"2209","R log & Total I log",2.07,8888561.34405271,534.675131625301
"2210","R log & Total I log",2.08,8888536.83188903,546.17914092862
"2211","R log & Total I log",2.09,8888512.10651298,557.73874026599
"2212","R log & Total I log",2.1,8888487.19535273,569.316458521883
"2213","R log & Total I log",2.11,8888462.10447831,580.897436997349
"2214","R log & Total I log",2.12,8888436.83292166,592.475827812654
"2215","R log & Total I log",2.13,8888411.37762073,604.049456583366
"2216","R log & Total I log",2.14,8888385.73549774,615.617627568332
"2217","R log & Total I log",2.15,8888359.90419835,627.180012303415
"2218","R log & Total I log",2.16,8888333.88204043,638.736506381954
"2219","R log & Total I log",2.17,8888307.66782816,650.287033244131
"2220","R log & Total I log",2.18,8888281.26080906,661.83162124108
"2221","R log & Total I log",2.19,8888254.66062079,673.370247251887
"2222","R log & Total I log",2.2,8888227.86714649,684.902912283212
"2223","R log & Total I log",2.21,8888200.88046601,696.429623265947
"2224","R log & Total I log",2.22,8888173.70082673,707.95037135981
"2225","R log & Total I log",2.23,8888146.32857496,719.465161696026
"2226","R log & Total I log",2.24,8888118.76415303,730.973988932167
"2227","R log & Total I log",2.25,8888091.00805611,742.476858094496
"2228","R log & Total I log",2.26,8888063.06083784,753.973763348529
"2229","R log & Total I log",2.27,8888034.92307551,765.464710078018
"2230","R log & Total I log",2.28,8888006.59538402,776.94969222846
"2231","R log & Total I log",2.29,8887978.07838563,788.42871524118
"2232","R log & Total I log",2.3,8887949.37272816,799.901772979676
"2233","R log & Total I log",2.31,8887920.47905769,811.368870884322
"2234","R log & Total I log",2.32,8887891.39803905,822.830002765929
"2235","R log & Total I log",2.33,8887862.1303301,834.285174044401
"2236","R log & Total I log",2.34,8887832.67660361,845.734378489417
"2237","R log & Total I log",2.35,8887803.0375225,857.177621491943
"2238","R log & Total I log",2.36,8887773.21376236,868.614896785845
"2239","R log & Total I log",2.37,8887743.20598732,880.046209729191
"2240","R log & Total I log",2.38,8887713.01487293,891.47155402262
"2241","R log & Total I log",2.39,8887682.64108233,902.890934989472
"2242","R log & Total I log",2.4,8887652.08528943,914.304346298428
"2243","R log & Total I log",2.41,8887621.34815518,925.711793237299
"2244","R log & Total I log",2.42,8887590.4303509,937.113269443464
"2245","R log & Total I log",2.43,8887559.33253471,948.508780168895
"2246","R log & Total I log",2.44,8887528.05537485,959.898319020046
"2247","R log & Total I log",2.45,8887496.59952617,971.281891212975
"2248","R log & Total I log",2.46,8887464.96565357,982.659490323462
"2249","R log & Total I log",2.47,8887433.15440848,994.031121531684
"2250","R log & Total I log",2.48,8887401.16645229,1005.39677838294
"2251","R log & Total I log",2.49,8887369.00243287,1016.75646602161
"2252","R log & Total I log",2.5,8887336.66300805,1028.11017796269
"2253","R log & Total I log",2.51,8887304.14882211,1039.45791931489
"2254","R log & Total I log",2.52,8887271.46052926,1050.79968356302
"2255","R log & Total I log",2.53,8887238.59877018,1062.13547578025
"2256","R log & Total I log",2.54,8887205.56419545,1073.46528942137
"2257","R log & Total I log",2.55,8887172.35744215,1084.78912952437
"2258","R log & Total I log",2.56,8887138.97915725,1096.10698951374
"2259","R log & Total I log",2.57,8887105.42997422,1107.41887439217
"2260","R log & Total I log",2.58,8887071.71053644,1118.72477755516
"2261","R log & Total I log",2.59,8887037.82147378,1130.02470396949
"2262","R log & Total I log",2.6,8887003.76342603,1141.31864700153
"2263","R log & Total I log",2.61,8886969.5370195,1152.60661158284
"2264","R log & Total I log",2.62,8886935.14289043,1163.88859105049
"2265","R log & Total I log",2.63,8886900.58166157,1175.16459030111
"2266","R log & Total I log",2.64,8886865.85396558,1186.43460264255
"2267","R log & Total I log",2.65,8886830.96042172,1197.69863293667
"2268","R log & Total I log",2.66,8886795.90165913,1208.95667446223
"2269","R log & Total I log",2.67,8886760.67829353,1220.2087320465
"2270","R log & Total I log",2.68,8886725.29095056,1231.45479893926
"2271","R log & Total I log",2.69,8886689.74024246,1242.69487993334
"2272","R log & Total I log",2.7,8886654.02679139,1253.92896824968
"2273","R log & Total I log",2.71,8886618.15120612,1265.15706864684
"2274","R log & Total I log",2.72,8886582.11410535,1276.37917431703
"2275","R log & Total I log",2.73,8886545.91609439,1287.59528998469
"2276","R log & Total I log",2.74,8886509.5577885,1298.80540881346
"2277","R log & Total I log",2.75,8886473.03978958,1310.00953549378
"2278","R log & Total I log",2.76,8886436.36270945,1321.20766316088
"2279","R log & Total I log",2.77,8886399.52714662,1332.39979647134
"2280","R log & Total I log",2.78,8886362.53370951,1343.58592853213
"2281","R log & Total I log",2.79,8886325.38299323,1354.76606396611
"2282","R log & Total I log",2.8,8886288.07560282,1365.94019585191
"2283","R log & Total I log",2.81,8886250.61213004,1377.10832877933
"2284","R log & Total I log",2.82,8886212.99317658,1388.27045579892
"2285","R log & Total I log",2.83,8886175.21933083,1399.4265814663
"2286","R log & Total I log",2.84,8886137.29119115,1410.57669880512
"2287","R log & Total I log",2.85,8886099.20934261,1421.72081233711
"2288","R log & Total I log",2.86,8886060.97438025,1432.85891505856
"2289","R log & Total I log",2.87,8886022.58688585,1443.99101145786
"2290","R log & Total I log",2.88,8885984.04745113,1455.11709450389
"2291","R log & Total I log",2.89,8885945.35665458,1466.23716865193
"2292","R log & Total I log",2.9,8885906.51508468,1477.35122684353
"2293","R log & Total I log",2.91,8885867.52331663,1488.45927350105
"2294","R log & Total I log",2.92,8885828.38193564,1499.56130153882
"2295","R log & Total I log",2.93,8885789.0915137,1510.65731534645
"2296","R log & Total I log",2.94,8885749.65263276,1521.74730781121
"2297","R log & Total I log",2.95,8885710.06586158,1532.83128329005
"2298","R log & Total I log",2.96,8885670.33177891,1543.90923464335
"2299","R log & Total I log",2.97,8885630.4509503,1554.98116619556
"2300","R log & Total I log",2.98,8885590.42395128,1566.04707078028
"2301","R log & Total I log",2.99,8885550.25134424,1577.10695268963
"2302","R log & Total I log",3,8885509.93370153,1588.16080473057
"2303","R log & Total I log",3.01,8885469.61662122,1599.12926757449
"2304","R log & Total I log",3.02,8885427.1055706,1610.23157746915
"2305","R log & Total I log",3.03,8885376.31485892,1625.88405753645
"2306","R log & Total I log",3.04,8885315.15325733,1648.89922217836
"2307","R log & Total I log",3.05,8885245.62463603,1678.43164507598
"2308","R log & Total I log",3.06,8885170.67611568,1712.31023364483
"2309","R log & Total I log",3.07,8885092.5766165,1748.64459985003
"2310","R log & Total I log",3.08,8885012.68333775,1786.21839959599
"2311","R log & Total I log",3.09,8884931.68992002,1824.36705641375
"2312","R log & Total I log",3.1,8884849.91278304,1862.75998455091
"2313","R log & Total I log",3.11,8884767.47717719,1901.2459729647
"2314","R log & Total I log",3.12,8884684.42492972,1939.7576156266
"2315","R log & Total I log",3.13,8884600.76270307,1978.26702862587
"2316","R log & Total I log",3.14,8884516.48529291,2016.76287723078
"2317","R log & Total I log",3.15,8884431.58507506,2055.2407198779
"2318","R log & Total I log",3.16,8884346.05641799,2093.69773349497
"2319","R log & Total I log",3.17,8884259.89146041,2132.13541590345
"2320","R log & Total I log",3.18,8884173.0880992,2170.5521345339
"2321","R log & Total I log",3.19,8884085.64408198,2208.94777538017
"2322","R log & Total I log",3.2,8883997.55795942,2247.32249113448
"2323","R log & Total I log",3.21,8883908.82968437,2285.67615529275
"2324","R log & Total I log",3.22,8883819.45941227,2324.00884382951
"2325","R log & Total I log",3.23,8883729.44814326,2362.3204665758
"2326","R log & Total I log",3.24,8883638.79721987,2400.61096893272
"2327","R log & Total I log",3.25,8883547.5080146,2438.88040247968
"2328","R log & Total I log",3.26,8883455.58226487,2477.12873260022
"2329","R log & Total I log",3.27,8883363.02188299,2515.35592829915
"2330","R log & Total I log",3.28,8883269.82886863,2553.561971655
"2331","R log & Total I log",3.29,8883176.00531023,2591.74684295664
"2332","R log & Total I log",3.3,8883081.55335861,2629.91052138516
"2333","R log & Total I log",3.31,8882986.47521065,2668.05298630387
"2334","R log & Total I log",3.32,8882890.77309655,2706.17421700581
"2335","R log & Total I log",3.33,8882794.44926864,2744.27419209425
"2336","R log & Total I log",3.34,8882697.5059973,2782.35289076077
"2337","R log & Total I log",3.35,8882599.94556216,2820.41029128691
"2338","R log & Total I log",3.36,8882501.77024729,2858.44637211644
"2339","R log & Total I log",3.37,8882402.98234211,2896.46111238031
"2340","R log & Total I log",3.38,8882303.58413716,2934.45449031725
"2341","R log & Total I log",3.39,8882203.5779253,2972.42648319419
"2342","R log & Total I log",3.4,8882102.9659944,3010.37706863198
"2343","R log & Total I log",3.41,8882001.75063108,3048.30622397
"2344","R log & Total I log",3.42,8881899.93411558,3086.21392697701
"2345","R log & Total I log",3.43,8881797.51872666,3124.10015468327
"2346","R log & Total I log",3.44,8881694.5067363,3161.96488431276
"2347","R log & Total I log",3.45,8881590.90041425,3199.80809239027
"2348","R log & Total I log",3.46,8881486.70202268,3237.62975576452
"2349","R log & Total I log",3.47,8881381.91382106,3275.42985063053
"2350","R log & Total I log",3.48,8881276.53806097,3313.20835347647
"2351","R log & Total I log",3.49,8881170.57699117,3350.96524009598
"2352","R log & Total I log",3.5,8881064.03285247,3388.70048656116
"2353","R log & Total I log",3.51,8880956.90788271,3426.41406824987
"2354","R log & Total I log",3.52,8880849.20431177,3464.10596081599
"2355","R log & Total I log",3.53,8880740.92436651,3501.77613920781
"2356","R log & Total I log",3.54,8880632.07026654,3539.4245781657
"2357","R log & Total I log",3.55,8880522.64422638,3577.05125307297
"2358","R log & Total I log",3.56,8880412.64845499,3614.65613805999
"2359","R log & Total I log",3.57,8880302.0851565,3652.23920771364
"2360","R log & Total I log",3.58,8880190.95652917,3689.80043552502
"2361","R log & Total I log",3.59,8880079.26476627,3727.3397955897
"2362","R log & Total I log",3.6,8879967.01205525,3764.85726093406
"2363","R log & Total I log",3.61,8879854.20057866,3802.35280512478
"2364","R log & Total I log",3.62,8879740.83251339,3839.82640058508
"2365","R log & Total I log",3.63,8879626.91003153,3877.27802023461
"2366","R log & Total I log",3.64,8879512.43529956,3914.70763583266
"2367","R log & Total I log",3.65,8879397.41047923,3952.11521961695
"2368","R log & Total I log",3.66,8879281.83772676,3989.50074263658
"2369","R log & Total I log",3.67,8879165.71919375,4026.86417638138
"2370","R log & Total I log",3.68,8879049.05702635,4064.20549111567
"2371","R log & Total I log",3.69,8878931.85336621,4101.52465750766
"2372","R log & Total I log",3.7,8878814.11034961,4138.82164496443
"2373","R log & Total I log",3.71,8878695.83010841,4176.09642325791
"2374","R log & Total I log",3.72,8878577.01476923,4213.34896085942
"2375","R log & Total I log",3.73,8878457.66645438,4250.57922656287
"2376","R log & Total I log",3.74,8878337.78728103,4287.78718782002
"2377","R log & Total I log",3.75,8878217.37936213,4324.97281236134
"2378","R log & Total I log",3.76,8878096.44480563,4362.13606653197
"2379","R log & Total I log",3.77,8877974.98571535,4399.27691691021
"2380","R log & Total I log",3.78,8877853.00419024,4436.39532864443
"2381","R log & Total I log",3.79,8877730.50232524,4473.49126706958
"2382","R log & Total I log",3.8,8877607.48221015,4510.56469582498
"2383","R log & Total I log",3.81,8877483.94593131,4547.61557932967
"2384","R log & Total I log",3.82,8877359.89557078,4584.6438797067
"2385","R log & Total I log",3.83,8877235.33320629,4621.6495598519
"2386","R log & Total I log",3.84,8877110.26091132,4658.63258041982
"2387","R log & Total I log",3.85,8876984.68075537,4695.59290280608
"2388","R log & Total I log",3.86,8876858.59480387,4732.53048610365
"2389","R log & Total I log",3.87,8876732.00511842,4769.44529009256
"2390","R log & Total I log",3.88,8876604.91375666,4806.33727220832
"2391","R log & Total I log",3.89,8876477.32277247,4843.20639053066
"2392","R log & Total I log",3.9,8876349.23421592,4880.05260075298
"2393","R log & Total I log",3.91,8876220.65013344,4916.875859169
"2394","R log & Total I log",3.92,8876091.57256776,4953.67611964604
"2395","R log & Total I log",3.93,8875962.00355807,4990.45333661093
"2396","R log & Total I log",3.94,8875831.94513951,5027.2074621207
"2397","R log & Total I log",3.95,8875701.39934494,5063.9384483623
"2398","R log & Total I log",3.96,8875570.3682027,5100.64624560915
"2399","R log & Total I log",3.97,8875438.85373878,5137.33080408352
"2400","R log & Total I log",3.98,8875306.85797475,5173.99207201808
"2401","R log & Total I log",3.99,8875174.38293,5210.62999754529
"2402","R log & Total I log",4,8875041.43061967,5247.244526777
"2403","R log & Total I log",4.01,8874908.15387826,5283.82583400692
"2404","R log & Total I log",4.02,8874772.87250189,5319.91892514403
"2405","R log & Total I log",4.03,8874623.36737794,5361.82974239518
"2406","R log & Total I log",4.04,8874446.48312107,5420.69955947081
"2407","R log & Total I log",4.05,8874239.64354013,5501.04482434387
"2408","R log & Total I log",4.06,8874008.47722341,5600.02328085737
"2409","R log & Total I log",4.07,8873760.71226492,5711.9750704542
"2410","R log & Total I log",4.08,8873502.66097904,5831.73508935118
"2411","R log & Total I log",4.09,8873238.40787903,5955.7225375699
"2412","R log & Total I log",4.1,8872970.2381879,6081.8061377006
"2413","R log & Total I log",4.11,8872699.28480241,6208.84630263708
"2414","R log & Total I log",4.12,8872426.06399994,6336.2677723241
"2415","R log & Total I log",4.13,8872150.77310096,6463.80120593964
"2416","R log & Total I log",4.14,8871873.47222087,6591.32381670871
"2417","R log & Total I log",4.15,8871594.16847835,6718.7791750621
"2418","R log & Total I log",4.16,8871312.84904421,6846.14305004987
"2419","R log & Total I log",4.17,8871029.50060358,6973.40324185491
"2420","R log & Total I log",4.18,8870744.11274461,7100.55219145849
"2421","R log & Total I log",4.19,8870456.6789901,7227.5860768694
"2422","R log & Total I log",4.2,8870167.19811325,7354.50083625959
"2423","R log & Total I log",4.21,8869875.67266684,7481.29223292371
"2424","R log & Total I log",4.22,8869582.10752362,7607.95694502738
"2425","R log & Total I log",4.23,8869286.51025788,7734.49107957842
"2426","R log & Total I log",4.24,8868988.89000409,7860.89101825228
"2427","R log & Total I log",4.25,8868689.25744975,7987.15268851469
"2428","R log & Total I log",4.26,8868387.62401251,8113.27255201047
"2429","R log & Total I log",4.27,8868084.00221906,8239.24653303583
"2430","R log & Total I log",4.28,8867778.4051407,8365.07063680679
"2431","R log & Total I log",4.29,8867470.84638421,8490.74088647374
"2432","R log & Total I log",4.3,8867161.33973878,8616.25335042538
"2433","R log & Total I log",4.31,8866849.89935908,8741.60404546134
"2434","R log & Total I log",4.32,8866536.53960121,8866.78898446603
"2435","R log & Total I log",4.33,8866221.27499366,8991.8041914839
"2436","R log & Total I log",4.34,8865904.12018345,9116.64570762792
"2437","R log & Total I log",4.35,8865585.08991332,9241.30959874855
"2438","R log & Total I log",4.36,8865264.19899078,9365.79196551152
"2439","R log & Total I log",4.37,8864941.46225478,9490.08894793002
"2440","R log & Total I log",4.38,8864616.8945565,9614.19672875155
"2441","R log & Total I log",4.39,8864290.51075021,9738.11153607583
"2442","R log & Total I log",4.4,8863962.32568154,9861.82964897972
"2443","R log & Total I log",4.41,8863632.35417838,9985.34740302555
"2444","R log & Total I log",4.42,8863300.61103909,10108.6611950742
"2445","R log & Total I log",4.43,8862967.11102642,10231.767485671
"2446","R log & Total I log",4.44,8862631.86885898,10354.662801643
"2447","R log & Total I log",4.45,8862294.89920699,10477.343738249
"2448","R log & Total I log",4.46,8861956.21668475,10599.8069621682
"2449","R log & Total I log",4.47,8861615.8358476,10722.0492133659
"2450","R log & Total I log",4.48,8861273.77118586,10844.0673071293
"2451","R log & Total I log",4.49,8860930.03712306,10965.8581349859
"2452","R log & Total I log",4.5,8860584.64801123,11087.4186659281
"2453","R log & Total I log",4.51,8860237.61812831,11208.7459477716
"2454","R log & Total I log",4.52,8859888.96167547,11329.8371071273
"2455","R log & Total I log",4.53,8859538.6927752,11450.6893504302
"2456","R log & Total I log",4.54,8859186.82546911,11571.2999635991
"2457","R log & Total I log",4.55,8858833.37371628,11691.6663126728
"2458","R log & Total I log",4.56,8858478.35139135,11811.7858433077
"2459","R log & Total I log",4.57,8858121.7722837,11931.6560810205
"2460","R log & Total I log",4.58,8857763.65009614,12051.2746301207
"2461","R log & Total I log",4.59,8857403.99844443,12170.6391736364
"2462","R log & Total I log",4.6,8857042.83085612,12289.7474722052
"2463","R log & Total I log",4.61,8856680.16077027,12408.5973638993
"2464","R log & Total I log",4.62,8856316.00153679,12527.1867628332
"2465","R log & Total I log",4.63,8855950.3664165,12645.5136586758
"2466","R log & Total I log",4.64,8855583.2685807,12763.5761150736
"2467","R log & Total I log",4.65,8855214.72111151,12881.3722690682
"2468","R log & Total I log",4.66,8854844.73700157,12998.9003294254
"2469","R log & Total I log",4.67,8854473.32915454,13116.15857592
"2470","R log & Total I log",4.68,8854100.51038513,13233.1453575399
"2471","R log & Total I log",4.69,8853726.2934197,13349.8590916725
"2472","R log & Total I log",4.7,8853350.69089642,13466.2982622418
"2473","R log & Total I log",4.71,8852973.71536607,13582.4614188413
"2474","R log & Total I log",4.72,8852595.37929229,13698.347174805
"2475","R log & Total I log",4.73,8852215.69505246,13813.9542062975
"2476","R log & Total I log",4.74,8851834.67493815,13929.2812503534
"2477","R log & Total I log",4.75,8851452.33115604,14044.3271039383
"2478","R log & Total I log",4.76,8851068.6758284,14159.0906219737
"2479","R log & Total I log",4.77,8850683.72099419,14273.5707163849
"2480","R log & Total I log",4.78,8850297.47860954,14387.7663541251
"2481","R log & Total I log",4.79,8849909.96054891,14501.676556224
"2482","R log & Total I log",4.8,8849521.17860555,14615.3003958421
"2483","R log & Total I log",4.81,8849131.14449292,14728.6369973779
"2484","R log & Total I log",4.82,8848739.86984527,14841.6855342132
"2485","R log & Total I log",4.83,8848347.36621867,14954.4452281182
"2486","R log & Total I log",4.84,8847953.64509151,15066.9153473084
"2487","R log & Total I log",4.85,8847558.71786589,15179.0952056922
"2488","R log & Total I log",4.86,8847162.5958683,15290.9841606846
"2489","R log & Total I log",4.87,8846765.29035098,15402.5816124858
"2490","R log & Total I log",4.88,8846366.81249241,15513.8870021133
"2491","R log & Total I log",4.89,8845967.17339862,15624.8998108133
"2492","R log & Total I log",4.9,8845566.3841037,15735.6195580988
"2493","R log & Total I log",4.91,8845164.45557121,15846.045801134
"2494","R log & Total I log",4.92,8844761.39869471,15956.1781328077
"2495","R log & Total I log",4.93,8844357.22429904,16066.0161811852
"2496","R log & Total I log",4.94,8843951.94314089,16175.5596076623
"2497","R log & Total I log",4.95,8843545.56591012,16284.8081064941
"2498","R log & Total I log",4.96,8843138.10323034,16393.761402842
"2499","R log & Total I log",4.97,8842729.56566014,16502.4192524234
"2500","R log & Total I log",4.98,8842319.9636935,16610.7814397626
"2501","R log & Total I log",4.99,8841909.30776112,16718.8477778651
"2502","R log & Total I log",5,8841497.60823089,16826.6181064068
"2503","R log & Total I log",5.01,8841084.97829977,16934.1208376
"2504","R log & Total I log",5.02,8840670.7665889,17040.5539095095
"2505","R log & Total I log",5.03,8840238.84095494,17151.4505542245
"2506","R log & Total I log",5.04,8839755.17907456,17289.5592780524
"2507","R log & Total I log",5.05,8839195.24863168,17477.4233067839
"2508","R log & Total I log",5.06,8838557.98151629,17721.1485045112
"2509","R log & Total I log",5.07,8837858.57971208,18012.1545885207
"2510","R log & Total I log",5.08,8837116.47325202,18336.1825499843
"2511","R log & Total I log",5.09,8836347.97810709,18680.0310215642
"2512","R log & Total I log",5.1,8835564.2003059,19034.1209668279
"2513","R log & Total I log",5.11,8834771.74097054,19392.4290374912
"2514","R log & Total I log",5.12,8833974.11721771,19751.5413746627
"2515","R log & Total I log",5.13,8833173.03398923,20109.6618555451
"2516","R log & Total I log",5.14,8832369.2287811,20465.9074450308
"2517","R log & Total I log",5.15,8831562.98024637,20819.8664048549
"2518","R log & Total I log",5.16,8830754.36863186,21171.3535364006
"2519","R log & Total I log",5.17,8829943.39291957,21520.299024062
"2520","R log & Total I log",5.18,8829130.03405079,21866.6805216343
"2521","R log & Total I log",5.19,8828314.27203904,22210.4996431593
"2522","R log & Total I log",5.2,8827496.09732278,22551.7673965587
"2523","R log & Total I log",5.21,8826675.51252336,22890.4979068649
"2524","R log & Total I log",5.22,8825852.52555085,23226.7069338151
"2525","R log & Total I log",5.23,8825027.15557398,23560.411883668
"2526","R log & Total I log",5.24,8824199.42626586,23891.6303485498
"2527","R log & Total I log",5.25,8823369.36338696,24220.3797553276
"2528","R log & Total I log",5.26,8822536.99667985,24546.6781174727
"2529","R log & Total I log",5.27,8821702.35842138,24870.5431907975
"2530","R log & Total I log",5.28,8820865.48236786,25191.9926204405
"2531","R log & Total I log",5.29,8820026.40319763,25511.0442094218
"2532","R log & Total I log",5.3,8819185.15644202,25827.7156179734
"2533","R log & Total I log",5.31,8818341.77808635,26142.0243738271
"2534","R log & Total I log",5.32,8817496.30437736,26453.9879319768
"2535","R log & Total I log",5.33,8816648.77167408,26763.62364088
"2536","R log & Total I log",5.34,8815799.21636111,27070.9487141815
"2537","R log & Total I log",5.35,8814947.67474929,27375.9802577219
"2538","R log & Total I log",5.36,8814094.18300014,27678.735244581
"2539","R log & Total I log",5.37,8813238.77711106,27979.2305471261
"2540","R log & Total I log",5.38,8812381.49282559,28277.4828954125
"2541","R log & Total I log",5.39,8811522.36570766,28573.5089283751
"2542","R log & Total I log",5.4,8810661.43098357,28867.3251225629
"2543","R log & Total I log",5.41,8809798.72366942,29158.9478650456
"2544","R log & Total I log",5.42,8808934.27852616,29448.3934380555
"2545","R log & Total I log",5.43,8808068.12999654,29735.6779960419
"2546","R log & Total I log",5.44,8807200.31221164,30020.8175709653
"2547","R log & Total I log",5.45,8806330.85901236,30303.8280834599
"2548","R log & Total I log",5.46,8805459.80395507,30584.7253472578
"2549","R log & Total I log",5.47,8804587.18030656,30863.5250694782
"2550","R log & Total I log",5.48,8803713.02103907,31140.2428500679
"2551","R log & Total I log",5.49,8802837.35882984,31414.8941825621
"2552","R log & Total I log",5.5,8801960.22606327,31687.4944551511
"2553","R log & Total I log",5.51,8801081.65483328,31958.0589521827
"2554","R log & Total I log",5.52,8800201.67694522,32226.6028551641
"2555","R log & Total I log",5.53,8799320.32391764,32493.1412437178
"2556","R log & Total I log",5.54,8798437.62698443,32757.6890961236
"2557","R log & Total I log",5.55,8797553.6170976,33020.261289777
"2558","R log & Total I log",5.56,8796668.32492934,33280.8726016451
"2559","R log & Total I log",5.57,8795781.78087463,33539.5377088323
"2560","R log & Total I log",5.58,8794894.01505374,33796.2711888299
"2561","R log & Total I log",5.59,8794005.05731547,34051.0875194216
"2562","R log & Total I log",5.6,8793114.93724,34304.0010785477
"2563","R log & Total I log",5.61,8792223.68414152,34555.0261445697
"2564","R log & Total I log",5.62,8791331.3270709,34804.176896324
"2565","R log & Total I log",5.63,8790437.89481875,35051.4674130595
"2566","R log & Total I log",5.64,8789543.41591849,35296.9116739674
"2567","R log & Total I log",5.65,8788647.91864945,35540.5235580078
"2568","R log & Total I log",5.66,8787751.43103968,35782.3168436704
"2569","R log & Total I log",5.67,8786853.98086886,36022.3052088768
"2570","R log & Total I log",5.68,8785955.59567137,36260.5022305306
"2571","R log & Total I log",5.69,8785056.30273933,36496.9213842332
"2572","R log & Total I log",5.7,8784156.1291256,36731.5760438673
"2573","R log & Total I log",5.71,8783255.10164667,36964.4794814207
"2574","R log & Total I log",5.72,8782353.24688558,37195.644866573
"2575","R log & Total I log",5.73,8781450.59119493,37425.0852664548
"2576","R log & Total I log",5.74,8780547.16069975,37652.8136452255
"2577","R log & Total I log",5.75,8779642.9813004,37878.842863894
"2578","R log & Total I log",5.76,8778738.07867539,38103.1856799537
"2579","R log & Total I log",5.77,8777832.47828422,38325.8547472262
"2580","R log & Total I log",5.78,8776926.20537016,38546.8626155189
"2581","R log & Total I log",5.79,8776019.284963,38766.2217305215
"2582","R log & Total I log",5.8,8775111.7418817,38983.9444335101
"2583","R log & Total I log",5.81,8774203.60073716,39200.0429614118
"2584","R log & Total I log",5.82,8773294.88593496,39414.5294464055
"2585","R log & Total I log",5.83,8772385.62167825,39627.415915842
"2586","R log & Total I log",5.84,8771475.83196943,39838.7142922237
"2587","R log & Total I log",5.85,8770565.54061275,40048.4363936157
"2588","R log & Total I log",5.86,8769654.7712172,40256.5939333122
"2589","R log & Total I log",5.87,8768743.54719905,40463.1985199045
"2590","R log & Total I log",5.88,8767831.89178427,40668.2616570569
"2591","R log & Total I log",5.89,8766919.82801059,40871.7947439623
"2592","R log & Total I log",5.9,8766007.37872981,41073.8090753378
"2593","R log & Total I log",5.91,8765094.56661008,41274.3158418348
"2594","R log & Total I log",5.92,8764181.41413811,41473.3261299559
"2595","R log & Total I log",5.93,8763267.94362142,41670.8509225219
"2596","R log & Total I log",5.94,8762354.17719035,41866.9010987237
"2597","R log & Total I log",5.95,8761440.13680013,42061.4874347479
"2598","R log & Total I log",5.96,8760525.84423302,42254.6206037852
"2599","R log & Total I log",5.97,8759611.3211003,42446.3111766
"2600","R log & Total I log",5.98,8758696.58884415,42636.569621712
"2601","R log & Total I log",5.99,8757781.66873947,42825.4063061955
"2602","R log & Total I log",6,8756866.58189577,43012.8314959051
"2603","R log & Total I log",6.01,8755951.3865164,43198.8890199164
"2604","R log & Total I log",6.02,8755036.20994623,43382.9566115756
"2605","R log & Total I log",6.03,8754110.42634026,43565.6399391955
"2606","R log & Total I log",6.04,8753134.16125818,43766.9447025412
"2607","R log & Total I log",6.05,8752056.46130084,44024.412157979
"2608","R log & Total I log",6.06,8750849.40803996,44366.3447560491
"2609","R log & Total I log",6.07,8749518.47032204,44796.6082974922
"2610","R log & Total I log",6.08,8748090.50973755,45299.4582625445
"2611","R log & Total I log",6.09,8746597.58462731,45851.6656866707
"2612","R log & Total I log",6.1,8745066.82770327,46431.6870995545
"2613","R log & Total I log",6.11,8743517.25030592,47023.4687218767
"2614","R log & Total I log",6.12,8741960.5137348,47616.6299652176
"2615","R log & Total I log",6.13,8740403.04201279,48205.1317283596
"2616","R log & Total I log",6.14,8738848.01833618,48785.7710894491
"2617","R log & Total I log",6.15,8737296.80892664,49357.0267470179
"2618","R log & Total I log",6.16,8735749.8821833,49918.2691019615
"2619","R log & Total I log",6.17,8734207.26652283,50469.3470989464
"2620","R log & Total I log",6.18,8732668.84392934,51010.312961258
"2621","R log & Total I log",6.19,8731134.43104137,51541.3315895655
"2622","R log & Total I log",6.2,8729603.84372124,52062.6112654655
"2623","R log & Total I log",6.21,8728076.91463466,52574.3763484023
"2624","R log & Total I log",6.22,8726553.50868654,53076.8437679389
"2625","R log & Total I log",6.23,8725033.50640206,53570.2328212749
"2626","R log & Total I log",6.24,8723516.80676755,54054.7563869339
"2627","R log & Total I log",6.25,8722003.32984954,54530.6187821075
"2628","R log & Total I log",6.26,8720493.00325928,54998.0198625976
"2629","R log & Total I log",6.27,8718985.76647625,55457.1528710697
"2630","R log & Total I log",6.28,8717481.56861606,55908.2041689519
"2631","R log & Total I log",6.29,8715980.36569298,56351.3540795169
"2632","R log & Total I log",6.3,8714482.11916223,56786.777861673
"2633","R log & Total I log",6.31,8712986.79707361,57214.6437398993
"2634","R log & Total I log",6.32,8711494.37104279,57635.1154940348
"2635","R log & Total I log",6.33,8710004.81634873,58048.3520963857
"2636","R log & Total I log",6.34,8708518.11197272,58454.5073105541
"2637","R log & Total I log",6.35,8707034.23987008,58853.7303290857
"2638","R log & Total I log",6.36,8705553.18485062,59246.1656273621
"2639","R log & Total I log",6.37,8704074.9344162,59631.952898304
"2640","R log & Total I log",6.38,8702599.478222,60011.2276667934
"2641","R log & Total I log",6.39,8701126.8078371,60384.1215501843
"2642","R log & Total I log",6.4,8699656.91658281,60750.7624215519
"2643","R log & Total I log",6.41,8698189.79943933,61111.2744823771
"2644","R log & Total I log",6.42,8696725.45292756,61465.7783707453
"2645","R log & Total I log",6.43,8695263.8749869,61814.3912867766
"2646","R log & Total I log",6.44,8693805.06485234,62157.2271326997
"2647","R log & Total I log",6.45,8692349.02294371,62494.3966495002
"2648","R log & Total I log",6.46,8690895.75077008,62826.0075412507
"2649","R log & Total I log",6.47,8689445.25084704,63152.1645863832
"2650","R log & Total I log",6.48,8687997.52662026,63472.9697419184
"2651","R log & Total I log",6.49,8686552.58239213,63788.5222457507
"2652","R log & Total I log",6.5,8685110.4232554,64098.9187112832
"2653","R log & Total I log",6.51,8683671.05502828,64404.2532231486
"2654","R log & Total I log",6.52,8682234.48418538,64704.6174423672
"2655","R log & Total I log",6.53,8680800.71780756,65000.1006860017
"2656","R log & Total I log",6.54,8679369.76353911,65290.789996447
"2657","R log & Total I log",6.55,8677941.62954128,65576.7702174502
"2658","R log & Total I log",6.56,8676516.32444431,65858.124073819
"2659","R log & Total I log",6.57,8675093.85730416,66134.9322457567
"2660","R log & Total I log",6.58,8673674.23756476,66407.2734355246
"2661","R log & Total I log",6.59,8672257.47502354,66675.224430288
"2662","R log & Total I log",6.6,8670843.57979835,66938.8601634604
"2663","R log & Total I log",6.61,8669432.56229592,67198.2537746047
"2664","R log & Total I log",6.62,8668024.43318222,67453.4766667589
"2665","R log & Total I log",6.63,8666619.20335503,67704.5985610565
"2666","R log & Total I log",6.64,8665216.88391873,67951.6875485414
"2667","R log & Total I log",6.65,8663817.48616094,68194.8101398977
"2668","R log & Total I log",6.66,8662421.02153031,68434.0313133663
"2669","R log & Total I log",6.67,8661027.50161554,68669.4145611695
"2670","R log & Total I log",6.68,8659636.93812591,68901.0219338973
"2671","R log & Total I log",6.69,8658249.34287328,69128.9140829932
"2672","R log & Total I log",6.7,8656864.72775544,69353.1503014247
"2673","R log & Total I log",6.71,8655483.10474026,69573.7885631241
"2674","R log & Total I log",6.72,8654104.48585091,69790.8855609496
"2675","R log & Total I log",6.73,8652728.88315202,70004.496743257
"2676","R log & Total I log",6.74,8651356.308737,70214.6763488865
"2677","R log & Total I log",6.75,8649986.77471611,70421.4774410282
"2678","R log & Total I log",6.76,8648620.29320525,70624.9519398426
"2679","R log & Total I log",6.77,8647256.87631551,70825.1506540524
"2680","R log & Total I log",6.78,8645896.53614351,71022.1233112427
"2681","R log & Total I log",6.79,8644539.28476235,71215.9185872079
"2682","R log & Total I log",6.8,8643185.1342132,71406.5841341734
"2683","R log & Total I log",6.81,8641834.09649739,71594.1666083375
"2684","R log & Total I log",6.82,8640486.18356919,71778.7116962174
"2685","R log & Total I log",6.83,8639141.40732919,71960.2641400749
"2686","R log & Total I log",6.84,8637799.77961791,72138.867762418
"2687","R log & Total I log",6.85,8636461.31220963,72314.5654902399
"2688","R log & Total I log",6.86,8635126.01680672,72487.3993783657
"2689","R log & Total I log",6.87,8633793.90503486,72657.4106318398
"2690","R log & Total I log",6.88,8632464.98843866,72824.6396271496
"2691","R log & Total I log",6.89,8631139.27847734,72989.1259331715
"2692","R log & Total I log",6.9,8629816.78652044,73150.9083316376
"2693","R log & Total I log",6.91,8628497.52384391,73310.0248371419
"2694","R log & Total I log",6.92,8627181.50162679,73466.5127160924
"2695","R log & Total I log",6.93,8625868.7309482,73620.4085051648
"2696","R log & Total I log",6.94,8624559.22278441,73771.7480291428
"2697","R log & Total I log",6.95,8623252.98800598,73920.5664185929
"2698","R log & Total I log",6.96,8621950.03737532,74066.8981267483
"2699","R log & Total I log",6.97,8620650.38154451,74210.7769459085
"2700","R log & Total I log",6.98,8619354.0310533,74352.2360231602
"2701","R log & Total I log",6.99,8618060.99632709,74491.3078760272
"2702","R log & Total I log",7,8616771.28767509,74628.0244075632
"2703","R log & Total I log",7.01,8615484.92441,74762.4630215045
"2704","R log & Total I log",7.02,8614202.07864461,74894.2760293356
"2705","R log & Total I log",7.03,8612919.13271379,75017.2242641545
"2706","R log & Total I log",7.04,8611612.11622302,75128.2219572534
"2707","R log & Total I log",7.05,8610233.12817482,75247.823679713
"2708","R log & Total I log",7.06,8608735.71444555,75412.3593147386
"2709","R log & Total I log",7.07,8607100.3504601,75649.3738781725
"2710","R log & Total I log",7.08,8605338.40492826,75964.6755709606
"2711","R log & Total I log",7.09,8603479.99511586,76345.7788641506
"2712","R log & Total I log",7.1,8601559.44653528,76772.0393258338
"2713","R log & Total I log",7.11,8599606.02933174,77223.0972241149
"2714","R log & Total I log",7.12,8597640.74573863,77683.0131717589
"2715","R log & Total I log",7.13,8595676.87241325,78141.0574893993
"2716","R log & Total I log",7.14,8593721.94603369,78590.7876817887
"2717","R log & Total I log",7.15,8591779.77445568,79028.7640712817
"2718","R log & Total I log",7.16,8589852.03496659,79453.3812333563
"2719","R log & Total I log",7.17,8587939.17036894,79864.126301861
"2720","R log & Total I log",7.18,8586041.13956546,80261.0032511044
"2721","R log & Total I log",7.19,8584157.60784614,80644.315555239
"2722","R log & Total I log",7.2,8582288.19510315,81014.4567501194
"2723","R log & Total I log",7.21,8580432.47740418,81371.8980172367
"2724","R log & Total I log",7.22,8578590.06931053,81717.1004941822
"2725","R log & Total I log",7.23,8576760.61189518,82050.5175843287
"2726","R log & Total I log",7.24,8574943.78045508,82372.5847484736
"2727","R log & Total I log",7.25,8573139.26943825,82683.7242458342
"2728","R log & Total I log",7.26,8571346.81062023,82984.3305221377
"2729","R log & Total I log",7.27,8569566.15064306,83274.7842937112
"2730","R log & Total I log",7.28,8567797.05250235,83555.4507535843
"2731","R log & Total I log",7.29,8566039.29776754,83826.6760703851
"2732","R log & Total I log",7.3,8564292.68390762,84088.7888203994
"2733","R log & Total I log",7.31,8562557.02111805,84342.1021592779
"2734","R log & Total I log",7.32,8560832.13030445,84586.915356318
"2735","R log & Total I log",7.33,8559117.84200115,84823.5145993877
"2736","R log & Total I log",7.34,8557413.99544863,85052.1737574884
"2737","R log & Total I log",7.35,8555720.4383863,85273.1545591285
"2738","R log & Total I log",7.36,8554037.0263199,85486.7072621189
"2739","R log & Total I log",7.37,8552363.62192296,85693.0711903846
"2740","R log & Total I log",7.38,8550700.09418891,85892.475583486
"2741","R log & Total I log",7.39,8549046.31800064,86085.1400935262
"2742","R log & Total I log",7.4,8547402.17368315,86271.2753556101
"2743","R log & Total I log",7.41,8545767.54678154,86451.0833060517
"2744","R log & Total I log",7.42,8544142.3276275,86624.7577204012
"2745","R log & Total I log",7.43,8542526.41109424,86792.4845183784
"2746","R log & Total I log",7.44,8540919.69624932,86954.4422219637
"2747","R log & Total I log",7.45,8539322.08607706,87110.8023489346
"2748","R log & Total I log",7.46,8537733.48724795,87261.7297489039
"2749","R log & Total I log",7.47,8536153.80988699,87407.3829463344
"2750","R log & Total I log",7.48,8534582.96737199,87547.9144427091
"2751","R log & Total I log",7.49,8533020.87614119,87683.4710064957
"2752","R log & Total I log",7.5,8531467.45553149,87814.1939208106
"2753","R log & Total I log",7.51,8529922.62761729,87940.2192333402
"2754","R log & Total I log",7.52,8528386.31705399,88061.6780037782
"2755","R log & Total I log",7.53,8526858.45093118,88178.6965399047
"2756","R log & Total I log",7.54,8525338.95863963,88291.396613904
"2757","R log & Total I log",7.55,8523827.77174854,88399.8956634385
"2758","R log & Total I log",7.56,8522324.82389025,88504.3069824122
"2759","R log & Total I log",7.57,8520830.05065235,88604.7399028569
"2760","R log & Total I log",7.58,8519343.38947705,88701.29996726
"2761","R log & Total I log",7.59,8517864.77956677,88794.0890918551
"2762","R log & Total I log",7.6,8516394.16179517,88883.2057214044
"2763","R log & Total I log",7.61,8514931.47862398,88968.7449756137
"2764","R log & Total I log",7.62,8513476.67402552,89050.7987875441
"2765","R log & Total I log",7.63,8512029.69340996,89129.4560352835
"2766","R log & Total I log",7.64,8510590.48355656,89204.80266758
"2767","R log & Total I log",7.65,8509158.99254886,89276.9218233087
"2768","R log & Total I log",7.66,8507735.16971411,89345.8939447719
"2769","R log & Total I log",7.67,8506318.96556678,89411.7968845643
"2770","R log & Total I log",7.68,8504910.33175498,89474.706008056
"2771","R log & Total I log",7.69,8503509.22100942,89534.6942915829
"2772","R log & Total I log",7.7,8502115.5870958,89591.8324156029
"2773","R log & Total I log",7.71,8500729.38477013,89646.1888530236
"2774","R log & Total I log",7.72,8499350.56973648,89697.8299534953
"2775","R log & Total I log",7.73,8497979.09860693,89746.8200241748
"2776","R log & Total I log",7.74,8496614.92886368,89793.2214068146
"2777","R log & Total I log",7.75,8495258.01882345,89837.0945511913
"2778","R log & Total I log",7.76,8493908.32760385,89878.4980851587
"2779","R log & Total I log",7.77,8492565.81509144,89917.4888817316
"2780","R log & Total I log",7.78,8491230.44191148,89954.1221232586
"2781","R log & Total I log",7.79,8489902.1693993,89988.4513627501
"2782","R log & Total I log",7.8,8488580.95957326,90020.5285824386
"2783","R log & Total I log",7.81,8487266.77510907,90050.4042499555
"2784","R log & Total I log",7.82,8485959.57931536,90078.1273721974
"2785","R log & Total I log",7.83,8484659.33611064,90103.7455467834
"2786","R log & Total I log",7.84,8483366.01000145,90127.3050111049
"2787","R log & Total I log",7.85,8482079.56606133,90148.8506895328
"2788","R log & Total I log",7.86,8480799.96991079,90168.4262389977
"2789","R log & Total I log",7.87,8479527.1876983,90186.0740927652
"2790","R log & Total I log",7.88,8478261.18608259,90201.8355020074
"2791","R log & Total I log",7.89,8477001.9322158,90215.7505754909
"2792","R log & Total I log",7.9,8475749.39372712,90227.8583178591
"2793","R log & Total I log",7.91,8474503.53870706,90238.196666768
"2794","R log & Total I log",7.92,8473264.33569243,90246.8025284963
"2795","R log & Total I log",7.93,8472031.75365242,90253.7118119235
"2796","R log & Total I log",7.94,8470805.7619752,90258.9594610312
"2797","R log & Total I log",7.95,8469586.33045497,90262.5794863864
"2798","R log & Total I log",7.96,8468373.42927951,90264.6049955473
"2799","R log & Total I log",7.97,8467167.02901839,90265.0682222342
"2800","R log & Total I log",7.98,8465967.1006118,90264.00055414
"2801","R log & Total I log",7.99,8464773.6153598,90261.4325597602
"2802","R log & Total I log",8,8463586.54491185,90257.3940143967
"2803","R log & Total I log",8.01,8462405.86364863,90251.938012475
"2804","R log & Total I log",8.02,8461231.60776489,90245.1205393943
"2805","R log & Total I log",8.03,8460062.94011097,90231.1770788954
"2806","R log & Total I log",8.04,8458889.66365148,90192.390140109
"2807","R log & Total I log",8.05,8457681.351333,90118.3988011067
"2808","R log & Total I log",8.06,8456394.16684695,90024.8179621876
"2809","R log & Total I log",8.07,8454992.71518171,89944.5462028417
"2810","R log & Total I log",8.08,8453465.97420899,89906.711703019
"2811","R log & Total I log",8.09,8451827.56369338,89924.1905336238
"2812","R log & Total I log",8.1,8450105.57734573,89993.934135711
"2813","R log & Total I log",8.11,8448331.23902843,90103.8029678974
"2814","R log & Total I log",8.12,8446531.51275928,90239.3904339144
"2815","R log & Total I log",8.13,8444726.18217704,90388.2290283906
"2816","R log & Total I log",8.14,8442928.30706857,90541.1324684892
"2817","R log & Total I log",8.15,8441145.46876557,90692.2312454595
"2818","R log & Total I log",8.16,8439381.6454963,90838.1318325856
"2819","R log & Total I log",8.17,8437638.58873404,90977.1067053844
"2820","R log & Total I log",8.18,8435916.81717421,91108.4235662327
"2821","R log & Total I log",8.19,8434216.2015858,91231.9105593241
"2822","R log & Total I log",8.2,8432536.29931825,91347.7003825583
"2823","R log & Total I log",8.21,8430876.55106847,91456.0624673618
"2824","R log & Total I log",8.22,8429236.36723067,91557.3258982365
"2825","R log & Total I log",8.23,8427615.17337012,91651.8273852773
"2826","R log & Total I log",8.24,8426012.42011489,91739.9034984318
"2827","R log & Total I log",8.25,8424427.59402418,91821.8749659921
"2828","R log & Total I log",8.26,8422860.2099697,91898.0472106719
"2829","R log & Total I log",8.27,8421309.81041897,91968.7097495055
"2830","R log & Total I log",8.28,8419775.96653268,92034.1344956357
"2831","R log & Total I log",8.29,8418258.27474781,92094.5766309736
"2832","R log & Total I log",8.3,8416756.35364804,92150.2758831017
"2833","R log & Total I log",8.31,8415269.84151789,92201.4577743364
"2834","R log & Total I log",8.32,8413798.39335253,92248.3355041518
"2835","R log & Total I log",8.33,8412341.68106882,92291.1096043832
"2836","R log & Total I log",8.34,8410899.39323841,92329.9680034385
"2837","R log & Total I log",8.35,8409471.23239204,92365.0879202613
"2838","R log & Total I log",8.36,8408056.9136596,92396.6368318308
"2839","R log & Total I log",8.37,8406656.16384334,92424.7731672521
"2840","R log & Total I log",8.38,8405268.7208887,92449.6467341887
"2841","R log & Total I log",8.39,8403894.33330678,92471.3991935774
"2842","R log & Total I log",8.4,8402532.75957242,92490.1645489634
"2843","R log & Total I log",8.41,8401183.76754538,92506.0696127903
"2844","R log & Total I log",8.42,8399847.13389997,92519.2344710486
"2845","R log & Total I log",8.43,8398522.64350567,92529.7729942332
"2846","R log & Total I log",8.44,8397210.08902702,92537.7931783228
"2847","R log & Total I log",8.45,8395909.27050295,92543.3975032466
"2848","R log & Total I log",8.46,8394619.99500025,92546.6832304677
"2849","R log & Total I log",8.47,8393342.07624585,92547.7427159489
"2850","R log & Total I log",8.48,8392075.33425521,92546.6637258466
"2851","R log & Total I log",8.49,8390819.59500181,92543.5297180467
"2852","R log & Total I log",8.5,8389574.69013201,92538.4200843012
"2853","R log & Total I log",8.51,8388340.45670027,92531.4103739851
"2854","R log & Total I log",8.52,8387116.73690916,92522.5725137462
"2855","R log & Total I log",8.53,8385903.37786033,92511.9750181585
"2856","R log & Total I log",8.54,8384700.2313254,92499.6831821493
"2857","R log & Total I log",8.55,8383507.15353556,92485.7592561442
"2858","R log & Total I log",8.56,8382324.00498222,92470.2626112284
"2859","R log & Total I log",8.57,8381150.65022637,92453.249897125
"2860","R log & Total I log",8.58,8379986.95771916,92434.7751902272
"2861","R log & Total I log",8.59,8378832.79963482,92414.8901303039
"2862","R log & Total I log",8.6,8377688.05171331,92393.6440483526
"2863","R log & Total I log",8.61,8376552.59311063,92371.0840879002
"2864","R log & Total I log",8.62,8375426.3062569,92347.2553193495
"2865","R log & Total I log",8.63,8374309.07672296,92322.200846624
"2866","R log & Total I log",8.64,8373200.79309449,92295.9619071114
"2867","R log & Total I log",8.65,8372101.34685249,92268.5779663194
"2868","R log & Total I log",8.66,8371010.63225953,92240.086807316
"2869","R log & Total I log",8.67,8369928.54625246,92210.524614513
"2870","R log & Total I log",8.68,8368854.98834075,92179.9260522758
"2871","R log & Total I log",8.69,8367789.86050981,92148.324339382
"2872","R log & Total I log",8.7,8366733.06712892,92115.751319625
"2873","R log & Total I log",8.71,8365684.51486385,92082.2375282602
"2874","R log & Total I log",8.72,8364644.11259399,92047.8122544102
"2875","R log & Total I log",8.73,8363611.77133347,92012.5036001061
"2876","R log & Total I log",8.74,8362587.40415575,91976.338536392
"2877","R log & Total I log",8.75,8361570.92612186,91939.3429563952
"2878","R log & Total I log",8.76,8360562.2542121,91901.5417253023
"2879","R log & Total I log",8.77,8359561.30726105,91862.9587275961
"2880","R log & Total I log",8.78,8358568.00589528,91823.6169119475
"2881","R log & Total I log",8.79,8357582.27247387,91783.5383338395
"2882","R log & Total I log",8.8,8356604.03103166,91742.7441958495
"2883","R log & Total I log",8.81,8355633.20722508,91701.2548857566
"2884","R log & Total I log",8.82,8354669.72828029,91659.090012795
"2885","R log & Total I log",8.83,8353713.5229435,91616.2684421531
"2886","R log & Total I log",8.84,8352764.52143349,91572.8083275512
"2887","R log & Total I log",8.85,8351822.65539617,91528.7271419865
"2888","R log & Total I log",8.86,8350887.8578608,91484.0417071025
"2889","R log & Total I log",8.87,8349960.06319796,91438.7682214611
"2890","R log & Total I log",8.88,8349039.20707944,91392.9222874234
"2891","R log & Total I log",8.89,8348125.22643987,91346.5189363106
"2892","R log & Total I log",8.9,8347218.05944005,91299.5726520978
"2893","R log & Total I log",8.91,8346317.64543127,91252.097394227
"2894","R log & Total I log",8.92,8345423.92492093,91204.106619673
"2895","R log & Total I log",8.93,8344536.83953972,91155.6133039038
"2896","R log & Total I log",8.94,8343656.33201014,91106.62996052
"2897","R log & Total I log",8.95,8342782.3461163,91057.1686598862
"2898","R log & Total I log",8.96,8341914.82667454,91007.2410471365
"2899","R log & Total I log",8.97,8341053.71950518,90956.8583595156
"2900","R log & Total I log",8.98,8340198.97140536,90906.0314427519
"2901","R log & Total I log",8.99,8339350.53012308,90854.7707664563
"2902","R log & Total I log",9,8338508.34433193,90803.0864388789
"2903","R log & Total I log",9.01,8337672.36505498,90750.9981902821
"2904","R log & Total I log",9.02,8336842.56184901,90698.5832144163
"2905","R log & Total I log",9.03,8336018.75948987,90643.852507165
"2906","R log & Total I log",9.04,8335197.00493648,90575.0233670366
"2907","R log & Total I log",9.05,8334359.93612645,90474.8162858048
"2908","R log & Total I log",9.06,8333472.62825059,90340.077063384
"2909","R log & Total I log",9.07,8332493.90016516,90190.7467132705
"2910","R log & Total I log",9.08,8331394.6263001,90058.7775373359
"2911","R log & Total I log",9.09,8330168.45284316,89971.0659770639
"2912","R log & Total I log",9.1,8328830.26122095,89940.0474595642
"2913","R log & Total I log",9.11,8327407.48005572,89963.8811404934
"2914","R log & Total I log",9.12,8325930.25525111,90032.1118170877
"2915","R log & Total I log",9.13,8324425.00221415,90131.5614150418
"2916","R log & Total I log",9.14,8322911.69672032,90250.1499402285
"2917","R log & Total I log",9.15,8321403.79360998,90378.5821624377
"2918","R log & Total I log",9.16,8319909.4860684,90510.5065450867
"2919","R log & Total I log",9.17,8318433.2462928,90641.9755586517
"2920","R log & Total I log",9.18,8316977.19331752,90770.732990251
"2921","R log & Total I log",9.19,8315542.02528713,90895.6197557927
"2922","R log & Total I log",9.2,8314127.67788101,91016.126362402
"2923","R log & Total I log",9.21,8312733.70161707,91132.1020394461
"2924","R log & Total I log",9.22,8311359.50625924,91243.5899033559
"2925","R log & Total I log",9.23,8310004.44013691,91350.7167749516
"2926","R log & Total I log",9.24,8308667.83226055,91453.6540746348
"2927","R log & Total I log",9.25,8307349.05557077,91552.5839504999
"2928","R log & Total I log",9.26,8306047.51177324,91647.6863641998
"2929","R log & Total I log",9.27,8304762.6359517,91739.1356111874
"2930","R log & Total I log",9.28,8303493.89824282,91827.0977049495
"2931","R log & Total I log",9.29,8302240.80149744,91911.7290296127
"2932","R log & Total I log",9.3,8301002.87806667,91993.1761887541
"2933","R log & Total I log",9.31,8299779.68672916,92071.5765619465
"2934","R log & Total I log",9.32,8298570.81012443,92147.0590609373
"2935","R log & Total I log",9.33,8297375.85127652,92219.7452984318
"2936","R log & Total I log",9.34,8296194.43388439,92289.7493730204
"2937","R log & Total I log",9.35,8295026.20202519,92357.1780063071
"2938","R log & Total I log",9.36,8293870.81688821,92422.1316589518
"2939","R log & Total I log",9.37,8292727.95514973,92484.7050653782
"2940","R log & Total I log",9.38,8291597.3078757,92544.9876165647
"2941","R log & Total I log",9.39,8290478.57988532,92603.0636421262
"2942","R log & Total I log",9.4,8289371.48903397,92659.0127413313
"2943","R log & Total I log",9.41,8288275.76545817,92712.9101043259
"2944","R log & Total I log",9.42,8287191.15085355,92764.8267902351
"2945","R log & Total I log",9.43,8286117.39776661,92814.829996922
"2946","R log & Total I log",9.44,8285054.26882736,92862.9833576763
"2947","R log & Total I log",9.45,8284001.53622531,92909.3471619424
"2948","R log & Total I log",9.46,8282958.98125926,92953.9785554319
"2949","R log & Total I log",9.47,8281926.39385534,92996.9317396306
"2950","R log & Total I log",9.48,8280903.57207202,93038.2581647035
"2951","R log & Total I log",9.49,8279890.32165021,93078.0067066909
"2952","R log & Total I log",9.5,8278886.45562174,93116.2238274932
"2953","R log & Total I log",9.51,8277891.79395146,93152.953720233
"2954","R log & Total I log",9.52,8276906.16319256,93188.2384444966
"2955","R log & Total I log",9.53,8275929.39615493,93222.1180553196
"2956","R log & Total I log",9.54,8274961.3315952,93254.6307250706
"2957","R log & Total I log",9.55,8274001.81393163,93285.8128546856
"2958","R log & Total I log",9.56,8273050.69297865,93315.6991745897
"2959","R log & Total I log",9.57,8272107.82369462,93344.322839769
"2960","R log & Total I log",9.58,8271173.0659417,93371.7155210824
"2961","R log & Total I log",9.59,8270246.28426056,93397.9074904254
"2962","R log & Total I log",9.6,8269327.34766039,93422.9276980542
"2963","R log & Total I log",9.61,8268416.12942118,93446.8038442764
"2964","R log & Total I log",9.62,8267512.50690544,93469.5624480609
"2965","R log & Total I log",9.63,8266616.36137975,93491.2289120404
"2966","R log & Total I log",9.64,8265727.57784717,93511.8275823315
"2967","R log & Total I log",9.65,8264846.04488946,93531.3818037457
"2968","R log & Total I log",9.66,8263971.65451718,93549.9139722035
"2969","R log & Total I log",9.67,8263104.30202718,93567.4455846245
"2970","R log & Total I log",9.68,8262243.88586786,93583.9972853585
"2971","R log & Total I log",9.69,8261390.30751206,93599.5889091397
"2972","R log & Total I log",9.7,8260543.47133619,93614.239521633
"2973","R log & Total I log",9.71,8259703.28450519,93627.9674580955
"2974","R log & Total I log",9.72,8258869.65686332,93640.7903596788
"2975","R log & Total I log",9.73,8258042.50083077,93652.7252071352
"2976","R log & Total I log",9.74,8257221.73130531,93663.788352507
"2977","R log & Total I log",9.75,8256407.26556852,93673.9955493382
"2978","R log & Total I log",9.76,8255599.02319647,93683.361981264
"2979","R log & Total I log",9.77,8254796.92597483,93691.9022887023
"2980","R log & Total I log",9.78,8254000.89781822,93699.6305938797
"2981","R log & Total I log",9.79,8253210.86469305,93706.5605246315
"2982","R log & Total I log",9.8,8252426.75454387,93712.7052370402
"2983","R log & Total I log",9.81,8251648.4972232,93718.0774367225
"2984","R log & Total I log",9.82,8250876.02442462,93722.6893988184
"2985","R log & Total I log",9.83,8250109.26961889,93726.5529869663
"2986","R log & Total I log",9.84,8249348.16799279,93729.6796713519
"2987","R log & Total I log",9.85,8248592.65639071,93732.0805456798
"2988","R log & Total I log",9.86,8247842.6732588,93733.7663431156
"2989","R log & Total I log",9.87,8247098.15859135,93734.7474515466
"2990","R log & Total I log",9.88,8246359.05387945,93735.0339283232
"2991","R log & Total I log",9.89,8245625.30206199,93734.6355141845
"2992","R log & Total I log",9.9,8244896.84747892,93733.5616461005
"2993","R log & Total I log",9.91,8244173.63582638,93731.8214693091
"2994","R log & Total I log",9.92,8243455.61411345,93729.4238490408
"2995","R log & Total I log",9.93,8242742.73062043,93726.3773819663
"2996","R log & Total I log",9.94,8242034.93485908,93722.6904069549
"2997","R log & Total I log",9.95,8241332.17753469,93718.3710149717
"2998","R log & Total I log",9.96,8240634.41050951,93713.4270584627
"2999","R log & Total I log",9.97,8239941.58676739,93707.8661605738
"3000","R log & Total I log",9.98,8239253.66037978,93701.695724068
"3001","R log & Total I log",9.99,8238570.58647327,93694.9229396088
"3002","R log & Total I log",10,8237892.3211984,93687.5547934378
"3003","R log & Total I log",10.01,8237218.82229439,93679.5998654069
"3004","R log & Total I log",10.02,8236550.05622011,93671.0933078606
"3005","R log & Total I log",10.03,8235885.97951895,93661.6214195837
"3006","R log & Total I log",10.04,8235225.08657243,93646.5898810517
"3007","R log & Total I log",10.05,8234557.63013159,93615.4315864532
"3008","R log & Total I log",10.06,8233856.9628404,93561.9040450797
"3009","R log & Total I log",10.07,8233080.82398293,93496.9387028071
"3010","R log & Total I log",10.08,8232185.72630708,93448.2965996534
"3011","R log & Total I log",10.09,8231143.90155396,93447.6472515489
"3012","R log & Total I log",10.1,8229951.5476358,93517.050751
"3013","R log & Total I log",10.11,8228626.44793975,93662.929947862
"3014","R log & Total I log",10.12,8227198.8561177,93878.1505805334
"3015","R log & Total I log",10.13,8225701.98750062,94147.8872994441
"3016","R log & Total I log",10.14,8224165.39896395,94455.3569187098
"3017","R log & Total I log",10.15,8222611.9915169,94785.577022851
"3018","R log & Total I log",10.16,8221057.71647306,95126.9513545944
"3019","R log & Total I log",10.17,8219512.62060751,95471.4460308318
"3020","R log & Total I log",10.18,8217982.51024988,95813.9121906105
"3021","R log & Total I log",10.19,8216470.29062035,96151.3495830488
"3022","R log & Total I log",10.2,8214977.16076018,96482.1260146179
"3023","R log & Total I log",10.21,8213503.29621877,96805.4918529028
"3024","R log & Total I log",10.22,8212048.37765929,97121.1780904818
"3025","R log & Total I log",10.23,8210611.82180498,97429.2038940974
"3026","R log & Total I log",10.24,8209192.97278711,97729.7074344705
"3027","R log & Total I log",10.25,8207791.14711431,98022.9030349359
"3028","R log & Total I log",10.26,8206405.68121725,98309.0261401552
"3029","R log & Total I log",10.27,8205035.95643042,98588.3181557798
"3030","R log & Total I log",10.28,8203681.38567532,98861.0151637676
"3031","R log & Total I log",10.29,8202341.41907931,99127.3452974155
"3032","R log & Total I log",10.3,8201015.54499991,99387.5262650221
"3033","R log & Total I log",10.31,8199703.28626724,99641.7644918049
"3034","R log & Total I log",10.32,8198404.19625824,99890.2553717252
"3035","R log & Total I log",10.33,8197117.85557129,100133.183978078
"3036","R log & Total I log",10.34,8195843.86936313,100370.725795063
"3037","R log & Total I log",10.35,8194581.86375554,100603.047946334
"3038","R log & Total I log",10.36,8193331.48612523,100830.308892345
"3039","R log & Total I log",10.37,8192092.40477398,101052.658514625
"3040","R log & Total I log",10.38,8190864.3055524,101270.23932382
"3041","R log & Total I log",10.39,8189646.89015382,101483.187040583
"3042","R log & Total I log",10.4,8188439.87494257,101691.63103013
"3043","R log & Total I log",10.41,8187242.99026906,101895.694608285
"3044","R log & Total I log",10.42,8186055.9797226,102095.495377041
"3045","R log & Total I log",10.43,8184878.59935119,102291.145547604
"3046","R log & Total I log",10.44,8183710.61690417,102482.752238352
"3047","R log & Total I log",10.45,8182551.81107932,102670.417780831
"3048","R log & Total I log",10.46,8181401.97070336,102854.240064541
"3049","R log & Total I log",10.47,8180260.89418039,103034.3127899
"3050","R log & Total I log",10.48,8179128.38903494,103210.725680182
"3051","R log & Total I log",10.49,8178004.27141748,103383.564693388
"3052","R log & Total I log",10.5,8176888.3655814,103552.912242545
"3053","R log & Total I log",10.51,8175780.50340396,103718.847405985
"3054","R log & Total I log",10.52,8174680.52397802,103881.44611205
"3055","R log & Total I log",10.53,8173588.27324544,104040.781301958
"3056","R log & Total I log",10.54,8172503.60364086,104196.923084755
"3057","R log & Total I log",10.55,8171426.3737444,104349.9388898
"3058","R log & Total I log",10.56,8170356.44795836,104499.893610452
"3059","R log & Total I log",10.57,8169293.69621309,104646.84973378
"3060","R log & Total I log",10.58,8168237.99369341,104790.867460067
"3061","R log & Total I log",10.59,8167189.22057745,104932.004817672
"3062","R log & Total I log",10.6,8166147.26178872,105070.317772721
"3063","R log & Total I log",10.61,8165112.00676488,105205.860330331
"3064","R log & Total I log",10.62,8164083.34924223,105338.684627995
"3065","R log & Total I log",10.63,8163061.18705203,105468.841024405
"3066","R log & Total I log",10.64,8162045.42192707,105596.378184445
"3067","R log & Total I log",10.65,8161035.95931982,105721.343158561
"3068","R log & Total I log",10.66,8160032.70823182,105843.78145628
"3069","R log & Total I log",10.67,8159035.5810525,105963.737115803
"3070","R log & Total I log",10.68,8158044.49340606,106081.252770656
"3071","R log & Total I log",10.69,8157059.36400695,106196.369712457
"3072","R log & Total I log",10.7,8156080.11452384,106309.127949313
"3073","R log & Total I log",10.71,8155106.66945084,106419.566260934
"3074","R log & Total I log",10.72,8154138.95598513,106527.72225141
"3075","R log & Total I log",10.73,8153176.90391092,106633.632399284
"3076","R log & Total I log",10.74,8152220.44548997,106737.332104385
"3077","R log & Total I log",10.75,8151269.51535787,106838.855731932
"3078","R log & Total I log",10.76,8150324.05042525,106938.23665473
"3079","R log & Total I log",10.77,8149383.98978393,107035.507293433
"3080","R log & Total I log",10.78,8148449.27461798,107130.699154447
"3081","R log & Total I log",10.79,8147519.8481194,107223.842865605
"3082","R log & Total I log",10.8,8146595.65540785,107314.968210215
"3083","R log & Total I log",10.81,8145676.64345399,107404.104159666
"3084","R log & Total I log",10.82,8144762.76100675,107491.27890435
"3085","R log & Total I log",10.83,8143853.95852418,107576.51988285
"3086","R log & Total I log",10.84,8142950.18810761,107659.853809711
"3087","R log & Total I log",10.85,8142051.40343883,107741.306702018
"3088","R log & Total I log",10.86,8141157.55972011,107820.903904683
"3089","R log & Total I log",10.87,8140268.61361702,107898.670114424
"3090","R log & Total I log",10.88,8139384.52320381,107974.629402755
"3091","R log & Total I log",10.89,8138505.24791121,108048.805238112
"3092","R log & Total I log",10.9,8137630.74847679,108121.220506888
"3093","R log & Total I log",10.91,8136760.98689766,108191.897533178
"3094","R log & Total I log",10.92,8135895.92638524,108260.858097553
"3095","R log & Total I log",10.93,8135035.53132166,108328.123455329
"3096","R log & Total I log",10.94,8134179.76721794,108393.714354315
"3097","R log & Total I log",10.95,8133328.60067426,108457.651051593
"3098","R log & Total I log",10.96,8132481.99934216,108519.95332924
"3099","R log & Total I log",10.97,8131639.93188814,108580.6405094
"3100","R log & Total I log",10.98,8130802.36795852,108639.731469073
"3101","R log & Total I log",10.99,8129969.27814585,108697.244654394
"3102","R log & Total I log",11,8129140.6339568,108753.198094047
"3103","R log & Total I log",11.01,8128316.40804841,108807.609936755
"3104","R log & Total I log",11.02,8127496.57864719,108860.506187076
"3105","R log & Total I log",11.03,8126681.13016681,108911.830748388
"3106","R log & Total I log",11.04,8125869.52030615,108960.065010496
"3107","R log & Total I log",11.05,8125056.47697762,108999.990984366
"3108","R log & Total I log",11.06,8124222.62065758,109026.972890213
"3109","R log & Total I log",11.07,8123328.09525608,109048.176902385
"3110","R log & Total I log",11.08,8122319.09493133,109088.733950126
"3111","R log & Total I log",11.09,8121145.55079238,109184.951322184
"3112","R log & Total I log",11.1,8119778.24270573,109370.01718637
"3113","R log & Total I log",11.11,8118216.04322597,109662.277742943
"3114","R log & Total I log",11.12,8116482.01422654,110061.803090039
"3115","R log & Total I log",11.13,8114613.29462707,110554.216848336
"3116","R log & Total I log",11.14,8112650.55700312,111117.571146646
"3117","R log & Total I log",11.15,8110630.46361851,111728.732089585
"3118","R log & Total I log",11.16,8108582.01467869,112367.421088406
"3119","R log & Total I log",11.17,8106525.91781205,113017.977812155
"3120","R log & Total I log",11.18,8104475.79380041,113669.341841135
"3121","R log & Total I log",11.19,8102439.73347297,114314.395927046
"3122","R log & Total I log",11.2,8100422.12082316,114948.881024913
"3123","R log & Total I log",11.21,8098424.94791068,115570.492385093
"3124","R log & Total I log",11.22,8096448.83076671,116178.133175408
"3125","R log & Total I log",11.23,8094493.59859288,116771.45548378
"3126","R log & Total I log",11.24,8092558.72198156,117350.49693848
"3127","R log & Total I log",11.25,8090643.49432416,117915.522047271
"3128","R log & Total I log",11.26,8088747.13429963,118466.920268833
"3129","R log & Total I log",11.27,8086868.92715714,119005.07682703
"3130","R log & Total I log",11.28,8085008.14312149,119530.431011946
"3131","R log & Total I log",11.29,8083164.13712368,120043.381724243
"3132","R log & Total I log",11.3,8081336.29443055,120544.330135932
"3133","R log & Total I log",11.31,8079524.03179712,121033.664711345
"3134","R log & Total I log",11.32,8077726.83139102,121511.743997677
"3135","R log & Total I log",11.33,8075944.20045556,121978.914361841
"3136","R log & Total I log",11.34,8074175.67701458,122435.506499942
"3137","R log & Total I log",11.35,8072420.83035028,122881.83450481
"3138","R log & Total I log",11.36,8070679.25612752,123318.197868086
"3139","R log & Total I log",11.37,8068950.57599171,123744.8812263
"3140","R log & Total I log",11.38,8067234.43657372,124162.154630595
"3141","R log & Total I log",11.39,8065530.50504427,124570.275731923
"3142","R log & Total I log",11.4,8063838.46706262,124969.490735174
"3143","R log & Total I log",11.41,8062158.02544806,125360.035045909
"3144","R log & Total I log",11.42,8060488.89938415,125742.13370463
"3145","R log & Total I log",11.43,8058830.82347323,126116.00192823
"3146","R log & Total I log",11.44,8057183.54674089,126481.845663374
"3147","R log & Total I log",11.45,8055546.83169772,126839.862095341
"3148","R log & Total I log",11.46,8053920.4534277,127190.240154167
"3149","R log & Total I log",11.47,8052304.19860413,127533.161078106
"3150","R log & Total I log",11.48,8050697.86486617,127868.79880326
"3151","R log & Total I log",11.49,8049101.2601612,128197.320368443
"3152","R log & Total I log",11.5,8047514.20222764,128518.886233725
"3153","R log & Total I log",11.51,8045936.5179595,128833.650655812
"3154","R log & Total I log",11.52,8044368.04286758,129141.762017445
"3155","R log & Total I log",11.53,8042808.62055695,129443.36315407
"3156","R log & Total I log",11.54,8041258.10226713,129738.591643332
"3157","R log & Total I log",11.55,8039716.3464617,130027.58006144
"3158","R log & Total I log",11.56,8038183.21843546,130310.456228842
"3159","R log & Total I log",11.57,8036658.58993295,130587.343451316
"3160","R log & Total I log",11.58,8035142.33879215,130858.360746323
"3161","R log & Total I log",11.59,8033634.3486183,131123.623049684
"3162","R log & Total I log",11.6,8032134.50848047,131383.24140866
"3163","R log & Total I log",11.61,8030642.71262366,131637.323166498
"3164","R log & Total I log",11.62,8029158.86019733,131885.972136734
"3165","R log & Total I log",11.63,8027682.85500193,132129.288765477
"3166","R log & Total I log",11.64,8026214.60525126,132367.370284056
"3167","R log & Total I log",11.65,8024754.02334812,132600.310854343
"3168","R log & Total I log",11.66,8023301.02567329,132828.201705892
"3169","R log & Total I log",11.67,8021855.53238755,133051.131264124
"3170","R log & Total I log",11.68,8020417.46724526,133269.185271262
"3171","R log & Total I log",11.69,8018986.75741777,133482.446901748
"3172","R log & Total I log",11.7,8017563.33332691,133690.996871629
"3173","R log & Total I log",11.71,8016147.12848861,133894.913541097
"3174","R log & Total I log",11.72,8014738.07936544,134094.273011187
"3175","R log & Total I log",11.73,8013336.12522671,134289.149216122
"3176","R log & Total I log",11.74,8011941.2080159,134479.614011305
"3177","R log & Total I log",11.75,8010553.27222595,134665.737256202
"3178","R log & Total I log",11.76,8009172.26478147,134847.586892496
"3179","R log & Total I log",11.77,8007798.134927,135025.229018676
"3180","R log & Total I log",11.78,8006430.83412073,135198.727961376
"3181","R log & Total I log",11.79,8005070.31593413,135368.146342947
"3182","R log & Total I log",11.8,8003716.53595718,135533.545145263
"3183","R log & Total I log",11.81,8002369.45170825,135694.983770535
"3184","R log & Total I log",11.82,8001029.02254837,135852.520099608
"3185","R log & Total I log",11.83,7999695.20959984,136006.210547495
"3186","R log & Total I log",11.84,7998367.97566926,136156.110115982
"3187","R log & Total I log",11.85,7997047.28517449,136302.272443686
"3188","R log & Total I log",11.86,7995733.10407494,136444.749854004
"3189","R log & Total I log",11.87,7994425.39980524,136583.59340097
"3190","R log & Total I log",11.88,7993124.14121214,136718.852912951
"3191","R log & Total I log",11.89,7991829.29849445,136850.577034425
"3192","R log & Total I log",11.9,7990540.84314588,136978.813266051
"3193","R log & Total I log",11.91,7989258.74790075,137103.608002921
"3194","R log & Total I log",11.92,7987982.98668236,137225.006570849
"3195","R log & Total I log",11.93,7986713.53455374,137343.053261061
"3196","R log & Total I log",11.94,7985450.36767027,137457.79136376
"3197","R log & Total I log",11.95,7984193.46323449,137569.263200534
"3198","R log & Total I log",11.96,7982942.79945322,137677.510155165
"3199","R log & Total I log",11.97,7981698.35549689,137782.572702815
"3200","R log & Total I log",11.98,7980460.11146046,137884.490438104
"3201","R log & Total I log",11.99,7979228.04832578,137983.302102458
"3202","R log & Total I log",12,7978002.1479256,138079.045610446
"3203","R log & Total I log",12.01,7976782.39303215,138171.758245224
"3204","R log & Total I log",12.02,7975568.7695461,138261.47911717
"3205","R log & Total I log",12.03,7974361.26458837,138348.2224643
"3206","R log & Total I log",12.04,7973159.71091141,138431.552319972
"3207","R log & Total I log",12.05,7971961.5028273,138508.909416765
"3208","R log & Total I log",12.06,7970753.78274664,138576.898982921
"3209","R log & Total I log",12.07,7969502.8346633,138639.604939016
"3210","R log & Total I log",12.08,7968151.34133521,138718.458982599
"3211","R log & Total I log",12.09,7966630.4968499,138852.710424136
"3212","R log & Total I log",12.1,7964881.22252534,139087.934125258
"3213","R log & Total I log",12.11,7962872.11793066,139460.218350624
"3214","R log & Total I log",12.12,7960605.75699507,139985.402045083
"3215","R log & Total I log",12.13,7958113.2569185,140657.344329265
"3216","R log & Total I log",12.14,7955442.26536678,141453.467944651
"3217","R log & Total I log",12.15,7952644.76583606,142343.011072152
"3218","R log & Total I log",12.16,7949768.12018773,143294.445380966
"3219","R log & Total I log",12.17,7946850.43375035,144280.270903627
"3220","R log & Total I log",12.18,7943919.57884463,145279.048779727
"3221","R log & Total I log",12.19,7940994.285258,146275.511889415
"3222","R log & Total I log",12.2,7938086.15248309,147259.617015591
"3223","R log & Total I log",12.21,7935201.71203134,148225.276540887
"3224","R log & Total I log",12.22,7932344.23560938,149169.097473971
"3225","R log & Total I log",12.23,7929514.9271514,150089.488151109
"3226","R log & Total I log",12.24,7926713.86625527,150985.920504166
"3227","R log & Total I log",12.25,7923940.51332874,151858.492256096
"3228","R log & Total I log",12.26,7921194.04607067,152707.640823436
"3229","R log & Total I log",12.27,7918473.54308227,153533.965344473
"3230","R log & Total I log",12.28,7915778.07101978,154338.14186798
"3231","R log & Total I log",12.29,7913106.74336299,155120.857886272
"3232","R log & Total I log",12.3,7910458.71891719,155882.79390388
"3233","R log & Total I log",12.31,7907833.21064134,156624.61303662
"3234","R log & Total I log",12.32,7905229.49142944,157346.952315445
"3235","R log & Total I log",12.33,7902646.88991172,158050.419073145
"3236","R log & Total I log",12.34,7900084.78442485,158735.59099882
"3237","R log & Total I log",12.35,7897542.5973218,159403.017696474
"3238","R log & Total I log",12.36,7895019.7902824,160053.222453357
"3239","R log & Total I log",12.37,7892515.85819576,160686.705432584
"3240","R log & Total I log",12.38,7890030.32927135,161303.942889632
"3241","R log & Total I log",12.39,7887562.76416176,161905.387257868
"3242","R log & Total I log",12.4,7885112.75041433,162491.470566501
"3243","R log & Total I log",12.41,7882679.89975396,163062.606019883
"3244","R log & Total I log",12.42,7880263.84625501,163619.189068248
"3245","R log & Total I log",12.43,7877864.24520689,164161.598102107
"3246","R log & Total I log",12.44,7875480.77180884,164690.195325726
"3247","R log & Total I log",12.45,7873113.11982264,165205.327673144
"3248","R log & Total I log",12.46,7870761.00032725,165707.327653708
"3249","R log & Total I log",12.47,7868424.14051899,166196.514179395
"3250","R log & Total I log",12.48,7866102.28242074,166673.193472567
"3251","R log & Total I log",12.49,7863795.1820077,167137.65971926
"3252","R log & Total I log",12.5,7861502.6084603,167590.19564841
"3253","R log & Total I log",12.51,7859224.34336468,168031.073130764
"3254","R log & Total I log",12.52,7856960.17989144,168460.553783408
"3255","R log & Total I log",12.53,7854709.92205061,168878.889532531
"3256","R log & Total I log",12.54,7852473.38404854,169286.32311751
"3257","R log & Total I log",12.55,7850250.38970851,169683.088548171
"3258","R log & Total I log",12.56,7848040.77191712,170069.411534887
"3259","R log & Total I log",12.57,7845844.37209002,170445.50990341
"3260","R log & Total I log",12.58,7843661.03967074,170811.593991036
"3261","R log & Total I log",12.59,7841490.6316726,171167.867013568
"3262","R log & Total I log",12.6,7839333.0122579,171514.525402114
"3263","R log & Total I log",12.61,7837188.05234119,171851.759120107
"3264","R log & Total I log",12.62,7835055.62921133,172179.751967587
"3265","R log & Total I log",12.63,7832935.62617686,172498.68186922
"3266","R log & Total I log",12.64,7830827.93223794,172808.721141686
"3267","R log & Total I log",12.65,7828732.44177993,173110.036743707
"3268","R log & Total I log",12.66,7826649.05428332,173402.790514249
"3269","R log & Total I log",12.67,7824577.67404971,173687.139399104
"3270","R log & Total I log",12.68,7822518.20994555,173963.235663411
"3271","R log & Total I log",12.69,7820470.57516247,174231.227091043
"3272","R log & Total I log",12.7,7818434.68699077,174491.257174094
"3273","R log & Total I log",12.71,7816410.46660533,174743.465293334
"3274","R log & Total I log",12.72,7814397.83886446,174987.98688833
"3275","R log & Total I log",12.73,7812396.73212113,175224.953617607
"3276","R log & Total I log",12.74,7810407.07804444,175454.493510925
"3277","R log & Total I log",12.75,7808428.81145058,175676.731114564
"3278","R log & Total I log",12.76,7806461.87014361,175891.787628862
"3279","R log & Total I log",12.77,7804506.19476566,176099.781038002
"3280","R log & Total I log",12.78,7802561.72865517,176300.826233465
"3281","R log & Total I log",12.79,7800628.41771236,176495.03513208
"3282","R log & Total I log",12.8,7798706.21027211,176682.516788235
"3283","R log & Total I log",12.81,7796795.05698422,176863.377500027
"3284","R log & Total I log",12.82,7794894.9107,177037.720910243
"3285","R log & Total I log",12.83,7793005.72636443,177205.64810306
"3286","R log & Total I log",12.84,7791127.46091398,177367.257696378
"3287","R log & Total I log",12.85,7789260.07318011,177522.645929426
"3288","R log & Total I log",12.86,7787403.523798,177671.906746073
"3289","R log & Total I log",12.87,7785557.77511965,177815.131874596
"3290","R log & Total I log",12.88,7783722.79113113,177952.410904101
"3291","R log & Total I log",12.89,7781898.53737412,178083.831357469
"3292","R log & Total I log",12.9,7780084.98087154,178209.478760964
"3293","R log & Total I log",12.91,7778282.09005688,178329.43671086
"3294","R log & Total I log",12.92,7776489.83470724,178443.786937148
"3295","R log & Total I log",12.93,7774708.18587958,178552.609364292
"3296","R log & Total I log",12.94,7772937.11585011,178655.982169383
"3297","R log & Total I log",12.95,7771176.59805622,178753.981838164
"3298","R log & Total I log",12.96,7769426.60704127,178846.683218935
"3299","R log & Total I log",12.97,7767687.11840228,178934.159573966
"3300","R log & Total I log",12.98,7765958.10874034,179016.48262846
"3301","R log & Total I log",12.99,7764239.55561309,179093.722617671
"3302","R log & Total I log",13,7762531.43748905,179165.948332563
"3303","R log & Total I log",13.01,7760833.73375858,179233.2272255
"3304","R log & Total I log",13.02,7759146.42581758,179295.626450848
"3305","R log & Total I log",13.03,7757469.4975382,179353.208345208
"3306","R log & Total I log",13.04,7755802.88681423,179405.889355237
"3307","R log & Total I log",13.05,7754145.48530093,179452.474840569
"3308","R log & Total I log",13.06,7752489.80197061,179490.366877705
"3309","R log & Total I log",13.07,7750811.03018859,179520.563713813
"3310","R log & Total I log",13.08,7749057.05177844,179558.113443932
"3311","R log & Total I log",13.09,7747150.70599928,179639.216902198
"3312","R log & Total I log",13.1,7745007.18367936,179816.854224727
"3313","R log & Total I log",13.11,7742558.48178728,180145.502090411
"3314","R log & Total I log",13.12,7739771.83821487,180664.227414294
"3315","R log & Total I log",13.13,7736655.03344941,181386.543392212
"3316","R log & Total I log",13.14,7733249.17373314,182300.05828583
"3317","R log & Total I log",13.15,7729614.82291279,183373.433878189
"3318","R log & Total I log",13.16,7725817.62113295,184566.227604715
"3319","R log & Total I log",13.17,7721917.94761595,185837.379885184
"3320","R log & Total I log",13.18,7717965.06926383,187150.966072433
"3321","R log & Total I log",13.19,7713995.8480999,188478.590399871
"3322","R log & Total I log",13.2,7710035.66911223,189799.691392053
"3323","R log & Total I log",13.21,7706100.57609806,191100.595540281
"3324","R log & Total I log",13.22,7702200.03997613,192372.77299939
"3325","R log & Total I log",13.23,7698338.99577493,193611.420881831
"3326","R log & Total I log",13.24,7694519.44890514,194814.272288081
"3327","R log & Total I log",13.25,7690741.7836739,195980.556363705
"3328","R log & Total I log",13.26,7687005.46970313,197110.405028682
"3329","R log & Total I log",13.27,7683309.48972,198204.489407746
"3330","R log & Total I log",13.28,7679652.65874678,199263.714728702
"3331","R log & Total I log",13.29,7676033.73528337,200289.114968894
"3332","R log & Total I log",13.3,7672451.50715128,201281.764781112
"3333","R log & Total I log",13.31,7668904.83320028,202242.716044392
"3334","R log & Total I log",13.32,7665392.64342187,203172.997125887
"3335","R log & Total I log",13.33,7661913.92758484,204073.604013483
"3336","R log & Total I log",13.34,7658467.77512291,204945.472883315
"3337","R log & Total I log",13.35,7655053.32378215,205789.506080813
"3338","R log & Total I log",13.36,7651669.76794946,206606.565558207
"3339","R log & Total I log",13.37,7648316.35818156,207397.471566095
"3340","R log & Total I log",13.38,7644992.40048977,208163.001357717
"3341","R log & Total I log",13.39,7641697.24602819,208903.895333765
"3342","R log & Total I log",13.4,7638430.28499273,209620.860795451
"3343","R log & Total I log",13.41,7635190.94297309,210314.574347435
"3344","R log & Total I log",13.42,7631978.67922313,210985.683001047
"3345","R log & Total I log",13.43,7628792.98481618,211634.805364601
"3346","R log & Total I log",13.44,7625633.38055362,212262.533065356
"3347","R log & Total I log",13.45,7622499.41459712,212869.432452408
"3348","R log & Total I log",13.46,7619390.65996291,213456.046463264
"3349","R log & Total I log",13.47,7616306.71295124,214022.895875917
"3350","R log & Total I log",13.48,7613247.19167277,214570.480484387
"3351","R log & Total I log",13.49,7610211.73483778,215099.280090704
"3352","R log & Total I log",13.5,7607200.00025892,215609.755706731
"3353","R log & Total I log",13.51,7604211.66358161,216102.350609603
"3354","R log & Total I log",13.52,7601246.41703703,216577.491378435
"3355","R log & Total I log",13.53,7598303.96849782,217035.588712016
"3356","R log & Total I log",13.54,7595384.04050208,217477.038264887
"3357","R log & Total I log",13.55,7592486.36937944,217902.221410441
"3358","R log & Total I log",13.56,7589610.70440707,218311.505977831
"3359","R log & Total I log",13.57,7586756.8070164,218705.246943648
"3360","R log & Total I log",13.58,7583924.450068,219083.787069762
"3361","R log & Total I log",13.59,7581113.41718132,219447.457501483
"3362","R log & Total I log",13.6,7578323.50210664,219796.578332767
"3363","R log & Total I log",13.61,7575554.50813816,220131.459134377
"3364","R log & Total I log",13.62,7572806.24756612,220452.399447618
"3365","R log & Total I log",13.63,7570078.54116179,220759.689252344
"3366","R log & Total I log",13.64,7567371.21769373,221053.6094107
"3367","R log & Total I log",13.65,7564684.11347744,221334.432082198
"3368","R log & Total I log",13.66,7562017.07195556,221602.421111452
"3369","R log & Total I log",13.67,7559369.94330231,221857.832395472
"3370","R log & Total I log",13.68,7556742.58405,222100.914233364
"3371","R log & Total I log",13.69,7554134.85673919,222331.907655833
"3372","R log & Total I log",13.7,7551546.62959201,222551.046734038
"3373","R log & Total I log",13.71,7548977.77620484,222758.558871735
"3374","R log & Total I log",13.72,7546428.17525773,222954.66508351
"3375","R log & Total I log",13.73,7543897.71024101,223139.580258244
"3376","R log & Total I log",13.74,7541386.26919911,223313.513407274
"3377","R log & Total I log",13.75,7538893.74448921,223476.66789937
"3378","R log & Total I log",13.76,7536420.03255308,223629.241684613
"3379","R log & Total I log",13.77,7533965.03370187,223771.42750702
"3380","R log & Total I log",13.78,7531528.6519137,223903.413105577
"3381","R log & Total I log",13.79,7529110.7946429,224025.381404935
"3382","R log & Total I log",13.8,7526711.37263923,224137.510697341
"3383","R log & Total I log",13.81,7524330.2997771,224239.974815892
"3384","R log & Total I log",13.82,7521967.49289469,224332.943298807
"3385","R log & Total I log",13.83,7519622.87164196,224416.581545501
"3386","R log & Total I log",13.84,7517296.35833656,224491.050965703
"3387","R log & Total I log",13.85,7514987.87782728,224556.509121894
"3388","R log & Total I log",13.86,7512697.35736528,224613.109864722
"3389","R log & Total I log",13.87,7510424.72648236,224661.003461775
"3390","R log & Total I log",13.88,7508169.91687539,224700.336720681
"3391","R log & Total I log",13.89,7505932.86229646,224731.253107057
"3392","R log & Total I log",13.9,7503713.4984487,224753.89285719
"3393","R log & Total I log",13.91,7501511.76288792,224768.393085491
"3394","R log & Total I log",13.92,7499327.59492929,224774.887887175
"3395","R log & Total I log",13.93,7497160.93555889,224773.508436521
"3396","R log & Total I log",13.94,7495011.72734964,224764.383080819
"3397","R log & Total I log",13.95,7492879.91438141,224747.637430314
"3398","R log & Total I log",13.96,7490765.44216493,224723.394444586
"3399","R log & Total I log",13.97,7488668.25756952,224691.774515502
"3400","R log & Total I log",13.98,7486588.30875466,224652.895546499
"3401","R log & Total I log",13.99,7484525.54510511,224606.8730283
"3402","R log & Total I log",14,7482479.91716889,224553.820111728
"3403","R log & Total I log",14.01,7480451.37662093,224493.847700842
"3404","R log & Total I log",14.02,7478439.87673117,224427.06492591
"3405","R log & Total I log",14.03,7476445.37321203,224353.578004483
"3406","R log & Total I log",14.04,7474467.80814949,224273.449166496
"3407","R log & Total I log",14.05,7472506.73764824,224186.244261336
"3408","R log & Total I log",14.06,7470558.44426409,224090.228021452
"3409","R log & Total I log",14.07,7468607.40662649,223984.423311414
"3410","R log & Total I log",14.08,7466613.82842954,223876.573091819
"3411","R log & Total I log",14.09,7464506.32808016,223793.666970729
"3412","R log & Total I log",14.1,7462189.46830659,223785.620767207
"3413","R log & Total I log",14.11,7459565.42515604,223916.721038823
"3414","R log & Total I log",14.12,7456560.26825368,224247.970935593
"3415","R log & Total I log",14.13,7453142.03094445,224819.860130758
"3416","R log & Total I log",14.14,7449324.71349289,225643.064613039
"3417","R log & Total I log",14.15,7445159.73438092,226699.02874944
"3418","R log & Total I log",14.16,7440720.15331573,227948.371820759
"3419","R log & Total I log",14.17,7436085.22929863,229341.410064295
"3420","R log & Total I log",14.18,7431328.15277874,230828.064981326
"3421","R log & Total I log",14.19,7426509.66759114,232364.052306323
"3422","R log & Total I log",14.2,7421675.8405741,233914.041632755
"3423","R log & Total I log",14.21,7416859.20748232,235451.947584821
"3424","R log & Total I log",14.22,7412080.80210107,236960.134634663
"3425","R log & Total I log",14.23,7407353.25653332,238427.500335786
"3426","R log & Total I log",14.24,7402683.54269382,239847.593585266
"3427","R log & Total I log",14.25,7398074.66585,241217.321195526
"3428","R log & Total I log",14.26,7393527.40902657,242535.604156932
"3429","R log & Total I log",14.27,7389041.21502603,243802.646277419
"3430","R log & Total I log",14.28,7384614.80363921,245019.399999729
"3431","R log & Total I log",14.29,7380246.63457233,246187.155535902
"3432","R log & Total I log",14.3,7375935.01670795,247307.423850452
"3433","R log & Total I log",14.31,7371678.32394542,248381.731272519
"3434","R log & Total I log",14.32,7367474.95486936,249411.630607869
"3435","R log & Total I log",14.33,7363323.42054132,250398.618520186
"3436","R log & Total I log",14.34,7359222.31613212,251344.143930513
"3437","R log & Total I log",14.35,7355170.34704673,252249.583081749
"3438","R log & Total I log",14.36,7351166.28402519,253116.263731884
"3439","R log & Total I log",14.37,7347209.0085139,253945.428762301
"3440","R log & Total I log",14.38,7343297.45363874,254738.27828307
"3441","R log & Total I log",14.39,7339430.61727827,255495.957649094
"3442","R log & Total I log",14.4,7335607.56043058,256219.557488445
"3443","R log & Total I log",14.41,7331827.40579626,256910.113570368
"3444","R log & Total I log",14.42,7328089.32741781,257568.614502403
"3445","R log & Total I log",14.43,7324392.54494664,258196.005890647
"3446","R log & Total I log",14.44,7320736.31986287,258793.193126203
"3447","R log & Total I log",14.45,7317119.95321856,259361.043058554
"3448","R log & Total I log",14.46,7313542.78322142,259900.385900425
"3449","R log & Total I log",14.47,7310004.18272876,260412.017259384
"3450","R log & Total I log",14.48,7306503.55677428,260896.700170084
"3451","R log & Total I log",14.49,7303040.34031026,261355.166974991
"3452","R log & Total I log",14.5,7299613.99615405,261788.121074475
"3453","R log & Total I log",14.51,7296224.01321177,262196.23848115
"3454","R log & Total I log",14.52,7292869.90476179,262580.16935309
"3455","R log & Total I log",14.53,7289551.20659291,262940.539648686
"3456","R log & Total I log",14.54,7286267.47581843,263277.952204446
"3457","R log & Total I log",14.55,7283018.28954677,263592.987932782
"3458","R log & Total I log",14.56,7279803.24379304,263886.206836148
"3459","R log & Total I log",14.57,7276621.95219587,264158.149187409
"3460","R log & Total I log",14.58,7273474.04490497,264409.336566694
"3461","R log & Total I log",14.59,7270359.16761579,264640.272765012
"3462","R log & Total I log",14.6,7267276.98066637,264851.444634328
"3463","R log & Total I log",14.61,7264227.15816448,265043.322916979
"3464","R log & Total I log",14.62,7261209.38717081,265216.363027291
"3465","R log & Total I log",14.63,7258223.36695222,265371.005768608
"3466","R log & Total I log",14.64,7255268.80828622,265507.67800412
"3467","R log & Total I log",14.65,7252345.43280123,265626.793298326
"3468","R log & Total I log",14.66,7249452.97235722,265728.752523599
"3469","R log & Total I log",14.67,7246591.16847195,265813.944424742
"3470","R log & Total I log",14.68,7243759.77178494,265882.746148874
"3471","R log & Total I log",14.69,7240958.54155043,265935.523750204
"3472","R log & Total I log",14.7,7238187.24515995,265972.632668758
"3473","R log & Total I log",14.71,7235445.65769748,265994.418179133
"3474","R log & Total I log",14.72,7232733.5615235,266001.215812478
"3475","R log & Total I log",14.73,7230050.745882,265993.351757845
"3476","R log & Total I log",14.74,7227397.0065294,265971.143243929
"3477","R log & Total I log",14.75,7224772.1453869,265934.898899153
"3478","R log & Total I log",14.76,7222175.97021464,265884.919091246
"3479","R log & Total I log",14.77,7219608.29430434,265821.49625
"3480","R log & Total I log",14.78,7217068.9361886,265744.915174706
"3481","R log & Total I log",14.79,7214557.71936755,265655.453325427
"3482","R log & Total I log",14.8,7212074.47205186,265553.381098746
"3483","R log & Total I log",14.81,7209619.02692006,265438.9620901
"3484","R log & Total I log",14.82,7207191.22088917,265312.453343854
"3485","R log & Total I log",14.83,7204790.89489834,265174.105590972
"3486","R log & Total I log",14.84,7202417.89370492,265024.163474748
"3487","R log & Total I log",14.85,7200072.0656916,264862.865765946
"3488","R log & Total I log",14.86,7197753.262684,264690.44556821
"3489","R log & Total I log",14.87,7195461.33977833,264507.130513729
"3490","R log & Total I log",14.88,7193196.15517877,264313.142949439
"3491","R log & Total I log",14.89,7190957.57004337,264108.700114774
"3492","R log & Total I log",14.9,7188745.44833788,263894.014311816
"3493","R log & Total I log",14.91,7186559.65669726,263669.293067953
"3494","R log & Total I log",14.92,7184400.06429501,263434.739291057
"3495","R log & Total I log",14.93,7182266.54271941,263190.551417662
"3496","R log & Total I log",14.94,7180158.96585632,262936.923554752
"3497","R log & Total I log",14.95,7178077.20977788,262674.045615525
"3498","R log & Total I log",14.96,7176021.15263682,262402.103449415
"3499","R log & Total I log",14.97,7173990.67456625,262121.278966756
"3500","R log & Total I log",14.98,7171985.65758461,261831.750258309
"3501","R log & Total I log",14.99,7170005.98550567,261533.691709695
"3502","R log & Total I log",15,7168051.54385311,261227.274110944
"3503","R log & Total I log",15.01,7166122.2197877,260912.664769988
"3504","R log & Total I log",15.02,7164217.90223647,260590.027770691
"3505","R log & Total I log",15.03,7162338.4824747,260259.523850374
"3506","R log & Total I log",15.04,7160483.84384154,259921.296472858
"3507","R log & Total I log",15.05,7158653.75986124,259575.319439152
"3508","R log & Total I log",15.06,7156846.65750815,259220.722778173
"3509","R log & Total I log",15.07,7155054.59454351,258856.023269318
"3510","R log & Total I log",15.08,7153252.757493,258483.447051568
"3511","R log & Total I log",15.09,7151388.16041781,258117.996763109
"3512","R log & Total I log",15.1,7149376.50788075,257795.969332888
"3513","R log & Total I log",15.11,7147113.47479744,257575.325465738
"3514","R log & Total I log",15.12,7144498.1848055,257524.564834095
"3515","R log & Total I log",15.13,7141458.57257594,257704.86045202
"3516","R log & Total I log",15.14,7137967.35781504,258154.120662624
"3517","R log & Total I log",15.15,7134044.67269882,258879.029318826
"3518","R log & Total I log",15.16,7129748.73445221,259856.546806616
"3519","R log & Total I log",15.17,7125160.14775437,261042.281729847
"3520","R log & Total I log",15.18,7120365.71812722,262381.567144426
"3521","R log & Total I log",15.19,7115446.32010229,263819.165688778
"3522","R log & Total I log",15.2,7110469.80979289,265305.891728478
"3523","R log & Total I log",15.21,7105488.40331596,266802.059662417
"3524","R log & Total I log",15.22,7100539.38162839,268278.131559072
"3525","R log & Total I log",15.23,7095647.50066292,269713.727303709
"3526","R log & Total I log",15.24,7090827.90620713,271095.850050537
"3527","R log & Total I log",15.25,7086088.93249618,272417.01766347
"3528","R log & Total I log",15.26,7081434.39214577,273673.553480476
"3529","R log & Total I log",15.27,7076865.25046906,274864.293317269
"3530","R log & Total I log",15.28,7072380.7613822,275989.665829505
"3531","R log & Total I log",15.29,7067979.32923104,277050.959487102
"3532","R log & Total I log",15.3,7063658.8849308,278049.986769167
"3533","R log & Total I log",15.31,7059417.20948286,278988.786509846
"3534","R log & Total I log",15.32,7055252.0829592,279869.469849382
"3535","R log & Total I log",15.33,7051161.35467181,280694.141597832
"3536","R log & Total I log",15.34,7047142.98043243,281464.855576434
"3537","R log & Total I log",15.35,7043195.03256541,282183.590178468
"3538","R log & Total I log",15.36,7039315.70337736,282852.236925856
"3539","R log & Total I log",15.37,7035503.30010261,283472.5987089
"3540","R log & Total I log",15.38,7031756.23570553,284046.392122775
"3541","R log & Total I log",15.39,7028073.01786051,284575.252439342
"3542","R log & Total I log",15.4,7024452.23997185,285060.738403715
"3543","R log & Total I log",15.41,7020892.57453432,285504.336196885
"3544","R log & Total I log",15.42,7017392.76732931,285907.46337295
"3545","R log & Total I log",15.43,7013951.63172467,286271.473010469
"3546","R log & Total I log",15.44,7010568.04331203,286597.657673318
"3547","R log & Total I log",15.45,7007240.93512301,286887.252981172
"3548","R log & Total I log",15.46,7003969.29334113,287141.44095183
"3549","R log & Total I log",15.47,7000752.15338573,287361.353237766
"3550","R log & Total I log",15.48,6997588.5965318,287548.074032962
"3551","R log & Total I log",15.49,6994477.74654728,287702.643004594
"3552","R log & Total I log",15.5,6991418.76663247,287826.057965755
"3553","R log & Total I log",15.51,6988410.85698553,287919.277035536
"3554","R log & Total I log",15.52,6985453.25248299,287983.220744576
"3555","R log & Total I log",15.53,6982545.22040463,288018.774138071
"3556","R log & Total I log",15.54,6979686.05829392,288026.788763823
"3557","R log & Total I log",15.55,6976875.09203695,288008.084459583
"3558","R log & Total I log",15.56,6974111.67412682,287963.45098151
"3559","R log & Total I log",15.57,6971395.18202622,287893.649563711
"3560","R log & Total I log",15.58,6968725.0166352,287799.414395929
"3561","R log & Total I log",15.59,6966100.60089272,287681.453976973
"3562","R log & Total I log",15.6,6963521.37848732,287540.452362833
"3563","R log & Total I log",15.61,6960986.81263611,287377.070356293
"3564","R log & Total I log",15.62,6958496.38493379,287191.946641937
"3565","R log & Total I log",15.63,6956049.59429368,286985.698839427
"3566","R log & Total I log",15.64,6953645.9559751,286758.924473806
"3567","R log & Total I log",15.65,6951285.00066771,286512.201891563
"3568","R log & Total I log",15.66,6948966.27362187,286246.091137991
"3569","R log & Total I log",15.67,6946689.33383697,285961.134783937
"3570","R log & Total I log",15.68,6944453.75331365,285657.858692483
"3571","R log & Total I log",15.69,6942259.11635592,285336.772737361
"3572","R log & Total I log",15.7,6940105.01890947,284998.371488297
"3573","R log & Total I log",15.71,6937991.06793765,284643.13486297
"3574","R log & Total I log",15.72,6935916.88084107,284271.528738321
"3575","R log & Total I log",15.73,6933882.08491706,283884.00552341
"3576","R log & Total I log",15.74,6931886.31685001,283481.004703102
"3577","R log & Total I log",15.75,6929929.22222907,283062.953356486
"3578","R log & Total I log",15.76,6928010.45509576,282630.266647286
"3579","R log & Total I log",15.77,6926129.67752125,282183.348285677
"3580","R log & Total I log",15.78,6924286.55920879,281722.590965865
"3581","R log & Total I log",15.79,6922480.7771178,281248.376783132
"3582","R log & Total I log",15.8,6920712.01510957,280761.077630266
"3583","R log & Total I log",15.81,6918979.96361458,280261.05557291
"3584","R log & Total I log",15.82,6917284.31931953,279748.663205771
"3585","R log & Total I log",15.83,6915624.78487164,279224.243992083
"3586","R log & Total I log",15.84,6914001.0685993,278688.13258705
"3587","R log & Total I log",15.85,6912412.884249,278140.655145369
"3588","R log & Total I log",15.86,6910859.95073714,277582.12961387
"3589","R log & Total I log",15.87,6909341.99191562,277012.866010731
"3590","R log & Total I log",15.88,6907858.73635017,276433.166691924
"3591","R log & Total I log",15.89,6906409.91711113,275843.32660521
"3592","R log & Total I log",15.9,6904995.27157561,275243.63353249
"3593","R log & Total I log",15.91,6903614.54124021,274634.368321572
"3594","R log & Total I log",15.92,6902267.47154369,274015.805107898
"3595","R log & Total I log",15.93,6900953.81169949,273388.21152638
"3596","R log & Total I log",15.94,6899673.31453732,272751.848913791
"3597","R log & Total I log",15.95,6898425.73635324,272106.972502465
"3598","R log & Total I log",15.96,6897210.83676731,271453.831605954
"3599","R log & Total I log",15.97,6896028.37858873,270792.669796985
"3600","R log & Total I log",15.98,6894878.12768797,270123.725078045
"3601","R log & Total I log",15.99,6893759.85287577,269447.230044925
"3602","R log & Total I log",16,6892673.32578838,268763.41204353
"3603","R log & Total I log",16.01,6891618.32078128,268072.49332309
"3604","R log & Total I log",16.02,6890594.61489185,267374.691240351
"3605","R log & Total I log",16.03,6889601.98802468,266670.218415688
"3606","R log & Total I log",16.04,6888640.22039711,265959.279478289
"3607","R log & Total I log",16.05,6887709.06278948,265242.023741412
"3608","R log & Total I log",16.06,6886807.8721685,264518.204617418
"3609","R log & Total I log",16.07,6885933.47471063,263786.722013793
"3610","R log & Total I log",16.08,6885074.32192965,263046.800191996
"3611","R log & Total I log",16.09,6884201.35312814,262302.807716867
"3612","R log & Total I log",16.1,6883260.27415173,261571.903160253
"3613","R log & Total I log",16.11,6882172.21894542,260889.527167594
"3614","R log & Total I log",16.12,6880845.97586807,260307.451993249
"3615","R log & Total I log",16.13,6879197.98798198,259883.560677806
"3616","R log & Total I log",16.14,6877172.31810703,259667.211654519
"3617","R log & Total I log",16.15,6874752.34100622,259687.069154389
"3618","R log & Total I log",16.16,6871961.77085912,259945.253034738
"3619","R log & Total I log",16.17,6868856.14640212,260419.05934277
"3620","R log & Total I log",16.18,6865509.4315391,261068.140448979
"3621","R log & Total I log",16.19,6862000.54219412,261843.599204002
"3622","R log & Total I log",16.2,6858402.93191204,262696.12560176
"3623","R log & Total I log",16.21,6854778.54892022,263581.662407581
"3624","R log & Total I log",16.22,6851175.38266982,264464.431614032
"3625","R log & Total I log",16.23,6847627.77712979,265317.766514296
"3626","R log & Total I log",16.24,6844158.75198357,266123.112109245
"3627","R log & Total I log",16.25,6840782.12510825,266868.885677018
"3628","R log & Total I log",16.26,6837505.44136803,267548.476480961
"3629","R log & Total I log",16.27,6834331.75869364,268158.982554351
"3630","R log & Total I log",16.28,6831261.47155291,268699.791134311
"3631","R log & Total I log",16.29,6828293.21017756,269171.900451536
"3632","R log & Total I log",16.3,6825424.71917265,269577.163372876
"3633","R log & Total I log",16.31,6822653.30883401,269917.903202151
"3634","R log & Total I log",16.32,6819976.13240338,270196.658299906
"3635","R log & Total I log",16.33,6817390.35431739,270416.019415107
"3636","R log & Total I log",16.34,6814893.21700885,270578.557217585
"3637","R log & Total I log",16.35,6812482.08457949,270686.770289867
"3638","R log & Total I log",16.36,6810154.47320102,270743.045558248
"3639","R log & Total I log",16.37,6807908.04700395,270749.653930892
"3640","R log & Total I log",16.38,6805740.60381943,270708.757082579
"3641","R log & Total I log",16.39,6803650.06453827,270622.411731497
"3642","R log & Total I log",16.4,6801634.46534944,270492.572428542
"3643","R log & Total I log",16.41,6799691.95003546,270321.095752567
"3644","R log & Total I log",16.42,6797820.76090943,270109.746336053
"3645","R log & Total I log",16.43,6796019.22995227,269860.203401565
"3646","R log & Total I log",16.44,6794285.7721271,269574.066008106
"3647","R log & Total I log",16.45,6792618.87967111,269252.857552066
"3648","R log & Total I log",16.46,6791017.11650912,268898.030186812
"3649","R log & Total I log",16.47,6789479.11270781,268510.969343677
"3650","R log & Total I log",16.48,6788003.55947969,268092.998000585
"3651","R log & Total I log",16.49,6786589.20492871,267645.380476486
"3652","R log & Total I log",16.5,6785234.85032993,267169.32581085
"3653","R log & Total I log",16.51,6783939.34666851,266665.990894633
"3654","R log & Total I log",16.52,6782701.59134987,266136.483448233
"3655","R log & Total I log",16.53,6781520.52512984,265581.864850599
"3656","R log & Total I log",16.54,6780395.129366,265003.152742811
"3657","R log & Total I log",16.55,6779324.4235429,264401.3234017
"3658","R log & Total I log",16.56,6778307.46298119,263777.313927285
"3659","R log & Total I log",16.57,6777343.3366736,263132.024308152
"3660","R log & Total I log",16.58,6776431.16525899,262466.319383047
"3661","R log & Total I log",16.59,6775570.09916946,261781.030665479
"3662","R log & Total I log",16.6,6774759.31694359,261076.958013952
"3663","R log & Total I log",16.61,6773998.02365571,260354.871184238
"3664","R log & Total I log",16.62,6773285.44942618,259615.511307604
"3665","R log & Total I log",16.63,6772620.84802454,258859.592293972
"3666","R log & Total I log",16.64,6772003.49558711,258087.802133952
"3667","R log & Total I log",16.65,6771432.68943717,257300.804101088
"3668","R log & Total I log",16.66,6770907.74697532,256499.237884933
"3669","R log & Total I log",16.67,6770428.00462739,255683.720673005
"3670","R log & Total I log",16.68,6769992.81686224,254854.848171276
"3671","R log & Total I log",16.69,6769601.55528546,254013.195552906
"3672","R log & Total I log",16.7,6769253.60779465,253159.318346405
"3673","R log & Total I log",16.71,6768948.37777995,252293.753280586
"3674","R log & Total I log",16.72,6768685.28336952,251417.019088657
"3675","R log & Total I log",16.73,6768463.75672632,250529.617264121
"3676","R log & Total I log",16.74,6768283.24339337,249632.032769368
"3677","R log & Total I log",16.75,6768143.20167714,248724.734706875
"3678","R log & Total I log",16.76,6768043.10206405,247808.176959019
"3679","R log & Total I log",16.77,6767982.42667164,246882.798794727
"3680","R log & Total I log",16.78,6767960.66873532,245949.02544152
"3681","R log & Total I log",16.79,6767977.33212592,245007.268626963
"3682","R log & Total I log",16.8,6768031.9308935,244057.927094397
"3683","R log & Total I log",16.81,6768123.98883624,243101.387094097
"3684","R log & Total I log",16.82,6768253.03909497,242138.022849203
"3685","R log & Total I log",16.83,6768418.62377143,241168.196997784
"3686","R log & Total I log",16.84,6768620.29356752,240192.261013925
"3687","R log & Total I log",16.85,6768857.60744378,239210.555609524
"3688","R log & Total I log",16.86,6769130.13229667,238223.411117106
"3689","R log & Total I log",16.87,6769437.44265392,237231.147854291
"3690","R log & Total I log",16.88,6769779.12038636,236234.076471463
"3691","R log & Total I log",16.89,6770154.75443484,235232.498283932
"3692","R log & Total I log",16.9,6770563.94055145,234226.70558927
"3693","R log & Total I log",16.91,6771006.28105442,233216.981970418
"3694","R log & Total I log",16.92,6771481.38459581,232203.602585521
"3695","R log & Total I log",16.93,6771988.86594096,231186.83444538
"3696","R log & Total I log",16.94,6772528.34575932,230166.936679047
"3697","R log & Total I log",16.95,6773099.45042588,229144.160788052
"3698","R log & Total I log",16.96,6773701.8118326,228118.750889927
"3699","R log & Total I log",16.97,6774335.06720908,227090.943951778
"3700","R log & Total I log",16.98,6774998.85895191,226060.970014436
"3701","R log & Total I log",16.99,6775692.8344624,225029.05240757
"3702","R log & Total I log",17,6776416.64599221,223995.407956151
"3703","R log & Total I log",17.01,6777169.95049691,222960.247179641
"3704","R log & Total I log",17.02,6777952.40951003,221923.77450449
"3705","R log & Total I log",17.03,6778763.68908111,220886.188515113
"3706","R log & Total I log",17.04,6779603.45924635,219847.680915315
"3707","R log & Total I log",17.05,6780471.38360644,218808.419530587
"3708","R log & Total I log",17.06,6781367.05712815,217768.432507184
"3709","R log & Total I log",17.07,6782289.47898437,216727.130991211
"3710","R log & Total I log",17.08,6783235.10335617,215682.880933705
"3711","R log & Total I log",17.09,6784193.85771675,214633.934546738
"3712","R log & Total I log",17.1,6785144.17181358,213581.44482494
"3713","R log & Total I log",17.11,6786049.91382194,212533.995687962
"3714","R log & Total I log",17.12,6786862.59854676,211510.471403042
"3715","R log & Total I log",17.13,6787529.60664513,210538.797306468
"3716","R log & Total I log",17.14,6788005.76262699,209650.175776956
"3717","R log & Total I log",17.15,6788263.87104642,208871.158922401
"3718","R log & Total I log",17.16,6788300.62290791,208216.864647424
"3719","R log & Total I log",17.17,6788135.97597971,207687.827018884
"3720","R log & Total I log",17.18,6787807.6822723,207270.896867201
"3721","R log & Total I log",17.19,6787363.57694893,206942.947112808
"3722","R log & Total I log",17.2,6786853.02389073,206676.246952596
"3723","R log & Total I log",17.21,6786321.53228365,206442.717817477
"3724","R log & Total I log",17.22,6785806.81608536,206217.433775546
"3725","R log & Total I log",17.23,6785337.73497186,205980.252760795
"3726","R log & Total I log",17.24,6784934.5379426,205716.341651929
"3727","R log & Total I log",17.25,6784610.21065764,205415.744087424
"3728","R log & Total I log",17.26,6784372.09871411,205072.524580058
"3729","R log & Total I log",17.27,6784223.51668744,204683.763399694
"3730","R log & Total I log",17.28,6784164.98881276,204248.72599154
"3731","R log & Total I log",17.29,6784195.30931645,203768.101385871
"3732","R log & Total I log",17.3,6784312.29227194,203243.427806988
"3733","R log & Total I log",17.31,6784513.19657464,202676.757040297
"3734","R log & Total I log",17.32,6784795.06564449,202070.375819676
"3735","R log & Total I log",17.33,6785154.92760615,201426.625522934
"3736","R log & Total I log",17.34,6785589.86927393,200747.834633054
"3737","R log & Total I log",17.35,6786097.09861051,200036.257888085
"3738","R log & Total I log",17.36,6786673.97853446,199294.038669647
"3739","R log & Total I log",17.37,6787318.02893963,198523.198909871
"3740","R log & Total I log",17.38,6788026.87695103,197725.675366654
"3741","R log & Total I log",17.39,6788798.34227461,196903.247709797
"3742","R log & Total I log",17.4,6789630.34048236,196057.613239609
"3743","R log & Total I log",17.41,6790520.90494332,195190.368344195
"3744","R log & Total I log",17.42,6791468.18558832,194303.007795355
"3745","R log & Total I log",17.43,6792470.44214528,193396.928862852
"3746","R log & Total I log",17.44,6793526.01260111,192473.458676285
"3747","R log & Total I log",17.45,6794633.32147928,191533.846087274
"3748","R log & Total I log",17.46,6795790.87492096,190579.26556607
"3749","R log & Total I log",17.47,6796997.25440771,189610.822449809
"3750","R log & Total I log",17.48,6798251.10272059,188629.565366831
"3751","R log & Total I log",17.49,6799551.13295034,187636.477750085
"3752","R log & Total I log",17.5,6800896.10588555,186632.498489775
"3753","R log & Total I log",17.51,6802284.85257158,185618.500864369
"3754","R log & Total I log",17.52,6803716.24343962,184595.321184284
"3755","R log & Total I log",17.53,6805189.19397985,183563.753281454
"3756","R log & Total I log",17.54,6806702.66658839,182524.546702413
"3757","R log & Total I log",17.55,6808255.66643699,181478.41054506
"3758","R log & Total I log",17.56,6809847.23794034,180426.016747452
"3759","R log & Total I log",17.57,6811476.4620442,179368.002605017
"3760","R log & Total I log",17.58,6813142.45400313,178304.972835263
"3761","R log & Total I log",17.59,6814844.36139706,177237.501431189
"3762","R log & Total I log",17.6,6816581.36034332,176166.135242218
"3763","R log & Total I log",17.61,6818352.65648245,175091.392931018
"3764","R log & Total I log",17.62,6820157.48522301,174013.764853255
"3765","R log & Total I log",17.63,6821995.10758385,172933.717008689
"3766","R log & Total I log",17.64,6823864.80819548,171851.692959228
"3767","R log & Total I log",17.65,6825765.89394062,170768.115095099
"3768","R log & Total I log",17.66,6827697.69323002,169683.385319945
"3769","R log & Total I log",17.67,6829659.55512624,168597.885891829
"3770","R log & Total I log",17.68,6831650.84836356,167511.980378719
"3771","R log & Total I log",17.69,6833670.96036638,166426.014615753
"3772","R log & Total I log",17.7,6835719.29627573,165340.317658646
"3773","R log & Total I log",17.71,6837795.27789915,164255.20280362
"3774","R log & Total I log",17.72,6839898.34296,163170.968319515
"3775","R log & Total I log",17.73,6842027.94447484,162087.898062441
"3776","R log & Total I log",17.74,6844183.55006696,161006.262157085
"3777","R log & Total I log",17.75,6846364.64123824,159926.317718495
"3778","R log & Total I log",17.76,6848570.71270197,158848.309513143
"3779","R log & Total I log",17.77,6850801.27180425,157772.470534546
"3780","R log & Total I log",17.78,6853055.83799226,156699.022535602
"3781","R log & Total I log",17.79,6855333.94229602,155628.176549422
"3782","R log & Total I log",17.8,6857635.12682671,154560.133394297
"3783","R log & Total I log",17.81,6859958.94430597,153495.084148363
"3784","R log & Total I log",17.82,6862304.95762892,152433.210591758
"3785","R log & Total I log",17.83,6864672.73945362,151374.68562365
"3786","R log & Total I log",17.84,6867061.8718107,150319.673660002
"3787","R log & Total I log",17.85,6869471.94573189,149268.331012922
"3788","R log & Total I log",17.86,6871902.56089858,148220.806250511
"3789","R log & Total I log",17.87,6874353.32531013,147177.240537339
"3790","R log & Total I log",17.88,6876823.85497038,146137.767957297
"3791","R log & Total I log",17.89,6879313.77359005,145102.515820756
"3792","R log & Total I log",17.9,6881822.71230397,144071.604957164
"3793","R log & Total I log",17.91,6884350.30940257,143045.149993481
"3794","R log & Total I log",17.92,6886896.21007713,142023.259618913
"3795","R log & Total I log",17.93,6889460.06617788,141006.036836863
"3796","R log & Total I log",17.94,6892041.53598405,139993.579205087
"3797","R log & Total I log",17.95,6894640.28398482,138985.97906472
"3798","R log & Total I log",17.96,6897255.98067106,137983.323758628
"3799","R log & Total I log",17.97,6899888.30233691,136985.695839587
"3800","R log & Total I log",17.98,6902536.93089085,135993.173268945
"3801","R log & Total I log",17.99,6905201.55367552,135005.829606358
"3802","R log & Total I log",18,6907881.86329587,134023.734191045
"3803","R log & Total I log",18.01,6910577.55745525,133046.952315231
"3804","R log & Total I log",18.02,6913288.33880066,132075.545397565
"3805","R log & Total I log",18.03,6916013.91478527,131109.571173873
"3806","R log & Total I log",18.04,6918753.99749085,130149.083530188
"3807","R log & Total I log",18.05,6921508.30212453,129194.127319858
"3808","R log & Total I log",18.06,6924276.53959076,128244.697080909
"3809","R log & Total I log",18.07,6927058.34659041,127300.482369079
"3810","R log & Total I log",18.08,6929852.9535551,126360.246053282
"3811","R log & Total I log",18.09,6932658.31932508,125421.104058229
"3812","R log & Total I log",18.1,6935469.68599312,124478.433918443
"3813","R log & Total I log",18.11,6938278.09958551,123527.087745562
"3814","R log & Total I log",18.12,6941069.88569987,122563.706367576
"3815","R log & Total I log",18.13,6943827.97331695,121588.867935004
"3816","R log & Total I log",18.14,6946535.00853823,120607.828444204
"3817","R log & Total I log",18.15,6949177.28090344,119629.311743081
"3818","R log & Total I log",18.16,6951748.02168043,118663.005912841
"3819","R log & Total I log",18.17,6954248.97396025,117716.86398172
"3820","R log & Total I log",18.18,6956689.85321343,116795.283990281
"3821","R log & Total I log",18.19,6959086.12261807,115898.604893959
"3822","R log & Total I log",18.2,6961456.12221172,115023.768364834
"3823","R log & Total I log",18.21,6963818.28351326,114165.555909375
"3824","R log & Total I log",18.22,6966189.00694275,113317.986702158
"3825","R log & Total I log",18.23,6968581.57055546,112475.370434523
"3826","R log & Total I log",18.24,6971005.75848215,111632.992229942
"3827","R log & Total I log",18.25,6973468.08290083,110787.392663612
"3828","R log & Total I log",18.26,6975972.34476384,109936.354316152
"3829","R log & Total I log",18.27,6978520.28431982,109078.71932529
"3830","R log & Total I log",18.28,6981112.1247925,108214.141072965
"3831","R log & Total I log",18.29,6983747.14192064,107342.857912755
"3832","R log & Total I log",18.3,6986424.00620292,106465.474827737
"3833","R log & Total I log",18.31,6989141.07201173,105582.813305006
"3834","R log & Total I log",18.32,6991896.55531385,104695.795171663
"3835","R log & Total I log",18.33,6994688.65201865,103805.363839998
"3836","R log & Total I log",18.34,6997515.59317977,102912.446383655
"3837","R log & Total I log",18.35,7000375.6876851,102017.923483584
"3838","R log & Total I log",18.36,7003267.33660951,101122.617114014
"3839","R log & Total I log",18.37,7006189.03732678,100227.284957783
"3840","R log & Total I log",18.38,7009139.38174401,99332.6198847331
"3841","R log & Total I log",18.39,7012117.05128709,98439.2534700859
"3842","R log & Total I log",18.4,7015120.81063627,97547.7607228065
"3843","R log & Total I log",18.41,7018149.50137573,96658.663936356
"3844","R log & Total I log",18.42,7021202.03574855,95772.4362137155
"3845","R log & Total I log",18.43,7024277.3903597,94889.5057911734
"3846","R log & Total I log",18.44,7027374.60035396,94010.2606927124
"3847","R log & Total I log",18.45,7030492.7546224,93135.0524983712
"3848","R log & Total I log",18.46,7033630.99172814,92264.1991874504
"3849","R log & Total I log",18.47,7036788.49593198,91397.9878798682
"3850","R log & Total I log",18.48,7039964.49332232,90536.6777629051
"3851","R log & Total I log",18.49,7043158.24844009,89680.5027233842
"3852","R log & Total I log",18.5,7046369.06149737,88829.6734911352
"3853","R log & Total I log",18.51,7049596.26586281,87984.3794500168
"3854","R log & Total I log",18.52,7052839.22538098,87144.7906346911
"3855","R log & Total I log",18.53,7056097.33262947,86311.0591104051
"3856","R log & Total I log",18.54,7059370.00679185,85483.3205657065
"3857","R log & Total I log",18.55,7062656.69171042,84661.6957321929
"3858","R log & Total I log",18.56,7065956.85414602,83846.2916719256
"3859","R log & Total I log",18.57,7069269.98247401,83037.2027689948
"3860","R log & Total I log",18.58,7072595.58526406,82234.5117913097
"3861","R log & Total I log",18.59,7075933.19002467,81438.2908130035
"3862","R log & Total I log",18.6,7079282.34197841,80648.6021196606
"3863","R log & Total I log",18.61,7082642.60292707,79865.4990213302
"3864","R log & Total I log",18.62,7086013.550328,79089.0265046796
"3865","R log & Total I log",18.63,7089394.77640332,78319.2218794077
"3866","R log & Total I log",18.64,7092785.8872857,77556.1154100356
"3867","R log & Total I log",18.65,7096186.50223618,76799.730879158
"3868","R log & Total I log",18.66,7099596.25294118,76050.0860717248
"3869","R log & Total I log",18.67,7103014.78278054,75307.1932736667
"3870","R log & Total I log",18.68,7106441.74632354,74571.0596251172
"3871","R log & Total I log",18.69,7109876.8086929,73841.6875669904
"3872","R log & Total I log",18.7,7113319.64497874,73119.0752446807
"3873","R log & Total I log",18.71,7116769.93973886,72403.2168444107
"3874","R log & Total I log",18.72,7120227.38654862,71694.1028922121
"3875","R log & Total I log",18.73,7123691.68757083,70991.720539149
"3876","R log & Total I log",18.74,7127162.55316231,70296.0538220188
"3877","R log & Total I log",18.75,7130639.7014657,69607.0839325302
"3878","R log & Total I log",18.76,7134122.85802233,68924.7894667357
"3879","R log & Total I log",18.77,7137611.75545867,68249.1466226858
"3880","R log & Total I log",18.78,7141106.13319764,67580.129382322
"3881","R log & Total I log",18.79,7144605.73716035,66917.7096998738
"3882","R log & Total I log",18.8,7148110.3194724,66261.8576846838
"3883","R log & Total I log",18.81,7151619.63819658,65612.5417636698
"3884","R log & Total I log",18.82,7155133.45709139,64969.7288256936
"3885","R log & Total I log",18.83,7158651.54538295,64333.3843571889
"3886","R log & Total I log",18.84,7162173.67754502,63703.4725719244
"3887","R log & Total I log",18.85,7165699.63308997,63079.9565321458
"3888","R log & Total I log",18.86,7169229.19637308,62462.7982597911
"3889","R log & Total I log",18.87,7172762.15640861,61851.9588395338
"3890","R log & Total I log",18.88,7176298.30669535,61247.3985154108
"3891","R log & Total I log",18.89,7179837.4450507,60649.076781228
"3892","R log & Total I log",18.9,7183379.37345355,60056.9524645957
"3893","R log & Total I log",18.91,7186923.89789536,59470.9838050802
"3894","R log & Total I log",18.92,7190470.82823882,58891.1285271882
"3895","R log & Total I log",18.93,7194019.97808347,58317.3439085449
"3896","R log & Total I log",18.94,7197571.16463794,57749.5868434316
"3897","R log & Total I log",18.95,7201124.20859838,57187.8139019949
"3898","R log & Total I log",18.96,7204678.9340328,56631.9813855087
"3899","R log & Total I log",18.97,7208235.16827063,56082.0453779702
"3900","R log & Total I log",18.98,7211792.74179757,55537.961794201
"3901","R log & Total I log",18.99,7215351.48815516,54999.6864246814
"3902","R log & Total I log",19,7218911.24384498,54467.1749773796
"3903","R log & Total I log",19.01,7222471.84823696,53940.3831168661
"3904","R log & Total I log",19.02,7226033.14348194,53419.2665027724
"3905","R log & Total I log",19.03,7229594.97442932,52903.7808352463
"3906","R log & Total I log",19.04,7233157.1885453,52393.881821278
"3907","R log & Total I log",19.05,7236719.63570584,51889.5238258746
"3908","R log & Total I log",19.06,7240282.16688598,51390.6473294668
"3909","R log & Total I log",19.07,7243844.62740363,50897.1131550398
"3910","R log & Total I log",19.08,7247406.811547,50408.4168072349
"3911","R log & Total I log",19.09,7250968.30825356,49923.1705297236
"3912","R log & Total I log",19.1,7254528.18171497,49438.5479853386
"3913","R log & Total I log",19.11,7258084.51933068,48950.1420117393
"3914","R log & Total I log",19.12,7261634.04629097,48452.6284421023
"3915","R log & Total I log",19.13,7265172.10268907,47941.1325887368
"3916","R log & Total I log",19.14,7268693.1671206,47412.7369206419
"3917","R log & Total I log",19.15,7272191.89965145,46867.4232666978
"3918","R log & Total I log",19.16,7275664.32026628,46308.076371815
"3919","R log & Total I log",19.17,7279108.82950149,45739.6133491465
"3920","R log & Total I log",19.18,7282526.57576875,45167.714719326
"3921","R log & Total I log",19.19,7285921.25796456,44597.64553948
"3922","R log & Total I log",19.2,7289298.33409063,44033.4865833972
"3923","R log & Total I log",19.21,7292664.15661299,43477.8692830569
"3924","R log & Total I log",19.22,7296024.99012717,42932.09853691
"3925","R log & Total I log",19.23,7299386.40438642,42396.4878590145
"3926","R log & Total I log",19.24,7302752.85113408,41870.7370674641
"3927","R log & Total I log",19.25,7306127.59964861,41354.2635719972
"3928","R log & Total I log",19.26,7309512.77581919,40846.4226042159
"3929","R log & Total I log",19.27,7312909.5537864,40346.639275111
"3930","R log & Total I log",19.28,7316318.3779786,39854.4573654685
"3931","R log & Total I log",19.29,7319739.16760865,39369.5499558285
"3932","R log & Total I log",19.3,7323171.49379484,38891.698952691
"3933","R log & Total I log",19.31,7326614.72391827,38420.7666461483
"3934","R log & Total I log",19.32,7330068.10273401,37956.6691720749
"3935","R log & Total I log",19.33,7333530.82999112,37499.354289803
"3936","R log & Total I log",19.34,7337002.12590849,37048.7858614028
"3937","R log & Total I log",19.35,7340481.20124977,36604.9306830963
"3938","R log & Total I log",19.36,7343967.31350075,36167.7543039603
"3939","R log & Total I log",19.37,7347459.75874512,35737.2159629753
"3940","R log & Total I log",19.38,7350957.8726595,35313.2677298906
"3941","R log & Total I log",19.39,7354461.03776602,34895.8529426997
"3942","R log & Total I log",19.4,7357968.67330849,34484.9079832074
"3943","R log & Total I log",19.41,7361480.22643113,34080.3611005694
"3944","R log & Total I log",19.42,7364995.20393826,33682.1383798724
"3945","R log & Total I log",19.43,7368513.12826994,33290.1594499474
"3946","R log & Total I log",19.44,7372033.54156086,32904.3382539805
"3947","R log & Total I log",19.45,7375556.02484876,32524.5875475077
"3948","R log & Total I log",19.46,7379080.18233569,32150.8179654333
"3949","R log & Total I log",19.47,7382605.63808246,31782.9377528911
"3950","R log & Total I log",19.48,7386132.03225593,31420.8544800399
"3951","R log & Total I log",19.49,7389659.03194346,31064.4747340878
"3952","R log & Total I log",19.5,7393186.31682871,30713.7051807909
"3953","R log & Total I log",19.51,7396713.5849954,30368.4526086596
"3954","R log & Total I log",19.52,7400240.54840191,30028.6240731847
"3955","R log & Total I log",19.53,7403766.93335977,29694.1273347155
"3956","R log & Total I log",19.54,7407292.47935333,29364.8710675999
"3957","R log & Total I log",19.55,7410816.93807715,29040.7649563222
"3958","R log & Total I log",19.56,7414340.07235145,28721.7198014953
"3959","R log & Total I log",19.57,7417861.65540215,28407.6476523916
"3960","R log & Total I log",19.58,7421381.47030943,28098.461930264
"3961","R log & Total I log",19.59,7424899.30946088,27794.0775148168
"3962","R log & Total I log",19.6,7428414.97393824,27494.4108184259
"3963","R log & Total I log",19.61,7431928.27293479,27199.3798160801
"3964","R log & Total I log",19.62,7435439.02329017,26908.9040480464
"3965","R log & Total I log",19.63,7438947.04906267,26622.9046428269
"3966","R log & Total I log",19.64,7442452.18110853,26341.3043629539
"3967","R log & Total I log",19.65,7445954.25668106,26064.0276367488
"3968","R log & Total I log",19.66,7449453.11907532,25791.0005516425
"3969","R log & Total I log",19.67,7452948.61730968,25522.1508264222
"3970","R log & Total I log",19.68,7456440.60582069,25257.4077937698
"3971","R log & Total I log",19.69,7459928.94416507,24996.7023996444
"3972","R log & Total I log",19.7,7463413.49674163,24739.9672017619
"3973","R log & Total I log",19.71,7466894.13254231,24487.1363527362
"3974","R log & Total I log",19.72,7470370.72492506,24238.1455719135
"3975","R log & Total I log",19.73,7473843.15139644,23992.932118272
"3976","R log & Total I log",19.74,7477311.29340257,23751.4347694734
"3977","R log & Total I log",19.75,7480775.03613132,23513.5938026461
"3978","R log & Total I log",19.76,7484234.26833067,23279.3509699524
"3979","R log & Total I log",19.77,7487688.8821412,23048.64946932
"3980","R log & Total I log",19.78,7491138.77293668,22821.4339156165
"3981","R log & Total I log",19.79,7494583.83917115,22597.6503147224
"3982","R log & Total I log",19.8,7498023.98223452,22377.2460381291
"3983","R log & Total I log",19.81,7501459.1063183,22160.1697954213
"3984","R log & Total I log",19.82,7504889.11828973,21946.3716053224
"3985","R log & Total I log",19.83,7508313.92757172,21735.8027676482
"3986","R log & Total I log",19.84,7511733.44602803,21528.4158367917
"3987","R log & Total I log",19.85,7515147.58785486,21324.1645954156
"3988","R log & Total I log",19.86,7518556.26947884,21123.0040274607
"3989","R log & Total I log",19.87,7521959.40946057,20924.8902911406
"3990","R log & Total I log",19.88,7525356.92840225,20729.7806928796
"3991","R log & Total I log",19.89,7528748.74885975,20537.6336621177
"3992","R log & Total I log",19.9,7532134.79525905,20348.4087263251
"3993","R log & Total I log",19.91,7535514.99381724,20162.0664860749
"3994","R log & Total I log",19.92,7538889.27246704,19978.5685906118
"3995","R log & Total I log",19.93,7542257.56078471,19797.8777141925
"3996","R log & Total I log",19.94,7545619.78992116,19619.957533006
"3997","R log & Total I log",19.95,7548975.89253639,19444.7727024373
"3998","R log & Total I log",19.96,7552325.80273698,19272.2888347289
"3999","R log & Total I log",19.97,7555669.45601623,19102.4724772264
"4000","R log & Total I log",19.98,7559006.78919685,18935.2910912213
"4001","R log & Total I log",19.99,7562337.74037618,18770.7130312758
"4002","R log & Total I log",20,7565662.2488737,18608.7075249792
