"label","fitness_optimized","fitness_randomized"
"Gametocyte log (G log)",9.561373,0.467178979313136
"Gametocyte log (G log)",9.561373,6.93725042211922e-05
"Gametocyte log (G log)",9.561373,0.00440055127133999
"Gametocyte log (G log)",9.561373,8.03108463734837e-14
"Gametocyte log (G log)",9.561373,0.624214899548948
"Gametocyte log (G log)",9.561373,4.75756262696963e-57
"Gametocyte log (G log)",9.561373,0.0402518862638419
"Gametocyte log (G log)",9.561373,0.00453806849284165
"Gametocyte log (G log)",9.561373,0.00439644673750947
"Gametocyte log (G log)",9.561373,1.87602700390716
"Gametocyte log (G log)",9.561373,0.00489566382055842
"Gametocyte log (G log)",9.561373,0.646451364981915
"Gametocyte log (G log)",9.561373,0.031313030665741
"Gametocyte log (G log)",9.561373,8.13035747579408e-24
"Gametocyte log (G log)",9.561373,0.00439936869835747
"Gametocyte log (G log)",9.561373,0.00504826238563616
"Gametocyte log (G log)",9.561373,0.00229317055797548
"Gametocyte log (G log)",9.561373,1.62855998792255
"Gametocyte log (G log)",9.561373,3.26213781187302
"Gametocyte log (G log)",9.561373,0.00510608944216887
"Gametocyte log (G log)",9.561373,1.7732692346139
"Gametocyte log (G log)",9.561373,1.55680517879317
"Gametocyte log (G log)",9.561373,2.29103048305642
"Gametocyte log (G log)",9.561373,0.507426488749633
"Gametocyte log (G log)",9.561373,0.549847865226749
"Gametocyte log (G log)",9.561373,0.00454753776760465
"Gametocyte log (G log)",9.561373,0.0511627342923426
"Gametocyte log (G log)",9.561373,4.87282281073539e-05
"Gametocyte log (G log)",9.561373,0.00471524763318005
"Gametocyte log (G log)",9.561373,0.00439698041556
"Gametocyte log (G log)",9.561373,8.00606641670675e-13
"Gametocyte log (G log)",9.561373,7.42822717676003e-32
"Gametocyte log (G log)",9.561373,1.4578763480982
"Gametocyte log (G log)",9.561373,3.94262919105956e-95
"Gametocyte log (G log)",9.561373,1.62551376257031
"Gametocyte log (G log)",9.561373,2.75591630154599
"Gametocyte log (G log)",9.561373,5.82605810220065e-48
"Gametocyte log (G log)",9.561373,2.93079619947164
"Gametocyte log (G log)",9.561373,0.0194080701848235
"Gametocyte log (G log)",9.561373,0.0044018513316113
"Gametocyte log (G log)",9.561373,0.00439544265373424
"Gametocyte log (G log)",9.561373,2.01571959285074
"Gametocyte log (G log)",9.561373,1.23596938314089
"Gametocyte log (G log)",9.561373,1.76192572457696e-06
"Gametocyte log (G log)",9.561373,0.105125068647876
"Gametocyte log (G log)",9.561373,0.033520810043788
"Gametocyte log (G log)",9.561373,2.48660490180932
"Gametocyte log (G log)",9.561373,0.00493512505806213
"Gametocyte log (G log)",9.561373,0.00457555482453882
"Gametocyte log (G log)",9.561373,1.30797128195253
"Gametocyte log (G log)",9.561373,0.00467993790952301
"Gametocyte log (G log)",9.561373,0.757967997904525
"Gametocyte log (G log)",9.561373,1.05962042136242e-56
"Gametocyte log (G log)",9.561373,0.752222478760949
"Gametocyte log (G log)",9.561373,0.0759811832256153
"Gametocyte log (G log)",9.561373,2.14340365641996
"Gametocyte log (G log)",9.561373,2.91021371541854
"Gametocyte log (G log)",9.561373,0.267118775449248
"Gametocyte log (G log)",9.561373,0.277246825449763
"Gametocyte log (G log)",9.561373,0.506192640957623
"Gametocyte log (G log)",9.561373,2.32878042574073
"Gametocyte log (G log)",9.561373,0.000108944262715891
"Gametocyte log (G log)",9.561373,2.85216740507012e-20
"Gametocyte log (G log)",9.561373,1.71022647598117e-55
"Gametocyte log (G log)",9.561373,0.00439881819071526
"Gametocyte log (G log)",9.561373,3.24619047178602
"Gametocyte log (G log)",9.561373,0.00439546035748991
"Gametocyte log (G log)",9.561373,0.0273206443480925
"Gametocyte log (G log)",9.561373,3.69218751578517
"Gametocyte log (G log)",9.561373,3.12736297034428e-22
"Gametocyte log (G log)",9.561373,3.04658951992427e-09
"Gametocyte log (G log)",9.561373,0.957017290868062
"Gametocyte log (G log)",9.561373,2.89958889888827
"Gametocyte log (G log)",9.561373,0.00500080688112011
"Gametocyte log (G log)",9.561373,0.00445182989104105
"Gametocyte log (G log)",9.561373,2.91414468348012
"Gametocyte log (G log)",9.561373,3.47804855238403
"Gametocyte log (G log)",9.561373,2.22027778086603
"Gametocyte log (G log)",9.561373,0.0066487155072008
"Gametocyte log (G log)",9.561373,0.00458513930393092
"Gametocyte log (G log)",9.561373,0.763384029312984
"Gametocyte log (G log)",9.561373,0.00442262521549362
"Gametocyte log (G log)",9.561373,2.81145441168427
"Gametocyte log (G log)",9.561373,1.42737581865052e-84
"Gametocyte log (G log)",9.561373,1.10183020065053e-28
"Gametocyte log (G log)",9.561373,3.47148124149061e-45
"Gametocyte log (G log)",9.561373,0.605765264764158
"Gametocyte log (G log)",9.561373,0.0044038839352328
"Gametocyte log (G log)",9.561373,0.00473827776941712
"Gametocyte log (G log)",9.561373,2.22161134151917e-05
"Gametocyte log (G log)",9.561373,0.725031534004573
"Gametocyte log (G log)",9.561373,5.73372450189501e-05
"Gametocyte log (G log)",9.561373,7.8026600887612e-06
"Gametocyte log (G log)",9.561373,0.0776329035637629
"Gametocyte log (G log)",9.561373,3.56261469155731e-89
"Gametocyte log (G log)",9.561373,1.75381182042605e-28
"Gametocyte log (G log)",9.561373,1.78153854203185
"Gametocyte log (G log)",9.561373,0.00444524784538399
"Gametocyte log (G log)",9.561373,2.63569183183913e-15
"Gametocyte log (G log)",9.561373,0.00439478322481328
"Gametocyte log (G log)",9.561373,1.46193406692088e-15
"Gametocyte log (G log)",9.561373,2.68828252594861
"Gametocyte log (G log)",9.561373,3.18250855182672e-98
"Gametocyte log (G log)",9.561373,0.00439655554145961
"Gametocyte log (G log)",9.561373,0.00450912232488313
"Gametocyte log (G log)",9.561373,2.24149516858988e-90
"Gametocyte log (G log)",9.561373,0.131211911936657
"Gametocyte log (G log)",9.561373,2.74165692931525
"Gametocyte log (G log)",9.561373,0.252642370135629
"Gametocyte log (G log)",9.561373,0.135194276679469
"Gametocyte log (G log)",9.561373,2.44486486825777e-35
"Gametocyte log (G log)",9.561373,0.00439739919272689
"Gametocyte log (G log)",9.561373,2.17753574563405e-20
"Gametocyte log (G log)",9.561373,2.82623590404332
"Gametocyte log (G log)",9.561373,5.67710561331788e-74
"Gametocyte log (G log)",9.561373,0.000536035429778007
"Gametocyte log (G log)",9.561373,0.00444280138742934
"Gametocyte log (G log)",9.561373,1.13205539799247
"Gametocyte log (G log)",9.561373,3.58654831848783e-11
"Gametocyte log (G log)",9.561373,0.00473880865381818
"Gametocyte log (G log)",9.561373,4.13311000520778
"Gametocyte log (G log)",9.561373,0.00483597158538154
"Gametocyte log (G log)",9.561373,0.00441417741535481
"Gametocyte log (G log)",9.561373,0.00439556352007995
"Gametocyte log (G log)",9.561373,1.465719973165e-09
"Gametocyte log (G log)",9.561373,4.05279026664441e-07
"Gametocyte log (G log)",9.561373,1.33646037251961e-92
"Gametocyte log (G log)",9.561373,1.73558396229955e-53
"Gametocyte log (G log)",9.561373,0.00441401509062846
"Gametocyte log (G log)",9.561373,7.26281375693296e-23
"Gametocyte log (G log)",9.561373,2.00938252228957e-57
"Gametocyte log (G log)",9.561373,0.0236935338279214
"Gametocyte log (G log)",9.561373,2.79832397603435
"Gametocyte log (G log)",9.561373,2.9708459889709
"Gametocyte log (G log)",9.561373,0.00440641255213886
"Gametocyte log (G log)",9.561373,0.124250783033479
"Gametocyte log (G log)",9.561373,0.0164708732334603
"Gametocyte log (G log)",9.561373,6.54018298853649e-12
"Gametocyte log (G log)",9.561373,0.00505220829068832
"Gametocyte log (G log)",9.561373,0.00439817034359803
"Gametocyte log (G log)",9.561373,0.00521880813634517
"Gametocyte log (G log)",9.561373,0.00805475068974123
"Gametocyte log (G log)",9.561373,0.00444299438586372
"Gametocyte log (G log)",9.561373,1.47351447726214e-07
"Gametocyte log (G log)",9.561373,0.370265516894007
"Gametocyte log (G log)",9.561373,0.0253373423794952
"Gametocyte log (G log)",9.561373,7.5815435704093e-08
"Gametocyte log (G log)",9.561373,0.00440439291140271
"Gametocyte log (G log)",9.561373,0.00442194149487371
"Gametocyte log (G log)",9.561373,0.324801207826781
"Gametocyte log (G log)",9.561373,0.00441242967773697
"Gametocyte log (G log)",9.561373,0.00442123030726919
"Gametocyte log (G log)",9.561373,7.92639920819027e-24
"Gametocyte log (G log)",9.561373,1.51183213381505
"Gametocyte log (G log)",9.561373,0.300875787329694
"Gametocyte log (G log)",9.561373,1.53928879770076e-62
"Gametocyte log (G log)",9.561373,1.04271203851461e-18
"Gametocyte log (G log)",9.561373,0.0044532636206429
"Gametocyte log (G log)",9.561373,6.89448627484866e-15
"Gametocyte log (G log)",9.561373,1.64775774180308
"Gametocyte log (G log)",9.561373,0.00440446137333989
"Gametocyte log (G log)",9.561373,0.00473408926596262
"Gametocyte log (G log)",9.561373,0.00439727171495391
"Gametocyte log (G log)",9.561373,1.01642745980968e-17
"Gametocyte log (G log)",9.561373,0.317700494445093
"Gametocyte log (G log)",9.561373,1.80435143949922e-42
"Gametocyte log (G log)",9.561373,0.00439533818930658
"Gametocyte log (G log)",9.561373,1.34405665429469e-58
"Gametocyte log (G log)",9.561373,1.62761266939968e-07
"Gametocyte log (G log)",9.561373,0.00542476266873864
"Gametocyte log (G log)",9.561373,3.26981570232232
"Gametocyte log (G log)",9.561373,0.00447692186292073
"Gametocyte log (G log)",9.561373,0.120162814520676
"Gametocyte log (G log)",9.561373,0.00444610862750793
"Gametocyte log (G log)",9.561373,0.00606218031190645
"Gametocyte log (G log)",9.561373,8.52154292050285e-34
"Gametocyte log (G log)",9.561373,0.00627108004575115
"Gametocyte log (G log)",9.561373,7.68920508947111e-10
"Gametocyte log (G log)",9.561373,4.15688981549837e-10
"Gametocyte log (G log)",9.561373,0.0116782100467122
"Gametocyte log (G log)",9.561373,0.00443487651288529
"Gametocyte log (G log)",9.561373,7.31231895257141e-92
"Gametocyte log (G log)",9.561373,0.0184670826132382
"Gametocyte log (G log)",9.561373,0.0397031921274663
"Gametocyte log (G log)",9.561373,3.31154339976043
"Gametocyte log (G log)",9.561373,2.08227266457954
"Gametocyte log (G log)",9.561373,0.230261187063006
"Gametocyte log (G log)",9.561373,5.58852122847391e-09
"Gametocyte log (G log)",9.561373,0.0143965943916941
"Gametocyte log (G log)",9.561373,1.65359766787655
"Gametocyte log (G log)",9.561373,0.710358016731438
"Gametocyte log (G log)",9.561373,2.58592777281796
"Gametocyte log (G log)",9.561373,2.80888680909322
"Gametocyte log (G log)",9.561373,5.7168953639003e-07
"Gametocyte log (G log)",9.561373,3.60539693586713
"Gametocyte log (G log)",9.561373,0.0402100237073622
"Gametocyte log (G log)",9.561373,3.26382811782904e-38
"Gametocyte log (G log)",9.561373,1.00188782422803e-76
"Gametocyte log (G log)",9.561373,7.48058832903807e-37
"Gametocyte log (G log)",9.561373,0.00442993789156518
"Gametocyte log (G log)",9.561373,0.341349608208786
"Gametocyte log (G log)",9.561373,4.11679727904984e-93
"Gametocyte log (G log)",9.561373,2.54422968432138e-06
"Gametocyte log (G log)",9.561373,0.341202347710117
"Gametocyte log (G log)",9.561373,8.76082519185699e-46
"Gametocyte log (G log)",9.561373,1.74832825453436
"Gametocyte log (G log)",9.561373,0.00482337766415317
"Gametocyte log (G log)",9.561373,0.280089343327169
"Gametocyte log (G log)",9.561373,0.403717465251277
"Gametocyte log (G log)",9.561373,0.00441469827342733
"Gametocyte log (G log)",9.561373,5.14330177984265e-26
"Gametocyte log (G log)",9.561373,0.00690395992213799
"Gametocyte log (G log)",9.561373,0.00479964693936323
"Gametocyte log (G log)",9.561373,0.0158034243430233
"Gametocyte log (G log)",9.561373,1.88359560942334e-18
"Gametocyte log (G log)",9.561373,0.012574050315533
"Gametocyte log (G log)",9.561373,0.00441960262937685
"Gametocyte log (G log)",9.561373,0.00489817821403231
"Gametocyte log (G log)",9.561373,1.5487583374942e-68
"Gametocyte log (G log)",9.561373,5.51756905483732e-10
"Gametocyte log (G log)",9.561373,0.308324613635139
"Gametocyte log (G log)",9.561373,1.92181433802442
"Gametocyte log (G log)",9.561373,5.15078703023048e-12
"Gametocyte log (G log)",9.561373,3.17190823588421
"Gametocyte log (G log)",9.561373,0.00439683011176465
"Gametocyte log (G log)",9.561373,3.8561814860169
"Gametocyte log (G log)",9.561373,1.66618920717945e-46
"Gametocyte log (G log)",9.561373,0.00443053353373166
"Gametocyte log (G log)",9.561373,0.00542814801208795
"Gametocyte log (G log)",9.561373,1.32027195094792e-86
"Gametocyte log (G log)",9.561373,0.00478669634103787
"Gametocyte log (G log)",9.561373,0.00439738885830398
"Gametocyte log (G log)",9.561373,2.8927923831521e-09
"Gametocyte log (G log)",9.561373,3.51708915080458
"Gametocyte log (G log)",9.561373,3.06745915770883e-05
"Gametocyte log (G log)",9.561373,0.0178862803781908
"Gametocyte log (G log)",9.561373,0.00440347199181989
"Gametocyte log (G log)",9.561373,3.55172388058616e-26
"Gametocyte log (G log)",9.561373,0.173465593156559
"Gametocyte log (G log)",9.561373,0.111177592087571
"Gametocyte log (G log)",9.561373,1.6231572552978
"Gametocyte log (G log)",9.561373,0.00439470840396764
"Gametocyte log (G log)",9.561373,0.0080310506635037
"Gametocyte log (G log)",9.561373,0.00469985844649392
"Gametocyte log (G log)",9.561373,4.20434215530596
"Gametocyte log (G log)",9.561373,0.00446360056896693
"Gametocyte log (G log)",9.561373,0.00645470126374844
"Gametocyte log (G log)",9.561373,2.34399418107272e-10
"Gametocyte log (G log)",9.561373,1.29760088133423e-31
"Gametocyte log (G log)",9.561373,1.34166483770349e-76
"Gametocyte log (G log)",9.561373,0.00440735710914556
"Gametocyte log (G log)",9.561373,0.0049709157636183
"Gametocyte log (G log)",9.561373,3.92294027290889e-18
"Gametocyte log (G log)",9.561373,0.00029969794229807
"Gametocyte log (G log)",9.561373,0.0820938233337526
"Gametocyte log (G log)",9.561373,0.370414697244344
"Gametocyte log (G log)",9.561373,2.26321536474642e-07
"Gametocyte log (G log)",9.561373,0.0618399169751378
"Gametocyte log (G log)",9.561373,0.581116672264169
"Gametocyte log (G log)",9.561373,3.12887240668617e-28
"Gametocyte log (G log)",9.561373,4.12829140179241e-29
"Gametocyte log (G log)",9.561373,7.56620561415454e-42
"Gametocyte log (G log)",9.561373,0.00439736693979853
"Gametocyte log (G log)",9.561373,0.572923184467787
"Gametocyte log (G log)",9.561373,7.89571427212482e-31
"Gametocyte log (G log)",9.561373,4.83206986209218e-05
"Gametocyte log (G log)",9.561373,0.0190589980929303
"Gametocyte log (G log)",9.561373,3.01465503915058e-33
"Gametocyte log (G log)",9.561373,1.61614677152782
"Gametocyte log (G log)",9.561373,0.035796868551522
"Gametocyte log (G log)",9.561373,8.37697773769465e-10
"Gametocyte log (G log)",9.561373,1.36284869595582
"Gametocyte log (G log)",9.561373,0.00452461437945687
"Gametocyte log (G log)",9.561373,0.00446912156738461
"Gametocyte log (G log)",9.561373,4.31344270669382e-34
"Gametocyte log (G log)",9.561373,0.0093166481018546
"Gametocyte log (G log)",9.561373,0.0043948093576582
"Gametocyte log (G log)",9.561373,3.97947407648506e-73
"Gametocyte log (G log)",9.561373,0.0318536928747225
"Gametocyte log (G log)",9.561373,3.71326839184487e-23
"Gametocyte log (G log)",9.561373,7.58361275333678e-05
"Gametocyte log (G log)",9.561373,0.719251563444755
"Gametocyte log (G log)",9.561373,1.49341728469446
"Gametocyte log (G log)",9.561373,0.00441022790680137
"Gametocyte log (G log)",9.561373,2.49739292241222
"Gametocyte log (G log)",9.561373,1.17244715883991e-25
"Gametocyte log (G log)",9.561373,0.00903473817486408
"Gametocyte log (G log)",9.561373,4.63478435014987e-08
"Gametocyte log (G log)",9.561373,0.00440499944091128
"Gametocyte log (G log)",9.561373,2.17105707223464e-13
"Gametocyte log (G log)",9.561373,0.449353942146051
"Gametocyte log (G log)",9.561373,3.59774847048247e-70
"Gametocyte log (G log)",9.561373,0.00444326132254246
"Gametocyte log (G log)",9.561373,8.11201548253909e-13
"Gametocyte log (G log)",9.561373,2.50722296979362
"Gametocyte log (G log)",9.561373,1.70513180019956
"Gametocyte log (G log)",9.561373,0.00442662309601055
"Gametocyte log (G log)",9.561373,8.86606622078179e-31
"Gametocyte log (G log)",9.561373,1.80568536421939
"Gametocyte log (G log)",9.561373,0.648037968129775
"Gametocyte log (G log)",9.561373,0.00443734582380071
"Gametocyte log (G log)",9.561373,3.67238572304441
"Gametocyte log (G log)",9.561373,0.00941838887854136
"Gametocyte log (G log)",9.561373,0.00440845675965982
"Gametocyte log (G log)",9.561373,0.00466168936502492
"Gametocyte log (G log)",9.561373,1.47610789161001e-07
"Gametocyte log (G log)",9.561373,0.00638109642816763
"Gametocyte log (G log)",9.561373,1.2421388615925e-37
"Gametocyte log (G log)",9.561373,0.0773872946905056
"Gametocyte log (G log)",9.561373,2.45513016067435e-05
"Gametocyte log (G log)",9.561373,2.84699764739753
"Gametocyte log (G log)",9.561373,3.7674084456969
"Gametocyte log (G log)",9.561373,1.3378870753133e-10
"Gametocyte log (G log)",9.561373,2.83565610531047
"Gametocyte log (G log)",9.561373,2.64217745683332e-08
"Gametocyte log (G log)",9.561373,4.65198754891118e-12
"Gametocyte log (G log)",9.561373,0.000724767281624521
"Gametocyte log (G log)",9.561373,0.432033993365095
"Gametocyte log (G log)",9.561373,1.33091775079757e-09
"Gametocyte log (G log)",9.561373,7.1258118526774e-51
"Gametocyte log (G log)",9.561373,1.30507418501088
"Gametocyte log (G log)",9.561373,0.00439686423451429
"Gametocyte log (G log)",9.561373,0.00439491183284477
"Gametocyte log (G log)",9.561373,0.502990688850598
"Gametocyte log (G log)",9.561373,0.00484278948029677
"Gametocyte log (G log)",9.561373,0.00447116887191772
"Gametocyte log (G log)",9.561373,0.00452989557968419
"Gametocyte log (G log)",9.561373,0.00814197080838293
"Gametocyte log (G log)",9.561373,5.46484935276488e-08
"Gametocyte log (G log)",9.561373,1.68485472220303
"Gametocyte log (G log)",9.561373,1.41200975022492
"Gametocyte log (G log)",9.561373,4.48833950984516e-96
"Gametocyte log (G log)",9.561373,1.02554087243876e-09
"Gametocyte log (G log)",9.561373,1.52131383971686e-08
"Gametocyte log (G log)",9.561373,5.64703500996035e-08
"Gametocyte log (G log)",9.561373,2.38543176534011
"Gametocyte log (G log)",9.561373,0.00439722878650272
"Gametocyte log (G log)",9.561373,4.30081915823938e-39
"Gametocyte log (G log)",9.561373,7.86070882166951e-55
"Gametocyte log (G log)",9.561373,0.00440318248540721
"Gametocyte log (G log)",9.561373,0.0046021136320502
"Gametocyte log (G log)",9.561373,0.0141739087353398
"Gametocyte log (G log)",9.561373,2.81701728051616
"Gametocyte log (G log)",9.561373,3.4590923561435
"Gametocyte log (G log)",9.561373,2.99965684205625
"Gametocyte log (G log)",9.561373,7.0479870400266e-49
"Gametocyte log (G log)",9.561373,5.23517270395719e-26
"Gametocyte log (G log)",9.561373,2.10364152517715
"Gametocyte log (G log)",9.561373,8.40929827715327e-06
"Gametocyte log (G log)",9.561373,4.368269522613e-35
"Gametocyte log (G log)",9.561373,0.000195743726602191
"Gametocyte log (G log)",9.561373,0.167452257258751
"Gametocyte log (G log)",9.561373,1.39042308115038e-22
"Gametocyte log (G log)",9.561373,1.76201240246966
"Gametocyte log (G log)",9.561373,1.14023996302132
"Gametocyte log (G log)",9.561373,2.47869092093217e-27
"Gametocyte log (G log)",9.561373,3.78754871524821
"Gametocyte log (G log)",9.561373,0.00826780003220274
"Gametocyte log (G log)",9.561373,0.00441578326582648
"Gametocyte log (G log)",9.561373,1.33238542146135e-32
"Gametocyte log (G log)",9.561373,0.467930003649842
"Gametocyte log (G log)",9.561373,0.00469048117454367
"Gametocyte log (G log)",9.561373,4.25226828284297
"Gametocyte log (G log)",9.561373,1.50607256994693e-30
"Gametocyte log (G log)",9.561373,6.27087826249805e-24
"Gametocyte log (G log)",9.561373,1.0881104716126e-09
"Gametocyte log (G log)",9.561373,1.21140764254923e-88
"Gametocyte log (G log)",9.561373,0.487366159309236
"Gametocyte log (G log)",9.561373,0.00475677574017239
"Gametocyte log (G log)",9.561373,0.000304465594545145
"Gametocyte log (G log)",9.561373,0.00053263753003887
"Gametocyte log (G log)",9.561373,2.77651326050638
"Gametocyte log (G log)",9.561373,0.297795323802088
"Gametocyte log (G log)",9.561373,1.40647750903868e-18
"Gametocyte log (G log)",9.561373,1.41417873633083e-80
"Gametocyte log (G log)",9.561373,0.00439473583309495
"Gametocyte log (G log)",9.561373,0.00440946879679123
"Gametocyte log (G log)",9.561373,3.491265878494
"Gametocyte log (G log)",9.561373,0.112078308625976
"Gametocyte log (G log)",9.561373,6.67860013188734e-44
"Gametocyte log (G log)",9.561373,0.212173687337649
"Gametocyte log (G log)",9.561373,0.00533397033021777
"Gametocyte log (G log)",9.561373,3.85919473580139
"Gametocyte log (G log)",9.561373,0.00443351844378575
"Gametocyte log (G log)",9.561373,7.34582792426517e-94
"Gametocyte log (G log)",9.561373,0.00446251084075492
"Gametocyte log (G log)",9.561373,0.00441555592862186
"Gametocyte log (G log)",9.561373,2.71856666355823
"Gametocyte log (G log)",9.561373,5.3518440207197e-08
"Gametocyte log (G log)",9.561373,2.70974162541395
"Gametocyte log (G log)",9.561373,0.0044641046402258
"Gametocyte log (G log)",9.561373,5.19230004855213e-60
"Gametocyte log (G log)",9.561373,0.00440598047300369
"Gametocyte log (G log)",9.561373,0.00441621324246217
"Gametocyte log (G log)",9.561373,0.00444664003205491
"Gametocyte log (G log)",9.561373,0.0044046100630234
"Gametocyte log (G log)",9.561373,6.63386220556062e-28
"Gametocyte log (G log)",9.561373,0.489617131507
"Gametocyte log (G log)",9.561373,4.26970359568664
"Gametocyte log (G log)",9.561373,0.00765240518576174
"Gametocyte log (G log)",9.561373,4.49489630744259e-09
"Gametocyte log (G log)",9.561373,0.661148296508447
"Gametocyte log (G log)",9.561373,0.00439624870779139
"Gametocyte log (G log)",9.561373,9.83381601207655e-25
"Gametocyte log (G log)",9.561373,8.76835618039196e-73
"Gametocyte log (G log)",9.561373,0.00464217659463545
"Gametocyte log (G log)",9.561373,9.35741888493221e-15
"Gametocyte log (G log)",9.561373,9.83308889495603e-16
"Gametocyte log (G log)",9.561373,3.87717094395898
"Gametocyte log (G log)",9.561373,0.024283364066304
"Gametocyte log (G log)",9.561373,1.08151446645771
"Gametocyte log (G log)",9.561373,0.4397447434971
"Gametocyte log (G log)",9.561373,0.00462141136051052
"Gametocyte log (G log)",9.561373,1.13326185392922
"Gametocyte log (G log)",9.561373,0.257980311923768
"Gametocyte log (G log)",9.561373,0.00451842649703606
"Gametocyte log (G log)",9.561373,0.191606754544202
"Gametocyte log (G log)",9.561373,0.00446311334917982
"Gametocyte log (G log)",9.561373,0.0162906677381039
"Gametocyte log (G log)",9.561373,0.464449407411533
"Gametocyte log (G log)",9.561373,1.23168591610682e-71
"Gametocyte log (G log)",9.561373,9.54415330709408e-17
"Gametocyte log (G log)",9.561373,2.80935111991386
"Gametocyte log (G log)",9.561373,1.75358632680214e-17
"Gametocyte log (G log)",9.561373,6.79630603724257e-09
"Gametocyte log (G log)",9.561373,1.94361307902855
"Gametocyte log (G log)",9.561373,0.0044414062454386
"Gametocyte log (G log)",9.561373,1.67337556572825
"Gametocyte log (G log)",9.561373,3.51667679836051e-15
"Gametocyte log (G log)",9.561373,1.4727237748913
"Gametocyte log (G log)",9.561373,5.4888185074927e-12
"Gametocyte log (G log)",9.561373,0.00442600317047923
"Gametocyte log (G log)",9.561373,3.39689690799236e-95
"Gametocyte log (G log)",9.561373,0.00837190949600124
"Gametocyte log (G log)",9.561373,0.319151093079854
"Gametocyte log (G log)",9.561373,0.204662634221104
"Gametocyte log (G log)",9.561373,6.0203133528093e-58
"Gametocyte log (G log)",9.561373,5.85962111584155e-53
"Gametocyte log (G log)",9.561373,2.23775301370415
"Gametocyte log (G log)",9.561373,0.00443107404295374
"Gametocyte log (G log)",9.561373,7.71670895375288e-46
"Gametocyte log (G log)",9.561373,7.33332035792449e-34
"Gametocyte log (G log)",9.561373,0.00441891398939044
"Gametocyte log (G log)",9.561373,0.0067742573910533
"Gametocyte log (G log)",9.561373,4.62822627537881e-61
"Gametocyte log (G log)",9.561373,2.85854991130237
"Gametocyte log (G log)",9.561373,0.00399825926841567
"Gametocyte log (G log)",9.561373,0.00019602705566265
"Gametocyte log (G log)",9.561373,1.18699177783855e-15
"Gametocyte log (G log)",9.561373,0.00443477315491431
"Gametocyte log (G log)",9.561373,2.85585661680827e-10
"Gametocyte log (G log)",9.561373,7.97123843807604e-85
"Gametocyte log (G log)",9.561373,4.79065590277605e-98
"Gametocyte log (G log)",9.561373,7.73413995072076e-50
"Gametocyte log (G log)",9.561373,0.00441569297935797
"Gametocyte log (G log)",9.561373,0.00498047576520546
"Gametocyte log (G log)",9.561373,1.46035756510413e-09
"Gametocyte log (G log)",9.561373,0.0527045231050981
"Gametocyte log (G log)",9.561373,0.0045106646186565
"Gametocyte log (G log)",9.561373,0.00439463547728788
"Gametocyte log (G log)",9.561373,0.00731153550857861
"Gametocyte log (G log)",9.561373,3.8537746222311e-06
"Gametocyte log (G log)",9.561373,0.0044008007731696
"Gametocyte log (G log)",9.561373,0.00439988348029185
"Gametocyte log (G log)",9.561373,3.14983845935583
"Gametocyte log (G log)",9.561373,0.00448731700375184
"Gametocyte log (G log)",9.561373,2.7792033695531e-13
"Gametocyte log (G log)",9.561373,3.98196043457868e-78
"Gametocyte log (G log)",9.561373,1.81223191562113
"Gametocyte log (G log)",9.561373,0.00474198565780978
"Gametocyte log (G log)",9.561373,1.8332691712037e-06
"Gametocyte log (G log)",9.561373,9.78513631888603e-06
"Gametocyte log (G log)",9.561373,2.51123011329222e-14
"Gametocyte log (G log)",9.561373,0.00456826089816572
"Gametocyte log (G log)",9.561373,4.44785353475613e-55
"Gametocyte log (G log)",9.561373,0.168034201389647
"Gametocyte log (G log)",9.561373,0.00558343742498743
"Gametocyte log (G log)",9.561373,0.00454694861537124
"Gametocyte log (G log)",9.561373,2.07880465017976e-71
"Gametocyte log (G log)",9.561373,0.0198713686985496
"Gametocyte log (G log)",9.561373,0.619713617035206
"Gametocyte log (G log)",9.561373,0.000268912627155883
"Gametocyte log (G log)",9.561373,4.20051388637785
"Gametocyte log (G log)",9.561373,6.40677559613007e-34
"Gametocyte log (G log)",9.561373,3.66325479185787
"Gametocyte log (G log)",9.561373,0.0148265958904899
"Gametocyte log (G log)",9.561373,1.54883408806693
"Gametocyte log (G log)",9.561373,9.59150138999251e-16
"Gametocyte log (G log)",9.561373,0.388921698409037
"Gametocyte log (G log)",9.561373,0.00439772531948499
"Gametocyte log (G log)",9.561373,3.35652963018818e-14
"Gametocyte log (G log)",9.561373,0.317319337294058
"Gametocyte log (G log)",9.561373,2.26059957956969e-80
"Gametocyte log (G log)",9.561373,1.02955824094969e-24
"Gametocyte log (G log)",9.561373,0.0112711301159341
"Gametocyte log (G log)",9.561373,2.57854376222236e-53
"Gametocyte log (G log)",9.561373,0.0052299665874642
"Gametocyte log (G log)",9.561373,0.00464246881991762
"Gametocyte log (G log)",9.561373,0.00611749994226023
"Gametocyte log (G log)",9.561373,0.00624617427930367
"Gametocyte log (G log)",9.561373,0.00439750133425398
"Gametocyte log (G log)",9.561373,1.4208146021972e-09
"Gametocyte log (G log)",9.561373,1.04326096072474e-10
"Gametocyte log (G log)",9.561373,2.28233649109061e-27
"Gametocyte log (G log)",9.561373,5.01708880296165e-16
"Gametocyte log (G log)",9.561373,0.00476570532664973
"Gametocyte log (G log)",9.561373,1.67156945114882
"Gametocyte log (G log)",9.561373,4.25305635962169e-08
"Gametocyte log (G log)",9.561373,0.00440634520960743
"Gametocyte log (G log)",9.561373,1.59004258084157e-37
"Gametocyte log (G log)",9.561373,0.00441900874547851
"Gametocyte log (G log)",9.561373,0.00485289782083578
"Gametocyte log (G log)",9.561373,0.00446702704870221
"Gametocyte log (G log)",9.561373,2.8420008234557
"Gametocyte log (G log)",9.561373,5.07976215003632e-10
"Gametocyte log (G log)",9.561373,0.522195894666606
"Gametocyte log (G log)",9.561373,0.0228292029043492
"Gametocyte log (G log)",9.561373,3.15618021951065e-64
"Gametocyte log (G log)",9.561373,2.85223558527384e-17
"Gametocyte log (G log)",9.561373,0.00440852217362236
"Gametocyte log (G log)",9.561373,0.0016313654673778
"Gametocyte log (G log)",9.561373,0.00479037489276078
"Gametocyte log (G log)",9.561373,0.00649952791716206
"Gametocyte log (G log)",9.561373,0.00510987831236827
"Gametocyte log (G log)",9.561373,0.666178047213504
"Gametocyte log (G log)",9.561373,0.00440907816039424
"Gametocyte log (G log)",9.561373,1.01963483598017e-74
"Gametocyte log (G log)",9.561373,0.00439660187322035
"Gametocyte log (G log)",9.561373,4.49847365526053e-18
"Gametocyte log (G log)",9.561373,0.00880207777566528
"Gametocyte log (G log)",9.561373,0.00439926080548673
"Gametocyte log (G log)",9.561373,1.55329131795437
"Gametocyte log (G log)",9.561373,6.71577661386567e-63
"Gametocyte log (G log)",9.561373,3.3083882174257
"Gametocyte log (G log)",9.561373,1.29362747203465
"Gametocyte log (G log)",9.561373,1.51049342189659
"Gametocyte log (G log)",9.561373,0.0598725839674183
"Gametocyte log (G log)",9.561373,0.00443389068426321
"Gametocyte log (G log)",9.561373,6.2846091663084e-27
"Gametocyte log (G log)",9.561373,8.19888711517477e-81
"Gametocyte log (G log)",9.561373,1.06304274664892e-05
"Gametocyte log (G log)",9.561373,3.88878150883065
"Gametocyte log (G log)",9.561373,4.3179602463046e-20
"Gametocyte log (G log)",9.561373,0.0661721056656782
"Gametocyte log (G log)",9.561373,0.00439539951822466
"Gametocyte log (G log)",9.561373,1.94334262072149
"Gametocyte log (G log)",9.561373,2.85872912988366e-14
"Gametocyte log (G log)",9.561373,0.00443653745083466
"Gametocyte log (G log)",9.561373,1.76894095574319
"Gametocyte log (G log)",9.561373,0.493102129959231
"Gametocyte log (G log)",9.561373,0.00446185392458519
"Gametocyte log (G log)",9.561373,0.0044334525921992
"Gametocyte log (G log)",9.561373,0.203700115780711
"Gametocyte log (G log)",9.561373,0.0613673335934696
"Gametocyte log (G log)",9.561373,3.74677654625445
"Gametocyte log (G log)",9.561373,4.0995195803631e-82
"Gametocyte log (G log)",9.561373,5.85274134581898e-10
"Gametocyte log (G log)",9.561373,1.71027406405824e-84
"Gametocyte log (G log)",9.561373,0.00677624289157925
"Gametocyte log (G log)",9.561373,0.0438318620691004
"Gametocyte log (G log)",9.561373,0.00445957444268347
"Gametocyte log (G log)",9.561373,3.5390440198522e-27
"Gametocyte log (G log)",9.561373,1.12609834659058
"Gametocyte log (G log)",9.561373,5.46348947378744e-55
"Gametocyte log (G log)",9.561373,0.482481645759156
"Gametocyte log (G log)",9.561373,0.446312158938898
"Gametocyte log (G log)",9.561373,0.0072856369132433
"Gametocyte log (G log)",9.561373,4.03851763565019e-06
"Gametocyte log (G log)",9.561373,3.09435714999978e-65
"Gametocyte log (G log)",9.561373,7.66372108059989e-06
"Gametocyte log (G log)",9.561373,0.02776606236017
"Gametocyte log (G log)",9.561373,0.00444133165753113
"Gametocyte log (G log)",9.561373,1.90013245632505e-66
"Gametocyte log (G log)",9.561373,9.70656571749039e-07
"Gametocyte log (G log)",9.561373,0.00569419891700981
"Gametocyte log (G log)",9.561373,0.00439694503406089
"Gametocyte log (G log)",9.561373,0.106104594070291
"Gametocyte log (G log)",9.561373,0.0044627895652941
"Gametocyte log (G log)",9.561373,0.00439626466568797
"Gametocyte log (G log)",9.561373,0.504916306561676
"Gametocyte log (G log)",9.561373,0.973362716960177
"Gametocyte log (G log)",9.561373,0.0044754974509808
"Gametocyte log (G log)",9.561373,0.000565665386489872
"Gametocyte log (G log)",9.561373,3.78924463549431
"Gametocyte log (G log)",9.561373,0.450917105319838
"Gametocyte log (G log)",9.561373,0.00501394876903873
"Gametocyte log (G log)",9.561373,1.07027335892316e-05
"Gametocyte log (G log)",9.561373,0.00597842111915506
"Gametocyte log (G log)",9.561373,1.24794020043688e-25
"Gametocyte log (G log)",9.561373,0.00441093569418341
"Gametocyte log (G log)",9.561373,0.00439523430560454
"Gametocyte log (G log)",9.561373,0.000207449643261453
"Gametocyte log (G log)",9.561373,0.124346594069179
"Gametocyte log (G log)",9.561373,2.5585185871423e-16
"Gametocyte log (G log)",9.561373,3.73116044503836
"Gametocyte log (G log)",9.561373,0.00490913821002969
"Gametocyte log (G log)",9.561373,0.922036817848503
"Gametocyte log (G log)",9.561373,0.00440791046940544
"Gametocyte log (G log)",9.561373,7.56425588978336e-13
"Gametocyte log (G log)",9.561373,8.55726713135514e-22
"Gametocyte log (G log)",9.561373,6.90172259974288e-92
"Gametocyte log (G log)",9.561373,1.86366088598357
"Gametocyte log (G log)",9.561373,0.741292946078733
"Gametocyte log (G log)",9.561373,3.8033994643379
"Gametocyte log (G log)",9.561373,0.136729874265479
"Gametocyte log (G log)",9.561373,1.1186865888951e-06
"Gametocyte log (G log)",9.561373,0.00439707697828529
"Gametocyte log (G log)",9.561373,3.5537733853792
"Gametocyte log (G log)",9.561373,8.68454322018079e-14
"Gametocyte log (G log)",9.561373,0.108434191750461
"Gametocyte log (G log)",9.561373,3.61044058623114e-32
"Gametocyte log (G log)",9.561373,1.77389864362774e-98
"Gametocyte log (G log)",9.561373,0.0796300476381053
"Gametocyte log (G log)",9.561373,0.122412933703335
"Gametocyte log (G log)",9.561373,0.0044052372460816
"Gametocyte log (G log)",9.561373,3.96076418322689e-69
"Gametocyte log (G log)",9.561373,0.399226818133511
"Gametocyte log (G log)",9.561373,2.22682827340075e-44
"Gametocyte log (G log)",9.561373,3.44547441253074
"Gametocyte log (G log)",9.561373,0.160400221788965
"Gametocyte log (G log)",9.561373,2.02709436769757e-05
"Gametocyte log (G log)",9.561373,1.18524973092355e-74
"Gametocyte log (G log)",9.561373,7.76764586253085e-17
"Gametocyte log (G log)",9.561373,0.130729174049498
"Gametocyte log (G log)",9.561373,0.00486536438487696
"Gametocyte log (G log)",9.561373,0.00612910979293276
"Gametocyte log (G log)",9.561373,0.00461390927549763
"Gametocyte log (G log)",9.561373,2.91480202342542
"Gametocyte log (G log)",9.561373,2.19883041525972
"Gametocyte log (G log)",9.561373,1.68774385836512
"Gametocyte log (G log)",9.561373,0.00439575732228775
"Gametocyte log (G log)",9.561373,0.00439639450963287
"Gametocyte log (G log)",9.561373,0.0645636516794802
"Gametocyte log (G log)",9.561373,1.67057086494925
"Gametocyte log (G log)",9.561373,0.00441963250527517
"Gametocyte log (G log)",9.561373,4.41313950962716
"Gametocyte log (G log)",9.561373,0.0902771261933397
"Gametocyte log (G log)",9.561373,2.4087215349977e-05
"Gametocyte log (G log)",9.561373,0.00442255189724376
"Gametocyte log (G log)",9.561373,0.00442619813026715
"Gametocyte log (G log)",9.561373,4.42401872562469
"Gametocyte log (G log)",9.561373,2.88734846498684e-59
"Gametocyte log (G log)",9.561373,0.00647446714791929
"Gametocyte log (G log)",9.561373,0.00440828810040583
"Gametocyte log (G log)",9.561373,8.44145211429517e-18
"Gametocyte log (G log)",9.561373,0.004396396061344
"Gametocyte log (G log)",9.561373,7.38367505343961e-35
"Gametocyte log (G log)",9.561373,0.00465863696848328
"Gametocyte log (G log)",9.561373,4.75127919242683e-27
"Gametocyte log (G log)",9.561373,0.00489749110386514
"Gametocyte log (G log)",9.561373,6.18431862622866e-73
"Gametocyte log (G log)",9.561373,0.042399888888518
"Gametocyte log (G log)",9.561373,2.45210212264628
"Gametocyte log (G log)",9.561373,0.00442645060921273
"Gametocyte log (G log)",9.561373,1.53099866288995
"Gametocyte log (G log)",9.561373,0.0058557944740759
"Gametocyte log (G log)",9.561373,0.00124809283517383
"Gametocyte log (G log)",9.561373,0.00454279645429449
"Gametocyte log (G log)",9.561373,0.0541541046773289
"Gametocyte log (G log)",9.561373,1.73227007586675
"Gametocyte log (G log)",9.561373,6.1531229377842e-66
"Gametocyte log (G log)",9.561373,7.65230164267259e-89
"Gametocyte log (G log)",9.561373,2.6661852784303e-06
"Gametocyte log (G log)",9.561373,0.27599223590931
"Gametocyte log (G log)",9.561373,0.0909172069064833
"Gametocyte log (G log)",9.561373,0.0044232109600906
"Gametocyte log (G log)",9.561373,0.0781295540265712
"Gametocyte log (G log)",9.561373,0.269032198543363
"Gametocyte log (G log)",9.561373,5.48233769976664e-61
"Gametocyte log (G log)",9.561373,2.39967811912124e-53
"Gametocyte log (G log)",9.561373,3.63870499049586
"Gametocyte log (G log)",9.561373,1.11788480787078e-73
"Gametocyte log (G log)",9.561373,0.253438660588476
"Gametocyte log (G log)",9.561373,1.37911773795921
"Gametocyte log (G log)",9.561373,0.507015615303808
"Gametocyte log (G log)",9.561373,2.98278945087432e-26
"Gametocyte log (G log)",9.561373,1.06461002433431e-09
"Gametocyte log (G log)",9.561373,0.00441653724667075
"Gametocyte log (G log)",9.561373,4.83762532144921
"Gametocyte log (G log)",9.561373,0.00441769574615521
"Gametocyte log (G log)",9.561373,3.88082977009206
"Gametocyte log (G log)",9.561373,0.00443399030961501
"Gametocyte log (G log)",9.561373,0.00637403037760465
"Gametocyte log (G log)",9.561373,6.64355997517312e-27
"Gametocyte log (G log)",9.561373,0.0235625840875705
"Gametocyte log (G log)",9.561373,0.00441855053639824
"Gametocyte log (G log)",9.561373,0.492306142543724
"Gametocyte log (G log)",9.561373,0.00440010081430041
"Gametocyte log (G log)",9.561373,0.422547511241776
"Gametocyte log (G log)",9.561373,3.43405890627584e-08
"Gametocyte log (G log)",9.561373,1.29771106192312
"Gametocyte log (G log)",9.561373,3.87738680295831
"Gametocyte log (G log)",9.561373,0.39437225523825
"Gametocyte log (G log)",9.561373,1.41096233334608e-63
"Gametocyte log (G log)",9.561373,0.00440124807011259
"Gametocyte log (G log)",9.561373,3.62719196790505
"Gametocyte log (G log)",9.561373,0.0052411900869147
"Gametocyte log (G log)",9.561373,0.0150671457820879
"Gametocyte log (G log)",9.561373,0.00515216027555139
"Gametocyte log (G log)",9.561373,1.50862026888056e-42
"Gametocyte log (G log)",9.561373,0.0297683411348244
"Gametocyte log (G log)",9.561373,3.13308850303681
"Gametocyte log (G log)",9.561373,7.48507979649429e-58
"Gametocyte log (G log)",9.561373,9.15656025447822e-14
"Gametocyte log (G log)",9.561373,0.00440140357037312
"Gametocyte log (G log)",9.561373,2.55176791109523e-10
"Gametocyte log (G log)",9.561373,3.19740923636255
"Gametocyte log (G log)",9.561373,2.95767869840058
"Gametocyte log (G log)",9.561373,0.0044284459184266
"Gametocyte log (G log)",9.561373,1.35403791899804
"Gametocyte log (G log)",9.561373,0.00501017423428677
"Gametocyte log (G log)",9.561373,1.45712082883678e-63
"Gametocyte log (G log)",9.561373,5.55271982054553e-06
"Gametocyte log (G log)",9.561373,0.0048828949079271
"Gametocyte log (G log)",9.561373,3.998851462129
"Gametocyte log (G log)",9.561373,4.70137450755931e-66
"Gametocyte log (G log)",9.561373,0.0102191889143814
"Gametocyte log (G log)",9.561373,0.00526694516371594
"Gametocyte log (G log)",9.561373,7.12390244059039e-16
"Gametocyte log (G log)",9.561373,2.22442846927048e-91
"Gametocyte log (G log)",9.561373,0.00835443242748111
"Gametocyte log (G log)",9.561373,5.70058961227686e-09
"Gametocyte log (G log)",9.561373,1.14688741355684
"Gametocyte log (G log)",9.561373,0.0229129923285305
"Gametocyte log (G log)",9.561373,0.859620197889518
"Gametocyte log (G log)",9.561373,0.000201686386136954
"Gametocyte log (G log)",9.561373,1.50850676625306e-09
"Gametocyte log (G log)",9.561373,1.14914177729944
"Gametocyte log (G log)",9.561373,0.00439533376492147
"Gametocyte log (G log)",9.561373,9.10838226638886e-14
"Gametocyte log (G log)",9.561373,0.059382434124769
"Gametocyte log (G log)",9.561373,0.00440031887944091
"Gametocyte log (G log)",9.561373,0.0818245163655532
"Gametocyte log (G log)",9.561373,3.42038781318932
"Gametocyte log (G log)",9.561373,1.70314542092721e-18
"Gametocyte log (G log)",9.561373,0.00451191372309857
"Gametocyte log (G log)",9.561373,0.688323448761475
"Gametocyte log (G log)",9.561373,0.00485706062056843
"Gametocyte log (G log)",9.561373,0.186903878156991
"Gametocyte log (G log)",9.561373,3.42659919956911
"Gametocyte log (G log)",9.561373,0.00440881118299478
"Gametocyte log (G log)",9.561373,0.0182490369899372
"Gametocyte log (G log)",9.561373,0.0559100795954734
"Gametocyte log (G log)",9.561373,0.0250487765759979
"Gametocyte log (G log)",9.561373,3.73712689112606e-51
"Gametocyte log (G log)",9.561373,0.110185563560141
"Gametocyte log (G log)",9.561373,0.00441682829458053
"Gametocyte log (G log)",9.561373,0.00465080446338524
"Gametocyte log (G log)",9.561373,0.00522343966606613
"Gametocyte log (G log)",9.561373,5.38701191289342e-89
"Gametocyte log (G log)",9.561373,4.03542363494267e-10
"Gametocyte log (G log)",9.561373,0.000201250468311651
"Gametocyte log (G log)",9.561373,0.00465866580000068
"Gametocyte log (G log)",9.561373,0.00444059701343117
"Gametocyte log (G log)",9.561373,0.185109650773561
"Gametocyte log (G log)",9.561373,7.03688774496835e-64
"Gametocyte log (G log)",9.561373,0.694474319629744
"Gametocyte log (G log)",9.561373,0.0167959476238018
"Gametocyte log (G log)",9.561373,2.22114087662208e-36
"Gametocyte log (G log)",9.561373,3.21111782418247e-48
"Gametocyte log (G log)",9.561373,3.9835398093074e-84
"Gametocyte log (G log)",9.561373,1.68623771461167
"Gametocyte log (G log)",9.561373,3.71435885163948
"Gametocyte log (G log)",9.561373,2.49487538561382e-16
"Gametocyte log (G log)",9.561373,1.00035821615863
"Gametocyte log (G log)",9.561373,0.84920401358635
"Gametocyte log (G log)",9.561373,0.00441733827906425
"Gametocyte log (G log)",9.561373,4.17666688076713
"Gametocyte log (G log)",9.561373,4.00465565612687
"Gametocyte log (G log)",9.561373,7.66655721380204e-79
"Gametocyte log (G log)",9.561373,7.31981372414903e-24
"Gametocyte log (G log)",9.561373,3.20273996566307
"Gametocyte log (G log)",9.561373,0.0627099026900085
"Gametocyte log (G log)",9.561373,1.77923140240603
"Gametocyte log (G log)",9.561373,0.00440504816262311
"Gametocyte log (G log)",9.561373,0.0043954726135629
"Gametocyte log (G log)",9.561373,0.00463123802642606
"Gametocyte log (G log)",9.561373,2.48818903869938
"Gametocyte log (G log)",9.561373,5.98126680030887e-13
"Gametocyte log (G log)",9.561373,2.15146696575478e-06
"Gametocyte log (G log)",9.561373,2.23509546635289e-48
"Gametocyte log (G log)",9.561373,1.04738059505549
"Gametocyte log (G log)",9.561373,6.87313891278251e-63
"Gametocyte log (G log)",9.561373,0.0043950907304172
"Gametocyte log (G log)",9.561373,2.50809717770062
"Gametocyte log (G log)",9.561373,1.78606032100856
"Gametocyte log (G log)",9.561373,0.00485292585688423
"Gametocyte log (G log)",9.561373,9.14069412546339e-34
"Gametocyte log (G log)",9.561373,3.65401620555222e-35
"Gametocyte log (G log)",9.561373,0.00582315269574691
"Gametocyte log (G log)",9.561373,0.0546340593666568
"Gametocyte log (G log)",9.561373,0.00756340961973007
"Gametocyte log (G log)",9.561373,1.71497160991738
"Gametocyte log (G log)",9.561373,1.19140591299929
"Gametocyte log (G log)",9.561373,1.79166554939174
"Gametocyte log (G log)",9.561373,4.26495302537669e-41
"Gametocyte log (G log)",9.561373,0.980063193852008
"Gametocyte log (G log)",9.561373,8.05504247679787e-20
"Gametocyte log (G log)",9.561373,0.00929476626010026
"Gametocyte log (G log)",9.561373,0.00440028404340738
"Gametocyte log (G log)",9.561373,0.0043965648911813
"Gametocyte log (G log)",9.561373,0.00883317076968218
"Gametocyte log (G log)",9.561373,2.97645194047595e-18
"Gametocyte log (G log)",9.561373,0.285803935978692
"Gametocyte log (G log)",9.561373,0.808441436732081
"Gametocyte log (G log)",9.561373,0.679623081555439
"Gametocyte log (G log)",9.561373,0.00451415366697928
"Gametocyte log (G log)",9.561373,3.2264749915613e-20
"Gametocyte log (G log)",9.561373,0.00443053854887108
"Gametocyte log (G log)",9.561373,8.31265622220718e-13
"Gametocyte log (G log)",9.561373,4.57998601211872e-88
"Gametocyte log (G log)",9.561373,0.00439783415164691
"Gametocyte log (G log)",9.561373,0.0412924875481945
"Gametocyte log (G log)",9.561373,1.50513426874373e-86
"Gametocyte log (G log)",9.561373,1.01598252732356e-20
"Gametocyte log (G log)",9.561373,0.0305508720455194
"Gametocyte log (G log)",9.561373,0.00439944242030507
"Gametocyte log (G log)",9.561373,0.00463688153289169
"Gametocyte log (G log)",9.561373,0.00442625594450279
"Gametocyte log (G log)",9.561373,0.00246746604772365
"Gametocyte log (G log)",9.561373,1.20522919430258
"Gametocyte log (G log)",9.561373,6.76082618165801e-05
"Gametocyte log (G log)",9.561373,3.44226046203362e-12
"Gametocyte log (G log)",9.561373,0.00440652338100943
"Gametocyte log (G log)",9.561373,1.22927429099328
"Gametocyte log (G log)",9.561373,0.00647069386359869
"Gametocyte log (G log)",9.561373,0.88817233419309
"Gametocyte log (G log)",9.561373,0.0044006029640836
"Gametocyte log (G log)",9.561373,2.83420363614629
"Gametocyte log (G log)",9.561373,0.00817507392584202
"Gametocyte log (G log)",9.561373,1.15650715306122e-87
"Gametocyte log (G log)",9.561373,0.0569876518963362
"Gametocyte log (G log)",9.561373,0.0140390188736181
"Gametocyte log (G log)",9.561373,0.00441822887266935
"Gametocyte log (G log)",9.561373,0.00838586010901788
"Gametocyte log (G log)",9.561373,0.00495601545995818
"Gametocyte log (G log)",9.561373,0.00472418651896268
"Gametocyte log (G log)",9.561373,2.95573217099438
"Gametocyte log (G log)",9.561373,3.10708014553866
"Gametocyte log (G log)",9.561373,0.00477986075110571
"Gametocyte log (G log)",9.561373,2.44146860532603
"Gametocyte log (G log)",9.561373,3.76151257862035e-06
"Gametocyte log (G log)",9.561373,3.40604484563974
"Gametocyte log (G log)",9.561373,1.93426985041977e-91
"Gametocyte log (G log)",9.561373,0.715263487339785
"Gametocyte log (G log)",9.561373,0.174780165537736
"Gametocyte log (G log)",9.561373,0.0121445471281304
"Gametocyte log (G log)",9.561373,0.00465025746357593
"Gametocyte log (G log)",9.561373,1.24694121652253
"Gametocyte log (G log)",9.561373,0.334083503701042
"Gametocyte log (G log)",9.561373,0.00442098668114844
"Gametocyte log (G log)",9.561373,0.00445687198646245
"Gametocyte log (G log)",9.561373,0.00439908410134412
"Gametocyte log (G log)",9.561373,0.387887080888629
"Gametocyte log (G log)",9.561373,0.00944962413143233
"Gametocyte log (G log)",9.561373,1.32503702267637e-49
"Gametocyte log (G log)",9.561373,0.615515936222761
"Gametocyte log (G log)",9.561373,8.51871350520992e-06
"Gametocyte log (G log)",9.561373,0.750730589404218
"Gametocyte log (G log)",9.561373,3.85733569433692
"Gametocyte log (G log)",9.561373,0.529524528006192
"Gametocyte log (G log)",9.561373,0.00509166888129331
"Gametocyte log (G log)",9.561373,0.0169091668965547
"Gametocyte log (G log)",9.561373,3.10154964449457e-84
"Gametocyte log (G log)",9.561373,8.14923769591422e-06
"Gametocyte log (G log)",9.561373,5.64498949084884e-07
"Gametocyte log (G log)",9.561373,4.4606173686798e-70
"Gametocyte log (G log)",9.561373,1.68279232040328e-15
"Gametocyte log (G log)",9.561373,0.00453809776242547
"Gametocyte log (G log)",9.561373,0.000615747808423336
"Gametocyte log (G log)",9.561373,1.33457401465984
"Gametocyte log (G log)",9.561373,1.49888482800977e-57
"Gametocyte log (G log)",9.561373,0.581288152454685
"Gametocyte log (G log)",9.561373,0.00938274648931735
"Gametocyte log (G log)",9.561373,5.26874300779604e-17
"Gametocyte log (G log)",9.561373,0.00442007810317276
"Gametocyte log (G log)",9.561373,2.28475791605304
"Gametocyte log (G log)",9.561373,0.0102870388251313
"Gametocyte log (G log)",9.561373,1.68448893361078
"Gametocyte log (G log)",9.561373,0.00204753370737895
"Gametocyte log (G log)",9.561373,3.23098075637776
"Gametocyte log (G log)",9.561373,3.3834001285669e-85
"Gametocyte log (G log)",9.561373,5.91324483701145e-17
"Gametocyte log (G log)",9.561373,0.00440394039351886
"Gametocyte log (G log)",9.561373,0.0232630339877949
"Gametocyte log (G log)",9.561373,0.00497579841903882
"Gametocyte log (G log)",9.561373,0.212268388592601
"Gametocyte log (G log)",9.561373,0.927752120632319
"Gametocyte log (G log)",9.561373,0.652336650527844
"Gametocyte log (G log)",9.561373,0.062877502679157
"Gametocyte log (G log)",9.561373,0.00439771833621866
"Gametocyte log (G log)",9.561373,1.07421266702479e-14
"Gametocyte log (G log)",9.561373,0.264225113677017
"Gametocyte log (G log)",9.561373,0.0649999006518468
"Gametocyte log (G log)",9.561373,0.000394993535053348
"Gametocyte log (G log)",9.561373,4.27554165056623
"Gametocyte log (G log)",9.561373,0.00439965293666501
"Gametocyte log (G log)",9.561373,1.18230443762812e-28
"Gametocyte log (G log)",9.561373,0.197449402127921
"Gametocyte log (G log)",9.561373,0.00454028757452076
"Gametocyte log (G log)",9.561373,6.15089440911488e-73
"Gametocyte log (G log)",9.561373,0.0146698105137895
"Gametocyte log (G log)",9.561373,0.00458230180657081
"Gametocyte log (G log)",9.561373,0.00439785788453117
"Gametocyte log (G log)",9.561373,4.13456233002661
"Gametocyte log (G log)",9.561373,4.87153721612328e-91
"Gametocyte log (G log)",9.561373,0.00473007087191264
"Gametocyte log (G log)",9.561373,3.19025667250164
"Gametocyte log (G log)",9.561373,3.88381257036896
"Gametocyte log (G log)",9.561373,8.59915685740043e-85
"Gametocyte log (G log)",9.561373,7.25023088183808e-88
"Gametocyte log (G log)",9.561373,3.87727969671695e-93
"Gametocyte log (G log)",9.561373,3.81045108339617e-09
"Gametocyte log (G log)",9.561373,0.704440251907689
"Gametocyte log (G log)",9.561373,0.00471932909117775
"Gametocyte log (G log)",9.561373,0.0426681261201664
"Gametocyte log (G log)",9.561373,7.41608811418728e-09
"Gametocyte log (G log)",9.561373,2.42649629073221
"Gametocyte log (G log)",9.561373,3.96338252611667
"Gametocyte log (G log)",9.561373,4.27113338116163
"Gametocyte log (G log)",9.561373,0.00439700005776377
"Gametocyte log (G log)",9.561373,0.960305300459239
"Gametocyte log (G log)",9.561373,5.9979961362804e-72
"Gametocyte log (G log)",9.561373,3.74153877513694
"Gametocyte log (G log)",9.561373,0.0043979283105041
"Gametocyte log (G log)",9.561373,3.35396528687345
"Gametocyte log (G log)",9.561373,1.19596061034313
"Gametocyte log (G log)",9.561373,0.00441169050143589
"Gametocyte log (G log)",9.561373,0.00439958001002297
"Gametocyte log (G log)",9.561373,0.00441216156708319
"Gametocyte log (G log)",9.561373,1.72614841530895
"Gametocyte log (G log)",9.561373,0.00489817223080717
"Gametocyte log (G log)",9.561373,0.487712018902872
"Gametocyte log (G log)",9.561373,0.0376050455515536
"Gametocyte log (G log)",9.561373,5.38383728351883e-12
"Gametocyte log (G log)",9.561373,0.00767208277512622
"Gametocyte log (G log)",9.561373,3.54429030922184
"Gametocyte log (G log)",9.561373,0.00454043285625456
"Gametocyte log (G log)",9.561373,0.00442416706873933
"Gametocyte log (G log)",9.561373,3.88243437526785
"Gametocyte log (G log)",9.561373,0.99279516221238
"Gametocyte log (G log)",9.561373,1.4170065888733e-08
"Gametocyte log (G log)",9.561373,2.8449799361743
"Gametocyte log (G log)",9.561373,0.00467044057296045
"Gametocyte log (G log)",9.561373,0.00439492378708498
"Gametocyte log (G log)",9.561373,0.00440485284318612
"Gametocyte log (G log)",9.561373,7.79848931194147e-06
"Gametocyte log (G log)",9.561373,1.65417953326438
"Gametocyte log (G log)",9.561373,0.371893317100272
"Gametocyte log (G log)",9.561373,7.37084567907877e-08
"Gametocyte log (G log)",9.561373,1.74181323666627
"Gametocyte log (G log)",9.561373,0.0635545856478046
"Gametocyte log (G log)",9.561373,3.30554134988553
"Gametocyte log (G log)",9.561373,2.48097422574331
"Gametocyte log (G log)",9.561373,4.42742389181193e-64
"Gametocyte log (G log)",9.561373,0.00439689386953971
"Gametocyte log (G log)",9.561373,4.80842021688161e-09
"Gametocyte log (G log)",9.561373,3.19841660526749e-07
"Gametocyte log (G log)",9.561373,0.00732337389701701
"Gametocyte log (G log)",9.561373,9.83206203277082e-07
"Gametocyte log (G log)",9.561373,1.16165232824335
"Gametocyte log (G log)",9.561373,0.00441359817811411
"Gametocyte log (G log)",9.561373,0.0221558869172523
"Gametocyte log (G log)",9.561373,0.00507333566165112
"Gametocyte log (G log)",9.561373,3.58919457799637e-61
"Gametocyte log (G log)",9.561373,1.32093956291528e-11
"Gametocyte log (G log)",9.561373,0.317281300888527
"Gametocyte log (G log)",9.561373,0.00456043446191559
"Gametocyte log (G log)",9.561373,0.00563563940275612
"Gametocyte log (G log)",9.561373,0.110072967828469
"Gametocyte log (G log)",9.561373,9.99323750829507e-69
"Gametocyte log (G log)",9.561373,4.17431093654894
"Gametocyte log (G log)",9.561373,0.0162720384631727
"Gametocyte log (G log)",9.561373,0.00439936347324745
"Gametocyte log (G log)",9.561373,0.00451801482942885
"Gametocyte log (G log)",9.561373,1.45536888559272
"Gametocyte log (G log)",9.561373,0.00726421027397723
"Gametocyte log (G log)",9.561373,4.90083783292874e-46
"Gametocyte log (G log)",9.561373,3.98236454590905e-06
"Gametocyte log (G log)",9.561373,3.84378151799823
"Gametocyte log (G log)",9.561373,0.841482904263538
"Gametocyte log (G log)",9.561373,0.0044294366225668
"Gametocyte log (G log)",9.561373,2.69636698890593e-08
"Gametocyte log (G log)",9.561373,1.01076740272192
"Gametocyte log (G log)",9.561373,0.224529698253858
"Gametocyte log (G log)",9.561373,0.0382459775153495
"Gametocyte log (G log)",9.561373,0.00551524586340208
"Gametocyte log (G log)",9.561373,1.81968944114784e-40
"Gametocyte log (G log)",9.561373,0.00619839263764479
"Gametocyte log (G log)",9.561373,0.0318244396570516
"Gametocyte log (G log)",9.561373,6.46377397466183e-10
"Gametocyte log (G log)",9.561373,1.6850343940806
"Gametocyte log (G log)",9.561373,0.00501640910285612
"Gametocyte log (G log)",9.561373,0.321318868402128
"Gametocyte log (G log)",9.561373,1.60239397706293
"Gametocyte log (G log)",9.561373,1.30409433974291e-13
"Gametocyte log (G log)",9.561373,1.08684227417745e-15
"Gametocyte log (G log)",9.561373,3.94204679335926e-66
"Gametocyte log (G log)",9.561373,2.76022823180229
"Gametocyte log (G log)",9.561373,3.32731408955804
"Gametocyte (G)",8.58856,0.0071427498523297
"Gametocyte (G)",8.58856,0.000103144332654289
"Gametocyte (G)",8.58856,0.00440020973763675
"Gametocyte (G)",8.58856,8.03108718125185e-14
"Gametocyte (G)",8.58856,2.90155015818826
"Gametocyte (G)",8.58856,4.75756262696963e-57
"Gametocyte (G)",8.58856,0.124094597097496
"Gametocyte (G)",8.58856,0.00445291264984949
"Gametocyte (G)",8.58856,0.00439644671714485
"Gametocyte (G)",8.58856,1.05340539781447
"Gametocyte (G)",8.58856,0.00489591953401396
"Gametocyte (G)",8.58856,3.18968031093908
"Gametocyte (G)",8.58856,0.24769719761307
"Gametocyte (G)",8.58856,8.13035747579276e-24
"Gametocyte (G)",8.58856,0.0043991210834347
"Gametocyte (G)",8.58856,0.00504891430045135
"Gametocyte (G)",8.58856,0.0033036914158995
"Gametocyte (G)",8.58856,3.93198263034375e-05
"Gametocyte (G)",8.58856,1.5788662497207
"Gametocyte (G)",8.58856,0.00510945428723949
"Gametocyte (G)",8.58856,0.244426579283648
"Gametocyte (G)",8.58856,7.92163911015675e-05
"Gametocyte (G)",8.58856,1.69144899349893
"Gametocyte (G)",8.58856,0.123421775046177
"Gametocyte (G)",8.58856,2.6155899610695
"Gametocyte (G)",8.58856,0.00454753460185858
"Gametocyte (G)",8.58856,0.00475461023714024
"Gametocyte (G)",8.58856,6.00192053418474e-05
"Gametocyte (G)",8.58856,0.00447873089751102
"Gametocyte (G)",8.58856,0.00439698079304329
"Gametocyte (G)",8.58856,8.00605131056759e-13
"Gametocyte (G)",8.58856,7.42822717677078e-32
"Gametocyte (G)",8.58856,0.00517098095675662
"Gametocyte (G)",8.58856,3.94262919105956e-95
"Gametocyte (G)",8.58856,0.0973098622729408
"Gametocyte (G)",8.58856,3.93990348355261
"Gametocyte (G)",8.58856,5.82605810220065e-48
"Gametocyte (G)",8.58856,0.0079391533244899
"Gametocyte (G)",8.58856,0.0250852946241663
"Gametocyte (G)",8.58856,0.00440185128589121
"Gametocyte (G)",8.58856,0.00439544264656561
"Gametocyte (G)",8.58856,1.20703635074434
"Gametocyte (G)",8.58856,3.76869217767972
"Gametocyte (G)",8.58856,1.77497031723922e-06
"Gametocyte (G)",8.58856,0.0186689570450239
"Gametocyte (G)",8.58856,0.0408762024126749
"Gametocyte (G)",8.58856,4.98465937220359
"Gametocyte (G)",8.58856,0.00449934785400326
"Gametocyte (G)",8.58856,0.00457555537402772
"Gametocyte (G)",8.58856,1.5412589865954e-05
"Gametocyte (G)",8.58856,0.00467997172859086
"Gametocyte (G)",8.58856,2.83595493930467
"Gametocyte (G)",8.58856,1.05962042136242e-56
"Gametocyte (G)",8.58856,3.04624732625399
"Gametocyte (G)",8.58856,0.343557778842285
"Gametocyte (G)",8.58856,0.00752754868662107
"Gametocyte (G)",8.58856,1.13263392355947
"Gametocyte (G)",8.58856,1.51217452416364
"Gametocyte (G)",8.58856,0.0506517919362227
"Gametocyte (G)",8.58856,0.938478185344802
"Gametocyte (G)",8.58856,0.00561063265995188
"Gametocyte (G)",8.58856,0.000185976623836053
"Gametocyte (G)",8.58856,2.85216743385325e-20
"Gametocyte (G)",8.58856,1.71022647598117e-55
"Gametocyte (G)",8.58856,0.0043988169922422
"Gametocyte (G)",8.58856,0.0957556734554059
"Gametocyte (G)",8.58856,0.00439540559598707
"Gametocyte (G)",8.58856,0.0681438321743293
"Gametocyte (G)",8.58856,0.0119125113545712
"Gametocyte (G)",8.58856,3.12736308700259e-22
"Gametocyte (G)",8.58856,3.04565083092707e-09
"Gametocyte (G)",8.58856,0.216998220391683
"Gametocyte (G)",8.58856,0.78035864445056
"Gametocyte (G)",8.58856,0.00493613243263499
"Gametocyte (G)",8.58856,0.00443236205827549
"Gametocyte (G)",8.58856,1.89204488300913
"Gametocyte (G)",8.58856,0.877619807707156
"Gametocyte (G)",8.58856,1.36929439894344
"Gametocyte (G)",8.58856,0.00456590967469814
"Gametocyte (G)",8.58856,0.00458514381587279
"Gametocyte (G)",8.58856,0.0267099492340009
"Gametocyte (G)",8.58856,0.00441767611173041
"Gametocyte (G)",8.58856,2.34174471025011
"Gametocyte (G)",8.58856,1.42737578965179e-84
"Gametocyte (G)",8.58856,1.10183281996295e-28
"Gametocyte (G)",8.58856,3.47148124149061e-45
"Gametocyte (G)",8.58856,3.36394602010755
"Gametocyte (G)",8.58856,0.00440319831597489
"Gametocyte (G)",8.58856,0.00473854135698831
"Gametocyte (G)",8.58856,2.54196846365861e-05
"Gametocyte (G)",8.58856,0.0091339870995733
"Gametocyte (G)",8.58856,6.84175616560451e-05
"Gametocyte (G)",8.58856,7.83367312046435e-06
"Gametocyte (G)",8.58856,0.296521014230278
"Gametocyte (G)",8.58856,3.56261469155731e-89
"Gametocyte (G)",8.58856,1.75381182042605e-28
"Gametocyte (G)",8.58856,0.0172833109576337
"Gametocyte (G)",8.58856,0.00444524599304742
"Gametocyte (G)",8.58856,2.63734259572727e-15
"Gametocyte (G)",8.58856,0.00439478322313381
"Gametocyte (G)",8.58856,1.46196308355282e-15
"Gametocyte (G)",8.58856,6.27348219009981
"Gametocyte (G)",8.58856,3.18250855158344e-98
"Gametocyte (G)",8.58856,0.00439646197413046
"Gametocyte (G)",8.58856,0.00450911939385093
"Gametocyte (G)",8.58856,2.24149516858988e-90
"Gametocyte (G)",8.58856,4.07125289595496
"Gametocyte (G)",8.58856,0.00711345556099615
"Gametocyte (G)",8.58856,2.14676060334045
"Gametocyte (G)",8.58856,0.352824304883018
"Gametocyte (G)",8.58856,2.44486486825777e-35
"Gametocyte (G)",8.58856,0.00439739917669447
"Gametocyte (G)",8.58856,2.17753574557878e-20
"Gametocyte (G)",8.58856,1.85852954060372
"Gametocyte (G)",8.58856,5.67710561331788e-74
"Gametocyte (G)",8.58856,0.00115838443121005
"Gametocyte (G)",8.58856,0.00444280068807152
"Gametocyte (G)",8.58856,2.77777150723805
"Gametocyte (G)",8.58856,4.06572058901896e-11
"Gametocyte (G)",8.58856,0.00473887849554957
"Gametocyte (G)",8.58856,2.78748831342535
"Gametocyte (G)",8.58856,0.00483639501174802
"Gametocyte (G)",8.58856,0.00441417725260371
"Gametocyte (G)",8.58856,0.00439551184099152
"Gametocyte (G)",8.58856,1.4668293529743e-09
"Gametocyte (G)",8.58856,4.05666252401984e-07
"Gametocyte (G)",8.58856,1.33646037251961e-92
"Gametocyte (G)",8.58856,1.73558396229955e-53
"Gametocyte (G)",8.58856,0.00441401492116148
"Gametocyte (G)",8.58856,7.2628137570369e-23
"Gametocyte (G)",8.58856,2.00938252228957e-57
"Gametocyte (G)",8.58856,0.026192592105019
"Gametocyte (G)",8.58856,0.383338581240481
"Gametocyte (G)",8.58856,0.00839721600202763
"Gametocyte (G)",8.58856,0.0044053982545202
"Gametocyte (G)",8.58856,2.07714588652346
"Gametocyte (G)",8.58856,0.00615279483266044
"Gametocyte (G)",8.58856,6.5403695517796e-12
"Gametocyte (G)",8.58856,0.00505810039295047
"Gametocyte (G)",8.58856,0.00439816691837941
"Gametocyte (G)",8.58856,0.00521996379267725
"Gametocyte (G)",8.58856,0.00819051515821973
"Gametocyte (G)",8.58856,0.0044429822964831
"Gametocyte (G)",8.58856,1.467632210115e-07
"Gametocyte (G)",8.58856,1.87218058960143
"Gametocyte (G)",8.58856,0.159112200437385
"Gametocyte (G)",8.58856,7.56713222070945e-08
"Gametocyte (G)",8.58856,0.00440439284613268
"Gametocyte (G)",8.58856,0.00442194081118366
"Gametocyte (G)",8.58856,0.223226996169896
"Gametocyte (G)",8.58856,0.0044124295226646
"Gametocyte (G)",8.58856,0.00442037852604469
"Gametocyte (G)",8.58856,7.92639982639989e-24
"Gametocyte (G)",8.58856,0.73838745309098
"Gametocyte (G)",8.58856,0.00586117456588029
"Gametocyte (G)",8.58856,1.53928879770076e-62
"Gametocyte (G)",8.58856,1.04271203820228e-18
"Gametocyte (G)",8.58856,0.00445326196997678
"Gametocyte (G)",8.58856,6.89448573964298e-15
"Gametocyte (G)",8.58856,1.96563336883605
"Gametocyte (G)",8.58856,0.00440410958776819
"Gametocyte (G)",8.58856,0.00473415560329641
"Gametocyte (G)",8.58856,0.00439727190539765
"Gametocyte (G)",8.58856,1.01642763784564e-17
"Gametocyte (G)",8.58856,1.26729252727279
"Gametocyte (G)",8.58856,1.80435143949922e-42
"Gametocyte (G)",8.58856,0.00439528720016665
"Gametocyte (G)",8.58856,1.34405665429469e-58
"Gametocyte (G)",8.58856,1.62819009114318e-07
"Gametocyte (G)",8.58856,0.00452641172779447
"Gametocyte (G)",8.58856,0.10159987918966
"Gametocyte (G)",8.58856,0.00447429873418911
"Gametocyte (G)",8.58856,0.422447686499938
"Gametocyte (G)",8.58856,0.00444606439163322
"Gametocyte (G)",8.58856,0.00454986532709906
"Gametocyte (G)",8.58856,8.52154292050285e-34
"Gametocyte (G)",8.58856,0.00628468657284298
"Gametocyte (G)",8.58856,7.80164284403039e-10
"Gametocyte (G)",8.58856,4.1570596531648e-10
"Gametocyte (G)",8.58856,0.0135089493522162
"Gametocyte (G)",8.58856,0.00442473026626162
"Gametocyte (G)",8.58856,7.31231895257141e-92
"Gametocyte (G)",8.58856,3.22768233012489
"Gametocyte (G)",8.58856,0.0637538217341473
"Gametocyte (G)",8.58856,2.79115018125821
"Gametocyte (G)",8.58856,0.966510775651635
"Gametocyte (G)",8.58856,0.0064714118908584
"Gametocyte (G)",8.58856,5.58931416668163e-09
"Gametocyte (G)",8.58856,0.0151054096352498
"Gametocyte (G)",8.58856,0.0327064171182349
"Gametocyte (G)",8.58856,3.04581861748945
"Gametocyte (G)",8.58856,2.25139806293439
"Gametocyte (G)",8.58856,0.0577840854380916
"Gametocyte (G)",8.58856,5.68684208937008e-07
"Gametocyte (G)",8.58856,2.25995650133857
"Gametocyte (G)",8.58856,0.0114114213701477
"Gametocyte (G)",8.58856,3.26382811782883e-38
"Gametocyte (G)",8.58856,1.00188782422803e-76
"Gametocyte (G)",8.58856,7.48058668587119e-37
"Gametocyte (G)",8.58856,0.0044220176735617
"Gametocyte (G)",8.58856,0.0600532749352129
"Gametocyte (G)",8.58856,4.11679727904984e-93
"Gametocyte (G)",8.58856,2.58728383274829e-06
"Gametocyte (G)",8.58856,1.80221272581554
"Gametocyte (G)",8.58856,8.76081585091756e-46
"Gametocyte (G)",8.58856,4.94301083007722e-05
"Gametocyte (G)",8.58856,0.004491320583959
"Gametocyte (G)",8.58856,1.9413021764957
"Gametocyte (G)",8.58856,3.89289735654191
"Gametocyte (G)",8.58856,0.00441198219533501
"Gametocyte (G)",8.58856,5.14330189010894e-26
"Gametocyte (G)",8.58856,0.00457180404142174
"Gametocyte (G)",8.58856,0.00479977471880747
"Gametocyte (G)",8.58856,0.0310847662458226
"Gametocyte (G)",8.58856,1.88359561666502e-18
"Gametocyte (G)",8.58856,0.0129999034566241
"Gametocyte (G)",8.58856,0.00441550265257576
"Gametocyte (G)",8.58856,0.00489844234281218
"Gametocyte (G)",8.58856,1.54875833749422e-68
"Gametocyte (G)",8.58856,5.5253562590984e-10
"Gametocyte (G)",8.58856,0.00495657482205451
"Gametocyte (G)",8.58856,0.00571147408307552
"Gametocyte (G)",8.58856,5.15075651892495e-12
"Gametocyte (G)",8.58856,3.02578448044706
"Gametocyte (G)",8.58856,0.00439672430534991
"Gametocyte (G)",8.58856,2.30572382281391
"Gametocyte (G)",8.58856,1.66618920717945e-46
"Gametocyte (G)",8.58856,0.00442247573072388
"Gametocyte (G)",8.58856,0.00543175819012806
"Gametocyte (G)",8.58856,1.32027195094792e-86
"Gametocyte (G)",8.58856,0.00474900070856891
"Gametocyte (G)",8.58856,0.00439738884603651
"Gametocyte (G)",8.58856,2.89294966908101e-09
"Gametocyte (G)",8.58856,3.16058286930739
"Gametocyte (G)",8.58856,3.91725802939427e-05
"Gametocyte (G)",8.58856,0.0262304606221112
"Gametocyte (G)",8.58856,0.00440283814593611
"Gametocyte (G)",8.58856,3.55172388058614e-26
"Gametocyte (G)",8.58856,0.00488677924972318
"Gametocyte (G)",8.58856,0.525143201564545
"Gametocyte (G)",8.58856,1.37271413923167
"Gametocyte (G)",8.58856,0.00439467515103861
"Gametocyte (G)",8.58856,0.00829654664424184
"Gametocyte (G)",8.58856,0.00447716637260861
"Gametocyte (G)",8.58856,3.28851406249166
"Gametocyte (G)",8.58856,0.00443554313742079
"Gametocyte (G)",8.58856,0.00649385634581608
"Gametocyte (G)",8.58856,2.34386269713498e-10
"Gametocyte (G)",8.58856,1.29760088133423e-31
"Gametocyte (G)",8.58856,1.34166471939994e-76
"Gametocyte (G)",8.58856,0.0044061870256144
"Gametocyte (G)",8.58856,0.00450314633182237
"Gametocyte (G)",8.58856,3.92294027036553e-18
"Gametocyte (G)",8.58856,0.000872777833513137
"Gametocyte (G)",8.58856,0.00556678820810505
"Gametocyte (G)",8.58856,0.314151614490073
"Gametocyte (G)",8.58856,2.2673051370479e-07
"Gametocyte (G)",8.58856,0.00478084508277021
"Gametocyte (G)",8.58856,3.11695557543567
"Gametocyte (G)",8.58856,3.12887240668617e-28
"Gametocyte (G)",8.58856,4.12829140179241e-29
"Gametocyte (G)",8.58856,7.56620561415454e-42
"Gametocyte (G)",8.58856,0.0043972768542499
"Gametocyte (G)",8.58856,2.71677144204953
"Gametocyte (G)",8.58856,7.89571427212482e-31
"Gametocyte (G)",8.58856,6.63765973821974e-05
"Gametocyte (G)",8.58856,0.0214985846932516
"Gametocyte (G)",8.58856,3.01465503915058e-33
"Gametocyte (G)",8.58856,1.29574558880826
"Gametocyte (G)",8.58856,0.0561116696827052
"Gametocyte (G)",8.58856,9.26949084150556e-10
"Gametocyte (G)",8.58856,0.430598367587631
"Gametocyte (G)",8.58856,0.00452461033576537
"Gametocyte (G)",8.58856,0.00446896022686611
"Gametocyte (G)",8.58856,4.31344270669382e-34
"Gametocyte (G)",8.58856,0.00953960944314178
"Gametocyte (G)",8.58856,0.00439480935459448
"Gametocyte (G)",8.58856,3.97947407648506e-73
"Gametocyte (G)",8.58856,0.0445289052185766
"Gametocyte (G)",8.58856,3.7134771761644e-23
"Gametocyte (G)",8.58856,0.000143013509356456
"Gametocyte (G)",8.58856,3.03554017881255
"Gametocyte (G)",8.58856,2.40327323214612
"Gametocyte (G)",8.58856,0.00440852108788633
"Gametocyte (G)",8.58856,3.00767225630157
"Gametocyte (G)",8.58856,1.1724471588399e-25
"Gametocyte (G)",8.58856,0.00460695862727808
"Gametocyte (G)",8.58856,4.66673402356824e-08
"Gametocyte (G)",8.58856,0.00440419055180791
"Gametocyte (G)",8.58856,2.17105500426597e-13
"Gametocyte (G)",8.58856,0.0986679948567075
"Gametocyte (G)",8.58856,3.59774847048247e-70
"Gametocyte (G)",8.58856,0.00442999501062027
"Gametocyte (G)",8.58856,8.11381909173083e-13
"Gametocyte (G)",8.58856,3.57272450021711
"Gametocyte (G)",8.58856,0.000551312825850655
"Gametocyte (G)",8.58856,0.00442662261593878
"Gametocyte (G)",8.58856,8.86606622078179e-31
"Gametocyte (G)",8.58856,0.192465454649606
"Gametocyte (G)",8.58856,3.17283581066226
"Gametocyte (G)",8.58856,0.00443733894059057
"Gametocyte (G)",8.58856,3.00995326341079
"Gametocyte (G)",8.58856,0.0122842721528166
"Gametocyte (G)",8.58856,0.00440709893412511
"Gametocyte (G)",8.58856,0.00466182977369312
"Gametocyte (G)",8.58856,1.47021849333734e-07
"Gametocyte (G)",8.58856,0.00455891875871507
"Gametocyte (G)",8.58856,1.2421388615925e-37
"Gametocyte (G)",8.58856,0.167281516542473
"Gametocyte (G)",8.58856,2.94495096882442e-05
"Gametocyte (G)",8.58856,2.01473564697148
"Gametocyte (G)",8.58856,3.00465115387289
"Gametocyte (G)",8.58856,1.33782533445624e-10
"Gametocyte (G)",8.58856,0.57444335661352
"Gametocyte (G)",8.58856,2.64176363588486e-08
"Gametocyte (G)",8.58856,4.65196363390291e-12
"Gametocyte (G)",8.58856,0.00179086479744524
"Gametocyte (G)",8.58856,0.284830642993177
"Gametocyte (G)",8.58856,1.33075516570882e-09
"Gametocyte (G)",8.58856,7.1258118526774e-51
"Gametocyte (G)",8.58856,2.32437413773584e-05
"Gametocyte (G)",8.58856,0.00439676589930875
"Gametocyte (G)",8.58856,0.00439491182752094
"Gametocyte (G)",8.58856,3.04877542443629
"Gametocyte (G)",8.58856,0.00479733309702093
"Gametocyte (G)",8.58856,0.00447116760979924
"Gametocyte (G)",8.58856,0.00452989572858225
"Gametocyte (G)",8.58856,0.00824007548732782
"Gametocyte (G)",8.58856,5.4952592814556e-08
"Gametocyte (G)",8.58856,0.121225458009221
"Gametocyte (G)",8.58856,0.67708401006495
"Gametocyte (G)",8.58856,4.48833950984516e-96
"Gametocyte (G)",8.58856,1.02544273992062e-09
"Gametocyte (G)",8.58856,1.69998638521491e-08
"Gametocyte (G)",8.58856,5.64711966885191e-08
"Gametocyte (G)",8.58856,2.01809874231344
"Gametocyte (G)",8.58856,0.00439710458210637
"Gametocyte (G)",8.58856,4.30081915823938e-39
"Gametocyte (G)",8.58856,7.86070882166892e-55
"Gametocyte (G)",8.58856,0.0044031824319049
"Gametocyte (G)",8.58856,0.00446392643139379
"Gametocyte (G)",8.58856,0.0193393292520826
"Gametocyte (G)",8.58856,0.531528827556133
"Gametocyte (G)",8.58856,2.97236220033626
"Gametocyte (G)",8.58856,0.0117896672605535
"Gametocyte (G)",8.58856,7.0479870400266e-49
"Gametocyte (G)",8.58856,5.23517270395718e-26
"Gametocyte (G)",8.58856,0.410791319667985
"Gametocyte (G)",8.58856,8.16856003566174e-06
"Gametocyte (G)",8.58856,4.368269522613e-35
"Gametocyte (G)",8.58856,0.0003734065279277
"Gametocyte (G)",8.58856,0.513406191564872
"Gametocyte (G)",8.58856,1.39042308114899e-22
"Gametocyte (G)",8.58856,0.00533045499699389
"Gametocyte (G)",8.58856,0.439188614796701
"Gametocyte (G)",8.58856,2.47869092094054e-27
"Gametocyte (G)",8.58856,0.12796599515512
"Gametocyte (G)",8.58856,0.0083721628187134
"Gametocyte (G)",8.58856,0.00441278165995261
"Gametocyte (G)",8.58856,1.33238542146218e-32
"Gametocyte (G)",8.58856,2.7085340586775
"Gametocyte (G)",8.58856,0.00469037454199629
"Gametocyte (G)",8.58856,2.72883645649595
"Gametocyte (G)",8.58856,1.50607256994693e-30
"Gametocyte (G)",8.58856,6.27087826249798e-24
"Gametocyte (G)",8.58856,1.08792491447469e-09
"Gametocyte (G)",8.58856,1.21140764254923e-88
"Gametocyte (G)",8.58856,0.00509390248168635
"Gametocyte (G)",8.58856,0.00475701902532817
"Gametocyte (G)",8.58856,0.000678942672383046
"Gametocyte (G)",8.58856,0.002008018643828
"Gametocyte (G)",8.58856,5.64680494253459
"Gametocyte (G)",8.58856,0.050826613520128
"Gametocyte (G)",8.58856,1.40801567761609e-18
"Gametocyte (G)",8.58856,1.41417861795631e-80
"Gametocyte (G)",8.58856,0.00439470121342714
"Gametocyte (G)",8.58856,0.00440946898652019
"Gametocyte (G)",8.58856,3.06639057701152
"Gametocyte (G)",8.58856,0.262595706557279
"Gametocyte (G)",8.58856,6.67859885005435e-44
"Gametocyte (G)",8.58856,1.26191152295123
"Gametocyte (G)",8.58856,0.00534452042989367
"Gametocyte (G)",8.58856,3.09542024503116
"Gametocyte (G)",8.58856,0.0044274569400105
"Gametocyte (G)",8.58856,7.34582792426517e-94
"Gametocyte (G)",8.58856,0.0044625082285563
"Gametocyte (G)",8.58856,0.00441274878157463
"Gametocyte (G)",8.58856,0.006098173303256
"Gametocyte (G)",8.58856,7.55068813052094e-08
"Gametocyte (G)",8.58856,0.00833970819063058
"Gametocyte (G)",8.58856,0.0044354697010086
"Gametocyte (G)",8.58856,5.19230004855213e-60
"Gametocyte (G)",8.58856,0.00440598035196699
"Gametocyte (G)",8.58856,0.00441313184839836
"Gametocyte (G)",8.58856,0.00443066446565702
"Gametocyte (G)",8.58856,0.00440383402293522
"Gametocyte (G)",8.58856,6.63386335272002e-28
"Gametocyte (G)",8.58856,2.57021770928722
"Gametocyte (G)",8.58856,3.55152697423363
"Gametocyte (G)",8.58856,0.00804247003858062
"Gametocyte (G)",8.58856,4.59710134795825e-09
"Gametocyte (G)",8.58856,2.87165862118948
"Gametocyte (G)",8.58856,0.00439624868918054
"Gametocyte (G)",8.58856,9.83381601207614e-25
"Gametocyte (G)",8.58856,8.76835618039196e-73
"Gametocyte (G)",8.58856,0.00464126791039821
"Gametocyte (G)",8.58856,9.35801859287446e-15
"Gametocyte (G)",8.58856,9.83308884702974e-16
"Gametocyte (G)",8.58856,2.90025769458201
"Gametocyte (G)",8.58856,3.07289317149475
"Gametocyte (G)",8.58856,0.00451926952892805
"Gametocyte (G)",8.58856,2.30134838064
"Gametocyte (G)",8.58856,0.00462142237501958
"Gametocyte (G)",8.58856,0.327534396850815
"Gametocyte (G)",8.58856,0.00490734054013091
"Gametocyte (G)",8.58856,0.00451842479921703
"Gametocyte (G)",8.58856,0.529323773469921
"Gametocyte (G)",8.58856,0.00446311245964551
"Gametocyte (G)",8.58856,0.0538901044302759
"Gametocyte (G)",8.58856,3.27797003735434
"Gametocyte (G)",8.58856,1.23168591610682e-71
"Gametocyte (G)",8.58856,9.54415331558297e-17
"Gametocyte (G)",8.58856,0.181665122623811
"Gametocyte (G)",8.58856,1.75358632886528e-17
"Gametocyte (G)",8.58856,6.79249710754307e-09
"Gametocyte (G)",8.58856,0.00551191915359822
"Gametocyte (G)",8.58856,0.00444140524520777
"Gametocyte (G)",8.58856,0.00124339135389552
"Gametocyte (G)",8.58856,3.51667724208802e-15
"Gametocyte (G)",8.58856,0.919031661998637
"Gametocyte (G)",8.58856,5.79737704964474e-12
"Gametocyte (G)",8.58856,0.00441976676015668
"Gametocyte (G)",8.58856,3.39689690799236e-95
"Gametocyte (G)",8.58856,0.0084668048864479
"Gametocyte (G)",8.58856,1.76046234266999
"Gametocyte (G)",8.58856,2.38445067656408
"Gametocyte (G)",8.58856,6.0203133528093e-58
"Gametocyte (G)",8.58856,5.85962111155626e-53
"Gametocyte (G)",8.58856,0.519392823115015
"Gametocyte (G)",8.58856,0.00443104353096916
"Gametocyte (G)",8.58856,7.71670895265544e-46
"Gametocyte (G)",8.58856,7.33332035792449e-34
"Gametocyte (G)",8.58856,0.00441891365992665
"Gametocyte (G)",8.58856,0.00865550617925657
"Gametocyte (G)",8.58856,4.62822627537881e-61
"Gametocyte (G)",8.58856,0.964982249184691
"Gametocyte (G)",8.58856,0.00706328017950957
"Gametocyte (G)",8.58856,0.000488115212664378
"Gametocyte (G)",8.58856,1.19679055806414e-15
"Gametocyte (G)",8.58856,0.00442468684799189
"Gametocyte (G)",8.58856,2.85564355040186e-10
"Gametocyte (G)",8.58856,7.97123843807604e-85
"Gametocyte (G)",8.58856,4.79065590277605e-98
"Gametocyte (G)",8.58856,7.73413995072076e-50
"Gametocyte (G)",8.58856,0.0044156927773561
"Gametocyte (G)",8.58856,0.00498088703934489
"Gametocyte (G)",8.58856,1.46071195676793e-09
"Gametocyte (G)",8.58856,0.0749101808775299
"Gametocyte (G)",8.58856,0.00451066157942874
"Gametocyte (G)",8.58856,0.0043946354702503
"Gametocyte (G)",8.58856,0.0073787358834459
"Gametocyte (G)",8.58856,3.93353647802133e-06
"Gametocyte (G)",8.58856,0.00440043807620907
"Gametocyte (G)",8.58856,0.00439987825145744
"Gametocyte (G)",8.58856,0.172570029991707
"Gametocyte (G)",8.58856,0.004487313432347
"Gametocyte (G)",8.58856,2.78473004212909e-13
"Gametocyte (G)",8.58856,3.98196043457868e-78
"Gametocyte (G)",8.58856,0.00140797101402325
"Gametocyte (G)",8.58856,0.00463639136829346
"Gametocyte (G)",8.58856,4.9826647713082e-06
"Gametocyte (G)",8.58856,9.83346525310894e-06
"Gametocyte (G)",8.58856,2.51122922962323e-14
"Gametocyte (G)",8.58856,0.00456826001252115
"Gametocyte (G)",8.58856,4.44785353817733e-55
"Gametocyte (G)",8.58856,0.488808529946346
"Gametocyte (G)",8.58856,0.00559044555875074
"Gametocyte (G)",8.58856,0.00454695342001652
"Gametocyte (G)",8.58856,2.07880465017976e-71
"Gametocyte (G)",8.58856,0.00620827520162692
"Gametocyte (G)",8.58856,2.9427163365714
"Gametocyte (G)",8.58856,0.000645731710941265
"Gametocyte (G)",8.58856,3.46254694933203
"Gametocyte (G)",8.58856,6.40677559613007e-34
"Gametocyte (G)",8.58856,2.941737363823
"Gametocyte (G)",8.58856,0.0168867556404353
"Gametocyte (G)",8.58856,0.0457895453319882
"Gametocyte (G)",8.58856,9.59150126939065e-16
"Gametocyte (G)",8.58856,2.49307119096888
"Gametocyte (G)",8.58856,0.00439772530512022
"Gametocyte (G)",8.58856,3.38738212710988e-14
"Gametocyte (G)",8.58856,2.24752780208764
"Gametocyte (G)",8.58856,2.26059944588746e-80
"Gametocyte (G)",8.58856,1.02955824161335e-24
"Gametocyte (G)",8.58856,0.0117837183237574
"Gametocyte (G)",8.58856,2.57854376222236e-53
"Gametocyte (G)",8.58856,0.00492980474001861
"Gametocyte (G)",8.58856,0.00464248829710827
"Gametocyte (G)",8.58856,0.00612725950815532
"Gametocyte (G)",8.58856,0.00674835996988598
"Gametocyte (G)",8.58856,0.00439750131838818
"Gametocyte (G)",8.58856,1.60525920676755e-09
"Gametocyte (G)",8.58856,1.04399826792069e-10
"Gametocyte (G)",8.58856,2.28233649109061e-27
"Gametocyte (G)",8.58856,5.01708971105583e-16
"Gametocyte (G)",8.58856,0.00448432058913935
"Gametocyte (G)",8.58856,1.531194571299
"Gametocyte (G)",8.58856,4.24799982481055e-08
"Gametocyte (G)",8.58856,0.00440634513159453
"Gametocyte (G)",8.58856,1.59004258084157e-37
"Gametocyte (G)",8.58856,0.00441894181742951
"Gametocyte (G)",8.58856,0.00485308583404166
"Gametocyte (G)",8.58856,0.00446702445621905
"Gametocyte (G)",8.58856,2.38320144402232
"Gametocyte (G)",8.58856,5.07921410311049e-10
"Gametocyte (G)",8.58856,3.13200028612198
"Gametocyte (G)",8.58856,0.0306387298152526
"Gametocyte (G)",8.58856,3.15618021951065e-64
"Gametocyte (G)",8.58856,2.85223557905975e-17
"Gametocyte (G)",8.58856,0.00440849974044872
"Gametocyte (G)",8.58856,0.00234859956027129
"Gametocyte (G)",8.58856,0.00479050573885911
"Gametocyte (G)",8.58856,0.00652132810226038
"Gametocyte (G)",8.58856,0.00511147767996886
"Gametocyte (G)",8.58856,0.194153719474293
"Gametocyte (G)",8.58856,0.00440759515534951
"Gametocyte (G)",8.58856,1.01963483598017e-74
"Gametocyte (G)",8.58856,0.00439650675199668
"Gametocyte (G)",8.58856,4.49859968532998e-18
"Gametocyte (G)",8.58856,0.00889439240146654
"Gametocyte (G)",8.58856,0.00439926078019345
"Gametocyte (G)",8.58856,0.0538927771788768
"Gametocyte (G)",8.58856,6.71577673389091e-63
"Gametocyte (G)",8.58856,0.0240545910720636
"Gametocyte (G)",8.58856,1.92993793266897e-05
"Gametocyte (G)",8.58856,2.21949752703165
"Gametocyte (G)",8.58856,0.0295175207796386
"Gametocyte (G)",8.58856,0.00442420504660525
"Gametocyte (G)",8.58856,6.28460916630839e-27
"Gametocyte (G)",8.58856,8.19888711517477e-81
"Gametocyte (G)",8.58856,1.08695969795333e-05
"Gametocyte (G)",8.58856,2.69235822927229
"Gametocyte (G)",8.58856,4.31796024619711e-20
"Gametocyte (G)",8.58856,2.62963888148043
"Gametocyte (G)",8.58856,0.00439539951024033
"Gametocyte (G)",8.58856,2.97829079794847
"Gametocyte (G)",8.58856,2.86097825691577e-14
"Gametocyte (G)",8.58856,0.00443653567650713
"Gametocyte (G)",8.58856,0.00352542144516662
"Gametocyte (G)",8.58856,2.51607572420333
"Gametocyte (G)",8.58856,0.00446185134229264
"Gametocyte (G)",8.58856,0.00443345192927229
"Gametocyte (G)",8.58856,0.0059058385480529
"Gametocyte (G)",8.58856,2.54549105076447
"Gametocyte (G)",8.58856,1.93118397780236
"Gametocyte (G)",8.58856,4.0995195803631e-82
"Gametocyte (G)",8.58856,5.85309285412717e-10
"Gametocyte (G)",8.58856,1.71027406405824e-84
"Gametocyte (G)",8.58856,0.00726048688252821
"Gametocyte (G)",8.58856,0.164198412105884
"Gametocyte (G)",8.58856,0.00445957320389148
"Gametocyte (G)",8.58856,3.5390440198522e-27
"Gametocyte (G)",8.58856,2.78140002033066
"Gametocyte (G)",8.58856,5.46348947378744e-55
"Gametocyte (G)",8.58856,0.109922611206313
"Gametocyte (G)",8.58856,0.0771389813425966
"Gametocyte (G)",8.58856,0.00733158290037776
"Gametocyte (G)",8.58856,4.13114862550341e-06
"Gametocyte (G)",8.58856,3.09435707590214e-65
"Gametocyte (G)",8.58856,8.18328535626275e-06
"Gametocyte (G)",8.58856,0.490209732073524
"Gametocyte (G)",8.58856,0.00444132991613442
"Gametocyte (G)",8.58856,1.90013245632505e-66
"Gametocyte (G)",8.58856,9.88179977628186e-07
"Gametocyte (G)",8.58856,0.00570672367704273
"Gametocyte (G)",8.58856,0.00439685189127309
"Gametocyte (G)",8.58856,1.62846419398043
"Gametocyte (G)",8.58856,0.00443498657361423
"Gametocyte (G)",8.58856,0.00439618654733539
"Gametocyte (G)",8.58856,3.8027160464759
"Gametocyte (G)",8.58856,0.0502149538678816
"Gametocyte (G)",8.58856,0.00447549566707332
"Gametocyte (G)",8.58856,0.001268630954241
"Gametocyte (G)",8.58856,2.97664156128884
"Gametocyte (G)",8.58856,2.93029234681424
"Gametocyte (G)",8.58856,0.00450512536642683
"Gametocyte (G)",8.58856,1.08033939339639e-05
"Gametocyte (G)",8.58856,0.00598889994005981
"Gametocyte (G)",8.58856,1.24794020043687e-25
"Gametocyte (G)",8.58856,0.0044091107481488
"Gametocyte (G)",8.58856,0.00439523430014992
"Gametocyte (G)",8.58856,0.000726507544488384
"Gametocyte (G)",8.58856,0.00576572044631065
"Gametocyte (G)",8.58856,2.55851856195714e-16
"Gametocyte (G)",8.58856,0.317083932628805
"Gametocyte (G)",8.58856,0.00449763214909713
"Gametocyte (G)",8.58856,0.20528623525098
"Gametocyte (G)",8.58856,0.00440791037972337
"Gametocyte (G)",8.58856,7.56424521684555e-13
"Gametocyte (G)",8.58856,8.55726713132798e-22
"Gametocyte (G)",8.58856,6.90172259974288e-92
"Gametocyte (G)",8.58856,0.00114624714703342
"Gametocyte (G)",8.58856,3.11345315471607
"Gametocyte (G)",8.58856,2.7400675973034
"Gametocyte (G)",8.58856,0.00484105955391369
"Gametocyte (G)",8.58856,1.12536456124872e-06
"Gametocyte (G)",8.58856,0.00439707695582685
"Gametocyte (G)",8.58856,3.41556791342607
"Gametocyte (G)",8.58856,8.68634250656999e-14
"Gametocyte (G)",8.58856,0.0196788753936272
"Gametocyte (G)",8.58856,3.61044058623114e-32
"Gametocyte (G)",8.58856,1.77389864364832e-98
"Gametocyte (G)",8.58856,2.39205027519974
"Gametocyte (G)",8.58856,0.0232019519836513
"Gametocyte (G)",8.58856,0.00440523718740516
"Gametocyte (G)",8.58856,3.96076418322689e-69
"Gametocyte (G)",8.58856,0.0676830378613737
"Gametocyte (G)",8.58856,2.22682827340075e-44
"Gametocyte (G)",8.58856,0.0102515976837672
"Gametocyte (G)",8.58856,0.0052024084480637
"Gametocyte (G)",8.58856,2.12176709115116e-05
"Gametocyte (G)",8.58856,1.18524973092355e-74
"Gametocyte (G)",8.58856,7.76764582291305e-17
"Gametocyte (G)",8.58856,0.892470827641191
"Gametocyte (G)",8.58856,0.00449354345683732
"Gametocyte (G)",8.58856,0.00613898586995802
"Gametocyte (G)",8.58856,0.0046139559705525
"Gametocyte (G)",8.58856,2.39933216472674
"Gametocyte (G)",8.58856,7.48347551590493e-05
"Gametocyte (G)",8.58856,1.23353473079807
"Gametocyte (G)",8.58856,0.00439575731546716
"Gametocyte (G)",8.58856,0.00439639449789345
"Gametocyte (G)",8.58856,0.0263786347239189
"Gametocyte (G)",8.58856,1.74158491792617
"Gametocyte (G)",8.58856,0.0044155081129582
"Gametocyte (G)",8.58856,3.32478015720509
"Gametocyte (G)",8.58856,0.0165298287787499
"Gametocyte (G)",8.58856,2.97999940673876e-05
"Gametocyte (G)",8.58856,0.00441746250117756
"Gametocyte (G)",8.58856,0.00442029262022539
"Gametocyte (G)",8.58856,2.38414892886758
"Gametocyte (G)",8.58856,2.88734846498685e-59
"Gametocyte (G)",8.58856,0.00649648553066168
"Gametocyte (G)",8.58856,0.0044073989724953
"Gametocyte (G)",8.58856,8.46783610075949e-18
"Gametocyte (G)",8.58856,0.00439639605225727
"Gametocyte (G)",8.58856,7.38367505343961e-35
"Gametocyte (G)",8.58856,0.00447209017012644
"Gametocyte (G)",8.58856,4.75127919242682e-27
"Gametocyte (G)",8.58856,0.00455987974774844
"Gametocyte (G)",8.58856,6.18431862622866e-73
"Gametocyte (G)",8.58856,0.00476935520474188
"Gametocyte (G)",8.58856,1.33158529288502
"Gametocyte (G)",8.58856,0.00442644600221613
"Gametocyte (G)",8.58856,0.00117334707277065
"Gametocyte (G)",8.58856,0.00586482926182647
"Gametocyte (G)",8.58856,0.00450088743966263
"Gametocyte (G)",8.58856,0.00454279317748693
"Gametocyte (G)",8.58856,0.00476554941101647
"Gametocyte (G)",8.58856,0.00049322769214182
"Gametocyte (G)",8.58856,6.1531229377842e-66
"Gametocyte (G)",8.58856,7.65230164267257e-89
"Gametocyte (G)",8.58856,3.04268198936866e-06
"Gametocyte (G)",8.58856,0.00521439327985249
"Gametocyte (G)",8.58856,0.230040682818121
"Gametocyte (G)",8.58856,0.00442321053009596
"Gametocyte (G)",8.58856,0.00529228001282309
"Gametocyte (G)",8.58856,2.47383260439827
"Gametocyte (G)",8.58856,5.48233769976664e-61
"Gametocyte (G)",8.58856,2.39967811885817e-53
"Gametocyte (G)",8.58856,3.57223672074258
"Gametocyte (G)",8.58856,1.11788480787078e-73
"Gametocyte (G)",8.58856,0.972061912027475
"Gametocyte (G)",8.58856,1.59006003765672
"Gametocyte (G)",8.58856,2.62911747656831
"Gametocyte (G)",8.58856,2.9827894508748e-26
"Gametocyte (G)",8.58856,1.06453253353638e-09
"Gametocyte (G)",8.58856,0.00441337551400902
"Gametocyte (G)",8.58856,2.84683267491329
"Gametocyte (G)",8.58856,0.0044176950830131
"Gametocyte (G)",8.58856,2.74729910874862
"Gametocyte (G)",8.58856,0.00442431888654956
"Gametocyte (G)",8.58856,0.00455923594631574
"Gametocyte (G)",8.58856,6.64357134372242e-27
"Gametocyte (G)",8.58856,0.0118029237078838
"Gametocyte (G)",8.58856,0.00441855001470824
"Gametocyte (G)",8.58856,0.00511684140444276
"Gametocyte (G)",8.58856,0.00440010078821383
"Gametocyte (G)",8.58856,2.27562354264927
"Gametocyte (G)",8.58856,3.44101532908688e-08
"Gametocyte (G)",8.58856,1.92682848605796e-05
"Gametocyte (G)",8.58856,3.21395013844214
"Gametocyte (G)",8.58856,3.14465306913424
"Gametocyte (G)",8.58856,1.41096233334608e-63
"Gametocyte (G)",8.58856,0.00440124802836932
"Gametocyte (G)",8.58856,0.360269203929837
"Gametocyte (G)",8.58856,0.00524410706507091
"Gametocyte (G)",8.58856,0.0162731620808692
"Gametocyte (G)",8.58856,0.00515326009289873
"Gametocyte (G)",8.58856,1.50862026888056e-42
"Gametocyte (G)",8.58856,0.0465992463217831
"Gametocyte (G)",8.58856,1.61649497679873
"Gametocyte (G)",8.58856,7.48507979649429e-58
"Gametocyte (G)",8.58856,9.15655622856697e-14
"Gametocyte (G)",8.58856,0.00440099427726274
"Gametocyte (G)",8.58856,2.5516991521836e-10
"Gametocyte (G)",8.58856,0.0901839921269511
"Gametocyte (G)",8.58856,0.00793195671176103
"Gametocyte (G)",8.58856,0.00442154548841573
"Gametocyte (G)",8.58856,2.19085522214808
"Gametocyte (G)",8.58856,0.00450473256251753
"Gametocyte (G)",8.58856,1.45712082883678e-63
"Gametocyte (G)",8.58856,5.35759182155918e-06
"Gametocyte (G)",8.58856,0.00488312199376548
"Gametocyte (G)",8.58856,2.81553423017626
"Gametocyte (G)",8.58856,4.70137450755931e-66
"Gametocyte (G)",8.58856,0.00462102849320239
"Gametocyte (G)",8.58856,0.00527251083239097
"Gametocyte (G)",8.58856,7.12972124973896e-16
"Gametocyte (G)",8.58856,2.22442846887269e-91
"Gametocyte (G)",8.58856,0.00843385189007736
"Gametocyte (G)",8.58856,6.81364159232141e-09
"Gametocyte (G)",8.58856,3.28652940110227
"Gametocyte (G)",8.58856,3.01895898958642
"Gametocyte (G)",8.58856,0.537823156561246
"Gametocyte (G)",8.58856,0.000344010214919118
"Gametocyte (G)",8.58856,1.92480222095314e-09
"Gametocyte (G)",8.58856,2.75290557956742
"Gametocyte (G)",8.58856,0.00439533375730454
"Gametocyte (G)",8.58856,9.10838112668196e-14
"Gametocyte (G)",8.58856,0.789347769399381
"Gametocyte (G)",8.58856,0.0043999965374041
"Gametocyte (G)",8.58856,3.60909620843033
"Gametocyte (G)",8.58856,1.71961779503802
"Gametocyte (G)",8.58856,1.70314542101127e-18
"Gametocyte (G)",8.58856,0.00444806112080982
"Gametocyte (G)",8.58856,3.11349350037376
"Gametocyte (G)",8.58856,0.00485803264076686
"Gametocyte (G)",8.58856,0.00537516302050085
"Gametocyte (G)",8.58856,3.28838107425578
"Gametocyte (G)",8.58856,0.00440856210219432
"Gametocyte (G)",8.58856,3.23654510042332
"Gametocyte (G)",8.58856,0.111021734664971
"Gametocyte (G)",8.58856,3.36280087549389
"Gametocyte (G)",8.58856,3.73712689112606e-51
"Gametocyte (G)",8.58856,0.00517345100425654
"Gametocyte (G)",8.58856,0.00441602040404207
"Gametocyte (G)",8.58856,0.00465082549089972
"Gametocyte (G)",8.58856,0.00524950635538123
"Gametocyte (G)",8.58856,5.38701191289342e-89
"Gametocyte (G)",8.58856,4.03514525245813e-10
"Gametocyte (G)",8.58856,0.000405914361336648
"Gametocyte (G)",8.58856,0.00447251416201741
"Gametocyte (G)",8.58856,0.0044276953619662
"Gametocyte (G)",8.58856,0.903440190977489
"Gametocyte (G)",8.58856,7.03688774496835e-64
"Gametocyte (G)",8.58856,2.87889943687985
"Gametocyte (G)",8.58856,0.00467235268890326
"Gametocyte (G)",8.58856,2.22114087667162e-36
"Gametocyte (G)",8.58856,3.21111782418247e-48
"Gametocyte (G)",8.58856,3.9835398093074e-84
"Gametocyte (G)",8.58856,1.4898062824707
"Gametocyte (G)",8.58856,0.0560366533032167
"Gametocyte (G)",8.58856,2.50166760229767e-16
"Gametocyte (G)",8.58856,1.4388970157314
"Gametocyte (G)",8.58856,0.00529701484527146
"Gametocyte (G)",8.58856,0.00441733805072601
"Gametocyte (G)",8.58856,6.34243864493707
"Gametocyte (G)",8.58856,2.65056840397692
"Gametocyte (G)",8.58856,7.66655721380204e-79
"Gametocyte (G)",8.58856,7.31981372414935e-24
"Gametocyte (G)",8.58856,0.0295728784946906
"Gametocyte (G)",8.58856,0.0169924088324246
"Gametocyte (G)",8.58856,0.666308562874991
"Gametocyte (G)",8.58856,0.00440421469577289
"Gametocyte (G)",8.58856,0.00439541759709243
"Gametocyte (G)",8.58856,0.00446892314897263
"Gametocyte (G)",8.58856,1.74084592490545
"Gametocyte (G)",8.58856,5.9812625123e-13
"Gametocyte (G)",8.58856,3.42349434711895e-06
"Gametocyte (G)",8.58856,2.23509546635289e-48
"Gametocyte (G)",8.58856,2.48748543857151
"Gametocyte (G)",8.58856,6.87313891371662e-63
"Gametocyte (G)",8.58856,0.00439508966090758
"Gametocyte (G)",8.58856,0.00765678371112725
"Gametocyte (G)",8.58856,0.000116365313735508
"Gametocyte (G)",8.58856,0.00449402351749869
"Gametocyte (G)",8.58856,9.14069677709295e-34
"Gametocyte (G)",8.58856,3.65401620555222e-35
"Gametocyte (G)",8.58856,0.00591035057119696
"Gametocyte (G)",8.58856,0.100846337979355
"Gametocyte (G)",8.58856,0.00931115247457041
"Gametocyte (G)",8.58856,0.00163443105622258
"Gametocyte (G)",8.58856,1.36775708996731
"Gametocyte (G)",8.58856,0.0559473113031536
"Gametocyte (G)",8.58856,4.26495302537669e-41
"Gametocyte (G)",8.58856,0.498684000341742
"Gametocyte (G)",8.58856,8.05504247633017e-20
"Gametocyte (G)",8.58856,0.00941703933667728
"Gametocyte (G)",8.58856,0.00440028456041482
"Gametocyte (G)",8.58856,0.00439656516042578
"Gametocyte (G)",8.58856,0.00460482173268145
"Gametocyte (G)",8.58856,2.97667062314282e-18
"Gametocyte (G)",8.58856,1.65212067075845
"Gametocyte (G)",8.58856,0.00532991260958659
"Gametocyte (G)",8.58856,2.85814664688174
"Gametocyte (G)",8.58856,0.00444890050598083
"Gametocyte (G)",8.58856,3.22734337962462e-20
"Gametocyte (G)",8.58856,0.0044303714728472
"Gametocyte (G)",8.58856,8.34762504297767e-13
"Gametocyte (G)",8.58856,4.57998601211872e-88
"Gametocyte (G)",8.58856,0.004397834137705
"Gametocyte (G)",8.58856,0.0731783081175042
"Gametocyte (G)",8.58856,1.50513426874373e-86
"Gametocyte (G)",8.58856,1.01598252732668e-20
"Gametocyte (G)",8.58856,0.00472907191999408
"Gametocyte (G)",8.58856,0.00439919015785363
"Gametocyte (G)",8.58856,0.00463699818959661
"Gametocyte (G)",8.58856,0.00442625549260867
"Gametocyte (G)",8.58856,0.00363561699643371
"Gametocyte (G)",8.58856,2.68811996552712
"Gametocyte (G)",8.58856,9.53109621919727e-05
"Gametocyte (G)",8.58856,3.4422477133881e-12
"Gametocyte (G)",8.58856,0.00440550939373467
"Gametocyte (G)",8.58856,0.656073816902489
"Gametocyte (G)",8.58856,0.00673944087102906
"Gametocyte (G)",8.58856,2.84103233897541
"Gametocyte (G)",8.58856,0.00440028128839439
"Gametocyte (G)",8.58856,2.01730393722339
"Gametocyte (G)",8.58856,0.00825237491169085
"Gametocyte (G)",8.58856,1.15650715306122e-87
"Gametocyte (G)",8.58856,2.41369693268719
"Gametocyte (G)",8.58856,0.0046561731512642
"Gametocyte (G)",8.58856,0.00441457683839579
"Gametocyte (G)",8.58856,0.00933127462365827
"Gametocyte (G)",8.58856,0.00495647767010645
"Gametocyte (G)",8.58856,0.00472425426799944
"Gametocyte (G)",8.58856,0.00788379852283146
"Gametocyte (G)",8.58856,2.37882605435466
"Gametocyte (G)",8.58856,0.0047800601942954
"Gametocyte (G)",8.58856,1.76737185690293
"Gametocyte (G)",8.58856,3.64932626802418e-06
"Gametocyte (G)",8.58856,2.94631876718837
"Gametocyte (G)",8.58856,1.93426985041977e-91
"Gametocyte (G)",8.58856,2.83871432540488
"Gametocyte (G)",8.58856,2.19855345414153
"Gametocyte (G)",8.58856,0.012841859089464
"Gametocyte (G)",8.58856,0.00464570922576995
"Gametocyte (G)",8.58856,3.90109233764508
"Gametocyte (G)",8.58856,1.62861379731111
"Gametocyte (G)",8.58856,0.00442098633660939
"Gametocyte (G)",8.58856,0.00445687116388964
"Gametocyte (G)",8.58856,0.00439885267592115
"Gametocyte (G)",8.58856,4.30610179811779
"Gametocyte (G)",8.58856,0.0141322681842035
"Gametocyte (G)",8.58856,1.32503702267637e-49
"Gametocyte (G)",8.58856,0.00509930701503918
"Gametocyte (G)",8.58856,8.36355358644841e-06
"Gametocyte (G)",8.58856,1.93942829811382
"Gametocyte (G)",8.58856,2.88372911357756
"Gametocyte (G)",8.58856,3.53098321877576
"Gametocyte (G)",8.58856,0.00509705383664341
"Gametocyte (G)",8.58856,0.0609917951170569
"Gametocyte (G)",8.58856,3.10154964450135e-84
"Gametocyte (G)",8.58856,8.12703790640271e-06
"Gametocyte (G)",8.58856,5.59453210105323e-07
"Gametocyte (G)",8.58856,4.46061737186034e-70
"Gametocyte (G)",8.58856,1.6828956304472e-15
"Gametocyte (G)",8.58856,0.00451827559460178
"Gametocyte (G)",8.58856,0.00136992508412257
"Gametocyte (G)",8.58856,2.49704727532347
"Gametocyte (G)",8.58856,1.49888516493867e-57
"Gametocyte (G)",8.58856,3.03816809163841
"Gametocyte (G)",8.58856,0.00994461127385655
"Gametocyte (G)",8.58856,5.2687429910132e-17
"Gametocyte (G)",8.58856,0.00442002508034762
"Gametocyte (G)",8.58856,1.5079422359249
"Gametocyte (G)",8.58856,0.0105779190909914
"Gametocyte (G)",8.58856,0.00089293372821627
"Gametocyte (G)",8.58856,0.00953059772682431
"Gametocyte (G)",8.58856,2.73964405128552
"Gametocyte (G)",8.58856,3.38340014042691e-85
"Gametocyte (G)",8.58856,5.9132448161212e-17
"Gametocyte (G)",8.58856,0.00440325081014856
"Gametocyte (G)",8.58856,0.00839152676956252
"Gametocyte (G)",8.58856,0.00450904246856334
"Gametocyte (G)",8.58856,0.0413318709324605
"Gametocyte (G)",8.58856,2.80624262835601
"Gametocyte (G)",8.58856,0.00505706557409112
"Gametocyte (G)",8.58856,0.298840345649201
"Gametocyte (G)",8.58856,0.00439757558150796
"Gametocyte (G)",8.58856,1.07421238933938e-14
"Gametocyte (G)",8.58856,1.8587042693153
"Gametocyte (G)",8.58856,0.0899333802725448
"Gametocyte (G)",8.58856,0.000891638827619542
"Gametocyte (G)",8.58856,0.0651123413129659
"Gametocyte (G)",8.58856,0.00439965290415438
"Gametocyte (G)",8.58856,1.18230443765702e-28
"Gametocyte (G)",8.58856,0.0049975858936291
"Gametocyte (G)",8.58856,0.00445333957118228
"Gametocyte (G)",8.58856,6.1508944090758e-73
"Gametocyte (G)",8.58856,0.0155829986110209
"Gametocyte (G)",8.58856,0.00458230594315733
"Gametocyte (G)",8.58856,0.00439785787209089
"Gametocyte (G)",8.58856,2.84069371740995
"Gametocyte (G)",8.58856,4.87153721612328e-91
"Gametocyte (G)",8.58856,0.00473014108218127
"Gametocyte (G)",8.58856,0.0312022731834863
"Gametocyte (G)",8.58856,2.43813634524551
"Gametocyte (G)",8.58856,8.59915685740043e-85
"Gametocyte (G)",8.58856,7.25023088183902e-88
"Gametocyte (G)",8.58856,3.87727969671695e-93
"Gametocyte (G)",8.58856,3.8109262757644e-09
"Gametocyte (G)",8.58856,3.11693461535593
"Gametocyte (G)",8.58856,0.00471938508619699
"Gametocyte (G)",8.58856,0.0530568330944994
"Gametocyte (G)",8.58856,7.4116537385111e-09
"Gametocyte (G)",8.58856,1.33239080210944
"Gametocyte (G)",8.58856,0.0190374292132793
"Gametocyte (G)",8.58856,2.53805915959789
"Gametocyte (G)",8.58856,0.00439700004248565
"Gametocyte (G)",8.58856,0.0159995702008535
"Gametocyte (G)",8.58856,5.9979961362804e-72
"Gametocyte (G)",8.58856,2.66377945894506
"Gametocyte (G)",8.58856,0.00439776797876186
"Gametocyte (G)",8.58856,3.08906713688692
"Gametocyte (G)",8.58856,2.67731212340559
"Gametocyte (G)",8.58856,0.00441169037843882
"Gametocyte (G)",8.58856,0.00439931482415381
"Gametocyte (G)",8.58856,0.0044121599405245
"Gametocyte (G)",8.58856,0.73407670099836
"Gametocyte (G)",8.58856,0.00489842814816051
"Gametocyte (G)",8.58856,0.00504746879163496
"Gametocyte (G)",8.58856,0.045145267330296
"Gametocyte (G)",8.58856,5.38380462860946e-12
"Gametocyte (G)",8.58856,0.00826680804148957
"Gametocyte (G)",8.58856,2.22067275328641
"Gametocyte (G)",8.58856,0.00445677375587687
"Gametocyte (G)",8.58856,0.00441858752644547
"Gametocyte (G)",8.58856,0.909654134808245
"Gametocyte (G)",8.58856,0.00946682109645492
"Gametocyte (G)",8.58856,1.41860106133995e-08
"Gametocyte (G)",8.58856,0.00947638819715166
"Gametocyte (G)",8.58856,0.00467051319860633
"Gametocyte (G)",8.58856,0.0043948843617787
"Gametocyte (G)",8.58856,0.00440410983500523
"Gametocyte (G)",8.58856,7.46657559431544e-06
"Gametocyte (G)",8.58856,0.00169015160988145
"Gametocyte (G)",8.58856,1.87908640488679
"Gametocyte (G)",8.58856,7.37108210461867e-08
"Gametocyte (G)",8.58856,0.000195586971600477
"Gametocyte (G)",8.58856,0.0906750573895139
"Gametocyte (G)",8.58856,0.292381865742511
"Gametocyte (G)",8.58856,0.0165675051253256
"Gametocyte (G)",8.58856,4.42742389181193e-64
"Gametocyte (G)",8.58856,0.00439689385881262
"Gametocyte (G)",8.58856,4.80773244028956e-09
"Gametocyte (G)",8.58856,3.19142747973578e-07
"Gametocyte (G)",8.58856,0.00972925198525998
"Gametocyte (G)",8.58856,9.86613052513623e-07
"Gametocyte (G)",8.58856,0.347346914562187
"Gametocyte (G)",8.58856,0.00441359796695446
"Gametocyte (G)",8.58856,0.0279862475641865
"Gametocyte (G)",8.58856,0.00450861283753841
"Gametocyte (G)",8.58856,3.58919457799637e-61
"Gametocyte (G)",8.58856,1.32094217107482e-11
"Gametocyte (G)",8.58856,2.02012589562236
"Gametocyte (G)",8.58856,0.00456043472497561
"Gametocyte (G)",8.58856,0.00453607646546263
"Gametocyte (G)",8.58856,0.887513322778686
"Gametocyte (G)",8.58856,9.99323750829507e-69
"Gametocyte (G)",8.58856,3.31273665037389
"Gametocyte (G)",8.58856,0.0170962461889422
"Gametocyte (G)",8.58856,0.00439911701667242
"Gametocyte (G)",8.58856,0.00451467885953289
"Gametocyte (G)",8.58856,2.49394335435037e-05
"Gametocyte (G)",8.58856,0.00457889347661523
"Gametocyte (G)",8.58856,4.90083801114906e-46
"Gametocyte (G)",8.58856,3.99119433108931e-06
"Gametocyte (G)",8.58856,2.0314810674728
"Gametocyte (G)",8.58856,2.89558712049265
"Gametocyte (G)",8.58856,0.00442207585768489
"Gametocyte (G)",8.58856,2.94745171674973e-08
"Gametocyte (G)",8.58856,0.025813743073351
"Gametocyte (G)",8.58856,0.748715618642565
"Gametocyte (G)",8.58856,0.0117279210277174
"Gametocyte (G)",8.58856,0.00551812832970747
"Gametocyte (G)",8.58856,1.81968932794113e-40
"Gametocyte (G)",8.58856,0.00626211976732797
"Gametocyte (G)",8.58856,2.29386587851279
"Gametocyte (G)",8.58856,6.46305954241512e-10
"Gametocyte (G)",8.58856,0.000557525750212955
"Gametocyte (G)",8.58856,0.00501690555576064
"Gametocyte (G)",8.58856,1.94887744730128
"Gametocyte (G)",8.58856,5.05341681905656e-05
"Gametocyte (G)",8.58856,1.30409430054364e-13
"Gametocyte (G)",8.58856,1.08684224627511e-15
"Gametocyte (G)",8.58856,3.94204679335926e-66
"Gametocyte (G)",8.58856,0.110258961013824
"Gametocyte (G)",8.58856,1.08503788583732
"Asexual iRBC log (I log)",9.494991,0.423902133352758
"Asexual iRBC log (I log)",9.494991,8.1686852707851e-28
"Asexual iRBC log (I log)",9.494991,1.44442619856532e-21
"Asexual iRBC log (I log)",9.494991,0.00439204328146643
"Asexual iRBC log (I log)",9.494991,0.00439204321851616
"Asexual iRBC log (I log)",9.494991,3.02398756340273e-80
"Asexual iRBC log (I log)",9.494991,8.97036906115647e-25
"Asexual iRBC log (I log)",9.494991,1.28132893422645
"Asexual iRBC log (I log)",9.494991,0.0043920431206845
"Asexual iRBC log (I log)",9.494991,6.62322475767652e-23
"Asexual iRBC log (I log)",9.494991,0.00439204321594618
"Asexual iRBC log (I log)",9.494991,0.00439204334416426
"Asexual iRBC log (I log)",9.494991,0.00439204317470706
"Asexual iRBC log (I log)",9.494991,0.0282106290654672
"Asexual iRBC log (I log)",9.494991,0.881904011666488
"Asexual iRBC log (I log)",9.494991,0.00439204323018594
"Asexual iRBC log (I log)",9.494991,1.73643151757623
"Asexual iRBC log (I log)",9.494991,0.00439204319100766
"Asexual iRBC log (I log)",9.494991,1.43390512013105
"Asexual iRBC log (I log)",9.494991,0.00439204308433889
"Asexual iRBC log (I log)",9.494991,0.00439204321589893
"Asexual iRBC log (I log)",9.494991,0.00439204304302879
"Asexual iRBC log (I log)",9.494991,0.339782179717805
"Asexual iRBC log (I log)",9.494991,7.79176985777405e-24
"Asexual iRBC log (I log)",9.494991,0.00439204322840337
"Asexual iRBC log (I log)",9.494991,0.00439204308733719
"Asexual iRBC log (I log)",9.494991,1.28512170317735e-21
"Asexual iRBC log (I log)",9.494991,0.817873555166921
"Asexual iRBC log (I log)",9.494991,1.52039413467358
"Asexual iRBC log (I log)",9.494991,0.00439204481053523
"Asexual iRBC log (I log)",9.494991,1.66131266909849
"Asexual iRBC log (I log)",9.494991,0.00439204324076603
"Asexual iRBC log (I log)",9.494991,0.556369752032391
"Asexual iRBC log (I log)",9.494991,0.00439204313894448
"Asexual iRBC log (I log)",9.494991,0.514308827851524
"Asexual iRBC log (I log)",9.494991,1.64827472973232
"Asexual iRBC log (I log)",9.494991,3.70314142473793e-71
"Asexual iRBC log (I log)",9.494991,1.05700754009147e-21
"Asexual iRBC log (I log)",9.494991,0.00439204319356869
"Asexual iRBC log (I log)",9.494991,0.00439204325329613
"Asexual iRBC log (I log)",9.494991,0.00439204316455124
"Asexual iRBC log (I log)",9.494991,7.90310457354758e-23
"Asexual iRBC log (I log)",9.494991,1.29222198938785e-23
"Asexual iRBC log (I log)",9.494991,0.00439204309056295
"Asexual iRBC log (I log)",9.494991,1.40717193005857
"Asexual iRBC log (I log)",9.494991,0.00439204322987308
"Asexual iRBC log (I log)",9.494991,1.14627592803752e-22
"Asexual iRBC log (I log)",9.494991,1.36986622957782e-21
"Asexual iRBC log (I log)",9.494991,0.00439204320168108
"Asexual iRBC log (I log)",9.494991,0.00439204321031128
"Asexual iRBC log (I log)",9.494991,0.00439204308749819
"Asexual iRBC log (I log)",9.494991,0.0043920432459146
"Asexual iRBC log (I log)",9.494991,0.699953848344552
"Asexual iRBC log (I log)",9.494991,0.00439204320354966
"Asexual iRBC log (I log)",9.494991,0.00439204275533426
"Asexual iRBC log (I log)",9.494991,1.69938226466777
"Asexual iRBC log (I log)",9.494991,0.965365849926119
"Asexual iRBC log (I log)",9.494991,0.00439204287387129
"Asexual iRBC log (I log)",9.494991,3.89306457574745e-24
"Asexual iRBC log (I log)",9.494991,0.00439204317764259
"Asexual iRBC log (I log)",9.494991,1.70521276657172
"Asexual iRBC log (I log)",9.494991,1.61288315986358
"Asexual iRBC log (I log)",9.494991,0.00439204325776919
"Asexual iRBC log (I log)",9.494991,0.00439204324220019
"Asexual iRBC log (I log)",9.494991,0.00439204310698271
"Asexual iRBC log (I log)",9.494991,0.00104951234860605
"Asexual iRBC log (I log)",9.494991,1.45407661810589e-21
"Asexual iRBC log (I log)",9.494991,0.00439204304344317
"Asexual iRBC log (I log)",9.494991,1.74280638421076
"Asexual iRBC log (I log)",9.494991,0.00439204322633849
"Asexual iRBC log (I log)",9.494991,1.93646425957928e-32
"Asexual iRBC log (I log)",9.494991,1.86553638749394e-23
"Asexual iRBC log (I log)",9.494991,1.78033293570861
"Asexual iRBC log (I log)",9.494991,0.00439204328359699
"Asexual iRBC log (I log)",9.494991,1.69479482869824
"Asexual iRBC log (I log)",9.494991,2.50776015171258e-22
"Asexual iRBC log (I log)",9.494991,9.5363591729402e-22
"Asexual iRBC log (I log)",9.494991,1.02431089670094e-22
"Asexual iRBC log (I log)",9.494991,1.33022467755096
"Asexual iRBC log (I log)",9.494991,0.00439204305595905
"Asexual iRBC log (I log)",9.494991,1.29423374710948
"Asexual iRBC log (I log)",9.494991,1.87788125530802
"Asexual iRBC log (I log)",9.494991,2.19274026991686e-22
"Asexual iRBC log (I log)",9.494991,0.00439204320678026
"Asexual iRBC log (I log)",9.494991,0.00439204321479407
"Asexual iRBC log (I log)",9.494991,0.00439204325944021
"Asexual iRBC log (I log)",9.494991,1.46072648379505
"Asexual iRBC log (I log)",9.494991,1.43979086895526e-21
"Asexual iRBC log (I log)",9.494991,0.00439204323389025
"Asexual iRBC log (I log)",9.494991,1.68350888365806e-28
"Asexual iRBC log (I log)",9.494991,0.0278240284642612
"Asexual iRBC log (I log)",9.494991,0.939327412956022
"Asexual iRBC log (I log)",9.494991,0.00439204314731563
"Asexual iRBC log (I log)",9.494991,0.00439204308885685
"Asexual iRBC log (I log)",9.494991,1.07741245992779
"Asexual iRBC log (I log)",9.494991,1.1147525633089e-51
"Asexual iRBC log (I log)",9.494991,0.00439204320587531
"Asexual iRBC log (I log)",9.494991,0.0043920430887059
"Asexual iRBC log (I log)",9.494991,0.0043920429436298
"Asexual iRBC log (I log)",9.494991,0.00439204290629907
"Asexual iRBC log (I log)",9.494991,0.0043920432162177
"Asexual iRBC log (I log)",9.494991,1.28121801353977e-22
"Asexual iRBC log (I log)",9.494991,0.0043920431897051
"Asexual iRBC log (I log)",9.494991,1.54504135669612
"Asexual iRBC log (I log)",9.494991,0.00439204313809958
"Asexual iRBC log (I log)",9.494991,1.35043997066138e-81
"Asexual iRBC log (I log)",9.494991,0.00439204315376936
"Asexual iRBC log (I log)",9.494991,1.10063506311431e-21
"Asexual iRBC log (I log)",9.494991,0.00439204320550359
"Asexual iRBC log (I log)",9.494991,0.0043920432202306
"Asexual iRBC log (I log)",9.494991,0.029106648608206
"Asexual iRBC log (I log)",9.494991,0.00439204323150478
"Asexual iRBC log (I log)",9.494991,1.36029385199897
"Asexual iRBC log (I log)",9.494991,7.07073717784622e-08
"Asexual iRBC log (I log)",9.494991,5.94889415897946e-45
"Asexual iRBC log (I log)",9.494991,1.80866109946838e-26
"Asexual iRBC log (I log)",9.494991,0.00439204299577298
"Asexual iRBC log (I log)",9.494991,0.00439204320681158
"Asexual iRBC log (I log)",9.494991,0.00439204317477326
"Asexual iRBC log (I log)",9.494991,0.00439204293917333
"Asexual iRBC log (I log)",9.494991,1.72510943893226
"Asexual iRBC log (I log)",9.494991,0.00439204322155605
"Asexual iRBC log (I log)",9.494991,0.00439204316279251
"Asexual iRBC log (I log)",9.494991,1.45380873344101e-21
"Asexual iRBC log (I log)",9.494991,0.00439204305051173
"Asexual iRBC log (I log)",9.494991,5.92393984526216e-21
"Asexual iRBC log (I log)",9.494991,1.7877435897431
"Asexual iRBC log (I log)",9.494991,1.10316662727318e-76
"Asexual iRBC log (I log)",9.494991,0.00439204315658832
"Asexual iRBC log (I log)",9.494991,0.00439204322174032
"Asexual iRBC log (I log)",9.494991,1.27719763962263e-80
"Asexual iRBC log (I log)",9.494991,0.00439204276524958
"Asexual iRBC log (I log)",9.494991,0.156879611945931
"Asexual iRBC log (I log)",9.494991,1.04829564560967e-21
"Asexual iRBC log (I log)",9.494991,1.68022411081844
"Asexual iRBC log (I log)",9.494991,0.00439204307493725
"Asexual iRBC log (I log)",9.494991,1.73613204345657
"Asexual iRBC log (I log)",9.494991,0.00439204320399116
"Asexual iRBC log (I log)",9.494991,0.00439204320674332
"Asexual iRBC log (I log)",9.494991,0.00436991272246304
"Asexual iRBC log (I log)",9.494991,0.00439204304222214
"Asexual iRBC log (I log)",9.494991,0.00439204307768143
"Asexual iRBC log (I log)",9.494991,0.00478629811276147
"Asexual iRBC log (I log)",9.494991,9.36590054063785e-31
"Asexual iRBC log (I log)",9.494991,0.0043920431526565
"Asexual iRBC log (I log)",9.494991,0.0043920431156467
"Asexual iRBC log (I log)",9.494991,0.193893559085011
"Asexual iRBC log (I log)",9.494991,0.00439204329802362
"Asexual iRBC log (I log)",9.494991,0.00439204309713267
"Asexual iRBC log (I log)",9.494991,4.63207754574159e-24
"Asexual iRBC log (I log)",9.494991,0.00439204310822299
"Asexual iRBC log (I log)",9.494991,1.24810533196467e-19
"Asexual iRBC log (I log)",9.494991,0.0043920432015868
"Asexual iRBC log (I log)",9.494991,4.14511149658807e-23
"Asexual iRBC log (I log)",9.494991,0.244434803276447
"Asexual iRBC log (I log)",9.494991,0.00439204312384225
"Asexual iRBC log (I log)",9.494991,6.62765354732045e-42
"Asexual iRBC log (I log)",9.494991,0.00439204329396499
"Asexual iRBC log (I log)",9.494991,1.68445563925106
"Asexual iRBC log (I log)",9.494991,0.0043920432129174
"Asexual iRBC log (I log)",9.494991,0.242825975715406
"Asexual iRBC log (I log)",9.494991,0.00439204301005203
"Asexual iRBC log (I log)",9.494991,0.00439204322302289
"Asexual iRBC log (I log)",9.494991,0.00439204322823967
"Asexual iRBC log (I log)",9.494991,0.0043920432014484
"Asexual iRBC log (I log)",9.494991,0.0043920548424327
"Asexual iRBC log (I log)",9.494991,1.45437967673602e-21
"Asexual iRBC log (I log)",9.494991,8.54305224287647e-82
"Asexual iRBC log (I log)",9.494991,0.00439204323122702
"Asexual iRBC log (I log)",9.494991,1.21279906939569
"Asexual iRBC log (I log)",9.494991,1.46047383538126
"Asexual iRBC log (I log)",9.494991,0.00439191473456149
"Asexual iRBC log (I log)",9.494991,0.00439204308938656
"Asexual iRBC log (I log)",9.494991,0.0504913506935782
"Asexual iRBC log (I log)",9.494991,1.34788748870348e-21
"Asexual iRBC log (I log)",9.494991,0.0700424494521827
"Asexual iRBC log (I log)",9.494991,0.00439204312819393
"Asexual iRBC log (I log)",9.494991,0.0043920428490653
"Asexual iRBC log (I log)",9.494991,0.00439204292948526
"Asexual iRBC log (I log)",9.494991,0.00439204320794212
"Asexual iRBC log (I log)",9.494991,1.41647858151565e-21
"Asexual iRBC log (I log)",9.494991,1.69709669605046
"Asexual iRBC log (I log)",9.494991,0.0100025080678056
"Asexual iRBC log (I log)",9.494991,0.00439204293962486
"Asexual iRBC log (I log)",9.494991,3.86774973295438e-22
"Asexual iRBC log (I log)",9.494991,1.73616861111188
"Asexual iRBC log (I log)",9.494991,0.611697728494773
"Asexual iRBC log (I log)",9.494991,0.00439204319664682
"Asexual iRBC log (I log)",9.494991,0.00439204320295643
"Asexual iRBC log (I log)",9.494991,0.0043920428653941
"Asexual iRBC log (I log)",9.494991,0.00690602621271186
"Asexual iRBC log (I log)",9.494991,1.63850801455743e-22
"Asexual iRBC log (I log)",9.494991,0.0043920471090419
"Asexual iRBC log (I log)",9.494991,3.63390109383009e-30
"Asexual iRBC log (I log)",9.494991,0.855203411834911
"Asexual iRBC log (I log)",9.494991,8.9344469028208e-25
"Asexual iRBC log (I log)",9.494991,0.00439204314185268
"Asexual iRBC log (I log)",9.494991,0.0043920432337109
"Asexual iRBC log (I log)",9.494991,0.00439204320619
"Asexual iRBC log (I log)",9.494991,1.41888305752371e-21
"Asexual iRBC log (I log)",9.494991,4.88810416986344e-24
"Asexual iRBC log (I log)",9.494991,2.6167062315323e-116
"Asexual iRBC log (I log)",9.494991,0.00439204320426236
"Asexual iRBC log (I log)",9.494991,0.0043920430840088
"Asexual iRBC log (I log)",9.494991,0.00439204323609045
"Asexual iRBC log (I log)",9.494991,0.00439204323408583
"Asexual iRBC log (I log)",9.494991,1.37379985519906e-21
"Asexual iRBC log (I log)",9.494991,0.00439204327386468
"Asexual iRBC log (I log)",9.494991,0.00439204322599254
"Asexual iRBC log (I log)",9.494991,1.73590181270542
"Asexual iRBC log (I log)",9.494991,0.00439204286625016
"Asexual iRBC log (I log)",9.494991,1.66946942226238
"Asexual iRBC log (I log)",9.494991,0.00439204320560367
"Asexual iRBC log (I log)",9.494991,3.63618400483172e-25
"Asexual iRBC log (I log)",9.494991,0.00439204321951903
"Asexual iRBC log (I log)",9.494991,0.00439204325093199
"Asexual iRBC log (I log)",9.494991,1.42512458689916e-21
"Asexual iRBC log (I log)",9.494991,0.00439204300285024
"Asexual iRBC log (I log)",9.494991,0.00439204325041326
"Asexual iRBC log (I log)",9.494991,0.00439204300729947
"Asexual iRBC log (I log)",9.494991,1.24868931302645e-21
"Asexual iRBC log (I log)",9.494991,1.17935286326691e-21
"Asexual iRBC log (I log)",9.494991,0.979387254304219
"Asexual iRBC log (I log)",9.494991,1.77566751334698
"Asexual iRBC log (I log)",9.494991,1.63041474666
"Asexual iRBC log (I log)",9.494991,6.9566557687443e-22
"Asexual iRBC log (I log)",9.494991,9.16707051811613e-27
"Asexual iRBC log (I log)",9.494991,1.67048766548154
"Asexual iRBC log (I log)",9.494991,0.0043920431544891
"Asexual iRBC log (I log)",9.494991,8.39187263104714e-110
"Asexual iRBC log (I log)",9.494991,0.00439204324943207
"Asexual iRBC log (I log)",9.494991,0.0043920432248332
"Asexual iRBC log (I log)",9.494991,0.00439204288714865
"Asexual iRBC log (I log)",9.494991,4.69096032978145e-22
"Asexual iRBC log (I log)",9.494991,0.231783650008237
"Asexual iRBC log (I log)",9.494991,4.07989319619785e-25
"Asexual iRBC log (I log)",9.494991,1.69628173570632
"Asexual iRBC log (I log)",9.494991,2.25753598854782e-49
"Asexual iRBC log (I log)",9.494991,1.15060797882534
"Asexual iRBC log (I log)",9.494991,0.00439204320153273
"Asexual iRBC log (I log)",9.494991,0.00439204336458735
"Asexual iRBC log (I log)",9.494991,1.44240126002107e-21
"Asexual iRBC log (I log)",9.494991,0.00439204321499106
"Asexual iRBC log (I log)",9.494991,1.01263087652328
"Asexual iRBC log (I log)",9.494991,0.70877247837515
"Asexual iRBC log (I log)",9.494991,1.40777407993037e-21
"Asexual iRBC log (I log)",9.494991,0.00439204307631745
"Asexual iRBC log (I log)",9.494991,0.022955016885531
"Asexual iRBC log (I log)",9.494991,0.00439204321323448
"Asexual iRBC log (I log)",9.494991,0.00439204325363406
"Asexual iRBC log (I log)",9.494991,1.44361759116099e-21
"Asexual iRBC log (I log)",9.494991,1.36798271295626e-21
"Asexual iRBC log (I log)",9.494991,2.49348701188596e-41
"Asexual iRBC log (I log)",9.494991,0.0636629125446949
"Asexual iRBC log (I log)",9.494991,0.00125519424603479
"Asexual iRBC log (I log)",9.494991,1.70402936161419
"Asexual iRBC log (I log)",9.494991,0.0043920432985627
"Asexual iRBC log (I log)",9.494991,1.28185445070637e-21
"Asexual iRBC log (I log)",9.494991,0.00118388234327477
"Asexual iRBC log (I log)",9.494991,0.00439204317017783
"Asexual iRBC log (I log)",9.494991,0.180175005496514
"Asexual iRBC log (I log)",9.494991,0.234918796213387
"Asexual iRBC log (I log)",9.494991,1.69242719266544
"Asexual iRBC log (I log)",9.494991,0.00439204304117292
"Asexual iRBC log (I log)",9.494991,5.01865001791792e-54
"Asexual iRBC log (I log)",9.494991,0.00693551309264523
"Asexual iRBC log (I log)",9.494991,0.00439204310232371
"Asexual iRBC log (I log)",9.494991,1.3474147146846
"Asexual iRBC log (I log)",9.494991,0.00439204314870321
"Asexual iRBC log (I log)",9.494991,0.00439204291743863
"Asexual iRBC log (I log)",9.494991,0.00439204312667767
"Asexual iRBC log (I log)",9.494991,1.63308173875421
"Asexual iRBC log (I log)",9.494991,0.0043920432280965
"Asexual iRBC log (I log)",9.494991,0.0792711538705946
"Asexual iRBC log (I log)",9.494991,0.837893537031488
"Asexual iRBC log (I log)",9.494991,0.00439204318692574
"Asexual iRBC log (I log)",9.494991,0.00439204313602249
"Asexual iRBC log (I log)",9.494991,0.995446893598023
"Asexual iRBC log (I log)",9.494991,0.00439204321923623
"Asexual iRBC log (I log)",9.494991,0.00439204320402343
"Asexual iRBC log (I log)",9.494991,1.4250682997283
"Asexual iRBC log (I log)",9.494991,0.00568260608110373
"Asexual iRBC log (I log)",9.494991,0.00439204327492526
"Asexual iRBC log (I log)",9.494991,1.4328145743692e-21
"Asexual iRBC log (I log)",9.494991,1.7411837804038
"Asexual iRBC log (I log)",9.494991,7.45227315974825e-49
"Asexual iRBC log (I log)",9.494991,1.62872559636612
"Asexual iRBC log (I log)",9.494991,0.0043920429542888
"Asexual iRBC log (I log)",9.494991,1.32021477408929
"Asexual iRBC log (I log)",9.494991,1.78886190533566
"Asexual iRBC log (I log)",9.494991,6.72037949631995e-24
"Asexual iRBC log (I log)",9.494991,0.547085917446483
"Asexual iRBC log (I log)",9.494991,1.41205463858475e-21
"Asexual iRBC log (I log)",9.494991,0.00439204318442808
"Asexual iRBC log (I log)",9.494991,9.60257024338687e-19
"Asexual iRBC log (I log)",9.494991,0.00439204312541145
"Asexual iRBC log (I log)",9.494991,0.00439204320478995
"Asexual iRBC log (I log)",9.494991,0.00439204343018273
"Asexual iRBC log (I log)",9.494991,0.719446401724321
"Asexual iRBC log (I log)",9.494991,0.00439204307891516
"Asexual iRBC log (I log)",9.494991,0.00439206236128943
"Asexual iRBC log (I log)",9.494991,9.1467972178113e-22
"Asexual iRBC log (I log)",9.494991,0.00439204316105291
"Asexual iRBC log (I log)",9.494991,0.371178419749239
"Asexual iRBC log (I log)",9.494991,0.00439204286628728
"Asexual iRBC log (I log)",9.494991,0.409968160465684
"Asexual iRBC log (I log)",9.494991,1.34423721448446e-21
"Asexual iRBC log (I log)",9.494991,7.89524545232827e-61
"Asexual iRBC log (I log)",9.494991,0.00439204312913602
"Asexual iRBC log (I log)",9.494991,2.01787153403874e-28
"Asexual iRBC log (I log)",9.494991,2.2992331440633e-22
"Asexual iRBC log (I log)",9.494991,8.84592137003422e-22
"Asexual iRBC log (I log)",9.494991,8.50382912233906e-34
"Asexual iRBC log (I log)",9.494991,1.07099615701218e-21
"Asexual iRBC log (I log)",9.494991,1.67941089240617e-31
"Asexual iRBC log (I log)",9.494991,2.95688001949258e-35
"Asexual iRBC log (I log)",9.494991,2.97533564720268e-26
"Asexual iRBC log (I log)",9.494991,1.7303604499244
"Asexual iRBC log (I log)",9.494991,0.00439204331663322
"Asexual iRBC log (I log)",9.494991,0.00505876134279492
"Asexual iRBC log (I log)",9.494991,0.00439204321050432
"Asexual iRBC log (I log)",9.494991,1.45090265671423e-21
"Asexual iRBC log (I log)",9.494991,0.00439204324687142
"Asexual iRBC log (I log)",9.494991,0.00437480868142642
"Asexual iRBC log (I log)",9.494991,0.00439030740587682
"Asexual iRBC log (I log)",9.494991,0.00439204290596151
"Asexual iRBC log (I log)",9.494991,0.00439204322055215
"Asexual iRBC log (I log)",9.494991,0.00439204320932089
"Asexual iRBC log (I log)",9.494991,0.00439204288285446
"Asexual iRBC log (I log)",9.494991,0.312989750943221
"Asexual iRBC log (I log)",9.494991,3.62862772966518e-23
"Asexual iRBC log (I log)",9.494991,1.44146425642672
"Asexual iRBC log (I log)",9.494991,0.00439204370586065
"Asexual iRBC log (I log)",9.494991,0.00439204313837436
"Asexual iRBC log (I log)",9.494991,0.00783695928535829
"Asexual iRBC log (I log)",9.494991,1.26447008341822e-22
"Asexual iRBC log (I log)",9.494991,0.933038241619121
"Asexual iRBC log (I log)",9.494991,0.224625124752153
"Asexual iRBC log (I log)",9.494991,0.00439204324988848
"Asexual iRBC log (I log)",9.494991,0.00439204308769454
"Asexual iRBC log (I log)",9.494991,1.68983438361346
"Asexual iRBC log (I log)",9.494991,0.00439204316367513
"Asexual iRBC log (I log)",9.494991,1.5253876262277
"Asexual iRBC log (I log)",9.494991,1.39073474141764
"Asexual iRBC log (I log)",9.494991,1.96585426062118
"Asexual iRBC log (I log)",9.494991,0.00862050649972766
"Asexual iRBC log (I log)",9.494991,3.32756464361461e-49
"Asexual iRBC log (I log)",9.494991,1.41869406573527
"Asexual iRBC log (I log)",9.494991,1.71398054951829
"Asexual iRBC log (I log)",9.494991,2.77654625818065e-58
"Asexual iRBC log (I log)",9.494991,1.29722295908396
"Asexual iRBC log (I log)",9.494991,0.00439204323190326
"Asexual iRBC log (I log)",9.494991,1.7062217104787
"Asexual iRBC log (I log)",9.494991,1.18655262205298e-21
"Asexual iRBC log (I log)",9.494991,2.47572200574138e-23
"Asexual iRBC log (I log)",9.494991,0.00439204313783878
"Asexual iRBC log (I log)",9.494991,8.82799919118116e-22
"Asexual iRBC log (I log)",9.494991,0.00439204323559945
"Asexual iRBC log (I log)",9.494991,1.70085665248319
"Asexual iRBC log (I log)",9.494991,0.00439204319624219
"Asexual iRBC log (I log)",9.494991,0.00439204292285148
"Asexual iRBC log (I log)",9.494991,0.00464966088947703
"Asexual iRBC log (I log)",9.494991,1.69219288028882
"Asexual iRBC log (I log)",9.494991,4.26661775457224e-27
"Asexual iRBC log (I log)",9.494991,1.79371396980821
"Asexual iRBC log (I log)",9.494991,0.151796786356967
"Asexual iRBC log (I log)",9.494991,7.69991260758915e-112
"Asexual iRBC log (I log)",9.494991,1.7719246222928
"Asexual iRBC log (I log)",9.494991,0.00439204333803261
"Asexual iRBC log (I log)",9.494991,1.32081516194133
"Asexual iRBC log (I log)",9.494991,1.6452810138574
"Asexual iRBC log (I log)",9.494991,1.63260107731794e-22
"Asexual iRBC log (I log)",9.494991,4.2045009767916e-24
"Asexual iRBC log (I log)",9.494991,0.00439204309825076
"Asexual iRBC log (I log)",9.494991,0.00439204288583662
"Asexual iRBC log (I log)",9.494991,1.77707871659312
"Asexual iRBC log (I log)",9.494991,0.00451063486724699
"Asexual iRBC log (I log)",9.494991,1.60623484949994
"Asexual iRBC log (I log)",9.494991,0.0043920430461741
"Asexual iRBC log (I log)",9.494991,0.00439204330342874
"Asexual iRBC log (I log)",9.494991,0.0043920431667717
"Asexual iRBC log (I log)",9.494991,0.00439204318161616
"Asexual iRBC log (I log)",9.494991,8.34330691125125e-22
"Asexual iRBC log (I log)",9.494991,1.66975577624211
"Asexual iRBC log (I log)",9.494991,0.00439204323431043
"Asexual iRBC log (I log)",9.494991,0.00439204305701445
"Asexual iRBC log (I log)",9.494991,1.58048021919153
"Asexual iRBC log (I log)",9.494991,1.68493182549067
"Asexual iRBC log (I log)",9.494991,0.00439204309835493
"Asexual iRBC log (I log)",9.494991,1.78345211163617
"Asexual iRBC log (I log)",9.494991,1.40776709683302e-21
"Asexual iRBC log (I log)",9.494991,0.439241983852967
"Asexual iRBC log (I log)",9.494991,0.00439204311121001
"Asexual iRBC log (I log)",9.494991,1.72643389442862
"Asexual iRBC log (I log)",9.494991,1.85573426453075
"Asexual iRBC log (I log)",9.494991,1.31871831319668
"Asexual iRBC log (I log)",9.494991,0.0043920432078855
"Asexual iRBC log (I log)",9.494991,0.00439204324717495
"Asexual iRBC log (I log)",9.494991,1.78819105912503
"Asexual iRBC log (I log)",9.494991,0.1332106443284
"Asexual iRBC log (I log)",9.494991,0.00439204321252064
"Asexual iRBC log (I log)",9.494991,0.00439204319722996
"Asexual iRBC log (I log)",9.494991,0.00439204307561048
"Asexual iRBC log (I log)",9.494991,6.25054039742812e-48
"Asexual iRBC log (I log)",9.494991,0.00439204328022414
"Asexual iRBC log (I log)",9.494991,0.0364584088171662
"Asexual iRBC log (I log)",9.494991,0.00439204297973939
"Asexual iRBC log (I log)",9.494991,1.30441948629177
"Asexual iRBC log (I log)",9.494991,8.13881776616453e-22
"Asexual iRBC log (I log)",9.494991,0.0402644948732436
"Asexual iRBC log (I log)",9.494991,1.3719295464305
"Asexual iRBC log (I log)",9.494991,0.00439204321975484
"Asexual iRBC log (I log)",9.494991,0.00439204322813684
"Asexual iRBC log (I log)",9.494991,1.73170268165047
"Asexual iRBC log (I log)",9.494991,1.25266970457714e-21
"Asexual iRBC log (I log)",9.494991,0.00439204324767055
"Asexual iRBC log (I log)",9.494991,0.00439204304662154
"Asexual iRBC log (I log)",9.494991,0.00439204321191904
"Asexual iRBC log (I log)",9.494991,0.00439204318112081
"Asexual iRBC log (I log)",9.494991,0.00440919327612414
"Asexual iRBC log (I log)",9.494991,7.82880475647614e-95
"Asexual iRBC log (I log)",9.494991,6.06642480879131e-40
"Asexual iRBC log (I log)",9.494991,1.71550570671798
"Asexual iRBC log (I log)",9.494991,1.64999324749129
"Asexual iRBC log (I log)",9.494991,1.42725791502434
"Asexual iRBC log (I log)",9.494991,1.17834690466464e-21
"Asexual iRBC log (I log)",9.494991,0.00439204325629507
"Asexual iRBC log (I log)",9.494991,0.00439204304919393
"Asexual iRBC log (I log)",9.494991,1.63111663543455
"Asexual iRBC log (I log)",9.494991,0.0923752407713904
"Asexual iRBC log (I log)",9.494991,0.0043920428952806
"Asexual iRBC log (I log)",9.494991,1.07272698318141
"Asexual iRBC log (I log)",9.494991,0.00439204319730536
"Asexual iRBC log (I log)",9.494991,0.00439204322152219
"Asexual iRBC log (I log)",9.494991,0.00439204330370222
"Asexual iRBC log (I log)",9.494991,0.0304865132012404
"Asexual iRBC log (I log)",9.494991,3.82661335942909e-81
"Asexual iRBC log (I log)",9.494991,0.00439204284558219
"Asexual iRBC log (I log)",9.494991,1.79631844472629
"Asexual iRBC log (I log)",9.494991,0.0868297372649141
"Asexual iRBC log (I log)",9.494991,0.00439204286385822
"Asexual iRBC log (I log)",9.494991,1.43951281745747
"Asexual iRBC log (I log)",9.494991,0.00439204321857347
"Asexual iRBC log (I log)",9.494991,0.0080991627153488
"Asexual iRBC log (I log)",9.494991,5.58545236636608e-67
"Asexual iRBC log (I log)",9.494991,1.78911748989629
"Asexual iRBC log (I log)",9.494991,1.47639112408689e-25
"Asexual iRBC log (I log)",9.494991,1.71295194080811
"Asexual iRBC log (I log)",9.494991,0.00439204319894578
"Asexual iRBC log (I log)",9.494991,1.41652317471699e-21
"Asexual iRBC log (I log)",9.494991,1.81522968126783e-33
"Asexual iRBC log (I log)",9.494991,1.43751522995408
"Asexual iRBC log (I log)",9.494991,1.7189280735745
"Asexual iRBC log (I log)",9.494991,0.123328896913481
"Asexual iRBC log (I log)",9.494991,0.00439204314173615
"Asexual iRBC log (I log)",9.494991,0.00439204305596764
"Asexual iRBC log (I log)",9.494991,0.00439204312544615
"Asexual iRBC log (I log)",9.494991,0.00439204322711371
"Asexual iRBC log (I log)",9.494991,0.00439204304191964
"Asexual iRBC log (I log)",9.494991,0.00439204324592891
"Asexual iRBC log (I log)",9.494991,0.00439204296756519
"Asexual iRBC log (I log)",9.494991,0.00439204320307794
"Asexual iRBC log (I log)",9.494991,1.44404672239803e-21
"Asexual iRBC log (I log)",9.494991,0.00439204172056948
"Asexual iRBC log (I log)",9.494991,1.57756315742627
"Asexual iRBC log (I log)",9.494991,0.00439204309838893
"Asexual iRBC log (I log)",9.494991,0.0043920430958357
"Asexual iRBC log (I log)",9.494991,0.00439204287267491
"Asexual iRBC log (I log)",9.494991,0.00441408884720655
"Asexual iRBC log (I log)",9.494991,0.00688198416155987
"Asexual iRBC log (I log)",9.494991,0.00439204326764214
"Asexual iRBC log (I log)",9.494991,6.34050649951675e-29
"Asexual iRBC log (I log)",9.494991,1.59618019989375e-37
"Asexual iRBC log (I log)",9.494991,0.0043920429789768
"Asexual iRBC log (I log)",9.494991,0.00439204320631232
"Asexual iRBC log (I log)",9.494991,0.00439204312790316
"Asexual iRBC log (I log)",9.494991,0.00439204323996842
"Asexual iRBC log (I log)",9.494991,0.00439204284775189
"Asexual iRBC log (I log)",9.494991,0.00439204328330266
"Asexual iRBC log (I log)",9.494991,0.00439193456421285
"Asexual iRBC log (I log)",9.494991,0.00439204316104359
"Asexual iRBC log (I log)",9.494991,0.394657170609356
"Asexual iRBC log (I log)",9.494991,0.95018179205665
"Asexual iRBC log (I log)",9.494991,4.07225532132395e-57
"Asexual iRBC log (I log)",9.494991,9.17158046522865e-22
"Asexual iRBC log (I log)",9.494991,0.00439204319088866
"Asexual iRBC log (I log)",9.494991,0.00439204288313346
"Asexual iRBC log (I log)",9.494991,6.0965165221072e-39
"Asexual iRBC log (I log)",9.494991,0.00440628464750174
"Asexual iRBC log (I log)",9.494991,0.00439204318104924
"Asexual iRBC log (I log)",9.494991,0.00439204330754565
"Asexual iRBC log (I log)",9.494991,0.00441596310276762
"Asexual iRBC log (I log)",9.494991,0.00439204323741962
"Asexual iRBC log (I log)",9.494991,0.00439204319820284
"Asexual iRBC log (I log)",9.494991,0.00439204311189655
"Asexual iRBC log (I log)",9.494991,1.63896618500568e-76
"Asexual iRBC log (I log)",9.494991,0.0043906352696876
"Asexual iRBC log (I log)",9.494991,0.00439204311940575
"Asexual iRBC log (I log)",9.494991,0.00439204322660825
"Asexual iRBC log (I log)",9.494991,0.00965737748185577
"Asexual iRBC log (I log)",9.494991,0.00439204320189743
"Asexual iRBC log (I log)",9.494991,0.00439204325858405
"Asexual iRBC log (I log)",9.494991,0.00440925106375133
"Asexual iRBC log (I log)",9.494991,1.64584406212861
"Asexual iRBC log (I log)",9.494991,3.18894684757912e-39
"Asexual iRBC log (I log)",9.494991,1.66165014552213
"Asexual iRBC log (I log)",9.494991,0.0043920430407407
"Asexual iRBC log (I log)",9.494991,0.537097928373482
"Asexual iRBC log (I log)",9.494991,0.00439204324413377
"Asexual iRBC log (I log)",9.494991,1.34820090297483
"Asexual iRBC log (I log)",9.494991,0.00439204322853116
"Asexual iRBC log (I log)",9.494991,0.00439204320682119
"Asexual iRBC log (I log)",9.494991,0.00439204323649701
"Asexual iRBC log (I log)",9.494991,2.35626377303349e-22
"Asexual iRBC log (I log)",9.494991,3.22878023307202e-33
"Asexual iRBC log (I log)",9.494991,0.00439204312319844
"Asexual iRBC log (I log)",9.494991,0.00439204319557821
"Asexual iRBC log (I log)",9.494991,2.00612172240329e-87
"Asexual iRBC log (I log)",9.494991,1.81292938659595e-40
"Asexual iRBC log (I log)",9.494991,0.00439177729823295
"Asexual iRBC log (I log)",9.494991,7.02561180647718e-26
"Asexual iRBC log (I log)",9.494991,0.00439204324890593
"Asexual iRBC log (I log)",9.494991,0.00439204312252836
"Asexual iRBC log (I log)",9.494991,0.00439204303846122
"Asexual iRBC log (I log)",9.494991,1.10696696417208e-23
"Asexual iRBC log (I log)",9.494991,1.69036067994589
"Asexual iRBC log (I log)",9.494991,0.920848672590392
"Asexual iRBC log (I log)",9.494991,1.19061971705783
"Asexual iRBC log (I log)",9.494991,0.00439204305863508
"Asexual iRBC log (I log)",9.494991,0.00439204320925883
"Asexual iRBC log (I log)",9.494991,0.00439204301289314
"Asexual iRBC log (I log)",9.494991,0.00439204318980107
"Asexual iRBC log (I log)",9.494991,0.00439204321565785
"Asexual iRBC log (I log)",9.494991,0.00439204274928576
"Asexual iRBC log (I log)",9.494991,0.00439204314215388
"Asexual iRBC log (I log)",9.494991,0.00439204322513153
"Asexual iRBC log (I log)",9.494991,1.04946031858923e-24
"Asexual iRBC log (I log)",9.494991,1.56562995053927
"Asexual iRBC log (I log)",9.494991,3.99460426479733e-50
"Asexual iRBC log (I log)",9.494991,0.00456080336598197
"Asexual iRBC log (I log)",9.494991,0.0466327401935827
"Asexual iRBC log (I log)",9.494991,1.34277752162313
"Asexual iRBC log (I log)",9.494991,0.0178977489159469
"Asexual iRBC log (I log)",9.494991,0.00613204768110623
"Asexual iRBC log (I log)",9.494991,0.00439204312462598
"Asexual iRBC log (I log)",9.494991,1.65816536475288
"Asexual iRBC log (I log)",9.494991,0.00439204302818386
"Asexual iRBC log (I log)",9.494991,0.00439204327313337
"Asexual iRBC log (I log)",9.494991,0.00442956327954575
"Asexual iRBC log (I log)",9.494991,0.00439204314992459
"Asexual iRBC log (I log)",9.494991,0.00439204313154241
"Asexual iRBC log (I log)",9.494991,0.00439204324492596
"Asexual iRBC log (I log)",9.494991,0.505252533314858
"Asexual iRBC log (I log)",9.494991,0.00439204318446968
"Asexual iRBC log (I log)",9.494991,1.68058012882649
"Asexual iRBC log (I log)",9.494991,1.64339236245851
"Asexual iRBC log (I log)",9.494991,0.00439204307451476
"Asexual iRBC log (I log)",9.494991,1.08707922632572e-107
"Asexual iRBC log (I log)",9.494991,0.00439204336132074
"Asexual iRBC log (I log)",9.494991,0.00439204311788138
"Asexual iRBC log (I log)",9.494991,0.0043920431508597
"Asexual iRBC log (I log)",9.494991,0.015375185418419
"Asexual iRBC log (I log)",9.494991,0.00439204312856886
"Asexual iRBC log (I log)",9.494991,3.47268665006271e-78
"Asexual iRBC log (I log)",9.494991,7.3237538966771e-24
"Asexual iRBC log (I log)",9.494991,1.81058175190424
"Asexual iRBC log (I log)",9.494991,0.00439204305280595
"Asexual iRBC log (I log)",9.494991,0.00440985314904765
"Asexual iRBC log (I log)",9.494991,0.00439204310711125
"Asexual iRBC log (I log)",9.494991,0.00439204320102241
"Asexual iRBC log (I log)",9.494991,0.00439204320120015
"Asexual iRBC log (I log)",9.494991,0.00439204327327027
"Asexual iRBC log (I log)",9.494991,1.2077564432199e-89
"Asexual iRBC log (I log)",9.494991,0.00439204325169845
"Asexual iRBC log (I log)",9.494991,0.00439204321822173
"Asexual iRBC log (I log)",9.494991,1.45071691694347e-21
"Asexual iRBC log (I log)",9.494991,0.104532492791345
"Asexual iRBC log (I log)",9.494991,1.40367495194944e-21
"Asexual iRBC log (I log)",9.494991,1.45219435552763e-21
"Asexual iRBC log (I log)",9.494991,0.00441335223831958
"Asexual iRBC log (I log)",9.494991,0.267587971371055
"Asexual iRBC log (I log)",9.494991,0.00439204287419673
"Asexual iRBC log (I log)",9.494991,0.379751125796961
"Asexual iRBC log (I log)",9.494991,8.76379383470115e-22
"Asexual iRBC log (I log)",9.494991,0.00439204308775622
"Asexual iRBC log (I log)",9.494991,1.36707519368031e-21
"Asexual iRBC log (I log)",9.494991,7.25523473751171e-29
"Asexual iRBC log (I log)",9.494991,0.00439204311200571
"Asexual iRBC log (I log)",9.494991,7.93211974676452e-49
"Asexual iRBC log (I log)",9.494991,0.379246799732836
"Asexual iRBC log (I log)",9.494991,0.00439204306074351
"Asexual iRBC log (I log)",9.494991,1.66141429967069
"Asexual iRBC log (I log)",9.494991,0.508876560839456
"Asexual iRBC log (I log)",9.494991,0.364981237696044
"Asexual iRBC log (I log)",9.494991,8.98562081745261e-22
"Asexual iRBC log (I log)",9.494991,1.34282012674126
"Asexual iRBC log (I log)",9.494991,1.76191276336789e-23
"Asexual iRBC log (I log)",9.494991,0.00439204309083495
"Asexual iRBC log (I log)",9.494991,1.70351006758024
"Asexual iRBC log (I log)",9.494991,1.181312307225
"Asexual iRBC log (I log)",9.494991,0.00439204320329485
"Asexual iRBC log (I log)",9.494991,0.00441106965287277
"Asexual iRBC log (I log)",9.494991,1.52273288923575
"Asexual iRBC log (I log)",9.494991,1.7248524257507
"Asexual iRBC log (I log)",9.494991,1.26630451896988e-21
"Asexual iRBC log (I log)",9.494991,9.59210968751587e-08
"Asexual iRBC log (I log)",9.494991,0.00439204329831878
"Asexual iRBC log (I log)",9.494991,4.85523769740784e-22
"Asexual iRBC log (I log)",9.494991,0.00439204321131587
"Asexual iRBC log (I log)",9.494991,1.59328292249745e-24
"Asexual iRBC log (I log)",9.494991,0.0492040372841634
"Asexual iRBC log (I log)",9.494991,0.00439204320552369
"Asexual iRBC log (I log)",9.494991,0.00439204320095239
"Asexual iRBC log (I log)",9.494991,1.76499856835966e-24
"Asexual iRBC log (I log)",9.494991,0.0043920432886011
"Asexual iRBC log (I log)",9.494991,2.5175289472286e-92
"Asexual iRBC log (I log)",9.494991,1.5030818250284
"Asexual iRBC log (I log)",9.494991,1.70689659126393
"Asexual iRBC log (I log)",9.494991,9.72559256534544e-22
"Asexual iRBC log (I log)",9.494991,1.73223820768809
"Asexual iRBC log (I log)",9.494991,1.39507889343041
"Asexual iRBC log (I log)",9.494991,7.53364848109673e-98
"Asexual iRBC log (I log)",9.494991,4.93724762394731e-40
"Asexual iRBC log (I log)",9.494991,0.0043920430878831
"Asexual iRBC log (I log)",9.494991,1.37275350599755e-21
"Asexual iRBC log (I log)",9.494991,0.00439204319484302
"Asexual iRBC log (I log)",9.494991,0.00439204311776481
"Asexual iRBC log (I log)",9.494991,0.421996924427104
"Asexual iRBC log (I log)",9.494991,0.00460990980548931
"Asexual iRBC log (I log)",9.494991,0.00439204308466889
"Asexual iRBC log (I log)",9.494991,0.0043920432435785
"Asexual iRBC log (I log)",9.494991,0.00439204316298211
"Asexual iRBC log (I log)",9.494991,1.09568134694765e-24
"Asexual iRBC log (I log)",9.494991,0.00439204310704703
"Asexual iRBC log (I log)",9.494991,1.58951033451308
"Asexual iRBC log (I log)",9.494991,0.949315384728823
"Asexual iRBC log (I log)",9.494991,1.37752585146407e-24
"Asexual iRBC log (I log)",9.494991,1.96382629522705e-28
"Asexual iRBC log (I log)",9.494991,1.42317071286649e-21
"Asexual iRBC log (I log)",9.494991,1.56051336028122
"Asexual iRBC log (I log)",9.494991,1.55997790080019
"Asexual iRBC log (I log)",9.494991,0.00439204309970564
"Asexual iRBC log (I log)",9.494991,0.00439204308683187
"Asexual iRBC log (I log)",9.494991,0.264332780112534
"Asexual iRBC log (I log)",9.494991,0.00439204320211338
"Asexual iRBC log (I log)",9.494991,0.00439204321952653
"Asexual iRBC log (I log)",9.494991,0.548035476819161
"Asexual iRBC log (I log)",9.494991,1.38411554253367e-21
"Asexual iRBC log (I log)",9.494991,3.01999371304085e-50
"Asexual iRBC log (I log)",9.494991,2.83252043708269e-20
"Asexual iRBC log (I log)",9.494991,0.00439204321614502
"Asexual iRBC log (I log)",9.494991,1.28095253924175e-21
"Asexual iRBC log (I log)",9.494991,1.38313971020135e-22
"Asexual iRBC log (I log)",9.494991,0.0045664421957987
"Asexual iRBC log (I log)",9.494991,0.00439204287879525
"Asexual iRBC log (I log)",9.494991,0.00439204289551462
"Asexual iRBC log (I log)",9.494991,5.30481630595096e-26
"Asexual iRBC log (I log)",9.494991,0.00439204317868271
"Asexual iRBC log (I log)",9.494991,1.28437128664343e-21
"Asexual iRBC log (I log)",9.494991,0.00439204327693799
"Asexual iRBC log (I log)",9.494991,0.247404407315094
"Asexual iRBC log (I log)",9.494991,0.00439204327658621
"Asexual iRBC log (I log)",9.494991,0.00439204321527345
"Asexual iRBC log (I log)",9.494991,0.214897449188098
"Asexual iRBC log (I log)",9.494991,0.00439204322899539
"Asexual iRBC log (I log)",9.494991,0.00439204327491412
"Asexual iRBC log (I log)",9.494991,0.594922767741272
"Asexual iRBC log (I log)",9.494991,0.00439204321955527
"Asexual iRBC log (I log)",9.494991,3.48466690243613e-84
"Asexual iRBC log (I log)",9.494991,0.00439204300007802
"Asexual iRBC log (I log)",9.494991,5.27366654316824e-22
"Asexual iRBC log (I log)",9.494991,1.68276281997016
"Asexual iRBC log (I log)",9.494991,0.00439204322689814
"Asexual iRBC log (I log)",9.494991,1.68500956633188
"Asexual iRBC log (I log)",9.494991,0.00439204321729106
"Asexual iRBC log (I log)",9.494991,1.70531904720154
"Asexual iRBC log (I log)",9.494991,6.76683976466821e-33
"Asexual iRBC log (I log)",9.494991,1.41450362656093e-21
"Asexual iRBC log (I log)",9.494991,1.52198314301187
"Asexual iRBC log (I log)",9.494991,0.00439204288581699
"Asexual iRBC log (I log)",9.494991,8.07688964722931e-22
"Asexual iRBC log (I log)",9.494991,1.4168326381865e-21
"Asexual iRBC log (I log)",9.494991,1.79351375309616
"Asexual iRBC log (I log)",9.494991,0.00439204288058959
"Asexual iRBC log (I log)",9.494991,1.38527233412677
"Asexual iRBC log (I log)",9.494991,0.00439204699259446
"Asexual iRBC log (I log)",9.494991,1.23861842577288e-21
"Asexual iRBC log (I log)",9.494991,0.00439204325352264
"Asexual iRBC log (I log)",9.494991,0.00439204321523515
"Asexual iRBC log (I log)",9.494991,0.0043920433549894
"Asexual iRBC log (I log)",9.494991,0.00439204324561724
"Asexual iRBC log (I log)",9.494991,7.2688319527205e-22
"Asexual iRBC log (I log)",9.494991,0.00439204321869591
"Asexual iRBC log (I log)",9.494991,8.96831609589533e-87
"Asexual iRBC log (I log)",9.494991,0.00439204333137319
"Asexual iRBC log (I log)",9.494991,1.39732874436417
"Asexual iRBC log (I log)",9.494991,0.00439204288688476
"Asexual iRBC log (I log)",9.494991,0.00439204321840747
"Asexual iRBC log (I log)",9.494991,0.00439204323896918
"Asexual iRBC log (I log)",9.494991,9.58904651119195e-66
"Asexual iRBC log (I log)",9.494991,0.0043920432071498
"Asexual iRBC log (I log)",9.494991,0.000296683918224271
"Asexual iRBC log (I log)",9.494991,4.75764377485307e-81
"Asexual iRBC log (I log)",9.494991,5.14545187991007
"Asexual iRBC log (I log)",9.494991,1.44310607227392e-21
"Asexual iRBC log (I log)",9.494991,1.43056808332522
"Asexual iRBC log (I log)",9.494991,1.71189222003728
"Asexual iRBC log (I log)",9.494991,1.05161032902696e-21
"Asexual iRBC log (I log)",9.494991,1.41928951489109e-21
"Asexual iRBC log (I log)",9.494991,0.00439204311127689
"Asexual iRBC log (I log)",9.494991,1.36308430758968e-21
"Asexual iRBC log (I log)",9.494991,0.0043920432358536
"Asexual iRBC log (I log)",9.494991,1.67977361419297
"Asexual iRBC log (I log)",9.494991,0.00439204306931734
"Asexual iRBC log (I log)",9.494991,1.72375661330485
"Asexual iRBC log (I log)",9.494991,1.39866240719189
"Asexual iRBC log (I log)",9.494991,1.32231758459487e-21
"Asexual iRBC log (I log)",9.494991,0.00439204287174915
"Asexual iRBC log (I log)",9.494991,0.00439204330194793
"Asexual iRBC log (I log)",9.494991,0.004392043189559
"Asexual iRBC log (I log)",9.494991,0.00439204322366482
"Asexual iRBC log (I log)",9.494991,0.00439204311360268
"Asexual iRBC log (I log)",9.494991,1.42815475025751
"Asexual iRBC log (I log)",9.494991,0.00439228782080903
"Asexual iRBC log (I log)",9.494991,1.34094782876153
"Asexual iRBC log (I log)",9.494991,0.059976372294635
"Asexual iRBC log (I log)",9.494991,0.00439204287449902
"Asexual iRBC log (I log)",9.494991,0.00439204333331747
"Asexual iRBC log (I log)",9.494991,0.00439204321597321
"Asexual iRBC log (I log)",9.494991,0.00439204310317225
"Asexual iRBC log (I log)",9.494991,0.00439204287681401
"Asexual iRBC log (I log)",9.494991,1.44493070335149e-21
"Asexual iRBC log (I log)",9.494991,0.00439204322522291
"Asexual iRBC log (I log)",9.494991,1.57807948418705
"Asexual iRBC log (I log)",9.494991,0.00439204321053463
"Asexual iRBC log (I log)",9.494991,0.763479872617816
"Asexual iRBC log (I log)",9.494991,0.00439204283705891
"Asexual iRBC log (I log)",9.494991,0.00439204322266032
"Asexual iRBC log (I log)",9.494991,1.23522526611599e-19
"Asexual iRBC log (I log)",9.494991,4.30937136952439e-22
"Asexual iRBC log (I log)",9.494991,1.71092141976244
"Asexual iRBC log (I log)",9.494991,0.0621650203943712
"Asexual iRBC log (I log)",9.494991,0.00439204299100561
"Asexual iRBC log (I log)",9.494991,0.00439204311391467
"Asexual iRBC log (I log)",9.494991,0.650948391327993
"Asexual iRBC log (I log)",9.494991,1.53634046280301
"Asexual iRBC log (I log)",9.494991,2.96664069261261e-20
"Asexual iRBC log (I log)",9.494991,0.00439204314536695
"Asexual iRBC log (I log)",9.494991,0.0303321193947533
"Asexual iRBC log (I log)",9.494991,0.00446583787473009
"Asexual iRBC log (I log)",9.494991,0.0242429359367208
"Asexual iRBC log (I log)",9.494991,1.39087925480707
"Asexual iRBC log (I log)",9.494991,1.38382010289642e-21
"Asexual iRBC log (I log)",9.494991,1.41394825578336e-21
"Asexual iRBC log (I log)",9.494991,0.00439204304391713
"Asexual iRBC log (I log)",9.494991,0.453665936987483
"Asexual iRBC log (I log)",9.494991,0.00439204309993709
"Asexual iRBC log (I log)",9.494991,1.3074882271342e-21
"Asexual iRBC log (I log)",9.494991,0.00439204305159043
"Asexual iRBC log (I log)",9.494991,2.06754913013491
"Asexual iRBC log (I log)",9.494991,1.69048298945289
"Asexual iRBC log (I log)",9.494991,0.00439204321017051
"Asexual iRBC log (I log)",9.494991,1.73536025862481
"Asexual iRBC log (I log)",9.494991,0.0043920432056695
"Asexual iRBC log (I log)",9.494991,0.0463179652760288
"Asexual iRBC log (I log)",9.494991,1.21940336415641
"Asexual iRBC log (I log)",9.494991,0.0043920431135629
"Asexual iRBC log (I log)",9.494991,0.000985546527724667
"Asexual iRBC log (I log)",9.494991,1.71626004224945
"Asexual iRBC log (I log)",9.494991,0.152801636448641
"Asexual iRBC log (I log)",9.494991,0.00439204305108409
"Asexual iRBC log (I log)",9.494991,1.00292234736599e-21
"Asexual iRBC log (I log)",9.494991,1.07542855105441e-24
"Asexual iRBC log (I log)",9.494991,5.85842834035194e-23
"Asexual iRBC log (I log)",9.494991,1.61026945006515
"Asexual iRBC log (I log)",9.494991,1.45404685097352e-21
"Asexual iRBC log (I log)",9.494991,0.782100437880083
"Asexual iRBC log (I log)",9.494991,0.0734870539630205
"Asexual iRBC log (I log)",9.494991,0.00439221367793383
"Asexual iRBC log (I log)",9.494991,0.00439204324028183
"Asexual iRBC log (I log)",9.494991,1.67040139857174
"Asexual iRBC log (I log)",9.494991,0.00439204314375652
"Asexual iRBC log (I log)",9.494991,0.00439204319636638
"Asexual iRBC log (I log)",9.494991,0.128787655721832
"Asexual iRBC log (I log)",9.494991,1.14208649904521e-21
"Asexual iRBC log (I log)",9.494991,0.00439204321566166
"Asexual iRBC log (I log)",9.494991,1.37244849395828e-21
"Asexual iRBC log (I log)",9.494991,0.00439204321624419
"Asexual iRBC log (I log)",9.494991,2.32255472569575e-58
"Asexual iRBC log (I log)",9.494991,0.0676005782805788
"Asexual iRBC log (I log)",9.494991,0.00439204311525135
"Asexual iRBC log (I log)",9.494991,0.00439204312400907
"Asexual iRBC log (I log)",9.494991,0.00439204324258886
"Asexual iRBC log (I log)",9.494991,0.159924133099352
"Asexual iRBC log (I log)",9.494991,0.00439204320333711
"Asexual iRBC log (I log)",9.494991,6.22338114358586e-05
"Asexual iRBC log (I log)",9.494991,1.70416000252215
"Asexual iRBC log (I log)",9.494991,5.1199208356681e-43
"Asexual iRBC log (I log)",9.494991,0.0043920432258582
"Asexual iRBC log (I log)",9.494991,0.00575926285246887
"Asexual iRBC log (I log)",9.494991,0.00439204325192062
"Asexual iRBC log (I log)",9.494991,1.32758733027129e-21
"Asexual iRBC log (I log)",9.494991,0.00439204305944469
"Asexual iRBC log (I log)",9.494991,0.00439204306876977
"Asexual iRBC log (I log)",9.494991,1.44031095968717
"Asexual iRBC log (I log)",9.494991,0.00439204313466032
"Asexual iRBC log (I log)",9.494991,1.39822947065653e-21
"Asexual iRBC log (I log)",9.494991,0.00439204314670185
"Asexual iRBC log (I log)",9.494991,0.00439204303124273
"Asexual iRBC log (I log)",9.494991,0.00439204309406849
"Asexual iRBC log (I log)",9.494991,0.00439204323972621
"Asexual iRBC log (I log)",9.494991,0.00439204310012985
"Asexual iRBC log (I log)",9.494991,0.00439204311036012
"Asexual iRBC log (I log)",9.494991,0.213320666423277
"Asexual iRBC log (I log)",9.494991,1.41849706555544
"Asexual iRBC log (I log)",9.494991,1.43217653439682
"Asexual iRBC log (I log)",9.494991,1.44617154509243e-21
"Asexual iRBC log (I log)",9.494991,0.00439204409632344
"Asexual iRBC log (I log)",9.494991,0.00439204325244841
"Asexual iRBC log (I log)",9.494991,1.07238304447148e-25
"Asexual iRBC log (I log)",9.494991,0.0043920430988768
"Asexual iRBC log (I log)",9.494991,1.74406399244675
"Asexual iRBC log (I log)",9.494991,2.18795744703601e-35
"Asexual iRBC log (I log)",9.494991,0.359065523801467
"Asexual iRBC log (I log)",9.494991,1.68153393439143
"Asexual iRBC log (I log)",9.494991,0.00439204308538225
"Asexual iRBC log (I log)",9.494991,0.00439204328153971
"Asexual iRBC log (I log)",9.494991,1.44429860221212e-21
"Asexual iRBC log (I log)",9.494991,2.33811235049179e-22
"Asexual iRBC log (I log)",9.494991,0.00439204322563277
"Asexual iRBC log (I log)",9.494991,1.66860067327159
"Asexual iRBC log (I log)",9.494991,0.00439204302893676
"Asexual iRBC log (I log)",9.494991,1.35138029903956
"Asexual iRBC log (I log)",9.494991,1.42607547001455e-21
"Asexual iRBC log (I log)",9.494991,0.00439204318644146
"Asexual iRBC log (I log)",9.494991,0.00439204325305513
"Asexual iRBC log (I log)",9.494991,0.00439204311549903
"Asexual iRBC log (I log)",9.494991,1.05219040265306e-21
"Asexual iRBC log (I log)",9.494991,1.31968489355346
"Asexual iRBC log (I log)",9.494991,0.00439204326203824
"Asexual iRBC log (I log)",9.494991,1.35952248141982e-22
"Asexual iRBC log (I log)",9.494991,2.3908840914698e-29
"Asexual iRBC log (I log)",9.494991,9.55391726196027e-22
"Asexual iRBC log (I log)",9.494991,0.0043920432127078
"Asexual iRBC log (I log)",9.494991,0.0043920432104671
"Asexual iRBC log (I log)",9.494991,0.0573202455682789
"Asexual iRBC log (I log)",9.494991,0.00439204299122195
"Asexual iRBC log (I log)",9.494991,0.00439204320804735
"Asexual iRBC log (I log)",9.494991,1.93953927620421e-23
"Asexual iRBC log (I log)",9.494991,0.00439204311394235
"Asexual iRBC log (I log)",9.494991,0.00439204300496512
"Asexual iRBC log (I log)",9.494991,0.00439204312617254
"Asexual iRBC log (I log)",9.494991,0.68793300954948
"Asexual iRBC log (I log)",9.494991,0.00439204304463659
"Asexual iRBC log (I log)",9.494991,0.00439204320311181
"Asexual iRBC log (I log)",9.494991,8.42216023580479e-73
"Asexual iRBC log (I log)",9.494991,1.23340753368385e-21
"Asexual iRBC log (I log)",9.494991,5.48644784291335e-29
"Asexual iRBC log (I log)",9.494991,0.125120215571722
"Asexual iRBC log (I log)",9.494991,8.36373953369818e-22
"Asexual iRBC log (I log)",9.494991,0.00439204318879022
"Asexual iRBC log (I log)",9.494991,0.00439204320963773
"Asexual iRBC log (I log)",9.494991,0.00439204319772539
"Asexual iRBC log (I log)",9.494991,0.00439204319193288
"Asexual iRBC log (I log)",9.494991,5.15557806871947e-29
"Asexual iRBC log (I log)",9.494991,0.891546711770846
"Asexual iRBC log (I log)",9.494991,0.00439204319076407
"Asexual iRBC log (I log)",9.494991,0.00439204322179448
"Asexual iRBC log (I log)",9.494991,0.00320706722711452
"Asexual iRBC log (I log)",9.494991,2.10814007434135e-26
"Asexual iRBC log (I log)",9.494991,0.00439204320517341
"Asexual iRBC log (I log)",9.494991,0.00439204321185532
"Asexual iRBC log (I log)",9.494991,0.00441981650576747
"Asexual iRBC log (I log)",9.494991,0.00439204319364998
"Asexual iRBC log (I log)",9.494991,1.61582479026864
"Asexual iRBC log (I log)",9.494991,0.00439204301750568
"Asexual iRBC log (I log)",9.494991,1.11190030296621e-22
"Asexual iRBC log (I log)",9.494991,0.00439204322143042
"Asexual iRBC log (I log)",9.494991,0.00439204295428214
"Asexual iRBC log (I log)",9.494991,1.79052757878801
"Asexual iRBC log (I log)",9.494991,3.56812444359829e-22
"Asexual iRBC log (I log)",9.494991,0.00439204326185229
"Asexual iRBC log (I log)",9.494991,1.69108892456436
"Asexual iRBC log (I log)",9.494991,1.43971361589586e-21
"Asexual iRBC log (I log)",9.494991,1.73056943584754
"Asexual iRBC log (I log)",9.494991,1.36521071215117e-21
"Asexual iRBC log (I log)",9.494991,2.95226845107966e-24
"Asexual iRBC log (I log)",9.494991,0.00439204320408575
"Asexual iRBC log (I log)",9.494991,1.79213733957784
"Asexual iRBC log (I log)",9.494991,0.0043920431165574
"Asexual iRBC log (I log)",9.494991,1.54896065037448
"Asexual iRBC log (I log)",9.494991,1.67944176415763
"Asexual iRBC log (I log)",9.494991,0.00439204305685276
"Asexual iRBC log (I log)",9.494991,0.00439204323748451
"Asexual iRBC log (I log)",9.494991,1.70227102370155
"Asexual iRBC log (I log)",9.494991,1.53376469960352
"Asexual iRBC log (I log)",9.494991,0.00439204320853067
"Asexual iRBC log (I log)",9.494991,0.00439204318796241
"Asexual iRBC log (I log)",9.494991,0.75770014307552
"Asexual iRBC log (I log)",9.494991,1.39538354969823e-21
"Asexual iRBC log (I log)",9.494991,0.00439204322391166
"Asexual iRBC log (I log)",9.494991,0.00439204315966326
"Asexual iRBC log (I log)",9.494991,0.00439204310576243
"Asexual iRBC log (I log)",9.494991,0.00439204289398912
"Asexual iRBC log (I log)",9.494991,0.707383891689067
"Asexual iRBC log (I log)",9.494991,1.6818320074992
"Asexual iRBC log (I log)",9.494991,0.00439204324033693
"Asexual iRBC log (I log)",9.494991,1.73290513706831
"Asexual iRBC log (I log)",9.494991,7.47235974472267e-22
"Asexual iRBC log (I log)",9.494991,0.740448351763727
"Asexual iRBC log (I log)",9.494991,0.00439204298003707
"Asexual iRBC log (I log)",9.494991,1.53974208016474
"Asexual iRBC log (I log)",9.494991,1.80103396873818
"Asexual iRBC log (I log)",9.494991,0.00439204323813999
"Asexual iRBC log (I log)",9.494991,0.00439204323679957
"Asexual iRBC log (I log)",9.494991,0.00439204321608423
"Asexual iRBC log (I log)",9.494991,4.71378979354865e-32
"Asexual iRBC log (I log)",9.494991,1.33711637014038e-22
"Asexual iRBC log (I log)",9.494991,1.71567756220856
"Asexual iRBC log (I log)",9.494991,1.73602397628544
"Asexual iRBC log (I log)",9.494991,0.00439204311376223
"Asexual iRBC log (I log)",9.494991,0.960397411400863
"Asexual iRBC log (I log)",9.494991,3.81242815777762e-95
"Asexual iRBC log (I log)",9.494991,3.78544567681327e-20
"Asexual iRBC log (I log)",9.494991,1.68137427683258
"Asexual iRBC log (I log)",9.494991,4.02401584444585e-22
"Asexual iRBC log (I log)",9.494991,0.00439204323715666
"Asexual iRBC log (I log)",9.494991,0.00439204323421505
"Asexual iRBC log (I log)",9.494991,1.4459536091798e-21
"Asexual iRBC log (I log)",9.494991,0.0221241553001859
"Asexual iRBC log (I log)",9.494991,0.00439204302396754
"Asexual iRBC log (I log)",9.494991,0.00439204326818763
"Asexual iRBC log (I log)",9.494991,1.70265316574903
"Asexual iRBC log (I log)",9.494991,0.00439204315324777
"Asexual iRBC log (I log)",9.494991,1.84538927651052
"Asexual iRBC log (I log)",9.494991,0.004392043168136
"Asexual iRBC log (I log)",9.494991,1.74700362552755
"Asexual iRBC log (I log)",9.494991,1.3931532058783e-21
"Asexual iRBC log (I log)",9.494991,1.11323435967669
"Asexual iRBC log (I log)",9.494991,7.75079068477606e-22
"Asexual iRBC log (I log)",9.494991,1.45033434364336
"Asexual iRBC log (I log)",9.494991,0.00439204326568515
"Asexual iRBC log (I log)",9.494991,1.0749987622582e-21
"Asexual iRBC log (I log)",9.494991,0.004392043156563
"Asexual iRBC log (I log)",9.494991,1.45545211367199e-21
"Asexual iRBC log (I log)",9.494991,1.43855742893183e-21
"Asexual iRBC log (I log)",9.494991,4.95686710105726e-29
"Asexual iRBC log (I log)",9.494991,0.00439204308236183
"Asexual iRBC log (I log)",9.494991,0.00439204322719405
"Asexual iRBC log (I log)",9.494991,0.00439204299879214
"Asexual iRBC log (I log)",9.494991,0.00439204312277253
"Asexual iRBC log (I log)",9.494991,0.00439204305680669
"Asexual iRBC log (I log)",9.494991,0.00437559135476803
"Asexual iRBC log (I log)",9.494991,0.00741641968018429
"Asexual iRBC log (I log)",9.494991,1.55960520955916
"Asexual iRBC log (I log)",9.494991,0.00439204309042338
"Asexual iRBC log (I log)",9.494991,3.0563133669749e-32
"Asexual iRBC log (I log)",9.494991,2.03296743850739e-30
"Asexual iRBC log (I log)",9.494991,0.00439536101998976
"Asexual iRBC log (I log)",9.494991,0.00439204321023576
"Asexual iRBC log (I log)",9.494991,1.5948705928575
"Asexual iRBC log (I log)",9.494991,0.00439204321251596
"Asexual iRBC log (I log)",9.494991,0.00439204308199198
"Asexual iRBC log (I log)",9.494991,1.36562459958011e-21
"Asexual iRBC log (I log)",9.494991,0.790642734850604
"Asexual iRBC log (I log)",9.494991,8.39610591316793e-35
"Asexual iRBC log (I log)",9.494991,0.0043920428751885
"Asexual iRBC log (I log)",9.494991,0.0043920429800493
"Asexual iRBC log (I log)",9.494991,1.66109983870659
"Asexual iRBC log (I log)",9.494991,0.00439204323121218
"Asexual iRBC log (I log)",9.494991,0.00439204312281472
"Asexual iRBC log (I log)",9.494991,0.921090154755256
"Asexual iRBC log (I log)",9.494991,0.00439204304388438
"Asexual iRBC log (I log)",9.494991,1.56959741480128
"Asexual iRBC log (I log)",9.494991,0.00439204318782702
"Asexual iRBC log (I log)",9.494991,1.53057140436367
"Asexual iRBC log (I log)",9.494991,1.33679613453983e-21
"Asexual iRBC log (I log)",9.494991,0.00439204325846765
"Asexual iRBC log (I log)",9.494991,0.00439204288264772
"Asexual iRBC log (I log)",9.494991,6.80055708678259e-22
"Asexual iRBC log (I log)",9.494991,0.0043920430989657
"Asexual iRBC log (I log)",9.494991,1.4188370570423e-21
"Asexual iRBC log (I log)",9.494991,0.00439204321480498
"Asexual iRBC log (I log)",9.494991,0.0766419199976614
"Asexual iRBC log (I log)",9.494991,0.00439204325827096
"Asexual iRBC log (I log)",9.494991,1.22971549410396
"Asexual iRBC log (I log)",9.494991,0.00439204295111239
"Asexual iRBC log (I log)",9.494991,0.00439204309809103
"Asexual iRBC log (I log)",9.494991,0.00439204323260043
"Asexual iRBC log (I log)",9.494991,0.00439204309699509
"Asexual iRBC log (I log)",9.494991,4.1086338377739e-33
"Asexual iRBC log (I log)",9.494991,0.00441760295229532
"Asexual iRBC log (I log)",9.494991,0.00439204272697916
"Asexual iRBC log (I log)",9.494991,0.00439204320894576
"Asexual iRBC log (I log)",9.494991,0.00439204288875232
"Asexual iRBC log (I log)",9.494991,8.28903717947474e-37
"Asexual iRBC log (I log)",9.494991,6.90814747003898e-39
"Asexual iRBC log (I log)",9.494991,0.00439204326594968
"Asexual iRBC log (I log)",9.494991,1.09491655771414e-21
"Asexual iRBC log (I log)",9.494991,2.39007046218812
"Asexual iRBC (I)",8.49777,0.00621321040619589
"Asexual iRBC (I)",8.49777,2.41481943529904e-08
"Asexual iRBC (I)",8.49777,0.00440027071832766
"Asexual iRBC (I)",8.49777,2.28104881158923
"Asexual iRBC (I)",8.49777,5.68496316747404
"Asexual iRBC (I)",8.49777,5.3783880017743e-61
"Asexual iRBC (I)",8.49777,0.016812363941366
"Asexual iRBC (I)",8.49777,0.00445406245747411
"Asexual iRBC (I)",8.49777,0.00439644928803277
"Asexual iRBC (I)",8.49777,0.019587215744795
"Asexual iRBC (I)",8.49777,0.00487823322117738
"Asexual iRBC (I)",8.49777,6.96892343935925
"Asexual iRBC (I)",8.49777,2.80038159135569
"Asexual iRBC (I)",8.49777,9.39919002669579e-28
"Asexual iRBC (I)",8.49777,0.00439914270812862
"Asexual iRBC (I)",8.49777,0.00502992780479927
"Asexual iRBC (I)",8.49777,4.06404674673013e-06
"Asexual iRBC (I)",8.49777,4.84673790443911
"Asexual iRBC (I)",8.49777,0.0264934652468449
"Asexual iRBC (I)",8.49777,0.00510683838872671
"Asexual iRBC (I)",8.49777,5.24305026763622
"Asexual iRBC (I)",8.49777,4.8171208989832
"Asexual iRBC (I)",8.49777,0.751554870093423
"Asexual iRBC (I)",8.49777,0.000475292631005842
"Asexual iRBC (I)",8.49777,5.36481260742945
"Asexual iRBC (I)",8.49777,0.00454535970209045
"Asexual iRBC (I)",8.49777,0.00475784467973975
"Asexual iRBC (I)",8.49777,1.80132791691491e-08
"Asexual iRBC (I)",8.49777,0.00448096986650064
"Asexual iRBC (I)",8.49777,0.00439697941331359
"Asexual iRBC (I)",8.49777,9.60975144884062e-17
"Asexual iRBC (I)",8.49777,3.65568273442996
"Asexual iRBC (I)",8.49777,0.00515884234936567
"Asexual iRBC (I)",8.49777,1.92734922224151
"Asexual iRBC (I)",8.49777,0.00914083942728077
"Asexual iRBC (I)",8.49777,7.45454230447123
"Asexual iRBC (I)",8.49777,6.58631660314174e-52
"Asexual iRBC (I)",8.49777,0.00711826694380063
"Asexual iRBC (I)",8.49777,0.274229042414724
"Asexual iRBC (I)",8.49777,0.00440178462655053
"Asexual iRBC (I)",8.49777,0.00439545276788227
"Asexual iRBC (I)",8.49777,0.0271049872049566
"Asexual iRBC (I)",8.49777,6.69719569179704
"Asexual iRBC (I)",8.49777,4.1857744418444
"Asexual iRBC (I)",8.49777,7.82783267992918e-05
"Asexual iRBC (I)",8.49777,1.0510710888672
"Asexual iRBC (I)",8.49777,6.73614726070066
"Asexual iRBC (I)",8.49777,0.00450162251257971
"Asexual iRBC (I)",8.49777,0.00457178841676843
"Asexual iRBC (I)",8.49777,4.54149820323839
"Asexual iRBC (I)",8.49777,0.00467006047724106
"Asexual iRBC (I)",8.49777,5.35496193357025
"Asexual iRBC (I)",8.49777,1.20002882459139e-60
"Asexual iRBC (I)",8.49777,6.33593568063736
"Asexual iRBC (I)",8.49777,5.56536434898464
"Asexual iRBC (I)",8.49777,0.00770397315738702
"Asexual iRBC (I)",8.49777,0.0117640116539272
"Asexual iRBC (I)",8.49777,6.28290628530737
"Asexual iRBC (I)",8.49777,0.000777638546968312
"Asexual iRBC (I)",8.49777,1.99204631479704
"Asexual iRBC (I)",8.49777,0.00561237180250927
"Asexual iRBC (I)",8.49777,6.81679407931946e-08
"Asexual iRBC (I)",8.49777,3.83913363474712
"Asexual iRBC (I)",8.49777,1.87807222925213
"Asexual iRBC (I)",8.49777,0.0043987976631599
"Asexual iRBC (I)",8.49777,1.17838974516182
"Asexual iRBC (I)",8.49777,0.00439536604640463
"Asexual iRBC (I)",8.49777,1.52041186667217
"Asexual iRBC (I)",8.49777,0.0126435068502519
"Asexual iRBC (I)",8.49777,3.73657168846566
"Asexual iRBC (I)",8.49777,4.29512808902251e-13
"Asexual iRBC (I)",8.49777,0.00813608174318841
"Asexual iRBC (I)",8.49777,0.0495155041467779
"Asexual iRBC (I)",8.49777,0.00492882519396222
"Asexual iRBC (I)",8.49777,0.00443294410717491
"Asexual iRBC (I)",8.49777,0.631915774691392
"Asexual iRBC (I)",8.49777,0.0119608060157991
"Asexual iRBC (I)",8.49777,0.0606718328248346
"Asexual iRBC (I)",8.49777,0.00456976034935178
"Asexual iRBC (I)",8.49777,0.00457908671031314
"Asexual iRBC (I)",8.49777,0.00687860859898568
"Asexual iRBC (I)",8.49777,0.0044178243854635
"Asexual iRBC (I)",8.49777,0.0862646831503483
"Asexual iRBC (I)",8.49777,3.03223985813995
"Asexual iRBC (I)",8.49777,3.39451372120524
"Asexual iRBC (I)",8.49777,1.5931477925939
"Asexual iRBC (I)",8.49777,7.0710292455856
"Asexual iRBC (I)",8.49777,0.00440334624112629
"Asexual iRBC (I)",8.49777,0.00473668041450457
"Asexual iRBC (I)",8.49777,2.00288946277821e-08
"Asexual iRBC (I)",8.49777,3.24332990805716e-05
"Asexual iRBC (I)",8.49777,1.48253307228295e-08
"Asexual iRBC (I)",8.49777,2.31809979519485
"Asexual iRBC (I)",8.49777,5.23929090057169
"Asexual iRBC (I)",8.49777,2.0535591981071
"Asexual iRBC (I)",8.49777,2.05223511989832e-32
"Asexual iRBC (I)",8.49777,5.44451230111479
"Asexual iRBC (I)",8.49777,0.00444483568512232
"Asexual iRBC (I)",8.49777,3.57017364987676
"Asexual iRBC (I)",8.49777,0.00439480497263519
"Asexual iRBC (I)",8.49777,3.70780920834555
"Asexual iRBC (I)",8.49777,7.73752874810441
"Asexual iRBC (I)",8.49777,2.61037388437444
"Asexual iRBC (I)",8.49777,0.00439644743250271
"Asexual iRBC (I)",8.49777,0.0045064527993765
"Asexual iRBC (I)",8.49777,0.620317642075005
"Asexual iRBC (I)",8.49777,7.83699299922577
"Asexual iRBC (I)",8.49777,0.00631666211719773
"Asexual iRBC (I)",8.49777,7.53013071513663
"Asexual iRBC (I)",8.49777,4.22527961308867
"Asexual iRBC (I)",8.49777,3.42738975264952e-39
"Asexual iRBC (I)",8.49777,0.0043974008061007
"Asexual iRBC (I)",8.49777,2.46196619169145e-24
"Asexual iRBC (I)",8.49777,0.87170540714747
"Asexual iRBC (I)",8.49777,1.10828148495564e-07
"Asexual iRBC (I)",8.49777,6.64286126538117e-07
"Asexual iRBC (I)",8.49777,0.00444151880353658
"Asexual iRBC (I)",8.49777,6.13489388105956
"Asexual iRBC (I)",8.49777,3.42699379151106
"Asexual iRBC (I)",8.49777,0.0047266686248944
"Asexual iRBC (I)",8.49777,0.349404985399309
"Asexual iRBC (I)",8.49777,0.00483181785774765
"Asexual iRBC (I)",8.49777,0.00441372218148837
"Asexual iRBC (I)",8.49777,0.00439550699847379
"Asexual iRBC (I)",8.49777,4.01400923098313
"Asexual iRBC (I)",8.49777,2.75342166457376
"Asexual iRBC (I)",8.49777,1.98656876785563
"Asexual iRBC (I)",8.49777,1.96206435528094e-57
"Asexual iRBC (I)",8.49777,0.00441362537916606
"Asexual iRBC (I)",8.49777,3.17374089347068
"Asexual iRBC (I)",8.49777,2.27159858411567e-61
"Asexual iRBC (I)",8.49777,0.386202271347823
"Asexual iRBC (I)",8.49777,0.0584575191014104
"Asexual iRBC (I)",8.49777,0.00732666669950967
"Asexual iRBC (I)",8.49777,0.004405479790676
"Asexual iRBC (I)",8.49777,2.3810584451948
"Asexual iRBC (I)",8.49777,1.29940226191352e-05
"Asexual iRBC (I)",8.49777,4.0005675984691
"Asexual iRBC (I)",8.49777,0.00505843937271047
"Asexual iRBC (I)",8.49777,0.00439816468595868
"Asexual iRBC (I)",8.49777,0.00519171920738653
"Asexual iRBC (I)",8.49777,0.009012280559256
"Asexual iRBC (I)",8.49777,0.00444314282475
"Asexual iRBC (I)",8.49777,1.73537750082172e-11
"Asexual iRBC (I)",8.49777,5.65302701922911
"Asexual iRBC (I)",8.49777,1.39640692220246
"Asexual iRBC (I)",8.49777,1.78621705328462e-11
"Asexual iRBC (I)",8.49777,0.00440427825138634
"Asexual iRBC (I)",8.49777,0.00442193013284409
"Asexual iRBC (I)",8.49777,0.0190576947377106
"Asexual iRBC (I)",8.49777,0.00441208939281543
"Asexual iRBC (I)",8.49777,0.00442022188903632
"Asexual iRBC (I)",8.49777,3.63977470836599
"Asexual iRBC (I)",8.49777,0.00638013237728621
"Asexual iRBC (I)",8.49777,0.00568001473813226
"Asexual iRBC (I)",8.49777,1.96283230026621
"Asexual iRBC (I)",8.49777,1.19536494234064e-22
"Asexual iRBC (I)",8.49777,0.00445224820814799
"Asexual iRBC (I)",8.49777,7.85881279785072e-19
"Asexual iRBC (I)",8.49777,5.01031369861215
"Asexual iRBC (I)",8.49777,0.00440424485048802
"Asexual iRBC (I)",8.49777,0.00472183442406277
"Asexual iRBC (I)",8.49777,0.00439727145564199
"Asexual iRBC (I)",8.49777,3.83891223000201
"Asexual iRBC (I)",8.49777,2.13831468273366
"Asexual iRBC (I)",8.49777,2.0899438557466e-46
"Asexual iRBC (I)",8.49777,0.00439524959075866
"Asexual iRBC (I)",8.49777,1.51944572243107e-62
"Asexual iRBC (I)",8.49777,2.19565861833118
"Asexual iRBC (I)",8.49777,0.00452915691387126
"Asexual iRBC (I)",8.49777,0.00941562594603943
"Asexual iRBC (I)",8.49777,0.00447339890787601
"Asexual iRBC (I)",8.49777,5.15911848983175
"Asexual iRBC (I)",8.49777,0.00444686867273275
"Asexual iRBC (I)",8.49777,0.00455267060603253
"Asexual iRBC (I)",8.49777,9.73980383626508e-38
"Asexual iRBC (I)",8.49777,0.00632325062192512
"Asexual iRBC (I)",8.49777,3.67274538415386
"Asexual iRBC (I)",8.49777,3.56195174997997
"Asexual iRBC (I)",8.49777,0.0241125514311414
"Asexual iRBC (I)",8.49777,0.00442557395797036
"Asexual iRBC (I)",8.49777,8.26652040145585e-96
"Asexual iRBC (I)",8.49777,0.238684579609719
"Asexual iRBC (I)",8.49777,2.14173196189785
"Asexual iRBC (I)",8.49777,0.433608180793641
"Asexual iRBC (I)",8.49777,0.0101887470883288
"Asexual iRBC (I)",8.49777,0.00565394336291255
"Asexual iRBC (I)",8.49777,3.24037153682196
"Asexual iRBC (I)",8.49777,0.0509664961541944
"Asexual iRBC (I)",8.49777,5.27457108638644
"Asexual iRBC (I)",8.49777,6.44587950128848
"Asexual iRBC (I)",8.49777,0.0343731382453472
"Asexual iRBC (I)",8.49777,1.93985931928691
"Asexual iRBC (I)",8.49777,2.28189821016337e-10
"Asexual iRBC (I)",8.49777,0.0383356849229628
"Asexual iRBC (I)",8.49777,3.5315286632473e-05
"Asexual iRBC (I)",8.49777,3.60920981564929
"Asexual iRBC (I)",8.49777,1.95023363459199
"Asexual iRBC (I)",8.49777,3.3783093235513
"Asexual iRBC (I)",8.49777,0.00442266294015863
"Asexual iRBC (I)",8.49777,0.000900744075707084
"Asexual iRBC (I)",8.49777,4.65400794659699e-97
"Asexual iRBC (I)",8.49777,4.25260877402199
"Asexual iRBC (I)",8.49777,5.9311826841825
"Asexual iRBC (I)",8.49777,3.36474318737469
"Asexual iRBC (I)",8.49777,4.81481643983446
"Asexual iRBC (I)",8.49777,0.00449196702948655
"Asexual iRBC (I)",8.49777,7.05046599412961
"Asexual iRBC (I)",8.49777,7.00443054359566
"Asexual iRBC (I)",8.49777,0.00441228584498051
"Asexual iRBC (I)",8.49777,3.62639986626155
"Asexual iRBC (I)",8.49777,0.00457572393215703
"Asexual iRBC (I)",8.49777,0.0047867481361166
"Asexual iRBC (I)",8.49777,0.000634195700200742
"Asexual iRBC (I)",8.49777,3.03003454238671
"Asexual iRBC (I)",8.49777,0.0286500683005511
"Asexual iRBC (I)",8.49777,0.00441587468342463
"Asexual iRBC (I)",8.49777,0.00488136479834154
"Asexual iRBC (I)",8.49777,2.94656707180832
"Asexual iRBC (I)",8.49777,3.92629246011563
"Asexual iRBC (I)",8.49777,0.00493597708872701
"Asexual iRBC (I)",8.49777,0.00541340706502723
"Asexual iRBC (I)",8.49777,5.86689824107292e-16
"Asexual iRBC (I)",8.49777,0.0241576021800475
"Asexual iRBC (I)",8.49777,0.00439671061091532
"Asexual iRBC (I)",8.49777,0.875825518123028
"Asexual iRBC (I)",8.49777,2.80188686779916
"Asexual iRBC (I)",8.49777,0.00442277003143971
"Asexual iRBC (I)",8.49777,0.00542032101178198
"Asexual iRBC (I)",8.49777,1.49255729799948e-90
"Asexual iRBC (I)",8.49777,0.00474307807048081
"Asexual iRBC (I)",8.49777,0.00439739082824186
"Asexual iRBC (I)",8.49777,2.33267140570394
"Asexual iRBC (I)",8.49777,0.269881794484139
"Asexual iRBC (I)",8.49777,3.28270063487316e-08
"Asexual iRBC (I)",8.49777,0.000340482381262263
"Asexual iRBC (I)",8.49777,0.00440294595651463
"Asexual iRBC (I)",8.49777,4.01522152780465e-30
"Asexual iRBC (I)",8.49777,0.00487132573249128
"Asexual iRBC (I)",8.49777,5.87382908179403
"Asexual iRBC (I)",8.49777,5.72122814128162
"Asexual iRBC (I)",8.49777,0.00439465451862958
"Asexual iRBC (I)",8.49777,0.00905322608101974
"Asexual iRBC (I)",8.49777,0.00447860598527361
"Asexual iRBC (I)",8.49777,0.488215273403456
"Asexual iRBC (I)",8.49777,0.00443624478154742
"Asexual iRBC (I)",8.49777,0.00659241863629593
"Asexual iRBC (I)",8.49777,3.8419642759617e-14
"Asexual iRBC (I)",8.49777,1.99415145044524
"Asexual iRBC (I)",8.49777,3.24638666134617
"Asexual iRBC (I)",8.49777,0.00440630050635417
"Asexual iRBC (I)",8.49777,0.00450408699689118
"Asexual iRBC (I)",8.49777,5.29338905860855e-22
"Asexual iRBC (I)",8.49777,7.24674265584548e-07
"Asexual iRBC (I)",8.49777,0.00557062813378072
"Asexual iRBC (I)",8.49777,0.0397194729478678
"Asexual iRBC (I)",8.49777,4.06917418142844
"Asexual iRBC (I)",8.49777,0.00477796643220859
"Asexual iRBC (I)",8.49777,7.13784316825047
"Asexual iRBC (I)",8.49777,2.14778728881176
"Asexual iRBC (I)",8.49777,1.06635258949529e-32
"Asexual iRBC (I)",8.49777,8.58866166138876e-46
"Asexual iRBC (I)",8.49777,0.00439727700554651
"Asexual iRBC (I)",8.49777,5.47383635650349
"Asexual iRBC (I)",8.49777,8.30111257011794e-34
"Asexual iRBC (I)",8.49777,3.97851015300106e-07
"Asexual iRBC (I)",8.49777,0.205219896828923
"Asexual iRBC (I)",8.49777,3.40806288692124e-37
"Asexual iRBC (I)",8.49777,5.80076963446441
"Asexual iRBC (I)",8.49777,1.87245033946822
"Asexual iRBC (I)",8.49777,3.53589248926852
"Asexual iRBC (I)",8.49777,0.0132942846479556
"Asexual iRBC (I)",8.49777,0.00452253582296421
"Asexual iRBC (I)",8.49777,0.00446963027801306
"Asexual iRBC (I)",8.49777,2.40209447686084e-37
"Asexual iRBC (I)",8.49777,0.0118961746070727
"Asexual iRBC (I)",8.49777,0.00439483525498918
"Asexual iRBC (I)",8.49777,4.498764872537e-77
"Asexual iRBC (I)",8.49777,1.34563293559722
"Asexual iRBC (I)",8.49777,3.39661428780332
"Asexual iRBC (I)",8.49777,7.38967000516666e-07
"Asexual iRBC (I)",8.49777,6.79216923670216
"Asexual iRBC (I)",8.49777,5.0402047017577
"Asexual iRBC (I)",8.49777,0.00440878702525092
"Asexual iRBC (I)",8.49777,0.0136214945841588
"Asexual iRBC (I)",8.49777,1.32593393575807e-29
"Asexual iRBC (I)",8.49777,0.00460970882599143
"Asexual iRBC (I)",8.49777,3.92983152056894
"Asexual iRBC (I)",8.49777,0.00440424938271367
"Asexual iRBC (I)",8.49777,2.47384725321214e-17
"Asexual iRBC (I)",8.49777,0.000407255000927047
"Asexual iRBC (I)",8.49777,4.06722700738255e-74
"Asexual iRBC (I)",8.49777,0.00443008418734089
"Asexual iRBC (I)",8.49777,3.76924000661077
"Asexual iRBC (I)",8.49777,7.57341934964861
"Asexual iRBC (I)",8.49777,5.22784180071048
"Asexual iRBC (I)",8.49777,0.00442604558712425
"Asexual iRBC (I)",8.49777,0.9262536084509
"Asexual iRBC (I)",8.49777,0.00161552671718245
"Asexual iRBC (I)",8.49777,6.92572469767754
"Asexual iRBC (I)",8.49777,0.00443763277494272
"Asexual iRBC (I)",8.49777,0.0175518830542222
"Asexual iRBC (I)",8.49777,0.0127604160337332
"Asexual iRBC (I)",8.49777,0.00440723233898274
"Asexual iRBC (I)",8.49777,0.00466133974999781
"Asexual iRBC (I)",8.49777,1.74474045206315e-11
"Asexual iRBC (I)",8.49777,0.00456179649833004
"Asexual iRBC (I)",8.49777,1.40640929365954e-41
"Asexual iRBC (I)",8.49777,3.7189451014544
"Asexual iRBC (I)",8.49777,9.9473848543846e-09
"Asexual iRBC (I)",8.49777,0.335378756652407
"Asexual iRBC (I)",8.49777,0.0268440399037545
"Asexual iRBC (I)",8.49777,1.52540183729943e-14
"Asexual iRBC (I)",8.49777,0.00681042622271932
"Asexual iRBC (I)",8.49777,1.2286186788343e-10
"Asexual iRBC (I)",8.49777,5.4344398773189e-16
"Asexual iRBC (I)",8.49777,1.55994416211703e-06
"Asexual iRBC (I)",8.49777,0.0309688129947228
"Asexual iRBC (I)",8.49777,4.37288337367913e-13
"Asexual iRBC (I)",8.49777,1.13892166142084
"Asexual iRBC (I)",8.49777,4.73362489589328
"Asexual iRBC (I)",8.49777,0.00439676349786652
"Asexual iRBC (I)",8.49777,0.0043949281831164
"Asexual iRBC (I)",8.49777,7.31907535008403
"Asexual iRBC (I)",8.49777,0.00479523833036273
"Asexual iRBC (I)",8.49777,0.00446896585491831
"Asexual iRBC (I)",8.49777,0.00452517602051159
"Asexual iRBC (I)",8.49777,0.0091122645662219
"Asexual iRBC (I)",8.49777,4.01374337405617
"Asexual iRBC (I)",8.49777,0.00235454304824087
"Asexual iRBC (I)",8.49777,0.00422569461482675
"Asexual iRBC (I)",8.49777,2.04899663620879
"Asexual iRBC (I)",8.49777,3.89835614017457e-13
"Asexual iRBC (I)",8.49777,3.71356199554964
"Asexual iRBC (I)",8.49777,0.190258799584921
"Asexual iRBC (I)",8.49777,0.0204373389583607
"Asexual iRBC (I)",8.49777,0.00439709838963818
"Asexual iRBC (I)",8.49777,5.33753389650988e-43
"Asexual iRBC (I)",8.49777,3.37402428296989
"Asexual iRBC (I)",8.49777,0.0044030926006473
"Asexual iRBC (I)",8.49777,0.00446570953868293
"Asexual iRBC (I)",8.49777,0.058368968889891
"Asexual iRBC (I)",8.49777,0.00672507478060649
"Asexual iRBC (I)",8.49777,0.0559562995289726
"Asexual iRBC (I)",8.49777,0.0122189599824323
"Asexual iRBC (I)",8.49777,7.97239475171283e-53
"Asexual iRBC (I)",8.49777,9.62529743516183e-29
"Asexual iRBC (I)",8.49777,0.00170323661958716
"Asexual iRBC (I)",8.49777,1.68997090279237e-09
"Asexual iRBC (I)",8.49777,2.66473381731023
"Asexual iRBC (I)",8.49777,1.25562855067626e-07
"Asexual iRBC (I)",8.49777,4.59412510984498
"Asexual iRBC (I)",8.49777,1.57765878494114e-26
"Asexual iRBC (I)",8.49777,0.00532552451257729
"Asexual iRBC (I)",8.49777,0.00317963111136487
"Asexual iRBC (I)",8.49777,3.46507370082878
"Asexual iRBC (I)",8.49777,0.0245103039861348
"Asexual iRBC (I)",8.49777,0.00935183817794243
"Asexual iRBC (I)",8.49777,0.0044131274829252
"Asexual iRBC (I)",8.49777,3.78309920310622
"Asexual iRBC (I)",8.49777,6.94632789418277
"Asexual iRBC (I)",8.49777,0.00469267777202826
"Asexual iRBC (I)",8.49777,0.575182744235359
"Asexual iRBC (I)",8.49777,0.000204948139764067
"Asexual iRBC (I)",8.49777,4.42480893925404e-26
"Asexual iRBC (I)",8.49777,1.32973455320397e-13
"Asexual iRBC (I)",8.49777,1.36948703366833e-92
"Asexual iRBC (I)",8.49777,0.00499734689662647
"Asexual iRBC (I)",8.49777,0.00475402588247126
"Asexual iRBC (I)",8.49777,2.4855239897073e-07
"Asexual iRBC (I)",8.49777,5.9027412478803e-06
"Asexual iRBC (I)",8.49777,7.54049180808556
"Asexual iRBC (I)",8.49777,0.000235837730304155
"Asexual iRBC (I)",8.49777,3.39544302530117
"Asexual iRBC (I)",8.49777,3.23668068823129
"Asexual iRBC (I)",8.49777,0.00439465762744655
"Asexual iRBC (I)",8.49777,0.00440951898514061
"Asexual iRBC (I)",8.49777,0.0125678795055847
"Asexual iRBC (I)",8.49777,3.96072029425456
"Asexual iRBC (I)",8.49777,3.40493846312781
"Asexual iRBC (I)",8.49777,6.4588445029323
"Asexual iRBC (I)",8.49777,0.00534522054036411
"Asexual iRBC (I)",8.49777,0.0889673412693235
"Asexual iRBC (I)",8.49777,0.00442738185853193
"Asexual iRBC (I)",8.49777,1.96113981029962
"Asexual iRBC (I)",8.49777,0.00446180766940936
"Asexual iRBC (I)",8.49777,0.00441282899581287
"Asexual iRBC (I)",8.49777,0.00606999178266577
"Asexual iRBC (I)",8.49777,3.79599243323459
"Asexual iRBC (I)",8.49777,0.00623322309690928
"Asexual iRBC (I)",8.49777,0.00443641436727234
"Asexual iRBC (I)",8.49777,5.86985533826129e-64
"Asexual iRBC (I)",8.49777,0.00440594593771289
"Asexual iRBC (I)",8.49777,0.00441332495944385
"Asexual iRBC (I)",8.49777,0.0044309975296283
"Asexual iRBC (I)",8.49777,0.00440397307571974
"Asexual iRBC (I)",8.49777,3.4684417550383
"Asexual iRBC (I)",8.49777,6.13985415894873
"Asexual iRBC (I)",8.49777,0.390803550944399
"Asexual iRBC (I)",8.49777,0.00784919348966436
"Asexual iRBC (I)",8.49777,3.73901029018741
"Asexual iRBC (I)",8.49777,5.50013735473319
"Asexual iRBC (I)",8.49777,0.00439627521765248
"Asexual iRBC (I)",8.49777,1.11177111532339e-28
"Asexual iRBC (I)",8.49777,6.76768200574571e-09
"Asexual iRBC (I)",8.49777,0.00464418862556855
"Asexual iRBC (I)",8.49777,3.70160872026957
"Asexual iRBC (I)",8.49777,2.03991635192724e-18
"Asexual iRBC (I)",8.49777,0.11072913183748
"Asexual iRBC (I)",8.49777,0.520820452282283
"Asexual iRBC (I)",8.49777,0.346361421660817
"Asexual iRBC (I)",8.49777,5.73405041143744
"Asexual iRBC (I)",8.49777,0.00461490997376513
"Asexual iRBC (I)",8.49777,0.00640060363888414
"Asexual iRBC (I)",8.49777,0.00490786234380687
"Asexual iRBC (I)",8.49777,0.00451512470253955
"Asexual iRBC (I)",8.49777,4.10702051477647
"Asexual iRBC (I)",8.49777,0.00446087389661663
"Asexual iRBC (I)",8.49777,0.134970116560375
"Asexual iRBC (I)",8.49777,7.69573213770791
"Asexual iRBC (I)",8.49777,1.39241822677146e-75
"Asexual iRBC (I)",8.49777,1.218092548106e-09
"Asexual iRBC (I)",8.49777,0.0164286664258825
"Asexual iRBC (I)",8.49777,2.91108490559614
"Asexual iRBC (I)",8.49777,7.98287099652456e-13
"Asexual iRBC (I)",8.49777,0.0054105434553276
"Asexual iRBC (I)",8.49777,0.00444063906360179
"Asexual iRBC (I)",8.49777,5.21345977511641
"Asexual iRBC (I)",8.49777,4.13452669468838e-19
"Asexual iRBC (I)",8.49777,0.0191880767717404
"Asexual iRBC (I)",8.49777,3.46034057197858
"Asexual iRBC (I)",8.49777,0.00442001753717771
"Asexual iRBC (I)",8.49777,2.10154794042832
"Asexual iRBC (I)",8.49777,0.00952222459862694
"Asexual iRBC (I)",8.49777,6.14946927413362
"Asexual iRBC (I)",8.49777,0.630654892957356
"Asexual iRBC (I)",8.49777,6.92679794753387e-62
"Asexual iRBC (I)",8.49777,3.4043714163568
"Asexual iRBC (I)",8.49777,0.00425938079266696
"Asexual iRBC (I)",8.49777,0.00443127542802582
"Asexual iRBC (I)",8.49777,3.57551500576727
"Asexual iRBC (I)",8.49777,2.92034255435922e-32
"Asexual iRBC (I)",8.49777,0.00441857803054394
"Asexual iRBC (I)",8.49777,0.00704409521505197
"Asexual iRBC (I)",8.49777,3.6408275025422e-06
"Asexual iRBC (I)",8.49777,0.0221775358152347
"Asexual iRBC (I)",8.49777,2.1473812865154e-05
"Asexual iRBC (I)",8.49777,4.47219236900103e-07
"Asexual iRBC (I)",8.49777,3.4008566088799
"Asexual iRBC (I)",8.49777,0.00442543316588577
"Asexual iRBC (I)",8.49777,3.26304936352951e-14
"Asexual iRBC (I)",8.49777,9.01142381787491e-89
"Asexual iRBC (I)",8.49777,5.41579998390937e-102
"Asexual iRBC (I)",8.49777,8.86618107540338e-54
"Asexual iRBC (I)",8.49777,0.00441526083204677
"Asexual iRBC (I)",8.49777,0.00495901058201871
"Asexual iRBC (I)",8.49777,4.08039225860355
"Asexual iRBC (I)",8.49777,2.0502621574956
"Asexual iRBC (I)",8.49777,0.00450802403751142
"Asexual iRBC (I)",8.49777,0.00439463401905047
"Asexual iRBC (I)",8.49777,0.00774071516353359
"Asexual iRBC (I)",8.49777,4.33267601630514
"Asexual iRBC (I)",8.49777,0.00440050380937606
"Asexual iRBC (I)",8.49777,0.00439985159029063
"Asexual iRBC (I)",8.49777,0.00853356683693053
"Asexual iRBC (I)",8.49777,0.00448568106106189
"Asexual iRBC (I)",8.49777,3.62079642594624
"Asexual iRBC (I)",8.49777,1.95043706093323
"Asexual iRBC (I)",8.49777,5.23681936427199
"Asexual iRBC (I)",8.49777,0.00463206426069006
"Asexual iRBC (I)",8.49777,4.30142165444274
"Asexual iRBC (I)",8.49777,1.53393153474675e-08
"Asexual iRBC (I)",8.49777,3.47099957946641e-18
"Asexual iRBC (I)",8.49777,0.00456517577144424
"Asexual iRBC (I)",8.49777,3.34979296435009
"Asexual iRBC (I)",8.49777,4.41890320432802
"Asexual iRBC (I)",8.49777,0.00558899674262455
"Asexual iRBC (I)",8.49777,0.00454666312907063
"Asexual iRBC (I)",8.49777,2.07426155127716
"Asexual iRBC (I)",8.49777,0.00626161277540148
"Asexual iRBC (I)",8.49777,6.14874609075842
"Asexual iRBC (I)",8.49777,2.75215055023227e-07
"Asexual iRBC (I)",8.49777,0.233563834966211
"Asexual iRBC (I)",8.49777,7.24281922994064e-38
"Asexual iRBC (I)",8.49777,0.0168930031313458
"Asexual iRBC (I)",8.49777,0.0671083494696605
"Asexual iRBC (I)",8.49777,2.89589226281147
"Asexual iRBC (I)",8.49777,1.08639428905566e-19
"Asexual iRBC (I)",8.49777,7.18463027868008
"Asexual iRBC (I)",8.49777,0.00439772172527565
"Asexual iRBC (I)",8.49777,3.46227648554449
"Asexual iRBC (I)",8.49777,7.28244415625096
"Asexual iRBC (I)",8.49777,3.14781680788225
"Asexual iRBC (I)",8.49777,3.7950912013443
"Asexual iRBC (I)",8.49777,0.0201875198103469
"Asexual iRBC (I)",8.49777,2.91502391447106e-57
"Asexual iRBC (I)",8.49777,0.00492654253870392
"Asexual iRBC (I)",8.49777,0.00463329994761626
"Asexual iRBC (I)",8.49777,0.0061384172026667
"Asexual iRBC (I)",8.49777,0.00636158861515929
"Asexual iRBC (I)",8.49777,0.00439750118803211
"Asexual iRBC (I)",8.49777,3.55197492816338
"Asexual iRBC (I)",8.49777,3.93404077095876
"Asexual iRBC (I)",8.49777,2.58655344478202e-31
"Asexual iRBC (I)",8.49777,8.76123133472901e-19
"Asexual iRBC (I)",8.49777,0.00448597722422698
"Asexual iRBC (I)",8.49777,5.37888796801266
"Asexual iRBC (I)",8.49777,1.23001814632125e-11
"Asexual iRBC (I)",8.49777,0.00440615350226718
"Asexual iRBC (I)",8.49777,1.79762333226542e-41
"Asexual iRBC (I)",8.49777,0.0044186652305326
"Asexual iRBC (I)",8.49777,0.00483628645480376
"Asexual iRBC (I)",8.49777,0.00446579587751994
"Asexual iRBC (I)",8.49777,2.21978664417581
"Asexual iRBC (I)",8.49777,5.84849583913939e-14
"Asexual iRBC (I)",8.49777,7.40981038086444
"Asexual iRBC (I)",8.49777,0.553508187779887
"Asexual iRBC (I)",8.49777,3.56803749188949e-68
"Asexual iRBC (I)",8.49777,6.8665161112259e-21
"Asexual iRBC (I)",8.49777,0.00440847340778695
"Asexual iRBC (I)",8.49777,1.94852558729769e-06
"Asexual iRBC (I)",8.49777,0.00478049457818634
"Asexual iRBC (I)",8.49777,0.00660987562704823
"Asexual iRBC (I)",8.49777,0.00510258464603383
"Asexual iRBC (I)",8.49777,0.000729043123136019
"Asexual iRBC (I)",8.49777,0.00440781683689863
"Asexual iRBC (I)",8.49777,1.1526893490724e-78
"Asexual iRBC (I)",8.49777,0.0043964947613384
"Asexual iRBC (I)",8.49777,3.53855122867574
"Asexual iRBC (I)",8.49777,0.010347782327899
"Asexual iRBC (I)",8.49777,0.00439923760722611
"Asexual iRBC (I)",8.49777,1.61821650241339
"Asexual iRBC (I)",8.49777,3.30879497928818
"Asexual iRBC (I)",8.49777,0.282689493060109
"Asexual iRBC (I)",8.49777,4.60355787361146
"Asexual iRBC (I)",8.49777,5.49844992333443
"Asexual iRBC (I)",8.49777,0.000327531425964226
"Asexual iRBC (I)",8.49777,0.00442504166264656
"Asexual iRBC (I)",8.49777,7.12366812514112e-31
"Asexual iRBC (I)",8.49777,2.18672701655882
"Asexual iRBC (I)",8.49777,3.51168273012224e-09
"Asexual iRBC (I)",8.49777,0.0816914547847122
"Asexual iRBC (I)",8.49777,1.32418246358971e-23
"Asexual iRBC (I)",8.49777,3.55848022323631
"Asexual iRBC (I)",8.49777,0.00439542082785513
"Asexual iRBC (I)",8.49777,0.0102477072362958
"Asexual iRBC (I)",8.49777,3.64796803223443
"Asexual iRBC (I)",8.49777,0.00443614036377213
"Asexual iRBC (I)",8.49777,5.56881526677463
"Asexual iRBC (I)",8.49777,5.71622644688819
"Asexual iRBC (I)",8.49777,0.00446081118133304
"Asexual iRBC (I)",8.49777,0.0044327591678491
"Asexual iRBC (I)",8.49777,0.00557128729379468
"Asexual iRBC (I)",8.49777,7.00421806619649
"Asexual iRBC (I)",8.49777,0.230426101449075
"Asexual iRBC (I)",8.49777,4.63449138324478e-86
"Asexual iRBC (I)",8.49777,3.79178595556391
"Asexual iRBC (I)",8.49777,1.93345169081004e-88
"Asexual iRBC (I)",8.49777,0.00707390194498599
"Asexual iRBC (I)",8.49777,4.12145848547125
"Asexual iRBC (I)",8.49777,0.00445801241414871
"Asexual iRBC (I)",8.49777,4.61419561308797e-31
"Asexual iRBC (I)",8.49777,5.73813538312716
"Asexual iRBC (I)",8.49777,6.17643304049014e-59
"Asexual iRBC (I)",8.49777,0.000465830149214413
"Asexual iRBC (I)",8.49777,0.000733361298603944
"Asexual iRBC (I)",8.49777,0.00766050776133139
"Asexual iRBC (I)",8.49777,4.52948279335217
"Asexual iRBC (I)",8.49777,3.3102622688399
"Asexual iRBC (I)",8.49777,4.59892144992649
"Asexual iRBC (I)",8.49777,2.11389148599104
"Asexual iRBC (I)",8.49777,0.00444068068911082
"Asexual iRBC (I)",8.49777,2.17450271792308e-70
"Asexual iRBC (I)",8.49777,4.28548738876136
"Asexual iRBC (I)",8.49777,0.00571552056785701
"Asexual iRBC (I)",8.49777,0.00439685068231599
"Asexual iRBC (I)",8.49777,1.0904771367817
"Asexual iRBC (I)",8.49777,0.00443627104612644
"Asexual iRBC (I)",8.49777,0.00439617988853723
"Asexual iRBC (I)",8.49777,6.71760324669612
"Asexual iRBC (I)",8.49777,0.000949246143108113
"Asexual iRBC (I)",8.49777,0.00447364412879677
"Asexual iRBC (I)",8.49777,8.37026508136586e-07
"Asexual iRBC (I)",8.49777,0.0289523580938091
"Asexual iRBC (I)",8.49777,7.45034147161682
"Asexual iRBC (I)",8.49777,0.00450713776202344
"Asexual iRBC (I)",8.49777,1.8106726275567e-09
"Asexual iRBC (I)",8.49777,0.00600298421230909
"Asexual iRBC (I)",8.49777,1.41231529833216e-29
"Asexual iRBC (I)",8.49777,0.00440924870060751
"Asexual iRBC (I)",8.49777,0.00439525860073402
"Asexual iRBC (I)",8.49777,7.42320358676662e-06
"Asexual iRBC (I)",8.49777,0.00577986112456816
"Asexual iRBC (I)",8.49777,3.10776035588905e-20
"Asexual iRBC (I)",8.49777,0.0203448262968121
"Asexual iRBC (I)",8.49777,0.00449905461531804
"Asexual iRBC (I)",8.49777,0.00527757869155133
"Asexual iRBC (I)",8.49777,0.00440764845269983
"Asexual iRBC (I)",8.49777,1.2621561223046e-16
"Asexual iRBC (I)",8.49777,9.87070133589513e-26
"Asexual iRBC (I)",8.49777,1.87162707484282
"Asexual iRBC (I)",8.49777,5.42278791517634
"Asexual iRBC (I)",8.49777,6.59490494755603
"Asexual iRBC (I)",8.49777,0.178451669019537
"Asexual iRBC (I)",8.49777,0.00484245791902301
"Asexual iRBC (I)",8.49777,4.34316662240785
"Asexual iRBC (I)",8.49777,0.00439708008953655
"Asexual iRBC (I)",8.49777,0.236400172382867
"Asexual iRBC (I)",8.49777,3.7382070243385
"Asexual iRBC (I)",8.49777,9.82952308872894e-05
"Asexual iRBC (I)",8.49777,6.73785018787499e-36
"Asexual iRBC (I)",8.49777,2.58132895086567
"Asexual iRBC (I)",8.49777,3.40486225945628
"Asexual iRBC (I)",8.49777,0.000165599190682286
"Asexual iRBC (I)",8.49777,0.00440503186717295
"Asexual iRBC (I)",8.49777,4.47784050774706e-73
"Asexual iRBC (I)",8.49777,0.000827203631848676
"Asexual iRBC (I)",8.49777,3.83126946394533e-48
"Asexual iRBC (I)",8.49777,0.0102218245061147
"Asexual iRBC (I)",8.49777,0.00520031481392789
"Asexual iRBC (I)",8.49777,5.18057271550681e-09
"Asexual iRBC (I)",8.49777,1.59226040403908e-78
"Asexual iRBC (I)",8.49777,8.80833471870644e-21
"Asexual iRBC (I)",8.49777,6.6735379089874
"Asexual iRBC (I)",8.49777,0.00449605328634673
"Asexual iRBC (I)",8.49777,0.00615100525784474
"Asexual iRBC (I)",8.49777,0.00461325644633013
"Asexual iRBC (I)",8.49777,0.0991598559279401
"Asexual iRBC (I)",8.49777,2.52279387620995
"Asexual iRBC (I)",8.49777,5.46862945680407
"Asexual iRBC (I)",8.49777,0.00439577955644788
"Asexual iRBC (I)",8.49777,0.00439640974076237
"Asexual iRBC (I)",8.49777,0.00026124339665462
"Asexual iRBC (I)",8.49777,5.17428686109719
"Asexual iRBC (I)",8.49777,0.00441600596313233
"Asexual iRBC (I)",8.49777,0.261557904679563
"Asexual iRBC (I)",8.49777,5.98602581501941e-05
"Asexual iRBC (I)",8.49777,3.37584225229757e-08
"Asexual iRBC (I)",8.49777,0.00441809849438874
"Asexual iRBC (I)",8.49777,0.00442036364845588
"Asexual iRBC (I)",8.49777,1.75366891865626
"Asexual iRBC (I)",8.49777,3.13717610644055
"Asexual iRBC (I)",8.49777,0.00658224614226891
"Asexual iRBC (I)",8.49777,0.00440752873143645
"Asexual iRBC (I)",8.49777,3.36593012578498
"Asexual iRBC (I)",8.49777,0.00439641140421485
"Asexual iRBC (I)",8.49777,8.34720234056226e-39
"Asexual iRBC (I)",8.49777,0.00447343609449098
"Asexual iRBC (I)",8.49777,7.30845134364928e-30
"Asexual iRBC (I)",8.49777,0.00455902258280726
"Asexual iRBC (I)",8.49777,1.98361596871395
"Asexual iRBC (I)",8.49777,0.00476906284305586
"Asexual iRBC (I)",8.49777,0.320988997197106
"Asexual iRBC (I)",8.49777,0.00442667758319638
"Asexual iRBC (I)",8.49777,0.116228153616761
"Asexual iRBC (I)",8.49777,0.00587119983956993
"Asexual iRBC (I)",8.49777,1.49120820948234e-05
"Asexual iRBC (I)",8.49777,0.00454037270433278
"Asexual iRBC (I)",8.49777,0.00476614951434906
"Asexual iRBC (I)",8.49777,5.0056081430397
"Asexual iRBC (I)",8.49777,6.95605840157644e-70
"Asexual iRBC (I)",8.49777,2.33815245334875
"Asexual iRBC (I)",8.49777,4.31436125363291
"Asexual iRBC (I)",8.49777,0.00520495270798109
"Asexual iRBC (I)",8.49777,4.23836976490504
"Asexual iRBC (I)",8.49777,0.00442278480882198
"Asexual iRBC (I)",8.49777,0.00515076203831479
"Asexual iRBC (I)",8.49777,7.73036571218371
"Asexual iRBC (I)",8.49777,6.19774065342e-65
"Asexual iRBC (I)",8.49777,3.38051038295632
"Asexual iRBC (I)",8.49777,0.274980208272471
"Asexual iRBC (I)",8.49777,2.11333453002102
"Asexual iRBC (I)",8.49777,4.92114807785068
"Asexual iRBC (I)",8.49777,6.03606846020337
"Asexual iRBC (I)",8.49777,6.1572398878414
"Asexual iRBC (I)",8.49777,3.43440734203702
"Asexual iRBC (I)",8.49777,6.86037241846588e-13
"Asexual iRBC (I)",8.49777,0.00441355466283308
"Asexual iRBC (I)",8.49777,0.235988522256248
"Asexual iRBC (I)",8.49777,0.00441753524436987
"Asexual iRBC (I)",8.49777,0.161540148103161
"Asexual iRBC (I)",8.49777,0.00442482126364247
"Asexual iRBC (I)",8.49777,0.0045632433040105
"Asexual iRBC (I)",8.49777,3.4504839428795
"Asexual iRBC (I)",8.49777,5.25381385739953e-05
"Asexual iRBC (I)",8.49777,0.00441853401234071
"Asexual iRBC (I)",8.49777,0.00499974116599585
"Asexual iRBC (I)",8.49777,0.00440004800376111
"Asexual iRBC (I)",8.49777,5.9723875474645
"Asexual iRBC (I)",8.49777,4.1120761676069
"Asexual iRBC (I)",8.49777,4.71520328706493
"Asexual iRBC (I)",8.49777,0.747118276614447
"Asexual iRBC (I)",8.49777,7.82018645548777
"Asexual iRBC (I)",8.49777,1.62149843411047e-66
"Asexual iRBC (I)",8.49777,0.004401181569202
"Asexual iRBC (I)",8.49777,5.24116790744256
"Asexual iRBC (I)",8.49777,0.00523651497316423
"Asexual iRBC (I)",8.49777,0.0670162033600775
"Asexual iRBC (I)",8.49777,0.00513442369269625
"Asexual iRBC (I)",8.49777,1.70548367891562e-46
"Asexual iRBC (I)",8.49777,1.40011917611771
"Asexual iRBC (I)",8.49777,6.92672117280205
"Asexual iRBC (I)",8.49777,8.46182678960558e-62
"Asexual iRBC (I)",8.49777,1.0722244943087e-17
"Asexual iRBC (I)",8.49777,0.00440103049871628
"Asexual iRBC (I)",8.49777,1.88121105129208e-13
"Asexual iRBC (I)",8.49777,0.0244202262800572
"Asexual iRBC (I)",8.49777,0.00723667931019028
"Asexual iRBC (I)",8.49777,0.00442165140042103
"Asexual iRBC (I)",8.49777,6.06512719002362
"Asexual iRBC (I)",8.49777,0.00450726163987866
"Asexual iRBC (I)",8.49777,2.32845971100373
"Asexual iRBC (I)",8.49777,8.40004151852834e-10
"Asexual iRBC (I)",8.49777,0.00486399138287827
"Asexual iRBC (I)",8.49777,0.0967263061099043
"Asexual iRBC (I)",8.49777,5.31486776406524e-70
"Asexual iRBC (I)",8.49777,0.0046236342973503
"Asexual iRBC (I)",8.49777,0.00527032306170672
"Asexual iRBC (I)",8.49777,3.52291850596558
"Asexual iRBC (I)",8.49777,2.80088683605101
"Asexual iRBC (I)",8.49777,0.00943899013735472
"Asexual iRBC (I)",8.49777,3.59462982156176
"Asexual iRBC (I)",8.49777,6.33582989838304
"Asexual iRBC (I)",8.49777,1.21819180945329
"Asexual iRBC (I)",8.49777,0.00712471755341366
"Asexual iRBC (I)",8.49777,1.71786840468516e-07
"Asexual iRBC (I)",8.49777,3.50208111682508
"Asexual iRBC (I)",8.49777,6.04257692749341
"Asexual iRBC (I)",8.49777,0.00439535733860583
"Asexual iRBC (I)",8.49777,1.98588592532386
"Asexual iRBC (I)",8.49777,6.35454093728736
"Asexual iRBC (I)",8.49777,0.00440005177197643
"Asexual iRBC (I)",8.49777,7.7427953526699
"Asexual iRBC (I)",8.49777,0.0553463480309971
"Asexual iRBC (I)",8.49777,1.96859539089377
"Asexual iRBC (I)",8.49777,0.00444851872940507
"Asexual iRBC (I)",8.49777,4.23817537953503
"Asexual iRBC (I)",8.49777,0.00485644682484225
"Asexual iRBC (I)",8.49777,0.00537393163594254
"Asexual iRBC (I)",8.49777,0.164715655122875
"Asexual iRBC (I)",8.49777,0.00440853799426972
"Asexual iRBC (I)",8.49777,0.0815657595572863
"Asexual iRBC (I)",8.49777,3.25728874117055
"Asexual iRBC (I)",8.49777,1.57954349819342
"Asexual iRBC (I)",8.49777,4.22479545974886e-55
"Asexual iRBC (I)",8.49777,0.00517053264895637
"Asexual iRBC (I)",8.49777,0.00441590656459459
"Asexual iRBC (I)",8.49777,0.00464253090640321
"Asexual iRBC (I)",8.49777,0.00522728656937234
"Asexual iRBC (I)",8.49777,1.99169447643961
"Asexual iRBC (I)",8.49777,8.89524634432772e-14
"Asexual iRBC (I)",8.49777,1.09713715902882e-07
"Asexual iRBC (I)",8.49777,0.00447336520371249
"Asexual iRBC (I)",8.49777,0.00442821867741748
"Asexual iRBC (I)",8.49777,5.93200149730799
"Asexual iRBC (I)",8.49777,7.95514951510484e-68
"Asexual iRBC (I)",8.49777,5.78948655330628
"Asexual iRBC (I)",8.49777,0.00467625724429173
"Asexual iRBC (I)",8.49777,3.6600518745776
"Asexual iRBC (I)",8.49777,6.3211292962344e-52
"Asexual iRBC (I)",8.49777,4.50353764610151e-88
"Asexual iRBC (I)",8.49777,5.30006350494954
"Asexual iRBC (I)",8.49777,0.12585731379693
"Asexual iRBC (I)",8.49777,3.43558636101875
"Asexual iRBC (I)",8.49777,0.129053458605601
"Asexual iRBC (I)",8.49777,0.00527614194272328
"Asexual iRBC (I)",8.49777,0.00441688815271408
"Asexual iRBC (I)",8.49777,5.82652833445268
"Asexual iRBC (I)",8.49777,0.135525592752489
"Asexual iRBC (I)",8.49777,8.66750804574946e-83
"Asexual iRBC (I)",8.49777,2.02595047179655
"Asexual iRBC (I)",8.49777,0.00884001010106844
"Asexual iRBC (I)",8.49777,0.000106056466225159
"Asexual iRBC (I)",8.49777,0.0526655006152851
"Asexual iRBC (I)",8.49777,0.00440434888953373
"Asexual iRBC (I)",8.49777,0.00439537591180941
"Asexual iRBC (I)",8.49777,0.00446967071516255
"Asexual iRBC (I)",8.49777,1.15444647756785
"Asexual iRBC (I)",8.49777,4.85131014683263e-16
"Asexual iRBC (I)",8.49777,4.30942211988373
"Asexual iRBC (I)",8.49777,2.52675867910135e-52
"Asexual iRBC (I)",8.49777,5.32551547073901
"Asexual iRBC (I)",8.49777,3.34527420381321
"Asexual iRBC (I)",8.49777,0.0043950612797943
"Asexual iRBC (I)",8.49777,0.00579622656235314
"Asexual iRBC (I)",8.49777,4.6794367917426
"Asexual iRBC (I)",8.49777,0.00449467329251822
"Asexual iRBC (I)",8.49777,3.37417862553242
"Asexual iRBC (I)",8.49777,4.13083747638726e-39
"Asexual iRBC (I)",8.49777,0.00578821521414319
"Asexual iRBC (I)",8.49777,3.0101975601743
"Asexual iRBC (I)",8.49777,0.00828811339131637
"Asexual iRBC (I)",8.49777,4.87087286068425
"Asexual iRBC (I)",8.49777,0.120626898488271
"Asexual iRBC (I)",8.49777,5.26580320126244
"Asexual iRBC (I)",8.49777,2.82890749467505
"Asexual iRBC (I)",8.49777,0.0978484655039596
"Asexual iRBC (I)",8.49777,9.29193130895137e-24
"Asexual iRBC (I)",8.49777,0.0115793142333893
"Asexual iRBC (I)",8.49777,0.00440029467313412
"Asexual iRBC (I)",8.49777,0.00439656183486934
"Asexual iRBC (I)",8.49777,0.004605935422659
"Asexual iRBC (I)",8.49777,3.49631846996813
"Asexual iRBC (I)",8.49777,3.19522873788383
"Asexual iRBC (I)",8.49777,0.00533039615334976
"Asexual iRBC (I)",8.49777,5.55958699879006
"Asexual iRBC (I)",8.49777,0.00444926395033607
"Asexual iRBC (I)",8.49777,3.40820881196874
"Asexual iRBC (I)",8.49777,0.00443012995337227
"Asexual iRBC (I)",8.49777,3.57294360765386
"Asexual iRBC (I)",8.49777,1.86043442020982
"Asexual iRBC (I)",8.49777,0.00439782730968553
"Asexual iRBC (I)",8.49777,2.48417128980892
"Asexual iRBC (I)",8.49777,1.92648420907562e-90
"Asexual iRBC (I)",8.49777,3.71312383803006e-12
"Asexual iRBC (I)",8.49777,0.00472530272421863
"Asexual iRBC (I)",8.49777,0.00439921094463179
"Asexual iRBC (I)",8.49777,0.00463708253362693
"Asexual iRBC (I)",8.49777,0.00442561747951437
"Asexual iRBC (I)",8.49777,4.99327759247427e-06
"Asexual iRBC (I)",8.49777,5.76531239543177
"Asexual iRBC (I)",8.49777,1.64186511728733e-08
"Asexual iRBC (I)",8.49777,5.2319983826835e-16
"Asexual iRBC (I)",8.49777,0.00440556664567538
"Asexual iRBC (I)",8.49777,0.00785531752923638
"Asexual iRBC (I)",8.49777,0.00667731091053632
"Asexual iRBC (I)",8.49777,5.0847105841078
"Asexual iRBC (I)",8.49777,0.00440029226246148
"Asexual iRBC (I)",8.49777,1.76328919578209
"Asexual iRBC (I)",8.49777,0.00911661096836358
"Asexual iRBC (I)",8.49777,1.30742245205682e-91
"Asexual iRBC (I)",8.49777,2.22949616190895
"Asexual iRBC (I)",8.49777,0.00466020976347838
"Asexual iRBC (I)",8.49777,0.00441480150946142
"Asexual iRBC (I)",8.49777,0.00989386106789154
"Asexual iRBC (I)",8.49777,0.00494303601502378
"Asexual iRBC (I)",8.49777,0.00471683902161672
"Asexual iRBC (I)",8.49777,0.00722213769162741
"Asexual iRBC (I)",8.49777,0.157844922682298
"Asexual iRBC (I)",8.49777,0.00477481256624647
"Asexual iRBC (I)",8.49777,0.06303947203878
"Asexual iRBC (I)",8.49777,4.79306541338898e-10
"Asexual iRBC (I)",8.49777,0.0111860962771287
"Asexual iRBC (I)",8.49777,2.01163488697096
"Asexual iRBC (I)",8.49777,5.49233168445097
"Asexual iRBC (I)",8.49777,1.51227329042444
"Asexual iRBC (I)",8.49777,0.0264840981121136
"Asexual iRBC (I)",8.49777,0.00463979094652456
"Asexual iRBC (I)",8.49777,5.86766723669564
"Asexual iRBC (I)",8.49777,5.58584306637311
"Asexual iRBC (I)",8.49777,0.00442053757388659
"Asexual iRBC (I)",8.49777,0.00445487569003057
"Asexual iRBC (I)",8.49777,0.00439888968432797
"Asexual iRBC (I)",8.49777,5.19732353355786
"Asexual iRBC (I)",8.49777,0.0128812885092585
"Asexual iRBC (I)",8.49777,1.49992495820803e-53
"Asexual iRBC (I)",8.49777,0.00502588401870099
"Asexual iRBC (I)",8.49777,3.02016910596374e-09
"Asexual iRBC (I)",8.49777,0.913037362593559
"Asexual iRBC (I)",8.49777,0.0678647808682888
"Asexual iRBC (I)",8.49777,7.12210991152203
"Asexual iRBC (I)",8.49777,0.005096726776083
"Asexual iRBC (I)",8.49777,0.16793046607254
"Asexual iRBC (I)",8.49777,2.63439256989352
"Asexual iRBC (I)",8.49777,3.72096337244295e-05
"Asexual iRBC (I)",8.49777,7.37664232367747e-11
"Asexual iRBC (I)",8.49777,3.29537400423908
"Asexual iRBC (I)",8.49777,3.62516944571175
"Asexual iRBC (I)",8.49777,0.00451695596010205
"Asexual iRBC (I)",8.49777,9.64196356205883e-07
"Asexual iRBC (I)",8.49777,5.59706198191625
"Asexual iRBC (I)",8.49777,3.30950859187176
"Asexual iRBC (I)",8.49777,6.88794049004044
"Asexual iRBC (I)",8.49777,0.0123496502606283
"Asexual iRBC (I)",8.49777,8.30262920626478e-21
"Asexual iRBC (I)",8.49777,0.00441963499302889
"Asexual iRBC (I)",8.49777,0.0576642663509472
"Asexual iRBC (I)",8.49777,0.0151252025884834
"Asexual iRBC (I)",8.49777,5.19463868338423
"Asexual iRBC (I)",8.49777,0.000105345726483386
"Asexual iRBC (I)",8.49777,0.304132192079633
"Asexual iRBC (I)",8.49777,2.88596244080112
"Asexual iRBC (I)",8.49777,6.90636963337383e-21
"Asexual iRBC (I)",8.49777,0.004403362269557
"Asexual iRBC (I)",8.49777,2.52857073431524e-05
"Asexual iRBC (I)",8.49777,0.00450926940266333
"Asexual iRBC (I)",8.49777,0.000586184235173543
"Asexual iRBC (I)",8.49777,6.078588083245
"Asexual iRBC (I)",8.49777,0.00502986922766351
"Asexual iRBC (I)",8.49777,5.40711370394877
"Asexual iRBC (I)",8.49777,0.0043975764300268
"Asexual iRBC (I)",8.49777,2.08843881116298e-18
"Asexual iRBC (I)",8.49777,7.05661556982261
"Asexual iRBC (I)",8.49777,2.0200300301053
"Asexual iRBC (I)",8.49777,4.20994205612799e-07
"Asexual iRBC (I)",8.49777,0.709180072836441
"Asexual iRBC (I)",8.49777,0.00439965680855105
"Asexual iRBC (I)",8.49777,3.77572378556425
"Asexual iRBC (I)",8.49777,0.00492893952578491
"Asexual iRBC (I)",8.49777,0.00445452350335301
"Asexual iRBC (I)",8.49777,3.14274447636084
"Asexual iRBC (I)",8.49777,0.0573128521672415
"Asexual iRBC (I)",8.49777,0.00457635264410163
"Asexual iRBC (I)",8.49777,0.00439785129840741
"Asexual iRBC (I)",8.49777,0.314323294807042
"Asexual iRBC (I)",8.49777,5.50723539887397e-95
"Asexual iRBC (I)",8.49777,0.00472210920249845
"Asexual iRBC (I)",8.49777,0.139271686324116
"Asexual iRBC (I)",8.49777,1.0867374398592
"Asexual iRBC (I)",8.49777,9.72128076730166e-89
"Asexual iRBC (I)",8.49777,2.500996788387
"Asexual iRBC (I)",8.49777,4.3832350208771e-97
"Asexual iRBC (I)",8.49777,3.72998574678697
"Asexual iRBC (I)",8.49777,6.75891769154776
"Asexual iRBC (I)",8.49777,0.00470881465654778
"Asexual iRBC (I)",8.49777,1.35871419598897
"Asexual iRBC (I)",8.49777,8.54313960624779e-13
"Asexual iRBC (I)",8.49777,0.267159690999446
"Asexual iRBC (I)",8.49777,0.0158777355422943
"Asexual iRBC (I)",8.49777,0.56149500619796
"Asexual iRBC (I)",8.49777,0.00439700161232637
"Asexual iRBC (I)",8.49777,0.00730779849229735
"Asexual iRBC (I)",8.49777,6.78068855446816e-76
"Asexual iRBC (I)",8.49777,7.75098190044389
"Asexual iRBC (I)",8.49777,0.0043977765280935
"Asexual iRBC (I)",8.49777,0.172532402989641
"Asexual iRBC (I)",8.49777,5.26037594781632
"Asexual iRBC (I)",8.49777,0.00441129710699743
"Asexual iRBC (I)",8.49777,0.00439935188233387
"Asexual iRBC (I)",8.49777,0.00441233376726322
"Asexual iRBC (I)",8.49777,5.14836913808957
"Asexual iRBC (I)",8.49777,0.00487986071398411
"Asexual iRBC (I)",8.49777,0.00499392430383677
"Asexual iRBC (I)",8.49777,1.11183551366367
"Asexual iRBC (I)",8.49777,6.2083326608289e-16
"Asexual iRBC (I)",8.49777,0.00847977751202543
"Asexual iRBC (I)",8.49777,0.0263177804226325
"Asexual iRBC (I)",8.49777,0.0044569274594847
"Asexual iRBC (I)",8.49777,0.00441885359289063
"Asexual iRBC (I)",8.49777,0.257671805395178
"Asexual iRBC (I)",8.49777,0.00732213258261327
"Asexual iRBC (I)",8.49777,4.11450319235398
"Asexual iRBC (I)",8.49777,0.00677525599762017
"Asexual iRBC (I)",8.49777,0.00466812503792102
"Asexual iRBC (I)",8.49777,0.00439484296045452
"Asexual iRBC (I)",8.49777,0.00440413107706239
"Asexual iRBC (I)",8.49777,1.22807193005392e-09
"Asexual iRBC (I)",8.49777,5.29055395430829
"Asexual iRBC (I)",8.49777,5.64427881409271
"Asexual iRBC (I)",8.49777,1.97534135128883
"Asexual iRBC (I)",8.49777,4.83248982538051
"Asexual iRBC (I)",8.49777,2.14606277869373
"Asexual iRBC (I)",8.49777,5.28473723579835
"Asexual iRBC (I)",8.49777,0.056646226780051
"Asexual iRBC (I)",8.49777,5.22534962698177e-68
"Asexual iRBC (I)",8.49777,0.00439690434562485
"Asexual iRBC (I)",8.49777,4.96831343787165e-12
"Asexual iRBC (I)",8.49777,3.04578852184673e-10
"Asexual iRBC (I)",8.49777,0.00786680353796785
"Asexual iRBC (I)",8.49777,3.96088461170493
"Asexual iRBC (I)",8.49777,0.00671079467315478
"Asexual iRBC (I)",8.49777,0.00441339153214001
"Asexual iRBC (I)",8.49777,0.456817717186094
"Asexual iRBC (I)",8.49777,0.00451195141708075
"Asexual iRBC (I)",8.49777,4.05773317161647e-65
"Asexual iRBC (I)",8.49777,0.90985539908343
"Asexual iRBC (I)",8.49777,6.80374021235636
"Asexual iRBC (I)",8.49777,0.00455596482709122
"Asexual iRBC (I)",8.49777,0.00453733629259619
"Asexual iRBC (I)",8.49777,6.83611585529359
"Asexual iRBC (I)",8.49777,1.83255568476527
"Asexual iRBC (I)",8.49777,0.199435287321581
"Asexual iRBC (I)",8.49777,0.0842254852273541
"Asexual iRBC (I)",8.49777,0.00439913643374532
"Asexual iRBC (I)",8.49777,0.0045120823194589
"Asexual iRBC (I)",8.49777,3.62501598144461
"Asexual iRBC (I)",8.49777,0.00458198677396072
"Asexual iRBC (I)",8.49777,3.45180449032945
"Asexual iRBC (I)",8.49777,2.19493781655438
"Asexual iRBC (I)",8.49777,0.901645140631438
"Asexual iRBC (I)",8.49777,5.71334993772517
"Asexual iRBC (I)",8.49777,0.00442220774006587
"Asexual iRBC (I)",8.49777,3.75056967951993
"Asexual iRBC (I)",8.49777,0.000250509935507478
"Asexual iRBC (I)",8.49777,4.56581755372061
"Asexual iRBC (I)",8.49777,4.44135374513061e-05
"Asexual iRBC (I)",8.49777,0.00549097841472938
"Asexual iRBC (I)",8.49777,3.43396853295171
"Asexual iRBC (I)",8.49777,0.00630981344964623
"Asexual iRBC (I)",8.49777,3.56232595178677
"Asexual iRBC (I)",8.49777,9.87494167810206e-14
"Asexual iRBC (I)",8.49777,4.29936505825643
"Asexual iRBC (I)",8.49777,0.00499400930383421
"Asexual iRBC (I)",8.49777,6.5800448845434
"Asexual iRBC (I)",8.49777,4.79078454484564
"Asexual iRBC (I)",8.49777,0.640617594077991
"Asexual iRBC (I)",8.49777,1.22935068521912e-19
"Asexual iRBC (I)",8.49777,2.07194530544977
"Asexual iRBC (I)",8.49777,0.00646872300752232
"Asexual iRBC (I)",8.49777,0.393255011865838
"Total iRBC log (Total I log)",9.573291,0.42390213437854
"Total iRBC log (Total I log)",9.573291,8.1686852707851e-28
"Total iRBC log (Total I log)",9.573291,1.44442619856532e-21
"Total iRBC log (Total I log)",9.573291,0.00439204308992734
"Total iRBC log (Total I log)",9.573291,0.0043920432153303
"Total iRBC log (Total I log)",9.573291,3.02398756340273e-80
"Total iRBC log (Total I log)",9.573291,8.97036906115647e-25
"Total iRBC log (Total I log)",9.573291,1.28132889840806
"Total iRBC log (Total I log)",9.573291,0.00439204306607533
"Total iRBC log (Total I log)",9.573291,6.62322475767652e-23
"Total iRBC log (Total I log)",9.573291,0.00439204311824972
"Total iRBC log (Total I log)",9.573291,0.00439204321719486
"Total iRBC log (Total I log)",9.573291,0.00439204322293669
"Total iRBC log (Total I log)",9.573291,0.0282106295517066
"Total iRBC log (Total I log)",9.573291,0.881904015972947
"Total iRBC log (Total I log)",9.573291,0.00439204320911177
"Total iRBC log (Total I log)",9.573291,1.73643151807605
"Total iRBC log (Total I log)",9.573291,0.0043920428564065
"Total iRBC log (Total I log)",9.573291,1.4339051173885
"Total iRBC log (Total I log)",9.573291,0.00439204316572166
"Total iRBC log (Total I log)",9.573291,0.00439204319996658
"Total iRBC log (Total I log)",9.573291,0.00439204290913649
"Total iRBC log (Total I log)",9.573291,0.339782194348819
"Total iRBC log (Total I log)",9.573291,7.79176985777405e-24
"Total iRBC log (Total I log)",9.573291,0.00439204305986696
"Total iRBC log (Total I log)",9.573291,0.00439204314089067
"Total iRBC log (Total I log)",9.573291,1.28512170317735e-21
"Total iRBC log (Total I log)",9.573291,0.817873572752224
"Total iRBC log (Total I log)",9.573291,1.52039413492265
"Total iRBC log (Total I log)",9.573291,0.00439204485176512
"Total iRBC log (Total I log)",9.573291,1.66131266973128
"Total iRBC log (Total I log)",9.573291,0.00439204321266058
"Total iRBC log (Total I log)",9.573291,0.555422422277081
"Total iRBC log (Total I log)",9.573291,0.00439204321264735
"Total iRBC log (Total I log)",9.573291,0.51430881576744
"Total iRBC log (Total I log)",9.573291,1.64827473089114
"Total iRBC log (Total I log)",9.573291,3.70314142473793e-71
"Total iRBC log (Total I log)",9.573291,1.05700754009147e-21
"Total iRBC log (Total I log)",9.573291,0.0043920432792953
"Total iRBC log (Total I log)",9.573291,0.0043920432351708
"Total iRBC log (Total I log)",9.573291,0.00439204296469351
"Total iRBC log (Total I log)",9.573291,7.90310457354758e-23
"Total iRBC log (Total I log)",9.573291,1.29222198938785e-23
"Total iRBC log (Total I log)",9.573291,0.00439204275317167
"Total iRBC log (Total I log)",9.573291,1.40717193188736
"Total iRBC log (Total I log)",9.573291,0.00439204332696573
"Total iRBC log (Total I log)",9.573291,1.14627592803752e-22
"Total iRBC log (Total I log)",9.573291,1.36986622957782e-21
"Total iRBC log (Total I log)",9.573291,0.00439204326799747
"Total iRBC log (Total I log)",9.573291,0.00439204324147881
"Total iRBC log (Total I log)",9.573291,0.00439204289397287
"Total iRBC log (Total I log)",9.573291,0.00439204322344986
"Total iRBC log (Total I log)",9.573291,0.69995384957727
"Total iRBC log (Total I log)",9.573291,0.00439204308595343
"Total iRBC log (Total I log)",9.573291,0.00439204313715077
"Total iRBC log (Total I log)",9.573291,1.69938226462297
"Total iRBC log (Total I log)",9.573291,0.965365836085437
"Total iRBC log (Total I log)",9.573291,0.00439204295080712
"Total iRBC log (Total I log)",9.573291,3.89306457574745e-24
"Total iRBC log (Total I log)",9.573291,0.0043920428889263
"Total iRBC log (Total I log)",9.573291,1.7052127664642
"Total iRBC log (Total I log)",9.573291,1.61335874674915
"Total iRBC log (Total I log)",9.573291,0.00439204321264455
"Total iRBC log (Total I log)",9.573291,0.00439204325545897
"Total iRBC log (Total I log)",9.573291,0.00439204298430147
"Total iRBC log (Total I log)",9.573291,0.0010495123484249
"Total iRBC log (Total I log)",9.573291,1.45407661810589e-21
"Total iRBC log (Total I log)",9.573291,0.00439204329871956
"Total iRBC log (Total I log)",9.573291,1.74280638441167
"Total iRBC log (Total I log)",9.573291,0.00439204321266058
"Total iRBC log (Total I log)",9.573291,1.93646425957928e-32
"Total iRBC log (Total I log)",9.573291,1.86553638749394e-23
"Total iRBC log (Total I log)",9.573291,1.78033293657039
"Total iRBC log (Total I log)",9.573291,0.00439204315542332
"Total iRBC log (Total I log)",9.573291,1.69479482934864
"Total iRBC log (Total I log)",9.573291,2.50776015171258e-22
"Total iRBC log (Total I log)",9.573291,9.5363591729402e-22
"Total iRBC log (Total I log)",9.573291,1.02431089670094e-22
"Total iRBC log (Total I log)",9.573291,1.33022467754064
"Total iRBC log (Total I log)",9.573291,0.00439204298690566
"Total iRBC log (Total I log)",9.573291,1.29423375604635
"Total iRBC log (Total I log)",9.573291,1.87826049868984
"Total iRBC log (Total I log)",9.573291,2.19274026991686e-22
"Total iRBC log (Total I log)",9.573291,0.00439204321266056
"Total iRBC log (Total I log)",9.573291,0.00439204321266053
"Total iRBC log (Total I log)",9.573291,0.00439204322733784
"Total iRBC log (Total I log)",9.573291,1.54810593361333
"Total iRBC log (Total I log)",9.573291,1.43979086895526e-21
"Total iRBC log (Total I log)",9.573291,0.0043920433190254
"Total iRBC log (Total I log)",9.573291,1.68350888365806e-28
"Total iRBC log (Total I log)",9.573291,0.0278240290664787
"Total iRBC log (Total I log)",9.573291,0.959314316979356
"Total iRBC log (Total I log)",9.573291,0.00439204322789033
"Total iRBC log (Total I log)",9.573291,0.0043920431477244
"Total iRBC log (Total I log)",9.573291,1.08257068476894
"Total iRBC log (Total I log)",9.573291,1.1147525633089e-51
"Total iRBC log (Total I log)",9.573291,0.00439204322807808
"Total iRBC log (Total I log)",9.573291,0.00439204310450023
"Total iRBC log (Total I log)",9.573291,0.00439204313306057
"Total iRBC log (Total I log)",9.573291,0.00439204329199433
"Total iRBC log (Total I log)",9.573291,0.00439204326345739
"Total iRBC log (Total I log)",9.573291,1.28121801353977e-22
"Total iRBC log (Total I log)",9.573291,0.00439204321266057
"Total iRBC log (Total I log)",9.573291,1.54504810290049
"Total iRBC log (Total I log)",9.573291,0.0043920429617682
"Total iRBC log (Total I log)",9.573291,1.35043997066138e-81
"Total iRBC log (Total I log)",9.573291,0.00439204295435894
"Total iRBC log (Total I log)",9.573291,1.10063506311431e-21
"Total iRBC log (Total I log)",9.573291,0.00439204290962983
"Total iRBC log (Total I log)",9.573291,0.00439204306275969
"Total iRBC log (Total I log)",9.573291,0.0139411140473942
"Total iRBC log (Total I log)",9.573291,0.00439204325054145
"Total iRBC log (Total I log)",9.573291,1.36029379900261
"Total iRBC log (Total I log)",9.573291,7.07073699448932e-08
"Total iRBC log (Total I log)",9.573291,5.94889415897946e-45
"Total iRBC log (Total I log)",9.573291,1.80866109946838e-26
"Total iRBC log (Total I log)",9.573291,0.0043920427965373
"Total iRBC log (Total I log)",9.573291,0.00439204319565248
"Total iRBC log (Total I log)",9.573291,0.00439204317508713
"Total iRBC log (Total I log)",9.573291,0.00439204321175719
"Total iRBC log (Total I log)",9.573291,1.72510943863943
"Total iRBC log (Total I log)",9.573291,0.004392043076312
"Total iRBC log (Total I log)",9.573291,0.00439204298366796
"Total iRBC log (Total I log)",9.573291,1.45380873344101e-21
"Total iRBC log (Total I log)",9.573291,0.00439204321868321
"Total iRBC log (Total I log)",9.573291,5.92393984526216e-21
"Total iRBC log (Total I log)",9.573291,1.68209509090694
"Total iRBC log (Total I log)",9.573291,1.10316662727318e-76
"Total iRBC log (Total I log)",9.573291,0.0043920431843204
"Total iRBC log (Total I log)",9.573291,0.0043920431459521
"Total iRBC log (Total I log)",9.573291,1.27719763962263e-80
"Total iRBC log (Total I log)",9.573291,0.00439204297342723
"Total iRBC log (Total I log)",9.573291,0.0485040009348055
"Total iRBC log (Total I log)",9.573291,1.04829564560967e-21
"Total iRBC log (Total I log)",9.573291,1.68022411024069
"Total iRBC log (Total I log)",9.573291,0.00439204307468785
"Total iRBC log (Total I log)",9.573291,1.73613204646104
"Total iRBC log (Total I log)",9.573291,0.00439204309061505
"Total iRBC log (Total I log)",9.573291,0.00439204323272993
"Total iRBC log (Total I log)",9.573291,0.00700630851208112
"Total iRBC log (Total I log)",9.573291,0.00439204309555106
"Total iRBC log (Total I log)",9.573291,0.00439204313998355
"Total iRBC log (Total I log)",9.573291,0.00478667784943988
"Total iRBC log (Total I log)",9.573291,9.36590054063785e-31
"Total iRBC log (Total I log)",9.573291,0.00439204289498784
"Total iRBC log (Total I log)",9.573291,0.00439204326032399
"Total iRBC log (Total I log)",9.573291,0.193893565906225
"Total iRBC log (Total I log)",9.573291,0.00439204322565783
"Total iRBC log (Total I log)",9.573291,0.00439204310706728
"Total iRBC log (Total I log)",9.573291,4.63207754574159e-24
"Total iRBC log (Total I log)",9.573291,0.00439204322929902
"Total iRBC log (Total I log)",9.573291,1.24810533196467e-19
"Total iRBC log (Total I log)",9.573291,0.0043920432126591
"Total iRBC log (Total I log)",9.573291,4.14511149658807e-23
"Total iRBC log (Total I log)",9.573291,0.244434809277126
"Total iRBC log (Total I log)",9.573291,0.00439204321264697
"Total iRBC log (Total I log)",9.573291,6.62765354732045e-42
"Total iRBC log (Total I log)",9.573291,0.00439204308645483
"Total iRBC log (Total I log)",9.573291,1.68445563679246
"Total iRBC log (Total I log)",9.573291,0.00439204315606493
"Total iRBC log (Total I log)",9.573291,0.242825977359208
"Total iRBC log (Total I log)",9.573291,0.0043920431754403
"Total iRBC log (Total I log)",9.573291,0.00439204323016896
"Total iRBC log (Total I log)",9.573291,0.00439204321264946
"Total iRBC log (Total I log)",9.573291,0.00439204322680211
"Total iRBC log (Total I log)",9.573291,0.00439205480974842
"Total iRBC log (Total I log)",9.573291,1.45437967673602e-21
"Total iRBC log (Total I log)",9.573291,8.54305224287647e-82
"Total iRBC log (Total I log)",9.573291,0.00439204331201076
"Total iRBC log (Total I log)",9.573291,1.21279903861112
"Total iRBC log (Total I log)",9.573291,1.51822047043053
"Total iRBC log (Total I log)",9.573291,0.00439203999798277
"Total iRBC log (Total I log)",9.573291,0.00439204305862001
"Total iRBC log (Total I log)",9.573291,0.0504913512613738
"Total iRBC log (Total I log)",9.573291,1.34788748870348e-21
"Total iRBC log (Total I log)",9.573291,0.0700424483521894
"Total iRBC log (Total I log)",9.573291,0.00439204311181836
"Total iRBC log (Total I log)",9.573291,0.00439204304758886
"Total iRBC log (Total I log)",9.573291,0.00439204309452143
"Total iRBC log (Total I log)",9.573291,0.00439204321661732
"Total iRBC log (Total I log)",9.573291,1.41647858151565e-21
"Total iRBC log (Total I log)",9.573291,1.69709669553404
"Total iRBC log (Total I log)",9.573291,0.0100025086134227
"Total iRBC log (Total I log)",9.573291,0.00439204310804649
"Total iRBC log (Total I log)",9.573291,3.86774973295438e-22
"Total iRBC log (Total I log)",9.573291,1.73616861334264
"Total iRBC log (Total I log)",9.573291,0.611697710463351
"Total iRBC log (Total I log)",9.573291,0.00439204308688134
"Total iRBC log (Total I log)",9.573291,0.00439204321462466
"Total iRBC log (Total I log)",9.573291,0.00439204290261032
"Total iRBC log (Total I log)",9.573291,0.00330192053422109
"Total iRBC log (Total I log)",9.573291,1.63850801455743e-22
"Total iRBC log (Total I log)",9.573291,0.00439215821044865
"Total iRBC log (Total I log)",9.573291,3.63390109383009e-30
"Total iRBC log (Total I log)",9.573291,0.85520345283313
"Total iRBC log (Total I log)",9.573291,8.9344469028208e-25
"Total iRBC log (Total I log)",9.573291,0.00439204321266058
"Total iRBC log (Total I log)",9.573291,0.00439204322376747
"Total iRBC log (Total I log)",9.573291,0.00439204322700935
"Total iRBC log (Total I log)",9.573291,1.41888305752371e-21
"Total iRBC log (Total I log)",9.573291,4.88810416986344e-24
"Total iRBC log (Total I log)",9.573291,2.6167062315323e-116
"Total iRBC log (Total I log)",9.573291,0.00439204328916465
"Total iRBC log (Total I log)",9.573291,0.00439204326831451
"Total iRBC log (Total I log)",9.573291,0.00439204321266052
"Total iRBC log (Total I log)",9.573291,0.00439204287467159
"Total iRBC log (Total I log)",9.573291,1.37379985519906e-21
"Total iRBC log (Total I log)",9.573291,0.00439204320136376
"Total iRBC log (Total I log)",9.573291,0.00439204321810413
"Total iRBC log (Total I log)",9.573291,1.73590181304484
"Total iRBC log (Total I log)",9.573291,0.00439204321265932
"Total iRBC log (Total I log)",9.573291,1.6694694223943
"Total iRBC log (Total I log)",9.573291,0.00439204317106923
"Total iRBC log (Total I log)",9.573291,3.63618400483172e-25
"Total iRBC log (Total I log)",9.573291,0.00439204312519806
"Total iRBC log (Total I log)",9.573291,0.00439204312401868
"Total iRBC log (Total I log)",9.573291,1.42512458689916e-21
"Total iRBC log (Total I log)",9.573291,0.00439204311528991
"Total iRBC log (Total I log)",9.573291,0.00439204321266058
"Total iRBC log (Total I log)",9.573291,0.00439204313983536
"Total iRBC log (Total I log)",9.573291,1.24868931302645e-21
"Total iRBC log (Total I log)",9.573291,1.17935286326691e-21
"Total iRBC log (Total I log)",9.573291,0.979387248644185
"Total iRBC log (Total I log)",9.573291,1.7756675246674
"Total iRBC log (Total I log)",9.573291,1.63041474864568
"Total iRBC log (Total I log)",9.573291,6.9566557687443e-22
"Total iRBC log (Total I log)",9.573291,9.16707051811613e-27
"Total iRBC log (Total I log)",9.573291,1.6704876653387
"Total iRBC log (Total I log)",9.573291,0.00439204321977036
"Total iRBC log (Total I log)",9.573291,8.39187263104714e-110
"Total iRBC log (Total I log)",9.573291,0.00439204284958465
"Total iRBC log (Total I log)",9.573291,0.00439204323278183
"Total iRBC log (Total I log)",9.573291,0.00439204314620715
"Total iRBC log (Total I log)",9.573291,4.69096032978145e-22
"Total iRBC log (Total I log)",9.573291,0.231783645825178
"Total iRBC log (Total I log)",9.573291,4.07989319619785e-25
"Total iRBC log (Total I log)",9.573291,1.69628173626612
"Total iRBC log (Total I log)",9.573291,2.25753598854782e-49
"Total iRBC log (Total I log)",9.573291,1.17153380441085
"Total iRBC log (Total I log)",9.573291,0.00439204328379262
"Total iRBC log (Total I log)",9.573291,0.00439204328936389
"Total iRBC log (Total I log)",9.573291,1.44240126002107e-21
"Total iRBC log (Total I log)",9.573291,0.00439204322606304
"Total iRBC log (Total I log)",9.573291,1.0126308515188
"Total iRBC log (Total I log)",9.573291,0.708772478437945
"Total iRBC log (Total I log)",9.573291,1.40777407993037e-21
"Total iRBC log (Total I log)",9.573291,0.00439204321514986
"Total iRBC log (Total I log)",9.573291,0.0229550172845505
"Total iRBC log (Total I log)",9.573291,0.00439204288645082
"Total iRBC log (Total I log)",9.573291,0.00439204321266055
"Total iRBC log (Total I log)",9.573291,1.44361759116099e-21
"Total iRBC log (Total I log)",9.573291,1.36798271295626e-21
"Total iRBC log (Total I log)",9.573291,2.49348701188596e-41
"Total iRBC log (Total I log)",9.573291,0.0636629156128786
"Total iRBC log (Total I log)",9.573291,0.00125506250774376
"Total iRBC log (Total I log)",9.573291,1.70410258141719
"Total iRBC log (Total I log)",9.573291,0.00439204314823478
"Total iRBC log (Total I log)",9.573291,1.28185445070637e-21
"Total iRBC log (Total I log)",9.573291,0.00118388234327477
"Total iRBC log (Total I log)",9.573291,0.00439204324640146
"Total iRBC log (Total I log)",9.573291,0.0871992172266614
"Total iRBC log (Total I log)",9.573291,0.234918793526133
"Total iRBC log (Total I log)",9.573291,1.69242719323877
"Total iRBC log (Total I log)",9.573291,0.00439204321987164
"Total iRBC log (Total I log)",9.573291,5.01865001791792e-54
"Total iRBC log (Total I log)",9.573291,0.00440072385286374
"Total iRBC log (Total I log)",9.573291,0.00439204311547906
"Total iRBC log (Total I log)",9.573291,1.3474147675673
"Total iRBC log (Total I log)",9.573291,0.00439204307330354
"Total iRBC log (Total I log)",9.573291,0.00439204310392522
"Total iRBC log (Total I log)",9.573291,0.00439204309333896
"Total iRBC log (Total I log)",9.573291,1.63308173864072
"Total iRBC log (Total I log)",9.573291,0.00439204311559768
"Total iRBC log (Total I log)",9.573291,0.079271352296938
"Total iRBC log (Total I log)",9.573291,0.833091261980256
"Total iRBC log (Total I log)",9.573291,0.00439204320806558
"Total iRBC log (Total I log)",9.573291,0.00439204323366901
"Total iRBC log (Total I log)",9.573291,0.995446890897095
"Total iRBC log (Total I log)",9.573291,0.00439204320340092
"Total iRBC log (Total I log)",9.573291,0.0043920432144876
"Total iRBC log (Total I log)",9.573291,1.4250682995903
"Total iRBC log (Total I log)",9.573291,0.00360226278666428
"Total iRBC log (Total I log)",9.573291,0.00439204325786719
"Total iRBC log (Total I log)",9.573291,1.4328145743692e-21
"Total iRBC log (Total I log)",9.573291,1.74156165435692
"Total iRBC log (Total I log)",9.573291,7.45227315974825e-49
"Total iRBC log (Total I log)",9.573291,1.62872559609223
"Total iRBC log (Total I log)",9.573291,0.0043920430244755
"Total iRBC log (Total I log)",9.573291,1.32021477442977
"Total iRBC log (Total I log)",9.573291,1.78886190560176
"Total iRBC log (Total I log)",9.573291,6.72037949631995e-24
"Total iRBC log (Total I log)",9.573291,0.547085925938233
"Total iRBC log (Total I log)",9.573291,1.41205463858475e-21
"Total iRBC log (Total I log)",9.573291,0.00439204308498746
"Total iRBC log (Total I log)",9.573291,9.60257024338687e-19
"Total iRBC log (Total I log)",9.573291,0.00439204309135284
"Total iRBC log (Total I log)",9.573291,0.00439204288567455
"Total iRBC log (Total I log)",9.573291,0.00439204343933041
"Total iRBC log (Total I log)",9.573291,0.719446388012447
"Total iRBC log (Total I log)",9.573291,0.00439204308822045
"Total iRBC log (Total I log)",9.573291,0.0043920624588821
"Total iRBC log (Total I log)",9.573291,9.1467972178113e-22
"Total iRBC log (Total I log)",9.573291,0.00439204308494221
"Total iRBC log (Total I log)",9.573291,0.371178418103283
"Total iRBC log (Total I log)",9.573291,0.00439204322270769
"Total iRBC log (Total I log)",9.573291,0.409968175808291
"Total iRBC log (Total I log)",9.573291,1.34423721448446e-21
"Total iRBC log (Total I log)",9.573291,7.89524545232827e-61
"Total iRBC log (Total I log)",9.573291,0.0043920431486616
"Total iRBC log (Total I log)",9.573291,2.01787153403874e-28
"Total iRBC log (Total I log)",9.573291,2.2992331440633e-22
"Total iRBC log (Total I log)",9.573291,8.84592137003422e-22
"Total iRBC log (Total I log)",9.573291,8.50382912233906e-34
"Total iRBC log (Total I log)",9.573291,1.07099615701218e-21
"Total iRBC log (Total I log)",9.573291,1.67941089240617e-31
"Total iRBC log (Total I log)",9.573291,2.95688001949258e-35
"Total iRBC log (Total I log)",9.573291,2.97533564720268e-26
"Total iRBC log (Total I log)",9.573291,1.73036053966103
"Total iRBC log (Total I log)",9.573291,0.00439204321814982
"Total iRBC log (Total I log)",9.573291,0.00439453592274449
"Total iRBC log (Total I log)",9.573291,0.00439204321601747
"Total iRBC log (Total I log)",9.573291,1.45090265671423e-21
"Total iRBC log (Total I log)",9.573291,0.00439204326272804
"Total iRBC log (Total I log)",9.573291,0.00581006082087116
"Total iRBC log (Total I log)",9.573291,0.0043917801115193
"Total iRBC log (Total I log)",9.573291,0.00439204337536928
"Total iRBC log (Total I log)",9.573291,0.00439204321365381
"Total iRBC log (Total I log)",9.573291,0.00439204310427525
"Total iRBC log (Total I log)",9.573291,0.00439204332216262
"Total iRBC log (Total I log)",9.573291,0.312989736612161
"Total iRBC log (Total I log)",9.573291,3.62862772966518e-23
"Total iRBC log (Total I log)",9.573291,1.5327097616376
"Total iRBC log (Total I log)",9.573291,0.00439204364712104
"Total iRBC log (Total I log)",9.573291,0.00439204323013698
"Total iRBC log (Total I log)",9.573291,0.00449003376783883
"Total iRBC log (Total I log)",9.573291,1.26447008341822e-22
"Total iRBC log (Total I log)",9.573291,0.933038259138545
"Total iRBC log (Total I log)",9.573291,0.113047162408054
"Total iRBC log (Total I log)",9.573291,0.00439204321266058
"Total iRBC log (Total I log)",9.573291,0.00439204296832066
"Total iRBC log (Total I log)",9.573291,1.68983438581982
"Total iRBC log (Total I log)",9.573291,0.00439204326717943
"Total iRBC log (Total I log)",9.573291,1.52541644293505
"Total iRBC log (Total I log)",9.573291,1.39073476123396
"Total iRBC log (Total I log)",9.573291,1.96847735331769
"Total iRBC log (Total I log)",9.573291,0.0086205065603197
"Total iRBC log (Total I log)",9.573291,3.32756464361461e-49
"Total iRBC log (Total I log)",9.573291,1.41869406737579
"Total iRBC log (Total I log)",9.573291,1.71398054901148
"Total iRBC log (Total I log)",9.573291,2.77654625818065e-58
"Total iRBC log (Total I log)",9.573291,1.29722308306189
"Total iRBC log (Total I log)",9.573291,0.00439204323053638
"Total iRBC log (Total I log)",9.573291,1.70622185887566
"Total iRBC log (Total I log)",9.573291,1.18655262205298e-21
"Total iRBC log (Total I log)",9.573291,2.47572200574138e-23
"Total iRBC log (Total I log)",9.573291,0.00439204321264438
"Total iRBC log (Total I log)",9.573291,8.82799919118116e-22
"Total iRBC log (Total I log)",9.573291,0.0043920432809081
"Total iRBC log (Total I log)",9.573291,1.70085665145372
"Total iRBC log (Total I log)",9.573291,0.00439204321266053
"Total iRBC log (Total I log)",9.573291,0.00439204308487507
"Total iRBC log (Total I log)",9.573291,0.00464966092037161
"Total iRBC log (Total I log)",9.573291,1.69219287923554
"Total iRBC log (Total I log)",9.573291,4.26661775457224e-27
"Total iRBC log (Total I log)",9.573291,1.79371397152784
"Total iRBC log (Total I log)",9.573291,0.151796789395121
"Total iRBC log (Total I log)",9.573291,7.69991260758915e-112
"Total iRBC log (Total I log)",9.573291,1.77199193485642
"Total iRBC log (Total I log)",9.573291,0.00439204321934303
"Total iRBC log (Total I log)",9.573291,1.32081521127554
"Total iRBC log (Total I log)",9.573291,1.64528101368735
"Total iRBC log (Total I log)",9.573291,1.63260107731794e-22
"Total iRBC log (Total I log)",9.573291,4.2045009767916e-24
"Total iRBC log (Total I log)",9.573291,0.00439204321326634
"Total iRBC log (Total I log)",9.573291,0.00439204321266055
"Total iRBC log (Total I log)",9.573291,1.77707871558994
"Total iRBC log (Total I log)",9.573291,0.00451063562173072
"Total iRBC log (Total I log)",9.573291,1.60623484883714
"Total iRBC log (Total I log)",9.573291,0.00439204322087298
"Total iRBC log (Total I log)",9.573291,0.00439204321266056
"Total iRBC log (Total I log)",9.573291,0.00439204321787914
"Total iRBC log (Total I log)",9.573291,0.00439204322600199
"Total iRBC log (Total I log)",9.573291,8.34330691125125e-22
"Total iRBC log (Total I log)",9.573291,1.6697557767524
"Total iRBC log (Total I log)",9.573291,0.00439204321266058
"Total iRBC log (Total I log)",9.573291,0.00439204319910398
"Total iRBC log (Total I log)",9.573291,1.58048022388453
"Total iRBC log (Total I log)",9.573291,1.684931825226
"Total iRBC log (Total I log)",9.573291,0.00439204289038931
"Total iRBC log (Total I log)",9.573291,1.78345211219012
"Total iRBC log (Total I log)",9.573291,1.40776709683302e-21
"Total iRBC log (Total I log)",9.573291,0.439241994337141
"Total iRBC log (Total I log)",9.573291,0.00439204313117074
"Total iRBC log (Total I log)",9.573291,1.72643389472105
"Total iRBC log (Total I log)",9.573291,0.924368767664281
"Total iRBC log (Total I log)",9.573291,1.31871832614128
"Total iRBC log (Total I log)",9.573291,0.00439204321266058
"Total iRBC log (Total I log)",9.573291,0.0043920432196982
"Total iRBC log (Total I log)",9.573291,1.78819106152941
"Total iRBC log (Total I log)",9.573291,0.0437764562588388
"Total iRBC log (Total I log)",9.573291,0.00439204326681443
"Total iRBC log (Total I log)",9.573291,0.0043920431262976
"Total iRBC log (Total I log)",9.573291,0.00439204324422771
"Total iRBC log (Total I log)",9.573291,6.25054039742812e-48
"Total iRBC log (Total I log)",9.573291,0.00439204333292818
"Total iRBC log (Total I log)",9.573291,0.036458410502689
"Total iRBC log (Total I log)",9.573291,0.00439204317048022
"Total iRBC log (Total I log)",9.573291,1.30441932858111
"Total iRBC log (Total I log)",9.573291,8.13881776616453e-22
"Total iRBC log (Total I log)",9.573291,0.0402644945462188
"Total iRBC log (Total I log)",9.573291,1.3719303184577
"Total iRBC log (Total I log)",9.573291,0.0043920430538277
"Total iRBC log (Total I log)",9.573291,0.00439204323960723
"Total iRBC log (Total I log)",9.573291,1.73170268200429
"Total iRBC log (Total I log)",9.573291,1.25266970457714e-21
"Total iRBC log (Total I log)",9.573291,0.00439204292236168
"Total iRBC log (Total I log)",9.573291,0.00439204325258762
"Total iRBC log (Total I log)",9.573291,0.00439204321836299
"Total iRBC log (Total I log)",9.573291,0.00439204324965513
"Total iRBC log (Total I log)",9.573291,0.00440540633212626
"Total iRBC log (Total I log)",9.573291,7.82880475647614e-95
"Total iRBC log (Total I log)",9.573291,6.06642480879131e-40
"Total iRBC log (Total I log)",9.573291,1.71550574474569
"Total iRBC log (Total I log)",9.573291,1.64999324760445
"Total iRBC log (Total I log)",9.573291,1.42725791669411
"Total iRBC log (Total I log)",9.573291,1.17834690466464e-21
"Total iRBC log (Total I log)",9.573291,0.00439204326675793
"Total iRBC log (Total I log)",9.573291,0.00439204327968741
"Total iRBC log (Total I log)",9.573291,1.63111663704332
"Total iRBC log (Total I log)",9.573291,0.0923752319744103
"Total iRBC log (Total I log)",9.573291,0.00439204312764207
"Total iRBC log (Total I log)",9.573291,1.07272695748263
"Total iRBC log (Total I log)",9.573291,0.0043920432126598
"Total iRBC log (Total I log)",9.573291,0.00439204325041867
"Total iRBC log (Total I log)",9.573291,0.00439204324818612
"Total iRBC log (Total I log)",9.573291,0.0304865130271177
"Total iRBC log (Total I log)",9.573291,3.82661335942909e-81
"Total iRBC log (Total I log)",9.573291,0.00439204321266057
"Total iRBC log (Total I log)",9.573291,1.79631844271592
"Total iRBC log (Total I log)",9.573291,0.0868297360763552
"Total iRBC log (Total I log)",9.573291,0.00439204321140312
"Total iRBC log (Total I log)",9.573291,1.43951281563792
"Total iRBC log (Total I log)",9.573291,0.00439204302309267
"Total iRBC log (Total I log)",9.573291,0.00809916257504295
"Total iRBC log (Total I log)",9.573291,5.58545236636608e-67
"Total iRBC log (Total I log)",9.573291,1.78911749057138
"Total iRBC log (Total I log)",9.573291,1.47639112408689e-25
"Total iRBC log (Total I log)",9.573291,1.71295193943347
"Total iRBC log (Total I log)",9.573291,0.00439204326346602
"Total iRBC log (Total I log)",9.573291,1.41652317471699e-21
"Total iRBC log (Total I log)",9.573291,1.81522968126783e-33
"Total iRBC log (Total I log)",9.573291,1.4375152313741
"Total iRBC log (Total I log)",9.573291,1.71892807449672
"Total iRBC log (Total I log)",9.573291,0.0558365927647483
"Total iRBC log (Total I log)",9.573291,0.00439204314349434
"Total iRBC log (Total I log)",9.573291,0.00439204323957645
"Total iRBC log (Total I log)",9.573291,0.00439204306051044
"Total iRBC log (Total I log)",9.573291,0.00439204327765525
"Total iRBC log (Total I log)",9.573291,0.0043920428881452
"Total iRBC log (Total I log)",9.573291,0.00439204318818198
"Total iRBC log (Total I log)",9.573291,0.00439204314085363
"Total iRBC log (Total I log)",9.573291,0.00439204324432827
"Total iRBC log (Total I log)",9.573291,1.44404672239803e-21
"Total iRBC log (Total I log)",9.573291,0.00439204120747999
"Total iRBC log (Total I log)",9.573291,1.5775631576062
"Total iRBC log (Total I log)",9.573291,0.00439204289529924
"Total iRBC log (Total I log)",9.573291,0.00439204310886407
"Total iRBC log (Total I log)",9.573291,0.00439204321263996
"Total iRBC log (Total I log)",9.573291,0.00441109427546867
"Total iRBC log (Total I log)",9.573291,0.00330315077530783
"Total iRBC log (Total I log)",9.573291,0.00439204320790072
"Total iRBC log (Total I log)",9.573291,6.34050649951675e-29
"Total iRBC log (Total I log)",9.573291,1.59618019989375e-37
"Total iRBC log (Total I log)",9.573291,0.0043920429152676
"Total iRBC log (Total I log)",9.573291,0.00439204321266057
"Total iRBC log (Total I log)",9.573291,0.00439204314720563
"Total iRBC log (Total I log)",9.573291,0.00439204288359949
"Total iRBC log (Total I log)",9.573291,0.00439204309770806
"Total iRBC log (Total I log)",9.573291,0.00439204321265854
"Total iRBC log (Total I log)",9.573291,0.00439202892221593
"Total iRBC log (Total I log)",9.573291,0.00439204329509227
"Total iRBC log (Total I log)",9.573291,0.394657184491537
"Total iRBC log (Total I log)",9.573291,0.950181807641839
"Total iRBC log (Total I log)",9.573291,4.07225532132395e-57
"Total iRBC log (Total I log)",9.573291,9.17158046522865e-22
"Total iRBC log (Total I log)",9.573291,0.00439204318594633
"Total iRBC log (Total I log)",9.573291,0.00439204326179467
"Total iRBC log (Total I log)",9.573291,6.0965165221072e-39
"Total iRBC log (Total I log)",9.573291,0.00440110841422813
"Total iRBC log (Total I log)",9.573291,0.00439204329790125
"Total iRBC log (Total I log)",9.573291,0.00439204308768772
"Total iRBC log (Total I log)",9.573291,0.00440812601037764
"Total iRBC log (Total I log)",9.573291,0.00439204321266055
"Total iRBC log (Total I log)",9.573291,0.00439204321266058
"Total iRBC log (Total I log)",9.573291,0.00439204295906419
"Total iRBC log (Total I log)",9.573291,1.63896618500568e-76
"Total iRBC log (Total I log)",9.573291,0.00439763230846843
"Total iRBC log (Total I log)",9.573291,0.00439204312240744
"Total iRBC log (Total I log)",9.573291,0.00439204322788138
"Total iRBC log (Total I log)",9.573291,0.00965737714306721
"Total iRBC log (Total I log)",9.573291,0.004392043145061
"Total iRBC log (Total I log)",9.573291,0.00439204325853347
"Total iRBC log (Total I log)",9.573291,0.00441022195463792
"Total iRBC log (Total I log)",9.573291,1.6458440626752
"Total iRBC log (Total I log)",9.573291,3.18894684757912e-39
"Total iRBC log (Total I log)",9.573291,1.66165014477128
"Total iRBC log (Total I log)",9.573291,0.00439204319643813
"Total iRBC log (Total I log)",9.573291,0.537097934148315
"Total iRBC log (Total I log)",9.573291,0.00439204322831192
"Total iRBC log (Total I log)",9.573291,1.34820090283769
"Total iRBC log (Total I log)",9.573291,0.0043920429733382
"Total iRBC log (Total I log)",9.573291,0.00439204319250425
"Total iRBC log (Total I log)",9.573291,0.00439204322890205
"Total iRBC log (Total I log)",9.573291,2.35626377303349e-22
"Total iRBC log (Total I log)",9.573291,3.22878023307202e-33
"Total iRBC log (Total I log)",9.573291,0.00439204287415834
"Total iRBC log (Total I log)",9.573291,0.004392043240456
"Total iRBC log (Total I log)",9.573291,2.00612172240329e-87
"Total iRBC log (Total I log)",9.573291,1.81292938659595e-40
"Total iRBC log (Total I log)",9.573291,0.00439215049307296
"Total iRBC log (Total I log)",9.573291,7.02561180647718e-26
"Total iRBC log (Total I log)",9.573291,0.00439204306538315
"Total iRBC log (Total I log)",9.573291,0.00439204313003623
"Total iRBC log (Total I log)",9.573291,0.00439204323410226
"Total iRBC log (Total I log)",9.573291,1.10696696417208e-23
"Total iRBC log (Total I log)",9.573291,1.69036067730523
"Total iRBC log (Total I log)",9.573291,0.920848693980898
"Total iRBC log (Total I log)",9.573291,1.19061967764268
"Total iRBC log (Total I log)",9.573291,0.00439204312521664
"Total iRBC log (Total I log)",9.573291,0.00439204312946047
"Total iRBC log (Total I log)",9.573291,0.00439204322825122
"Total iRBC log (Total I log)",9.573291,0.00439204312348777
"Total iRBC log (Total I log)",9.573291,0.00439204321266056
"Total iRBC log (Total I log)",9.573291,0.00439204260934028
"Total iRBC log (Total I log)",9.573291,0.00439204322143618
"Total iRBC log (Total I log)",9.573291,0.00439204310446799
"Total iRBC log (Total I log)",9.573291,1.04946031858923e-24
"Total iRBC log (Total I log)",9.573291,1.56562998303561
"Total iRBC log (Total I log)",9.573291,3.99460426479733e-50
"Total iRBC log (Total I log)",9.573291,0.00239602205237746
"Total iRBC log (Total I log)",9.573291,0.0466327411835615
"Total iRBC log (Total I log)",9.573291,1.34277752307555
"Total iRBC log (Total I log)",9.573291,0.00838461399049087
"Total iRBC log (Total I log)",9.573291,0.00441024561599061
"Total iRBC log (Total I log)",9.573291,0.00439204312609779
"Total iRBC log (Total I log)",9.573291,1.65816536520239
"Total iRBC log (Total I log)",9.573291,0.00439204311104634
"Total iRBC log (Total I log)",9.573291,0.00439204322362222
"Total iRBC log (Total I log)",9.573291,0.00439255136295181
"Total iRBC log (Total I log)",9.573291,0.00439204314180415
"Total iRBC log (Total I log)",9.573291,0.00439204321713808
"Total iRBC log (Total I log)",9.573291,0.00439204301768885
"Total iRBC log (Total I log)",9.573291,0.505252547388744
"Total iRBC log (Total I log)",9.573291,0.00439204312564798
"Total iRBC log (Total I log)",9.573291,1.68058012743241
"Total iRBC log (Total I log)",9.573291,1.6433924756384
"Total iRBC log (Total I log)",9.573291,0.00439204311754794
"Total iRBC log (Total I log)",9.573291,1.08707922632572e-107
"Total iRBC log (Total I log)",9.573291,0.00439204340666251
"Total iRBC log (Total I log)",9.573291,0.00439204321732208
"Total iRBC log (Total I log)",9.573291,0.0043920431036014
"Total iRBC log (Total I log)",9.573291,0.0153751851033454
"Total iRBC log (Total I log)",9.573291,0.0043920427555707
"Total iRBC log (Total I log)",9.573291,3.47268665006271e-78
"Total iRBC log (Total I log)",9.573291,7.3237538966771e-24
"Total iRBC log (Total I log)",9.573291,1.81058176773111
"Total iRBC log (Total I log)",9.573291,0.00439204312761273
"Total iRBC log (Total I log)",9.573291,0.00441135663874492
"Total iRBC log (Total I log)",9.573291,0.00439204321266056
"Total iRBC log (Total I log)",9.573291,0.00439204321411015
"Total iRBC log (Total I log)",9.573291,0.00439204322362711
"Total iRBC log (Total I log)",9.573291,0.00439204322548036
"Total iRBC log (Total I log)",9.573291,1.2077564432199e-89
"Total iRBC log (Total I log)",9.573291,0.00439204302351577
"Total iRBC log (Total I log)",9.573291,0.00439204327561126
"Total iRBC log (Total I log)",9.573291,1.45071691694347e-21
"Total iRBC log (Total I log)",9.573291,0.104532504081812
"Total iRBC log (Total I log)",9.573291,1.40367495194944e-21
"Total iRBC log (Total I log)",9.573291,1.45219435552763e-21
"Total iRBC log (Total I log)",9.573291,0.00439204254026974
"Total iRBC log (Total I log)",9.573291,0.110767157114187
"Total iRBC log (Total I log)",9.573291,0.00439204314226545
"Total iRBC log (Total I log)",9.573291,0.37975114012113
"Total iRBC log (Total I log)",9.573291,8.76379383470115e-22
"Total iRBC log (Total I log)",9.573291,0.00439204322249062
"Total iRBC log (Total I log)",9.573291,1.36707519368031e-21
"Total iRBC log (Total I log)",9.573291,7.25523473751171e-29
"Total iRBC log (Total I log)",9.573291,0.00439204329023116
"Total iRBC log (Total I log)",9.573291,7.93211974676452e-49
"Total iRBC log (Total I log)",9.573291,0.379246793598979
"Total iRBC log (Total I log)",9.573291,0.00439204310633317
"Total iRBC log (Total I log)",9.573291,1.66141429961405
"Total iRBC log (Total I log)",9.573291,0.508876638193215
"Total iRBC log (Total I log)",9.573291,0.364981246416345
"Total iRBC log (Total I log)",9.573291,8.98562081745261e-22
"Total iRBC log (Total I log)",9.573291,1.34282085150543
"Total iRBC log (Total I log)",9.573291,1.76191276336789e-23
"Total iRBC log (Total I log)",9.573291,0.00439204310042766
"Total iRBC log (Total I log)",9.573291,1.7035100676019
"Total iRBC log (Total I log)",9.573291,1.18131230577225
"Total iRBC log (Total I log)",9.573291,0.00439204321891639
"Total iRBC log (Total I log)",9.573291,0.00440918365802204
"Total iRBC log (Total I log)",9.573291,1.52356345112888
"Total iRBC log (Total I log)",9.573291,1.72485429588738
"Total iRBC log (Total I log)",9.573291,1.26630451896988e-21
"Total iRBC log (Total I log)",9.573291,9.59210968751587e-08
"Total iRBC log (Total I log)",9.573291,0.00439204318172285
"Total iRBC log (Total I log)",9.573291,4.85523769740784e-22
"Total iRBC log (Total I log)",9.573291,0.00439204321525445
"Total iRBC log (Total I log)",9.573291,1.59328292249745e-24
"Total iRBC log (Total I log)",9.573291,0.0231048177239294
"Total iRBC log (Total I log)",9.573291,0.00439204321265933
"Total iRBC log (Total I log)",9.573291,0.00439204325167126
"Total iRBC log (Total I log)",9.573291,1.76499856835966e-24
"Total iRBC log (Total I log)",9.573291,0.00439204328488018
"Total iRBC log (Total I log)",9.573291,2.5175289472286e-92
"Total iRBC log (Total I log)",9.573291,1.50310756515933
"Total iRBC log (Total I log)",9.573291,1.70689658709844
"Total iRBC log (Total I log)",9.573291,9.72559256534544e-22
"Total iRBC log (Total I log)",9.573291,1.7322382073394
"Total iRBC log (Total I log)",9.573291,1.39507889332989
"Total iRBC log (Total I log)",9.573291,7.53364848109673e-98
"Total iRBC log (Total I log)",9.573291,4.93724762394731e-40
"Total iRBC log (Total I log)",9.573291,0.00439204309045342
"Total iRBC log (Total I log)",9.573291,1.37275350599755e-21
"Total iRBC log (Total I log)",9.573291,0.0043920432284539
"Total iRBC log (Total I log)",9.573291,0.00439204311476381
"Total iRBC log (Total I log)",9.573291,0.421996927961399
"Total iRBC log (Total I log)",9.573291,0.00440547136472616
"Total iRBC log (Total I log)",9.573291,0.00439204277200689
"Total iRBC log (Total I log)",9.573291,0.00439204325974623
"Total iRBC log (Total I log)",9.573291,0.00439204310409379
"Total iRBC log (Total I log)",9.573291,1.09568134694765e-24
"Total iRBC log (Total I log)",9.573291,0.00439204303617368
"Total iRBC log (Total I log)",9.573291,1.58951033394134
"Total iRBC log (Total I log)",9.573291,0.949315387225379
"Total iRBC log (Total I log)",9.573291,1.37752585146407e-24
"Total iRBC log (Total I log)",9.573291,1.96382629522705e-28
"Total iRBC log (Total I log)",9.573291,1.42317071286649e-21
"Total iRBC log (Total I log)",9.573291,1.56055593379955
"Total iRBC log (Total I log)",9.573291,1.55997790134825
"Total iRBC log (Total I log)",9.573291,0.00439204328041129
"Total iRBC log (Total I log)",9.573291,0.00439204310650338
"Total iRBC log (Total I log)",9.573291,0.264332780573576
"Total iRBC log (Total I log)",9.573291,0.0043920431252188
"Total iRBC log (Total I log)",9.573291,0.00439204321597929
"Total iRBC log (Total I log)",9.573291,0.548035495047785
"Total iRBC log (Total I log)",9.573291,1.38411554253367e-21
"Total iRBC log (Total I log)",9.573291,3.01999371304085e-50
"Total iRBC log (Total I log)",9.573291,2.83252043708269e-20
"Total iRBC log (Total I log)",9.573291,0.00439204312520764
"Total iRBC log (Total I log)",9.573291,1.28095253924175e-21
"Total iRBC log (Total I log)",9.573291,1.38313971020135e-22
"Total iRBC log (Total I log)",9.573291,0.00456644227575548
"Total iRBC log (Total I log)",9.573291,0.00439204316859982
"Total iRBC log (Total I log)",9.573291,0.00439204324029121
"Total iRBC log (Total I log)",9.573291,5.30481630595096e-26
"Total iRBC log (Total I log)",9.573291,0.00439204316154306
"Total iRBC log (Total I log)",9.573291,1.28437128664343e-21
"Total iRBC log (Total I log)",9.573291,0.00439204322131554
"Total iRBC log (Total I log)",9.573291,0.247404408391078
"Total iRBC log (Total I log)",9.573291,0.00439204321266058
"Total iRBC log (Total I log)",9.573291,0.0043920430765886
"Total iRBC log (Total I log)",9.573291,0.214898201813601
"Total iRBC log (Total I log)",9.573291,0.00439204291007903
"Total iRBC log (Total I log)",9.573291,0.00439204308103598
"Total iRBC log (Total I log)",9.573291,0.594922763088745
"Total iRBC log (Total I log)",9.573291,0.00439204289635913
"Total iRBC log (Total I log)",9.573291,3.48466690243613e-84
"Total iRBC log (Total I log)",9.573291,0.00439204321266057
"Total iRBC log (Total I log)",9.573291,5.27366654316824e-22
"Total iRBC log (Total I log)",9.573291,1.68276281515328
"Total iRBC log (Total I log)",9.573291,0.00439204315537643
"Total iRBC log (Total I log)",9.573291,1.68500956616165
"Total iRBC log (Total I log)",9.573291,0.004392042953738
"Total iRBC log (Total I log)",9.573291,1.70531904715172
"Total iRBC log (Total I log)",9.573291,6.76683976466821e-33
"Total iRBC log (Total I log)",9.573291,1.41450362656093e-21
"Total iRBC log (Total I log)",9.573291,1.5219831425021
"Total iRBC log (Total I log)",9.573291,0.00439204324088885
"Total iRBC log (Total I log)",9.573291,8.07688964722931e-22
"Total iRBC log (Total I log)",9.573291,1.4168326381865e-21
"Total iRBC log (Total I log)",9.573291,1.79351375345013
"Total iRBC log (Total I log)",9.573291,0.00439204321266055
"Total iRBC log (Total I log)",9.573291,1.38527230602077
"Total iRBC log (Total I log)",9.573291,0.00439204710831001
"Total iRBC log (Total I log)",9.573291,1.23861842577288e-21
"Total iRBC log (Total I log)",9.573291,0.00439204323102727
"Total iRBC log (Total I log)",9.573291,0.00439204322784924
"Total iRBC log (Total I log)",9.573291,0.00439204275699393
"Total iRBC log (Total I log)",9.573291,0.00439204322610509
"Total iRBC log (Total I log)",9.573291,7.2688319527205e-22
"Total iRBC log (Total I log)",9.573291,0.00439204318739325
"Total iRBC log (Total I log)",9.573291,8.96831609589533e-87
"Total iRBC log (Total I log)",9.573291,0.00439204322883872
"Total iRBC log (Total I log)",9.573291,1.39732876919551
"Total iRBC log (Total I log)",9.573291,0.00439204323461466
"Total iRBC log (Total I log)",9.573291,0.00439204329949687
"Total iRBC log (Total I log)",9.573291,0.00439204308322105
"Total iRBC log (Total I log)",9.573291,9.58904651119195e-66
"Total iRBC log (Total I log)",9.573291,0.00439204329115373
"Total iRBC log (Total I log)",9.573291,0.000296683918224271
"Total iRBC log (Total I log)",9.573291,4.75764377485307e-81
"Total iRBC log (Total I log)",9.573291,1.37425542903248
"Total iRBC log (Total I log)",9.573291,1.44310607227392e-21
"Total iRBC log (Total I log)",9.573291,1.43056808391935
"Total iRBC log (Total I log)",9.573291,1.71189221923746
"Total iRBC log (Total I log)",9.573291,1.05161032902696e-21
"Total iRBC log (Total I log)",9.573291,1.41928951489109e-21
"Total iRBC log (Total I log)",9.573291,0.00439204298910844
"Total iRBC log (Total I log)",9.573291,1.36308430758968e-21
"Total iRBC log (Total I log)",9.573291,0.00439204321264741
"Total iRBC log (Total I log)",9.573291,1.67977361229645
"Total iRBC log (Total I log)",9.573291,0.00439204312296432
"Total iRBC log (Total I log)",9.573291,1.7237566121802
"Total iRBC log (Total I log)",9.573291,1.39866237941163
"Total iRBC log (Total I log)",9.573291,1.32231758459487e-21
"Total iRBC log (Total I log)",9.573291,0.00439204322057181
"Total iRBC log (Total I log)",9.573291,0.00439204326552226
"Total iRBC log (Total I log)",9.573291,0.00439204321266057
"Total iRBC log (Total I log)",9.573291,0.00439204321350771
"Total iRBC log (Total I log)",9.573291,0.00439204310350566
"Total iRBC log (Total I log)",9.573291,1.43809778733206
"Total iRBC log (Total I log)",9.573291,0.00439228803622009
"Total iRBC log (Total I log)",9.573291,1.34094784294951
"Total iRBC log (Total I log)",9.573291,0.0599763751444077
"Total iRBC log (Total I log)",9.573291,0.00439204322050724
"Total iRBC log (Total I log)",9.573291,0.00439204302827054
"Total iRBC log (Total I log)",9.573291,0.00439204322445399
"Total iRBC log (Total I log)",9.573291,0.00439204293704915
"Total iRBC log (Total I log)",9.573291,0.00439204316409967
"Total iRBC log (Total I log)",9.573291,1.44493070335149e-21
"Total iRBC log (Total I log)",9.573291,0.00439204323907963
"Total iRBC log (Total I log)",9.573291,1.57807947535536
"Total iRBC log (Total I log)",9.573291,0.0043920431649046
"Total iRBC log (Total I log)",9.573291,0.763479859499165
"Total iRBC log (Total I log)",9.573291,0.00439204322161618
"Total iRBC log (Total I log)",9.573291,0.00439204324789534
"Total iRBC log (Total I log)",9.573291,1.23522526611599e-19
"Total iRBC log (Total I log)",9.573291,4.30937136952439e-22
"Total iRBC log (Total I log)",9.573291,1.710921454071
"Total iRBC log (Total I log)",9.573291,0.0621650205847588
"Total iRBC log (Total I log)",9.573291,0.00439204321836318
"Total iRBC log (Total I log)",9.573291,0.00439204318349354
"Total iRBC log (Total I log)",9.573291,0.650948300985448
"Total iRBC log (Total I log)",9.573291,1.53634101961942
"Total iRBC log (Total I log)",9.573291,2.96664069261261e-20
"Total iRBC log (Total I log)",9.573291,0.00439204314099661
"Total iRBC log (Total I log)",9.573291,0.030332119589187
"Total iRBC log (Total I log)",9.573291,0.00439200313339386
"Total iRBC log (Total I log)",9.573291,0.0242429363337705
"Total iRBC log (Total I log)",9.573291,1.39087929416828
"Total iRBC log (Total I log)",9.573291,1.38382010289642e-21
"Total iRBC log (Total I log)",9.573291,1.41394825578336e-21
"Total iRBC log (Total I log)",9.573291,0.00439204309604531
"Total iRBC log (Total I log)",9.573291,0.45366594990881
"Total iRBC log (Total I log)",9.573291,0.00439204310902123
"Total iRBC log (Total I log)",9.573291,1.3074882271342e-21
"Total iRBC log (Total I log)",9.573291,0.00439204321265878
"Total iRBC log (Total I log)",9.573291,1.02527787206763
"Total iRBC log (Total I log)",9.573291,1.69048298979653
"Total iRBC log (Total I log)",9.573291,0.00439204319513783
"Total iRBC log (Total I log)",9.573291,1.73536025903861
"Total iRBC log (Total I log)",9.573291,0.0043920432378657
"Total iRBC log (Total I log)",9.573291,0.046317961302106
"Total iRBC log (Total I log)",9.573291,1.2194033617874
"Total iRBC log (Total I log)",9.573291,0.00439204310511938
"Total iRBC log (Total I log)",9.573291,0.000982430917329446
"Total iRBC log (Total I log)",9.573291,1.71626005982325
"Total iRBC log (Total I log)",9.573291,0.152801637469595
"Total iRBC log (Total I log)",9.573291,0.00439204323060485
"Total iRBC log (Total I log)",9.573291,1.00292234736599e-21
"Total iRBC log (Total I log)",9.573291,1.07542855105441e-24
"Total iRBC log (Total I log)",9.573291,5.85842834035194e-23
"Total iRBC log (Total I log)",9.573291,1.61026945538492
"Total iRBC log (Total I log)",9.573291,1.45404685097352e-21
"Total iRBC log (Total I log)",9.573291,0.782100417283133
"Total iRBC log (Total I log)",9.573291,0.0403106282785824
"Total iRBC log (Total I log)",9.573291,0.00439221404566
"Total iRBC log (Total I log)",9.573291,0.00439204306910801
"Total iRBC log (Total I log)",9.573291,1.67040139727594
"Total iRBC log (Total I log)",9.573291,0.00439204312303819
"Total iRBC log (Total I log)",9.573291,0.00439204321266057
"Total iRBC log (Total I log)",9.573291,0.128787670172996
"Total iRBC log (Total I log)",9.573291,1.14208649904521e-21
"Total iRBC log (Total I log)",9.573291,0.0043920431901099
"Total iRBC log (Total I log)",9.573291,1.37244849395828e-21
"Total iRBC log (Total I log)",9.573291,0.00439204321266055
"Total iRBC log (Total I log)",9.573291,2.32255472569575e-58
"Total iRBC log (Total I log)",9.573291,0.0676005770863701
"Total iRBC log (Total I log)",9.573291,0.0043920431202044
"Total iRBC log (Total I log)",9.573291,0.00439204327796544
"Total iRBC log (Total I log)",9.573291,0.00439204322917243
"Total iRBC log (Total I log)",9.573291,0.07574820490741
"Total iRBC log (Total I log)",9.573291,0.00439204285844504
"Total iRBC log (Total I log)",9.573291,6.22338114358586e-05
"Total iRBC log (Total I log)",9.573291,1.70416000021411
"Total iRBC log (Total I log)",9.573291,5.1199208356681e-43
"Total iRBC log (Total I log)",9.573291,0.0043920432066039
"Total iRBC log (Total I log)",9.573291,0.00575938614715301
"Total iRBC log (Total I log)",9.573291,0.0043920431236895
"Total iRBC log (Total I log)",9.573291,1.32758733027129e-21
"Total iRBC log (Total I log)",9.573291,0.00439204321266058
"Total iRBC log (Total I log)",9.573291,0.00439204314073921
"Total iRBC log (Total I log)",9.573291,1.45357942454089
"Total iRBC log (Total I log)",9.573291,0.0043920431987619
"Total iRBC log (Total I log)",9.573291,1.39822947065653e-21
"Total iRBC log (Total I log)",9.573291,0.00439204312538941
"Total iRBC log (Total I log)",9.573291,0.00439204301858692
"Total iRBC log (Total I log)",9.573291,0.00439204294015136
"Total iRBC log (Total I log)",9.573291,0.00439204319816095
"Total iRBC log (Total I log)",9.573291,0.00439204313577356
"Total iRBC log (Total I log)",9.573291,0.00439204313755904
"Total iRBC log (Total I log)",9.573291,0.0711827712086165
"Total iRBC log (Total I log)",9.573291,1.43898706063052
"Total iRBC log (Total I log)",9.573291,1.43217653147388
"Total iRBC log (Total I log)",9.573291,1.44617154509243e-21
"Total iRBC log (Total I log)",9.573291,0.00439204407489484
"Total iRBC log (Total I log)",9.573291,0.00439204311722759
"Total iRBC log (Total I log)",9.573291,1.07238304447148e-25
"Total iRBC log (Total I log)",9.573291,0.00439204318292569
"Total iRBC log (Total I log)",9.573291,1.74691870307142
"Total iRBC log (Total I log)",9.573291,2.18795744703601e-35
"Total iRBC log (Total I log)",9.573291,0.359065534526279
"Total iRBC log (Total I log)",9.573291,1.68153393469461
"Total iRBC log (Total I log)",9.573291,0.00439204316823302
"Total iRBC log (Total I log)",9.573291,0.00439204325296324
"Total iRBC log (Total I log)",9.573291,1.44429860221212e-21
"Total iRBC log (Total I log)",9.573291,2.33811235049179e-22
"Total iRBC log (Total I log)",9.573291,0.00439204314565972
"Total iRBC log (Total I log)",9.573291,1.66860067378617
"Total iRBC log (Total I log)",9.573291,0.00439204318536461
"Total iRBC log (Total I log)",9.573291,1.35138027627048
"Total iRBC log (Total I log)",9.573291,1.42607547001455e-21
"Total iRBC log (Total I log)",9.573291,0.00439204321439317
"Total iRBC log (Total I log)",9.573291,0.004392043296964
"Total iRBC log (Total I log)",9.573291,0.00439204312761399
"Total iRBC log (Total I log)",9.573291,1.05219040265306e-21
"Total iRBC log (Total I log)",9.573291,1.29771670657189
"Total iRBC log (Total I log)",9.573291,0.00439204289321684
"Total iRBC log (Total I log)",9.573291,1.35952248141982e-22
"Total iRBC log (Total I log)",9.573291,2.3908840914698e-29
"Total iRBC log (Total I log)",9.573291,9.55391726196027e-22
"Total iRBC log (Total I log)",9.573291,0.00439204321263654
"Total iRBC log (Total I log)",9.573291,0.00439204321985937
"Total iRBC log (Total I log)",9.573291,0.0573202455682228
"Total iRBC log (Total I log)",9.573291,0.004392043217188
"Total iRBC log (Total I log)",9.573291,0.00439204321830166
"Total iRBC log (Total I log)",9.573291,1.93953927620421e-23
"Total iRBC log (Total I log)",9.573291,0.00439204306313395
"Total iRBC log (Total I log)",9.573291,0.00439204302391005
"Total iRBC log (Total I log)",9.573291,0.00439204312973825
"Total iRBC log (Total I log)",9.573291,0.687932997584924
"Total iRBC log (Total I log)",9.573291,0.0043920431671685
"Total iRBC log (Total I log)",9.573291,0.00439204310082037
"Total iRBC log (Total I log)",9.573291,8.42216023580479e-73
"Total iRBC log (Total I log)",9.573291,1.23340753368385e-21
"Total iRBC log (Total I log)",9.573291,5.48644784291335e-29
"Total iRBC log (Total I log)",9.573291,0.125119855564118
"Total iRBC log (Total I log)",9.573291,8.36373953369818e-22
"Total iRBC log (Total I log)",9.573291,0.00439204304036908
"Total iRBC log (Total I log)",9.573291,0.00439204329039098
"Total iRBC log (Total I log)",9.573291,0.00439204321044996
"Total iRBC log (Total I log)",9.573291,0.00439204321265927
"Total iRBC log (Total I log)",9.573291,5.15557806871947e-29
"Total iRBC log (Total I log)",9.573291,0.891546711830495
"Total iRBC log (Total I log)",9.573291,0.00439204321266057
"Total iRBC log (Total I log)",9.573291,0.00439204307890807
"Total iRBC log (Total I log)",9.573291,0.00204683970607341
"Total iRBC log (Total I log)",9.573291,2.10814007434135e-26
"Total iRBC log (Total I log)",9.573291,0.00439204320545359
"Total iRBC log (Total I log)",9.573291,0.00439204321266054
"Total iRBC log (Total I log)",9.573291,0.0103345454778225
"Total iRBC log (Total I log)",9.573291,0.00439204326020667
"Total iRBC log (Total I log)",9.573291,1.61582479262865
"Total iRBC log (Total I log)",9.573291,0.00439204312206765
"Total iRBC log (Total I log)",9.573291,1.11190030296621e-22
"Total iRBC log (Total I log)",9.573291,0.00439204323341638
"Total iRBC log (Total I log)",9.573291,0.00439204294285511
"Total iRBC log (Total I log)",9.573291,1.79052757805057
"Total iRBC log (Total I log)",9.573291,3.56812444359829e-22
"Total iRBC log (Total I log)",9.573291,0.00439204321266058
"Total iRBC log (Total I log)",9.573291,1.69108892308735
"Total iRBC log (Total I log)",9.573291,1.43971361589586e-21
"Total iRBC log (Total I log)",9.573291,1.730569435392
"Total iRBC log (Total I log)",9.573291,1.36521071215117e-21
"Total iRBC log (Total I log)",9.573291,2.95226845107966e-24
"Total iRBC log (Total I log)",9.573291,0.00439204314651836
"Total iRBC log (Total I log)",9.573291,1.79213733767647
"Total iRBC log (Total I log)",9.573291,0.00439204311472474
"Total iRBC log (Total I log)",9.573291,1.54896183789132
"Total iRBC log (Total I log)",9.573291,1.67944176376661
"Total iRBC log (Total I log)",9.573291,0.004392043139562
"Total iRBC log (Total I log)",9.573291,0.00439204314491186
"Total iRBC log (Total I log)",9.573291,1.70227102157209
"Total iRBC log (Total I log)",9.573291,1.53376469969203
"Total iRBC log (Total I log)",9.573291,0.00439204322978234
"Total iRBC log (Total I log)",9.573291,0.00439204321266058
"Total iRBC log (Total I log)",9.573291,0.757700157508252
"Total iRBC log (Total I log)",9.573291,1.39538354969823e-21
"Total iRBC log (Total I log)",9.573291,0.00439204321265932
"Total iRBC log (Total I log)",9.573291,0.0043920431161248
"Total iRBC log (Total I log)",9.573291,0.00439204310943309
"Total iRBC log (Total I log)",9.573291,0.00439204322953992
"Total iRBC log (Total I log)",9.573291,0.707383844406782
"Total iRBC log (Total I log)",9.573291,1.68183200943941
"Total iRBC log (Total I log)",9.573291,0.00439204310468102
"Total iRBC log (Total I log)",9.573291,1.73290513754902
"Total iRBC log (Total I log)",9.573291,7.47235974472267e-22
"Total iRBC log (Total I log)",9.573291,0.740448452259122
"Total iRBC log (Total I log)",9.573291,0.00439204321266061
"Total iRBC log (Total I log)",9.573291,1.53974208007426
"Total iRBC log (Total I log)",9.573291,1.80103396865551
"Total iRBC log (Total I log)",9.573291,0.00439204322481895
"Total iRBC log (Total I log)",9.573291,0.00439204322636054
"Total iRBC log (Total I log)",9.573291,0.00439204320408285
"Total iRBC log (Total I log)",9.573291,4.71378979354865e-32
"Total iRBC log (Total I log)",9.573291,1.33711637014038e-22
"Total iRBC log (Total I log)",9.573291,1.71567756280414
"Total iRBC log (Total I log)",9.573291,1.73602396928827
"Total iRBC log (Total I log)",9.573291,0.00439204322944488
"Total iRBC log (Total I log)",9.573291,0.960397395417661
"Total iRBC log (Total I log)",9.573291,3.81242815777762e-95
"Total iRBC log (Total I log)",9.573291,3.78544567681327e-20
"Total iRBC log (Total I log)",9.573291,1.68137427841273
"Total iRBC log (Total I log)",9.573291,4.02401584444585e-22
"Total iRBC log (Total I log)",9.573291,0.00439204322654943
"Total iRBC log (Total I log)",9.573291,0.00439204322778052
"Total iRBC log (Total I log)",9.573291,1.4459536091798e-21
"Total iRBC log (Total I log)",9.573291,0.0221241557042687
"Total iRBC log (Total I log)",9.573291,0.00439204309613774
"Total iRBC log (Total I log)",9.573291,0.00439204323468075
"Total iRBC log (Total I log)",9.573291,1.7026531646008
"Total iRBC log (Total I log)",9.573291,0.00439204323054444
"Total iRBC log (Total I log)",9.573291,1.88884364006645
"Total iRBC log (Total I log)",9.573291,0.00439204316964059
"Total iRBC log (Total I log)",9.573291,1.74700362536805
"Total iRBC log (Total I log)",9.573291,1.3931532058783e-21
"Total iRBC log (Total I log)",9.573291,1.11323432662564
"Total iRBC log (Total I log)",9.573291,7.75079068477606e-22
"Total iRBC log (Total I log)",9.573291,1.45033434244626
"Total iRBC log (Total I log)",9.573291,0.00439204321462368
"Total iRBC log (Total I log)",9.573291,1.0749987622582e-21
"Total iRBC log (Total I log)",9.573291,0.00439204322530434
"Total iRBC log (Total I log)",9.573291,1.45545211367199e-21
"Total iRBC log (Total I log)",9.573291,1.43855742893183e-21
"Total iRBC log (Total I log)",9.573291,4.95686710105726e-29
"Total iRBC log (Total I log)",9.573291,0.00439204289668553
"Total iRBC log (Total I log)",9.573291,0.00439204314085381
"Total iRBC log (Total I log)",9.573291,0.00439204327120568
"Total iRBC log (Total I log)",9.573291,0.00439204306259015
"Total iRBC log (Total I log)",9.573291,0.0043920430611685
"Total iRBC log (Total I log)",9.573291,0.00634114840321588
"Total iRBC log (Total I log)",9.573291,0.00314948591317226
"Total iRBC log (Total I log)",9.573291,1.55960520856885
"Total iRBC log (Total I log)",9.573291,0.00439204310458506
"Total iRBC log (Total I log)",9.573291,3.0563133669749e-32
"Total iRBC log (Total I log)",9.573291,2.03296743850739e-30
"Total iRBC log (Total I log)",9.573291,0.00439536145687114
"Total iRBC log (Total I log)",9.573291,0.00439204312738167
"Total iRBC log (Total I log)",9.573291,1.59487059308065
"Total iRBC log (Total I log)",9.573291,0.00439204322613692
"Total iRBC log (Total I log)",9.573291,0.00439204313046394
"Total iRBC log (Total I log)",9.573291,1.36562459958011e-21
"Total iRBC log (Total I log)",9.573291,0.790642756064902
"Total iRBC log (Total I log)",9.573291,8.39610591316793e-35
"Total iRBC log (Total I log)",9.573291,0.00439204313658913
"Total iRBC log (Total I log)",9.573291,0.00439204303841221
"Total iRBC log (Total I log)",9.573291,1.66109983897539
"Total iRBC log (Total I log)",9.573291,0.00439204324364464
"Total iRBC log (Total I log)",9.573291,0.00439204328420562
"Total iRBC log (Total I log)",9.573291,0.921090164639493
"Total iRBC log (Total I log)",9.573291,0.00439204310042147
"Total iRBC log (Total I log)",9.573291,1.56959738370845
"Total iRBC log (Total I log)",9.573291,0.00439204318925115
"Total iRBC log (Total I log)",9.573291,1.53057141083765
"Total iRBC log (Total I log)",9.573291,1.33679613453983e-21
"Total iRBC log (Total I log)",9.573291,0.00439204321266056
"Total iRBC log (Total I log)",9.573291,0.00439204310541678
"Total iRBC log (Total I log)",9.573291,6.80055708678259e-22
"Total iRBC log (Total I log)",9.573291,0.00439204311853968
"Total iRBC log (Total I log)",9.573291,1.4188370570423e-21
"Total iRBC log (Total I log)",9.573291,0.0043920432590953
"Total iRBC log (Total I log)",9.573291,0.0766419188138825
"Total iRBC log (Total I log)",9.573291,0.00439204324251864
"Total iRBC log (Total I log)",9.573291,1.24795307741722
"Total iRBC log (Total I log)",9.573291,0.00439204312162166
"Total iRBC log (Total I log)",9.573291,0.00439204321266056
"Total iRBC log (Total I log)",9.573291,0.00439204310027084
"Total iRBC log (Total I log)",9.573291,0.0043920433076238
"Total iRBC log (Total I log)",9.573291,4.1086338377739e-33
"Total iRBC log (Total I log)",9.573291,0.00439204287265397
"Total iRBC log (Total I log)",9.573291,0.0043920430339754
"Total iRBC log (Total I log)",9.573291,0.00439204314288138
"Total iRBC log (Total I log)",9.573291,0.00439204323244333
"Total iRBC log (Total I log)",9.573291,8.28903717947474e-37
"Total iRBC log (Total I log)",9.573291,6.90814747003898e-39
"Total iRBC log (Total I log)",9.573291,0.0043920432126468
"Total iRBC log (Total I log)",9.573291,1.09491655771414e-21
"Total iRBC log (Total I log)",9.573291,0.926862345650646
"Total iRBC (Total I)",8.854682,0.0062895378020355
"Total iRBC (Total I)",8.854682,2.41447975365518e-08
"Total iRBC (Total I)",8.854682,0.00440025307658993
"Total iRBC (Total I)",8.854682,2.29034060144258
"Total iRBC (Total I)",8.854682,1.82041283659611
"Total iRBC (Total I)",8.854682,5.3783880017743e-61
"Total iRBC (Total I)",8.854682,0.0166202906903027
"Total iRBC (Total I)",8.854682,0.00445406491965942
"Total iRBC (Total I)",8.854682,0.00439645065364571
"Total iRBC (Total I)",8.854682,0.015488945984169
"Total iRBC (Total I)",8.854682,0.00487112253810494
"Total iRBC (Total I)",8.854682,2.45360289404948
"Total iRBC (Total I)",8.854682,1.89561711791382
"Total iRBC (Total I)",8.854682,9.39919002669579e-28
"Total iRBC (Total I)",8.854682,0.00439913331042145
"Total iRBC (Total I)",8.854682,0.00501869938222167
"Total iRBC (Total I)",8.854682,4.05132241587493e-06
"Total iRBC (Total I)",8.854682,2.27359489199408
"Total iRBC (Total I)",8.854682,0.0192146068839638
"Total iRBC (Total I)",8.854682,0.00510338894099469
"Total iRBC (Total I)",8.854682,1.94341609867626
"Total iRBC (Total I)",8.854682,1.9153878704674
"Total iRBC (Total I)",8.854682,0.282471335886474
"Total iRBC (Total I)",8.854682,0.000450132372836673
"Total iRBC (Total I)",8.854682,1.57493592065379
"Total iRBC (Total I)",8.854682,0.00454514368597023
"Total iRBC (Total I)",8.854682,0.00475957334771727
"Total iRBC (Total I)",8.854682,1.80115386379581e-08
"Total iRBC (Total I)",8.854682,0.00448106259273699
"Total iRBC (Total I)",8.854682,0.00439697783029338
"Total iRBC (Total I)",8.854682,9.60975052868702e-17
"Total iRBC (Total I)",8.854682,2.03334381953131
"Total iRBC (Total I)",8.854682,0.00516703647433697
"Total iRBC (Total I)",8.854682,1.92790943327896
"Total iRBC (Total I)",8.854682,0.00962668496312974
"Total iRBC (Total I)",8.854682,3.50030632177711
"Total iRBC (Total I)",8.854682,6.58631660314174e-52
"Total iRBC (Total I)",8.854682,0.00720669035627679
"Total iRBC (Total I)",8.854682,0.11942170409568
"Total iRBC (Total I)",8.854682,0.00440179802254107
"Total iRBC (Total I)",8.854682,0.00439545472735789
"Total iRBC (Total I)",8.854682,0.0208120156930759
"Total iRBC (Total I)",8.854682,3.43169429830592
"Total iRBC (Total I)",8.854682,2.30550578528677
"Total iRBC (Total I)",8.854682,7.68254386508646e-05
"Total iRBC (Total I)",8.854682,0.1859346060291
"Total iRBC (Total I)",8.854682,6.82712299641928
"Total iRBC (Total I)",8.854682,0.0045017737566219
"Total iRBC (Total I)",8.854682,0.00457132527416901
"Total iRBC (Total I)",8.854682,1.99425584764062
"Total iRBC (Total I)",8.854682,0.00466800849713239
"Total iRBC (Total I)",8.854682,1.81218365776528
"Total iRBC (Total I)",8.854682,1.20002882459139e-60
"Total iRBC (Total I)",8.854682,2.75058687631165
"Total iRBC (Total I)",8.854682,1.86750967045501
"Total iRBC (Total I)",8.854682,0.00765552367907328
"Total iRBC (Total I)",8.854682,0.00932599888034118
"Total iRBC (Total I)",8.854682,1.63516933985915
"Total iRBC (Total I)",8.854682,0.000750304940051431
"Total iRBC (Total I)",8.854682,2.01986237782399
"Total iRBC (Total I)",8.854682,0.00561083094531224
"Total iRBC (Total I)",8.854682,6.81530682343045e-08
"Total iRBC (Total I)",8.854682,2.13023208768756
"Total iRBC (Total I)",8.854682,1.88325993457887
"Total iRBC (Total I)",8.854682,0.00439880730880273
"Total iRBC (Total I)",8.854682,0.712537499966976
"Total iRBC (Total I)",8.854682,0.00439535711794035
"Total iRBC (Total I)",8.854682,0.677092080935172
"Total iRBC (Total I)",8.854682,0.0125323845196089
"Total iRBC (Total I)",8.854682,2.03568896303536
"Total iRBC (Total I)",8.854682,4.29512744498398e-13
"Total iRBC (Total I)",8.854682,0.00736181500549695
"Total iRBC (Total I)",8.854682,0.0395905475998147
"Total iRBC (Total I)",8.854682,0.00492484913896192
"Total iRBC (Total I)",8.854682,0.00443292540229547
"Total iRBC (Total I)",8.854682,0.398074972712354
"Total iRBC (Total I)",8.854682,0.0134024574961381
"Total iRBC (Total I)",8.854682,0.0447189998122674
"Total iRBC (Total I)",8.854682,0.004570435179468
"Total iRBC (Total I)",8.854682,0.00457833016191314
"Total iRBC (Total I)",8.854682,0.00707541715322625
"Total iRBC (Total I)",8.854682,0.00441781447488406
"Total iRBC (Total I)",8.854682,0.0509010543693317
"Total iRBC (Total I)",8.854682,1.77439395722632
"Total iRBC (Total I)",8.854682,1.7859208385627
"Total iRBC (Total I)",8.854682,1.59408511159054
"Total iRBC (Total I)",8.854682,2.81661204305767
"Total iRBC (Total I)",8.854682,0.00440332136073064
"Total iRBC (Total I)",8.854682,0.00473609072679226
"Total iRBC (Total I)",8.854682,2.00277757516745e-08
"Total iRBC (Total I)",8.854682,3.22274232872306e-05
"Total iRBC (Total I)",8.854682,1.48237827189992e-08
"Total iRBC (Total I)",8.854682,2.34464924851011
"Total iRBC (Total I)",8.854682,1.56150714537094
"Total iRBC (Total I)",8.854682,2.05938504155671
"Total iRBC (Total I)",8.854682,2.05223511989832e-32
"Total iRBC (Total I)",8.854682,2.44247982099974
"Total iRBC (Total I)",8.854682,0.00444484134859231
"Total iRBC (Total I)",8.854682,1.87002858508974
"Total iRBC (Total I)",8.854682,0.00439480810547111
"Total iRBC (Total I)",8.854682,2.03916437602393
"Total iRBC (Total I)",8.854682,4.27029492697605
"Total iRBC (Total I)",8.854682,1.85167502536657
"Total iRBC (Total I)",8.854682,0.004396438605818
"Total iRBC (Total I)",8.854682,0.00450630391154785
"Total iRBC (Total I)",8.854682,0.620614990280421
"Total iRBC (Total I)",8.854682,6.20274338719779
"Total iRBC (Total I)",8.854682,0.00639084662164746
"Total iRBC (Total I)",8.854682,2.60396166168625
"Total iRBC (Total I)",8.854682,0.910221169117169
"Total iRBC (Total I)",8.854682,3.42738975264952e-39
"Total iRBC (Total I)",8.854682,0.00439741160170394
"Total iRBC (Total I)",8.854682,2.46196619169142e-24
"Total iRBC (Total I)",8.854682,0.558621212294333
"Total iRBC (Total I)",8.854682,1.10828148554099e-07
"Total iRBC (Total I)",8.854682,6.6359499263657e-07
"Total iRBC (Total I)",8.854682,0.00444154644050037
"Total iRBC (Total I)",8.854682,2.16332862427639
"Total iRBC (Total I)",8.854682,1.80743910974885
"Total iRBC (Total I)",8.854682,0.00472351909398903
"Total iRBC (Total I)",8.854682,0.167237005406451
"Total iRBC (Total I)",8.854682,0.00482988118189661
"Total iRBC (Total I)",8.854682,0.00441375850786383
"Total iRBC (Total I)",8.854682,0.00439550577188849
"Total iRBC (Total I)",8.854682,2.1749157954665
"Total iRBC (Total I)",8.854682,3.36696556798585
"Total iRBC (Total I)",8.854682,1.98962526275099
"Total iRBC (Total I)",8.854682,1.96206435528094e-57
"Total iRBC (Total I)",8.854682,0.00441365578711417
"Total iRBC (Total I)",8.854682,2.13539416633772
"Total iRBC (Total I)",8.854682,2.27159858411567e-61
"Total iRBC (Total I)",8.854682,0.085813997709142
"Total iRBC (Total I)",8.854682,0.0516166349521712
"Total iRBC (Total I)",8.854682,0.00743062451489682
"Total iRBC (Total I)",8.854682,0.00440546924819761
"Total iRBC (Total I)",8.854682,1.97396508933
"Total iRBC (Total I)",8.854682,1.29001769802137e-05
"Total iRBC (Total I)",8.854682,2.20744612297746
"Total iRBC (Total I)",8.854682,0.0050591132354841
"Total iRBC (Total I)",8.854682,0.00439816610413864
"Total iRBC (Total I)",8.854682,0.00516987475788694
"Total iRBC (Total I)",8.854682,0.00858327205847001
"Total iRBC (Total I)",8.854682,0.00444314030556325
"Total iRBC (Total I)",8.854682,1.73537449001336e-11
"Total iRBC (Total I)",8.854682,1.41040618297608
"Total iRBC (Total I)",8.854682,0.973892702011066
"Total iRBC (Total I)",8.854682,1.78621485709772e-11
"Total iRBC (Total I)",8.854682,0.00440429505555938
"Total iRBC (Total I)",8.854682,0.00442193071960786
"Total iRBC (Total I)",8.854682,0.0183892691397066
"Total iRBC (Total I)",8.854682,0.00441211866419388
"Total iRBC (Total I)",8.854682,0.0044202313709512
"Total iRBC (Total I)",8.854682,1.94823857329568
"Total iRBC (Total I)",8.854682,0.00538374242039519
"Total iRBC (Total I)",8.854682,0.00571111144690505
"Total iRBC (Total I)",8.854682,1.96378003860327
"Total iRBC (Total I)",8.854682,1.19536494234048e-22
"Total iRBC (Total I)",8.854682,0.00445225458381957
"Total iRBC (Total I)",8.854682,7.85881279756181e-19
"Total iRBC (Total I)",8.854682,1.80579871117101
"Total iRBC (Total I)",8.854682,0.00440422437550516
"Total iRBC (Total I)",8.854682,0.00471872119088445
"Total iRBC (Total I)",8.854682,0.00439726980534036
"Total iRBC (Total I)",8.854682,2.12992582676305
"Total iRBC (Total I)",8.854682,2.09424098096035
"Total iRBC (Total I)",8.854682,2.0899438557466e-46
"Total iRBC (Total I)",8.854682,0.00439524138967961
"Total iRBC (Total I)",8.854682,1.51944572243107e-62
"Total iRBC (Total I)",8.854682,2.24037782242635
"Total iRBC (Total I)",8.854682,0.00452943837517152
"Total iRBC (Total I)",8.854682,0.00990068778020688
"Total iRBC (Total I)",8.854682,0.00447337935139256
"Total iRBC (Total I)",8.854682,1.30562689524811
"Total iRBC (Total I)",8.854682,0.00444686098198468
"Total iRBC (Total I)",8.854682,0.00455303965125452
"Total iRBC (Total I)",8.854682,9.73980383626508e-38
"Total iRBC (Total I)",8.854682,0.00621115363016778
"Total iRBC (Total I)",8.854682,1.93741434863458
"Total iRBC (Total I)",8.854682,2.23579231746402
"Total iRBC (Total I)",8.854682,0.0207994828797003
"Total iRBC (Total I)",8.854682,0.00442553450610536
"Total iRBC (Total I)",8.854682,8.26652040145585e-96
"Total iRBC (Total I)",8.854682,0.77447766653192
"Total iRBC (Total I)",8.854682,0.451525226193532
"Total iRBC (Total I)",8.854682,0.21025721425679
"Total iRBC (Total I)",8.854682,0.00827498501170502
"Total iRBC (Total I)",8.854682,0.00570916230744249
"Total iRBC (Total I)",8.854682,2.3314026615432
"Total iRBC (Total I)",8.854682,0.0265699119734566
"Total iRBC (Total I)",8.854682,2.51942287929031
"Total iRBC (Total I)",8.854682,2.18613220578637
"Total iRBC (Total I)",8.854682,0.0220963045838278
"Total iRBC (Total I)",8.854682,0.450305633124416
"Total iRBC (Total I)",8.854682,2.28188759983788e-10
"Total iRBC (Total I)",8.854682,0.0244133026786589
"Total iRBC (Total I)",8.854682,3.48665015531241e-05
"Total iRBC (Total I)",8.854682,2.00415707036583
"Total iRBC (Total I)",8.854682,1.96870778999261
"Total iRBC (Total I)",8.854682,1.7971771057282
"Total iRBC (Total I)",8.854682,0.00442262811507724
"Total iRBC (Total I)",8.854682,0.00086412560454708
"Total iRBC (Total I)",8.854682,4.65400794659699e-97
"Total iRBC (Total I)",8.854682,2.26324616641302
"Total iRBC (Total I)",8.854682,1.49491910198649
"Total iRBC (Total I)",8.854682,1.75887877318537
"Total iRBC (Total I)",8.854682,1.94496374073909
"Total iRBC (Total I)",8.854682,0.00449199870846144
"Total iRBC (Total I)",8.854682,2.10696221040229
"Total iRBC (Total I)",8.854682,3.75493645886137
"Total iRBC (Total I)",8.854682,0.00441225945219364
"Total iRBC (Total I)",8.854682,1.93695440822506
"Total iRBC (Total I)",8.854682,0.00457645737329309
"Total iRBC (Total I)",8.854682,0.0047826049639789
"Total iRBC (Total I)",8.854682,0.000629584619113554
"Total iRBC (Total I)",8.854682,2.08701486328843
"Total iRBC (Total I)",8.854682,0.0184130211940916
"Total iRBC (Total I)",8.854682,0.00441584756681476
"Total iRBC (Total I)",8.854682,0.00487439565451048
"Total iRBC (Total I)",8.854682,1.93654363487869
"Total iRBC (Total I)",8.854682,2.0928480861225
"Total iRBC (Total I)",8.854682,0.00494426388943983
"Total iRBC (Total I)",8.854682,0.00544596766663495
"Total iRBC (Total I)",8.854682,5.86689838906516e-16
"Total iRBC (Total I)",8.854682,0.060593796974666
"Total iRBC (Total I)",8.854682,0.00439669857637223
"Total iRBC (Total I)",8.854682,0.275419117013153
"Total iRBC (Total I)",8.854682,2.42545403786031
"Total iRBC (Total I)",8.854682,0.00442275480077268
"Total iRBC (Total I)",8.854682,0.00539721514304402
"Total iRBC (Total I)",8.854682,1.49255729799948e-90
"Total iRBC (Total I)",8.854682,0.00474131081367706
"Total iRBC (Total I)",8.854682,0.00439740239790935
"Total iRBC (Total I)",8.854682,2.37789439451173
"Total iRBC (Total I)",8.854682,0.110517285492139
"Total iRBC (Total I)",8.854682,3.28245695583528e-08
"Total iRBC (Total I)",8.854682,0.000337719310704559
"Total iRBC (Total I)",8.854682,0.00440292694680763
"Total iRBC (Total I)",8.854682,4.01522152780465e-30
"Total iRBC (Total I)",8.854682,0.00487829969958796
"Total iRBC (Total I)",8.854682,1.76620604248695
"Total iRBC (Total I)",8.854682,2.11585640569171
"Total iRBC (Total I)",8.854682,0.00439465164646621
"Total iRBC (Total I)",8.854682,0.00878004102595677
"Total iRBC (Total I)",8.854682,0.00447865606038246
"Total iRBC (Total I)",8.854682,0.170937350767355
"Total iRBC (Total I)",8.854682,0.00443622629352437
"Total iRBC (Total I)",8.854682,0.00651020193969987
"Total iRBC (Total I)",8.854682,3.84196333207537e-14
"Total iRBC (Total I)",8.854682,2.00025300682222
"Total iRBC (Total I)",8.854682,1.76478310053342
"Total iRBC (Total I)",8.854682,0.00440628649082926
"Total iRBC (Total I)",8.854682,0.00450414660011709
"Total iRBC (Total I)",8.854682,5.2933890586069e-22
"Total iRBC (Total I)",8.854682,7.24157945308229e-07
"Total iRBC (Total I)",8.854682,0.00556625997054681
"Total iRBC (Total I)",8.854682,0.0383194612502185
"Total iRBC (Total I)",8.854682,2.32079820541766
"Total iRBC (Total I)",8.854682,0.00478232318460219
"Total iRBC (Total I)",8.854682,2.38114037995427
"Total iRBC (Total I)",8.854682,2.15624384437934
"Total iRBC (Total I)",8.854682,1.06635258949529e-32
"Total iRBC (Total I)",8.854682,8.58866166138876e-46
"Total iRBC (Total I)",8.854682,0.00439727660429489
"Total iRBC (Total I)",8.854682,1.65783541792876
"Total iRBC (Total I)",8.854682,8.30111257011794e-34
"Total iRBC (Total I)",8.854682,3.97811570182839e-07
"Total iRBC (Total I)",8.854682,0.0723530001961278
"Total iRBC (Total I)",8.854682,3.40806288692124e-37
"Total iRBC (Total I)",8.854682,2.15873619242898
"Total iRBC (Total I)",8.854682,0.418304437240315
"Total iRBC (Total I)",8.854682,1.85168098787022
"Total iRBC (Total I)",8.854682,0.0114521406575586
"Total iRBC (Total I)",8.854682,0.00452237979306663
"Total iRBC (Total I)",8.854682,0.00446964434206024
"Total iRBC (Total I)",8.854682,2.40209447686084e-37
"Total iRBC (Total I)",8.854682,0.0106838604525332
"Total iRBC (Total I)",8.854682,0.00439483876381137
"Total iRBC (Total I)",8.854682,4.498764872537e-77
"Total iRBC (Total I)",8.854682,0.295993745731907
"Total iRBC (Total I)",8.854682,1.78221311725333
"Total iRBC (Total I)",8.854682,7.3884455073785e-07
"Total iRBC (Total I)",8.854682,2.42224757729329
"Total iRBC (Total I)",8.854682,1.80124596471601
"Total iRBC (Total I)",8.854682,0.0044087590710043
"Total iRBC (Total I)",8.854682,0.0176546338348574
"Total iRBC (Total I)",8.854682,1.32593393575807e-29
"Total iRBC (Total I)",8.854682,0.00461026315874534
"Total iRBC (Total I)",8.854682,2.11751627146727
"Total iRBC (Total I)",8.854682,0.00440424051614323
"Total iRBC (Total I)",8.854682,2.47384725238507e-17
"Total iRBC (Total I)",8.854682,0.00038764653992713
"Total iRBC (Total I)",8.854682,4.06722700738255e-74
"Total iRBC (Total I)",8.854682,0.00443008098663391
"Total iRBC (Total I)",8.854682,2.03514184640429
"Total iRBC (Total I)",8.854682,3.14040005811953
"Total iRBC (Total I)",8.854682,2.0156412940355
"Total iRBC (Total I)",8.854682,0.00442607254060976
"Total iRBC (Total I)",8.854682,0.950894324325803
"Total iRBC (Total I)",8.854682,0.001492105271318
"Total iRBC (Total I)",8.854682,2.40274045723831
"Total iRBC (Total I)",8.854682,0.00443762476987739
"Total iRBC (Total I)",8.854682,0.025802531116894
"Total iRBC (Total I)",8.854682,0.0126954985054475
"Total iRBC (Total I)",8.854682,0.00440721685937481
"Total iRBC (Total I)",8.854682,0.00466122524739924
"Total iRBC (Total I)",8.854682,1.74473741291709e-11
"Total iRBC (Total I)",8.854682,0.00456220880968686
"Total iRBC (Total I)",8.854682,1.40640929365954e-41
"Total iRBC (Total I)",8.854682,0.765689910055649
"Total iRBC (Total I)",8.854682,9.94678912157765e-09
"Total iRBC (Total I)",8.854682,0.205582856970312
"Total iRBC (Total I)",8.854682,0.0688873021485766
"Total iRBC (Total I)",8.854682,1.52540180707998e-14
"Total iRBC (Total I)",8.854682,0.00708448909252907
"Total iRBC (Total I)",8.854682,1.22861769605308e-10
"Total iRBC (Total I)",8.854682,5.43444028113224e-16
"Total iRBC (Total I)",8.854682,1.55763742492623e-06
"Total iRBC (Total I)",8.854682,0.0296794104787108
"Total iRBC (Total I)",8.854682,4.37288270664892e-13
"Total iRBC (Total I)",8.854682,1.31833688339678
"Total iRBC (Total I)",8.854682,2.2214864912921
"Total iRBC (Total I)",8.854682,0.00439676155233656
"Total iRBC (Total I)",8.854682,0.00439493118629039
"Total iRBC (Total I)",8.854682,2.33466147408123
"Total iRBC (Total I)",8.854682,0.00479440670998468
"Total iRBC (Total I)",8.854682,0.00446893684575221
"Total iRBC (Total I)",8.854682,0.00452483739084163
"Total iRBC (Total I)",8.854682,0.00855099676395968
"Total iRBC (Total I)",8.854682,2.15999267006596
"Total iRBC (Total I)",8.854682,0.00219894129049629
"Total iRBC (Total I)",8.854682,0.00361776915910663
"Total iRBC (Total I)",8.854682,2.05410825354634
"Total iRBC (Total I)",8.854682,3.89835579550521e-13
"Total iRBC (Total I)",8.854682,1.88831899786964
"Total iRBC (Total I)",8.854682,0.195133003411397
"Total iRBC (Total I)",8.854682,0.0141718110078648
"Total iRBC (Total I)",8.854682,0.00439708508156515
"Total iRBC (Total I)",8.854682,5.33753389650988e-43
"Total iRBC (Total I)",8.854682,1.96465365538053
"Total iRBC (Total I)",8.854682,0.00440310743981107
"Total iRBC (Total I)",8.854682,0.00446574482095174
"Total iRBC (Total I)",8.854682,0.045359643979902
"Total iRBC (Total I)",8.854682,0.00698587360043085
"Total iRBC (Total I)",8.854682,0.280910971083602
"Total iRBC (Total I)",8.854682,0.0121567889540697
"Total iRBC (Total I)",8.854682,7.97239475171283e-53
"Total iRBC (Total I)",8.854682,9.62529743516183e-29
"Total iRBC (Total I)",8.854682,0.00152791268191648
"Total iRBC (Total I)",8.854682,1.68992881213372e-09
"Total iRBC (Total I)",8.854682,3.28983127753042
"Total iRBC (Total I)",8.854682,1.25514925225899e-07
"Total iRBC (Total I)",8.854682,0.984480581318202
"Total iRBC (Total I)",8.854682,1.57765878494114e-26
"Total iRBC (Total I)",8.854682,0.00533018729846944
"Total iRBC (Total I)",8.854682,0.00281887608019955
"Total iRBC (Total I)",8.854682,2.07598412644023
"Total iRBC (Total I)",8.854682,0.0266071772173842
"Total iRBC (Total I)",8.854682,0.00872828157121754
"Total iRBC (Total I)",8.854682,0.00441309845395697
"Total iRBC (Total I)",8.854682,2.04953940311396
"Total iRBC (Total I)",8.854682,2.05841003940283
"Total iRBC (Total I)",8.854682,0.0046933964954178
"Total iRBC (Total I)",8.854682,0.209152499419333
"Total iRBC (Total I)",8.854682,0.00020493952458531
"Total iRBC (Total I)",8.854682,4.42480893925404e-26
"Total iRBC (Total I)",8.854682,1.32973454125604e-13
"Total iRBC (Total I)",8.854682,1.36948703366833e-92
"Total iRBC (Total I)",8.854682,0.00501174411849674
"Total iRBC (Total I)",8.854682,0.00475303788771735
"Total iRBC (Total I)",8.854682,2.48388022285715e-07
"Total iRBC (Total I)",8.854682,5.89614100783372e-06
"Total iRBC (Total I)",8.854682,6.06169183361958
"Total iRBC (Total I)",8.854682,0.000227479049201597
"Total iRBC (Total I)",8.854682,1.79434865092527
"Total iRBC (Total I)",8.854682,1.76671507648603
"Total iRBC (Total I)",8.854682,0.00439465085043788
"Total iRBC (Total I)",8.854682,0.00440951411886563
"Total iRBC (Total I)",8.854682,0.0166741369013975
"Total iRBC (Total I)",8.854682,0.836154795091909
"Total iRBC (Total I)",8.854682,1.78308985945931
"Total iRBC (Total I)",8.854682,1.78085402715699
"Total iRBC (Total I)",8.854682,0.00534100821556016
"Total iRBC (Total I)",8.854682,0.226253626255496
"Total iRBC (Total I)",8.854682,0.00442738510454515
"Total iRBC (Total I)",8.854682,1.96128939754297
"Total iRBC (Total I)",8.854682,0.00446180271175505
"Total iRBC (Total I)",8.854682,0.00441282231870805
"Total iRBC (Total I)",8.854682,0.00607929647137375
"Total iRBC (Total I)",8.854682,1.85134408937694
"Total iRBC (Total I)",8.854682,0.00633535818694084
"Total iRBC (Total I)",8.854682,0.00443639032869159
"Total iRBC (Total I)",8.854682,5.86985533826129e-64
"Total iRBC (Total I)",8.854682,0.00440595067056671
"Total iRBC (Total I)",8.854682,0.00441330902519238
"Total iRBC (Total I)",8.854682,0.00443098538446773
"Total iRBC (Total I)",8.854682,0.00440395151911407
"Total iRBC (Total I)",8.854682,1.83833442178292
"Total iRBC (Total I)",8.854682,1.74856792833233
"Total iRBC (Total I)",8.854682,0.137538933127095
"Total iRBC (Total I)",8.854682,0.00788152213269909
"Total iRBC (Total I)",8.854682,1.94648895656819
"Total iRBC (Total I)",8.854682,1.79798232033272
"Total iRBC (Total I)",8.854682,0.00439628603583213
"Total iRBC (Total I)",8.854682,1.11177111532339e-28
"Total iRBC (Total I)",8.854682,6.76768200574571e-09
"Total iRBC (Total I)",8.854682,0.00464492605064661
"Total iRBC (Total I)",8.854682,2.01355828961355
"Total iRBC (Total I)",8.854682,2.03991635190319e-18
"Total iRBC (Total I)",8.854682,0.404604078169314
"Total iRBC (Total I)",8.854682,0.874907832235789
"Total iRBC (Total I)",8.854682,0.342149431099687
"Total iRBC (Total I)",8.854682,1.52067104286719
"Total iRBC (Total I)",8.854682,0.00461386671626476
"Total iRBC (Total I)",8.854682,0.00567751494860385
"Total iRBC (Total I)",8.854682,0.00491183774268646
"Total iRBC (Total I)",8.854682,0.00451491402660418
"Total iRBC (Total I)",8.854682,0.792904885819488
"Total iRBC (Total I)",8.854682,0.00446086677769568
"Total iRBC (Total I)",8.854682,0.118310223490959
"Total iRBC (Total I)",8.854682,2.84449179828266
"Total iRBC (Total I)",8.854682,1.39241822677146e-75
"Total iRBC (Total I)",8.854682,1.21809254256742e-09
"Total iRBC (Total I)",8.854682,0.0178116834023101
"Total iRBC (Total I)",8.854682,3.47078356849656
"Total iRBC (Total I)",8.854682,7.98286904740023e-13
"Total iRBC (Total I)",8.854682,0.00543198059855546
"Total iRBC (Total I)",8.854682,0.00444065707135707
"Total iRBC (Total I)",8.854682,1.97086145098643
"Total iRBC (Total I)",8.854682,4.13452669458919e-19
"Total iRBC (Total I)",8.854682,0.0154684135812798
"Total iRBC (Total I)",8.854682,1.81874401016504
"Total iRBC (Total I)",8.854682,0.00442000293646279
"Total iRBC (Total I)",8.854682,1.95911915645054
"Total iRBC (Total I)",8.854682,0.00879440158070045
"Total iRBC (Total I)",8.854682,1.5779484391641
"Total iRBC (Total I)",8.854682,0.327690859517652
"Total iRBC (Total I)",8.854682,6.92679794753387e-62
"Total iRBC (Total I)",8.854682,1.86857274507749
"Total iRBC (Total I)",8.854682,0.00372184655543298
"Total iRBC (Total I)",8.854682,0.004431268046995
"Total iRBC (Total I)",8.854682,1.89191430993417
"Total iRBC (Total I)",8.854682,2.92034255435922e-32
"Total iRBC (Total I)",8.854682,0.00441859985463408
"Total iRBC (Total I)",8.854682,0.00716456056547391
"Total iRBC (Total I)",8.854682,3.64082758768774e-06
"Total iRBC (Total I)",8.854682,0.0177108797893217
"Total iRBC (Total I)",8.854682,2.13811413107662e-05
"Total iRBC (Total I)",8.854682,4.47025305923155e-07
"Total iRBC (Total I)",8.854682,1.7963157438101
"Total iRBC (Total I)",8.854682,0.00442539854653161
"Total iRBC (Total I)",8.854682,3.26304904892481e-14
"Total iRBC (Total I)",8.854682,9.01142381787491e-89
"Total iRBC (Total I)",8.854682,5.41579998390937e-102
"Total iRBC (Total I)",8.854682,8.86618107540338e-54
"Total iRBC (Total I)",8.854682,0.0044152927313443
"Total iRBC (Total I)",8.854682,0.00494851865119917
"Total iRBC (Total I)",8.854682,2.24961413287538
"Total iRBC (Total I)",8.854682,0.336699355160859
"Total iRBC (Total I)",8.854682,0.00450787176933492
"Total iRBC (Total I)",8.854682,0.00439463391065343
"Total iRBC (Total I)",8.854682,0.00749300195071577
"Total iRBC (Total I)",8.854682,2.27787512412214
"Total iRBC (Total I)",8.854682,0.00440048596285213
"Total iRBC (Total I)",8.854682,0.00439985999181677
"Total iRBC (Total I)",8.854682,0.0090159843521887
"Total iRBC (Total I)",8.854682,0.00448562429431686
"Total iRBC (Total I)",8.854682,1.8887791162887
"Total iRBC (Total I)",8.854682,1.95104864455903
"Total iRBC (Total I)",8.854682,2.43559506567895
"Total iRBC (Total I)",8.854682,0.00463126856951927
"Total iRBC (Total I)",8.854682,1.82364157497387
"Total iRBC (Total I)",8.854682,1.53388563249691e-08
"Total iRBC (Total I)",8.854682,3.47099957917285e-18
"Total iRBC (Total I)",8.854682,0.00456481268687616
"Total iRBC (Total I)",8.854682,1.81471405580663
"Total iRBC (Total I)",8.854682,0.922770174415218
"Total iRBC (Total I)",8.854682,0.00556279197316813
"Total iRBC (Total I)",8.854682,0.00454663225762324
"Total iRBC (Total I)",8.854682,1.98004759869004
"Total iRBC (Total I)",8.854682,0.00620304630911713
"Total iRBC (Total I)",8.854682,1.98162270202918
"Total iRBC (Total I)",8.854682,2.75047628120229e-07
"Total iRBC (Total I)",8.854682,0.0915697893205124
"Total iRBC (Total I)",8.854682,7.24281922994064e-38
"Total iRBC (Total I)",8.854682,0.0228535027621106
"Total iRBC (Total I)",8.854682,0.0409320226317297
"Total iRBC (Total I)",8.854682,2.52195463661156
"Total iRBC (Total I)",8.854682,1.08639428904436e-19
"Total iRBC (Total I)",8.854682,2.15902702666758
"Total iRBC (Total I)",8.854682,0.00439773143682557
"Total iRBC (Total I)",8.854682,1.82036576079093
"Total iRBC (Total I)",8.854682,2.2589035510479
"Total iRBC (Total I)",8.854682,1.76932540096555
"Total iRBC (Total I)",8.854682,2.069463654436
"Total iRBC (Total I)",8.854682,0.0159738223171727
"Total iRBC (Total I)",8.854682,2.91502391447106e-57
"Total iRBC (Total I)",8.854682,0.00492453458127311
"Total iRBC (Total I)",8.854682,0.00463171825064588
"Total iRBC (Total I)",8.854682,0.00603855670383997
"Total iRBC (Total I)",8.854682,0.00641508917352315
"Total iRBC (Total I)",8.854682,0.00439751329032288
"Total iRBC (Total I)",8.854682,1.8526460134272
"Total iRBC (Total I)",8.854682,2.11914553319453
"Total iRBC (Total I)",8.854682,2.58655344478202e-31
"Total iRBC (Total I)",8.854682,8.76123133466191e-19
"Total iRBC (Total I)",8.854682,0.00448605151998742
"Total iRBC (Total I)",8.854682,1.96150148480646
"Total iRBC (Total I)",8.854682,1.23001703369208e-11
"Total iRBC (Total I)",8.854682,0.00440617721801391
"Total iRBC (Total I)",8.854682,1.79762333226542e-41
"Total iRBC (Total I)",8.854682,0.00441868315216996
"Total iRBC (Total I)",8.854682,0.00483026222357895
"Total iRBC (Total I)",8.854682,0.00446578177667668
"Total iRBC (Total I)",8.854682,1.74366583053969
"Total iRBC (Total I)",8.854682,5.84849612585155e-14
"Total iRBC (Total I)",8.854682,2.46613602641507
"Total iRBC (Total I)",8.854682,0.18579929681817
"Total iRBC (Total I)",8.854682,3.56803749188949e-68
"Total iRBC (Total I)",8.854682,6.866516111218e-21
"Total iRBC (Total I)",8.854682,0.00440847602016572
"Total iRBC (Total I)",8.854682,1.94381557943033e-06
"Total iRBC (Total I)",8.854682,0.00477726803538499
"Total iRBC (Total I)",8.854682,0.00647885436213628
"Total iRBC (Total I)",8.854682,0.00509471966639992
"Total iRBC (Total I)",8.854682,0.000680474477821568
"Total iRBC (Total I)",8.854682,0.00440779169444498
"Total iRBC (Total I)",8.854682,1.1526893490724e-78
"Total iRBC (Total I)",8.854682,0.00439648707703356
"Total iRBC (Total I)",8.854682,1.90372775172154
"Total iRBC (Total I)",8.854682,0.00922385907197459
"Total iRBC (Total I)",8.854682,0.00439924700430412
"Total iRBC (Total I)",8.854682,1.61957156479314
"Total iRBC (Total I)",8.854682,1.78020254699738
"Total iRBC (Total I)",8.854682,0.104023705021168
"Total iRBC (Total I)",8.854682,1.91747327278918
"Total iRBC (Total I)",8.854682,1.9836442796461
"Total iRBC (Total I)",8.854682,0.000322551381246299
"Total iRBC (Total I)",8.854682,0.00442500076104926
"Total iRBC (Total I)",8.854682,7.12366812514112e-31
"Total iRBC (Total I)",8.854682,1.98240009467501
"Total iRBC (Total I)",8.854682,3.51157478761197e-09
"Total iRBC (Total I)",8.854682,0.0448419386658811
"Total iRBC (Total I)",8.854682,1.32418246358969e-23
"Total iRBC (Total I)",8.854682,2.33406671784854
"Total iRBC (Total I)",8.854682,0.00439542533184615
"Total iRBC (Total I)",8.854682,0.0121293506449134
"Total iRBC (Total I)",8.854682,1.90180128659758
"Total iRBC (Total I)",8.854682,0.0044361517624321
"Total iRBC (Total I)",8.854682,2.25174594179899
"Total iRBC (Total I)",8.854682,1.59751877857218
"Total iRBC (Total I)",8.854682,0.00446080527069237
"Total iRBC (Total I)",8.854682,0.00443278319992732
"Total iRBC (Total I)",8.854682,0.00560921349652377
"Total iRBC (Total I)",8.854682,6.38708731167669
"Total iRBC (Total I)",8.854682,0.146317773185334
"Total iRBC (Total I)",8.854682,4.63449138324478e-86
"Total iRBC (Total I)",8.854682,2.20424489106872
"Total iRBC (Total I)",8.854682,1.93345169081004e-88
"Total iRBC (Total I)",8.854682,0.00710796149125837
"Total iRBC (Total I)",8.854682,1.64283861638751
"Total iRBC (Total I)",8.854682,0.00445801109361047
"Total iRBC (Total I)",8.854682,4.61419561308797e-31
"Total iRBC (Total I)",8.854682,2.00307762076709
"Total iRBC (Total I)",8.854682,6.17643304049014e-59
"Total iRBC (Total I)",8.854682,0.00044203610691912
"Total iRBC (Total I)",8.854682,0.000697081270930239
"Total iRBC (Total I)",8.854682,0.0073643766076754
"Total iRBC (Total I)",8.854682,2.28630697932562
"Total iRBC (Total I)",8.854682,1.79239048986981
"Total iRBC (Total I)",8.854682,2.11379731058086
"Total iRBC (Total I)",8.854682,1.76818826582198
"Total iRBC (Total I)",8.854682,0.00444069491501275
"Total iRBC (Total I)",8.854682,2.17450271792308e-70
"Total iRBC (Total I)",8.854682,2.17827030607839
"Total iRBC (Total I)",8.854682,0.00569049016489788
"Total iRBC (Total I)",8.854682,0.00439684962493032
"Total iRBC (Total I)",8.854682,0.41790560106821
"Total iRBC (Total I)",8.854682,0.00443623840709902
"Total iRBC (Total I)",8.854682,0.0043961773804576
"Total iRBC (Total I)",8.854682,3.41519891417465
"Total iRBC (Total I)",8.854682,0.000924894525032832
"Total iRBC (Total I)",8.854682,0.00447360753002943
"Total iRBC (Total I)",8.854682,8.36107324292627e-07
"Total iRBC (Total I)",8.854682,0.0469227792520548
"Total iRBC (Total I)",8.854682,2.37939599405297
"Total iRBC (Total I)",8.854682,0.0045072806435793
"Total iRBC (Total I)",8.854682,1.81061945952079e-09
"Total iRBC (Total I)",8.854682,0.00593631245458403
"Total iRBC (Total I)",8.854682,1.41231529833216e-29
"Total iRBC (Total I)",8.854682,0.00440923452288591
"Total iRBC (Total I)",8.854682,0.00439526314952968
"Total iRBC (Total I)",8.854682,7.41975753854514e-06
"Total iRBC (Total I)",8.854682,0.00576015628653483
"Total iRBC (Total I)",8.854682,3.10776035587508e-20
"Total iRBC (Total I)",8.854682,0.0244106539100687
"Total iRBC (Total I)",8.854682,0.00449913893738127
"Total iRBC (Total I)",8.854682,0.00479246588882413
"Total iRBC (Total I)",8.854682,0.00440767717351453
"Total iRBC (Total I)",8.854682,1.26215611916837e-16
"Total iRBC (Total I)",8.854682,9.87070133589511e-26
"Total iRBC (Total I)",8.854682,1.87313819961044
"Total iRBC (Total I)",8.854682,2.22604104523573
"Total iRBC (Total I)",8.854682,2.76211224092692
"Total iRBC (Total I)",8.854682,0.415574415682934
"Total iRBC (Total I)",8.854682,0.00484605346480433
"Total iRBC (Total I)",8.854682,2.36664025113899
"Total iRBC (Total I)",8.854682,0.00439708466195996
"Total iRBC (Total I)",8.854682,0.0935523147671733
"Total iRBC (Total I)",8.854682,1.99041987156428
"Total iRBC (Total I)",8.854682,9.64053959572432e-05
"Total iRBC (Total I)",8.854682,6.73785018787499e-36
"Total iRBC (Total I)",8.854682,1.87725500692062
"Total iRBC (Total I)",8.854682,2.68274638916157
"Total iRBC (Total I)",8.854682,0.000162110794999569
"Total iRBC (Total I)",8.854682,0.00440505930654487
"Total iRBC (Total I)",8.854682,4.47784050774706e-73
"Total iRBC (Total I)",8.854682,0.000789493628584946
"Total iRBC (Total I)",8.854682,3.83126946394533e-48
"Total iRBC (Total I)",8.854682,0.0102250332029175
"Total iRBC (Total I)",8.854682,0.00519567438400284
"Total iRBC (Total I)",8.854682,5.18032700543038e-09
"Total iRBC (Total I)",8.854682,1.59226040403908e-78
"Total iRBC (Total I)",8.854682,8.80833471868808e-21
"Total iRBC (Total I)",8.854682,2.33414409061921
"Total iRBC (Total I)",8.854682,0.00449620780255599
"Total iRBC (Total I)",8.854682,0.00604921629197864
"Total iRBC (Total I)",8.854682,0.00461313253017314
"Total iRBC (Total I)",8.854682,0.0569981356202184
"Total iRBC (Total I)",8.854682,2.76737726767326
"Total iRBC (Total I)",8.854682,2.00859413789873
"Total iRBC (Total I)",8.854682,0.00439578593393599
"Total iRBC (Total I)",8.854682,0.00439641719024049
"Total iRBC (Total I)",8.854682,0.000257163839846443
"Total iRBC (Total I)",8.854682,1.87423728210284
"Total iRBC (Total I)",8.854682,0.00441596986257087
"Total iRBC (Total I)",8.854682,0.104111084379924
"Total iRBC (Total I)",8.854682,5.88469979797489e-05
"Total iRBC (Total I)",8.854682,3.37563420171332e-08
"Total iRBC (Total I)",8.854682,0.00441805622448946
"Total iRBC (Total I)",8.854682,0.00442035941773354
"Total iRBC (Total I)",8.854682,0.729135784641416
"Total iRBC (Total I)",8.854682,1.99427011587276
"Total iRBC (Total I)",8.854682,0.0064581721345833
"Total iRBC (Total I)",8.854682,0.00440751386385864
"Total iRBC (Total I)",8.854682,1.78366316621159
"Total iRBC (Total I)",8.854682,0.00439641875043437
"Total iRBC (Total I)",8.854682,8.34720234056226e-39
"Total iRBC (Total I)",8.854682,0.00447347327602603
"Total iRBC (Total I)",8.854682,7.30845134364928e-30
"Total iRBC (Total I)",8.854682,0.00455892262362232
"Total iRBC (Total I)",8.854682,1.98575568109433
"Total iRBC (Total I)",8.854682,0.00476895252018745
"Total iRBC (Total I)",8.854682,0.231386481594612
"Total iRBC (Total I)",8.854682,0.00442666693053
"Total iRBC (Total I)",8.854682,0.116228253385911
"Total iRBC (Total I)",8.854682,0.00581839167127491
"Total iRBC (Total I)",8.854682,1.48786873262931e-05
"Total iRBC (Total I)",8.854682,0.00454014699646533
"Total iRBC (Total I)",8.854682,0.00476972956937375
"Total iRBC (Total I)",8.854682,1.90414440562751
"Total iRBC (Total I)",8.854682,6.95605840157644e-70
"Total iRBC (Total I)",8.854682,1.93902842751428
"Total iRBC (Total I)",8.854682,1.97133811024126
"Total iRBC (Total I)",8.854682,0.00521228905310063
"Total iRBC (Total I)",8.854682,0.940419337831435
"Total iRBC (Total I)",8.854682,0.00442280809973073
"Total iRBC (Total I)",8.854682,0.00517056410871683
"Total iRBC (Total I)",8.854682,2.85169123743384
"Total iRBC (Total I)",8.854682,6.19774065342e-65
"Total iRBC (Total I)",8.854682,1.88361382830628
"Total iRBC (Total I)",8.854682,0.102758545594628
"Total iRBC (Total I)",8.854682,2.12190281525447
"Total iRBC (Total I)",8.854682,1.04377569064794
"Total iRBC (Total I)",8.854682,2.58332029880527
"Total iRBC (Total I)",8.854682,1.78564974646546
"Total iRBC (Total I)",8.854682,2.23320246873568
"Total iRBC (Total I)",8.854682,6.86037182227593e-13
"Total iRBC (Total I)",8.854682,0.00441353995184726
"Total iRBC (Total I)",8.854682,0.574196364715849
"Total iRBC (Total I)",8.854682,0.00441754596941587
"Total iRBC (Total I)",8.854682,0.369525536235895
"Total iRBC (Total I)",8.854682,0.00442479634450715
"Total iRBC (Total I)",8.854682,0.00456395127814656
"Total iRBC (Total I)",8.854682,1.80370193242204
"Total iRBC (Total I)",8.854682,5.20259719922687e-05
"Total iRBC (Total I)",8.854682,0.0044185347250062
"Total iRBC (Total I)",8.854682,0.00501509375432322
"Total iRBC (Total I)",8.854682,0.00440006354405547
"Total iRBC (Total I)",8.854682,1.58813687321049
"Total iRBC (Total I)",8.854682,2.22893211321492
"Total iRBC (Total I)",8.854682,2.30459064477812
"Total iRBC (Total I)",8.854682,0.213488360021261
"Total iRBC (Total I)",8.854682,2.93265409764575
"Total iRBC (Total I)",8.854682,1.62149843411047e-66
"Total iRBC (Total I)",8.854682,0.00440119656598236
"Total iRBC (Total I)",8.854682,2.92884223565138
"Total iRBC (Total I)",8.854682,0.00522566540581142
"Total iRBC (Total I)",8.854682,0.0351122892688231
"Total iRBC (Total I)",8.854682,0.00511997251686109
"Total iRBC (Total I)",8.854682,1.70548367891562e-46
"Total iRBC (Total I)",8.854682,0.378856136404925
"Total iRBC (Total I)",8.854682,2.08252092102735
"Total iRBC (Total I)",8.854682,8.46182678960558e-62
"Total iRBC (Total I)",8.854682,1.07222449410191e-17
"Total iRBC (Total I)",8.854682,0.00440102196403886
"Total iRBC (Total I)",8.854682,1.88121082709561e-13
"Total iRBC (Total I)",8.854682,0.0262293494354776
"Total iRBC (Total I)",8.854682,0.00731798925684694
"Total iRBC (Total I)",8.854682,0.00442164527206396
"Total iRBC (Total I)",8.854682,2.28510793374297
"Total iRBC (Total I)",8.854682,0.004507451585195
"Total iRBC (Total I)",8.854682,1.99812861384796
"Total iRBC (Total I)",8.854682,8.3998847932747e-10
"Total iRBC (Total I)",8.854682,0.00485670614688455
"Total iRBC (Total I)",8.854682,0.0506282306960573
"Total iRBC (Total I)",8.854682,5.31486776406524e-70
"Total iRBC (Total I)",8.854682,0.00462420142997042
"Total iRBC (Total I)",8.854682,0.00526352196619404
"Total iRBC (Total I)",8.854682,1.84750096273032
"Total iRBC (Total I)",8.854682,1.85205339998373
"Total iRBC (Total I)",8.854682,0.00865819829199418
"Total iRBC (Total I)",8.854682,1.85313209747308
"Total iRBC (Total I)",8.854682,3.33207366462486
"Total iRBC (Total I)",8.854682,1.08834458749939
"Total iRBC (Total I)",8.854682,0.00744053665793717
"Total iRBC (Total I)",8.854682,1.7172722269656e-07
"Total iRBC (Total I)",8.854682,1.82271261667795
"Total iRBC (Total I)",8.854682,2.1334888793404
"Total iRBC (Total I)",8.854682,0.00439536205683864
"Total iRBC (Total I)",8.854682,1.98941587620683
"Total iRBC (Total I)",8.854682,4.25144426134934
"Total iRBC (Total I)",8.854682,0.00440003499466563
"Total iRBC (Total I)",8.854682,6.53110927282031
"Total iRBC (Total I)",8.854682,0.03847698021206
"Total iRBC (Total I)",8.854682,1.98406973627595
"Total iRBC (Total I)",8.854682,0.00444851481104949
"Total iRBC (Total I)",8.854682,2.92441394815498
"Total iRBC (Total I)",8.854682,0.00485563224166165
"Total iRBC (Total I)",8.854682,0.00536398564633977
"Total iRBC (Total I)",8.854682,0.0696823905523261
"Total iRBC (Total I)",8.854682,0.00440854047788585
"Total iRBC (Total I)",8.854682,0.458865731652963
"Total iRBC (Total I)",8.854682,0.686423042722066
"Total iRBC (Total I)",8.854682,1.81738409124933
"Total iRBC (Total I)",8.854682,4.22479545974886e-55
"Total iRBC (Total I)",8.854682,0.0051656622635795
"Total iRBC (Total I)",8.854682,0.00441591476088778
"Total iRBC (Total I)",8.854682,0.00464100876538074
"Total iRBC (Total I)",8.854682,0.0052378497943513
"Total iRBC (Total I)",8.854682,2.01527329844491
"Total iRBC (Total I)",8.854682,8.89524594097142e-14
"Total iRBC (Total I)",8.854682,1.09667329067074e-07
"Total iRBC (Total I)",8.854682,0.00447338764376277
"Total iRBC (Total I)",8.854682,0.0044281967707856
"Total iRBC (Total I)",8.854682,1.53273999712824
"Total iRBC (Total I)",8.854682,7.95514951510484e-68
"Total iRBC (Total I)",8.854682,1.9346170239407
"Total iRBC (Total I)",8.854682,0.00467809332285103
"Total iRBC (Total I)",8.854682,1.943825139194
"Total iRBC (Total I)",8.854682,6.3211292962344e-52
"Total iRBC (Total I)",8.854682,4.50353764610151e-88
"Total iRBC (Total I)",8.854682,1.93042268461582
"Total iRBC (Total I)",8.854682,0.112313550721569
"Total iRBC (Total I)",8.854682,1.81070510347847
"Total iRBC (Total I)",8.854682,0.0911126482699215
"Total iRBC (Total I)",8.854682,0.00528643517096935
"Total iRBC (Total I)",8.854682,0.00441691941457866
"Total iRBC (Total I)",8.854682,5.91914401366658
"Total iRBC (Total I)",8.854682,0.0711542890015961
"Total iRBC (Total I)",8.854682,8.66750804574946e-83
"Total iRBC (Total I)",8.854682,2.05657101752724
"Total iRBC (Total I)",8.854682,0.00919300931686874
"Total iRBC (Total I)",8.854682,0.000104427240489669
"Total iRBC (Total I)",8.854682,0.0428986970961964
"Total iRBC (Total I)",8.854682,0.00440432833820022
"Total iRBC (Total I)",8.854682,0.0043953662586776
"Total iRBC (Total I)",8.854682,0.0044696868931035
"Total iRBC (Total I)",8.854682,1.80815611093126
"Total iRBC (Total I)",8.854682,4.85131012226079e-16
"Total iRBC (Total I)",8.854682,1.88766455140967
"Total iRBC (Total I)",8.854682,2.52675867910135e-52
"Total iRBC (Total I)",8.854682,2.69908894318727
"Total iRBC (Total I)",8.854682,1.85593545843381
"Total iRBC (Total I)",8.854682,0.00439505567114721
"Total iRBC (Total I)",8.854682,0.00587478832524861
"Total iRBC (Total I)",8.854682,1.81055944831153
"Total iRBC (Total I)",8.854682,0.00449470597428235
"Total iRBC (Total I)",8.854682,1.7903913603166
"Total iRBC (Total I)",8.854682,4.13083747638726e-39
"Total iRBC (Total I)",8.854682,0.00581466396362314
"Total iRBC (Total I)",8.854682,0.603938723580211
"Total iRBC (Total I)",8.854682,0.00839837953145552
"Total iRBC (Total I)",8.854682,1.81778945770158
"Total iRBC (Total I)",8.854682,0.0862957292372585
"Total iRBC (Total I)",8.854682,1.96721421705652
"Total iRBC (Total I)",8.854682,2.04316390717877
"Total iRBC (Total I)",8.854682,0.0897727440180233
"Total iRBC (Total I)",8.854682,9.29193130895114e-24
"Total iRBC (Total I)",8.854682,0.0100402027451181
"Total iRBC (Total I)",8.854682,0.00440029179374315
"Total iRBC (Total I)",8.854682,0.0043965597166899
"Total iRBC (Total I)",8.854682,0.00460613524203082
"Total iRBC (Total I)",8.854682,1.86331135228774
"Total iRBC (Total I)",8.854682,3.08740118563866
"Total iRBC (Total I)",8.854682,0.00532664092249531
"Total iRBC (Total I)",8.854682,1.83704533661257
"Total iRBC (Total I)",8.854682,0.00444926149419215
"Total iRBC (Total I)",8.854682,1.79433227308743
"Total iRBC (Total I)",8.854682,0.00443013939771939
"Total iRBC (Total I)",8.854682,1.88278763059555
"Total iRBC (Total I)",8.854682,1.86168839951049
"Total iRBC (Total I)",8.854682,0.00439783940574926
"Total iRBC (Total I)",8.854682,0.559674853597091
"Total iRBC (Total I)",8.854682,1.92648420907562e-90
"Total iRBC (Total I)",8.854682,3.71312383785179e-12
"Total iRBC (Total I)",8.854682,0.00472922371731577
"Total iRBC (Total I)",8.854682,0.00439920232650086
"Total iRBC (Total I)",8.854682,0.00463709931416324
"Total iRBC (Total I)",8.854682,0.00442564776626927
"Total iRBC (Total I)",8.854682,4.97666847642317e-06
"Total iRBC (Total I)",8.854682,2.03938786091812
"Total iRBC (Total I)",8.854682,1.64164765129023e-08
"Total iRBC (Total I)",8.854682,5.23199836629388e-16
"Total iRBC (Total I)",8.854682,0.00440555885589216
"Total iRBC (Total I)",8.854682,0.0082907386669589
"Total iRBC (Total I)",8.854682,0.00669239535379923
"Total iRBC (Total I)",8.854682,1.74429503560224
"Total iRBC (Total I)",8.854682,0.00440028944381902
"Total iRBC (Total I)",8.854682,1.33894509063552
"Total iRBC (Total I)",8.854682,0.0084608393884233
"Total iRBC (Total I)",8.854682,1.30742245205682e-91
"Total iRBC (Total I)",8.854682,1.20033777700608
"Total iRBC (Total I)",8.854682,0.0046618634778304
"Total iRBC (Total I)",8.854682,0.0044147842377984
"Total iRBC (Total I)",8.854682,0.00978149889633566
"Total iRBC (Total I)",8.854682,0.00493622770260648
"Total iRBC (Total I)",8.854682,0.00471488989740456
"Total iRBC (Total I)",8.854682,0.00730148283101819
"Total iRBC (Total I)",8.854682,0.0911656562414952
"Total iRBC (Total I)",8.854682,0.00477302880891413
"Total iRBC (Total I)",8.854682,0.0433322137935605
"Total iRBC (Total I)",8.854682,4.7929968904191e-10
"Total iRBC (Total I)",8.854682,0.0133268503129039
"Total iRBC (Total I)",8.854682,2.01285229498598
"Total iRBC (Total I)",8.854682,1.84067895018177
"Total iRBC (Total I)",8.854682,0.809180035696821
"Total iRBC (Total I)",8.854682,0.0194872245189708
"Total iRBC (Total I)",8.854682,0.00463868458432241
"Total iRBC (Total I)",8.854682,5.99339078829433
"Total iRBC (Total I)",8.854682,1.35167216795361
"Total iRBC (Total I)",8.854682,0.00442056393720608
"Total iRBC (Total I)",8.854682,0.00445488393937786
"Total iRBC (Total I)",8.854682,0.00439887143615548
"Total iRBC (Total I)",8.854682,3.99479865472629
"Total iRBC (Total I)",8.854682,0.0130134820222419
"Total iRBC (Total I)",8.854682,1.49992495820803e-53
"Total iRBC (Total I)",8.854682,0.00503958001747324
"Total iRBC (Total I)",8.854682,3.02008969909959e-09
"Total iRBC (Total I)",8.854682,0.568560932432096
"Total iRBC (Total I)",8.854682,0.342095926814313
"Total iRBC (Total I)",8.854682,2.96575708615006
"Total iRBC (Total I)",8.854682,0.00509603690530212
"Total iRBC (Total I)",8.854682,0.145139044561562
"Total iRBC (Total I)",8.854682,1.89299183468164
"Total iRBC (Total I)",8.854682,3.72074105966919e-05
"Total iRBC (Total I)",8.854682,7.37661082958311e-11
"Total iRBC (Total I)",8.854682,1.84687056342932
"Total iRBC (Total I)",8.854682,1.97136813935086
"Total iRBC (Total I)",8.854682,0.00451686306772661
"Total iRBC (Total I)",8.854682,9.63067021715575e-07
"Total iRBC (Total I)",8.854682,2.0039014881696
"Total iRBC (Total I)",8.854682,1.76812715373051
"Total iRBC (Total I)",8.854682,2.22082653064225
"Total iRBC (Total I)",8.854682,0.0115563138601392
"Total iRBC (Total I)",8.854682,8.30262920625105e-21
"Total iRBC (Total I)",8.854682,0.00441966005366802
"Total iRBC (Total I)",8.854682,0.0416586858144408
"Total iRBC (Total I)",8.854682,0.0126640754301187
"Total iRBC (Total I)",8.854682,1.98227250090067
"Total iRBC (Total I)",8.854682,0.000105029903254713
"Total iRBC (Total I)",8.854682,0.149766681592512
"Total iRBC (Total I)",8.854682,1.81183184480543
"Total iRBC (Total I)",8.854682,6.90636963336168e-21
"Total iRBC (Total I)",8.854682,0.00440334341336469
"Total iRBC (Total I)",8.854682,2.50528181358528e-05
"Total iRBC (Total I)",8.854682,0.00450928457637084
"Total iRBC (Total I)",8.854682,0.000568922479307188
"Total iRBC (Total I)",8.854682,2.11862310662746
"Total iRBC (Total I)",8.854682,0.0050399376017665
"Total iRBC (Total I)",8.854682,2.05104546000896
"Total iRBC (Total I)",8.854682,0.00439757230293704
"Total iRBC (Total I)",8.854682,2.08843881105777e-18
"Total iRBC (Total I)",8.854682,2.12269235620131
"Total iRBC (Total I)",8.854682,0.31751474329964
"Total iRBC (Total I)",8.854682,4.20646539258593e-07
"Total iRBC (Total I)",8.854682,0.428178643606497
"Total iRBC (Total I)",8.854682,0.00439965562740923
"Total iRBC (Total I)",8.854682,2.04605161164398
"Total iRBC (Total I)",8.854682,0.00494058989964992
"Total iRBC (Total I)",8.854682,0.0044545273034134
"Total iRBC (Total I)",8.854682,1.90510016865853
"Total iRBC (Total I)",8.854682,0.0301173705862582
"Total iRBC (Total I)",8.854682,0.0045756244539222
"Total iRBC (Total I)",8.854682,0.00439786212949287
"Total iRBC (Total I)",8.854682,0.142423036760679
"Total iRBC (Total I)",8.854682,5.50723539887397e-95
"Total iRBC (Total I)",8.854682,0.0047199706897975
"Total iRBC (Total I)",8.854682,0.103261283866321
"Total iRBC (Total I)",8.854682,0.386010487069038
"Total iRBC (Total I)",8.854682,9.72128076730166e-89
"Total iRBC (Total I)",8.854682,1.91088181250354
"Total iRBC (Total I)",8.854682,4.3832350208771e-97
"Total iRBC (Total I)",8.854682,2.54440892120956
"Total iRBC (Total I)",8.854682,2.61061311872576
"Total iRBC (Total I)",8.854682,0.00470623147366348
"Total iRBC (Total I)",8.854682,0.212496745858704
"Total iRBC (Total I)",8.854682,8.54313593186885e-13
"Total iRBC (Total I)",8.854682,0.192604814211571
"Total iRBC (Total I)",8.854682,0.0161486927970154
"Total iRBC (Total I)",8.854682,0.244627402781238
"Total iRBC (Total I)",8.854682,0.00439700371563385
"Total iRBC (Total I)",8.854682,0.00751676772606743
"Total iRBC (Total I)",8.854682,6.78068855446816e-76
"Total iRBC (Total I)",8.854682,2.81002377076765
"Total iRBC (Total I)",8.854682,0.00439776173914639
"Total iRBC (Total I)",8.854682,0.0765761296778966
"Total iRBC (Total I)",8.854682,1.84828027726396
"Total iRBC (Total I)",8.854682,0.00441133183942861
"Total iRBC (Total I)",8.854682,0.00439933732177927
"Total iRBC (Total I)",8.854682,0.00441231865083055
"Total iRBC (Total I)",8.854682,1.88672797020611
"Total iRBC (Total I)",8.854682,0.00487242504572199
"Total iRBC (Total I)",8.854682,0.00500580727546148
"Total iRBC (Total I)",8.854682,0.178158034564631
"Total iRBC (Total I)",8.854682,6.20833264465764e-16
"Total iRBC (Total I)",8.854682,0.00843463803133009
"Total iRBC (Total I)",8.854682,0.017329788733942
"Total iRBC (Total I)",8.854682,0.00445692796439386
"Total iRBC (Total I)",8.854682,0.00441883648309038
"Total iRBC (Total I)",8.854682,0.401187629763806
"Total iRBC (Total I)",8.854682,0.00746508476582727
"Total iRBC (Total I)",8.854682,2.24390001562084
"Total iRBC (Total I)",8.854682,0.00690991675292322
"Total iRBC (Total I)",8.854682,0.00466757429392356
"Total iRBC (Total I)",8.854682,0.00439483609848427
"Total iRBC (Total I)",8.854682,0.00440412812207992
"Total iRBC (Total I)",8.854682,1.22804344806337e-09
"Total iRBC (Total I)",8.854682,2.00678851846163
"Total iRBC (Total I)",8.854682,1.4087248347455
"Total iRBC (Total I)",8.854682,1.98727139260481
"Total iRBC (Total I)",8.854682,2.30260405776646
"Total iRBC (Total I)",8.854682,0.343985558754598
"Total iRBC (Total I)",8.854682,1.66378467721675
"Total iRBC (Total I)",8.854682,0.0381042187363614
"Total iRBC (Total I)",8.854682,5.22534962698177e-68
"Total iRBC (Total I)",8.854682,0.00439691378917886
"Total iRBC (Total I)",8.854682,4.9683112975763e-12
"Total iRBC (Total I)",8.854682,3.045778909194e-10
"Total iRBC (Total I)",8.854682,0.00801432474662882
"Total iRBC (Total I)",8.854682,2.34186993437478
"Total iRBC (Total I)",8.854682,0.00593245698177212
"Total iRBC (Total I)",8.854682,0.00441340820655379
"Total iRBC (Total I)",8.854682,0.148321134877076
"Total iRBC (Total I)",8.854682,0.00451225410827594
"Total iRBC (Total I)",8.854682,4.05773317161647e-65
"Total iRBC (Total I)",8.854682,0.894747237819442
"Total iRBC (Total I)",8.854682,1.92479940280549
"Total iRBC (Total I)",8.854682,0.00455549669115644
"Total iRBC (Total I)",8.854682,0.00453746487959645
"Total iRBC (Total I)",8.854682,2.77384223719692
"Total iRBC (Total I)",8.854682,1.83624249835183
"Total iRBC (Total I)",8.854682,0.0823164043012116
"Total iRBC (Total I)",8.854682,0.0333865109132296
"Total iRBC (Total I)",8.854682,0.00439912813979097
"Total iRBC (Total I)",8.854682,0.00451192108084589
"Total iRBC (Total I)",8.854682,3.57468511437355
"Total iRBC (Total I)",8.854682,0.00458251766574027
"Total iRBC (Total I)",8.854682,1.80422701975133
"Total iRBC (Total I)",8.854682,2.20009792696761
"Total iRBC (Total I)",8.854682,0.293757406112526
"Total iRBC (Total I)",8.854682,1.97326292053398
"Total iRBC (Total I)",8.854682,0.00442220078976918
"Total iRBC (Total I)",8.854682,1.90397231322787
"Total iRBC (Total I)",8.854682,0.000246555558242404
"Total iRBC (Total I)",8.854682,0.915585248989722
"Total iRBC (Total I)",8.854682,4.38506397264546e-05
"Total iRBC (Total I)",8.854682,0.00545034461684365
"Total iRBC (Total I)",8.854682,1.80551579846569
"Total iRBC (Total I)",8.854682,0.0062833122061356
"Total iRBC (Total I)",8.854682,3.54765005244381
"Total iRBC (Total I)",8.854682,9.87494208272849e-14
"Total iRBC (Total I)",8.854682,2.51570143081065
"Total iRBC (Total I)",8.854682,0.0049821382328292
"Total iRBC (Total I)",8.854682,1.79432212783253
"Total iRBC (Total I)",8.854682,1.95446274272508
"Total iRBC (Total I)",8.854682,0.635840678935254
"Total iRBC (Total I)",8.854682,1.22935068520527e-19
"Total iRBC (Total I)",8.854682,1.98385383960473
"Total iRBC (Total I)",8.854682,0.00666941000327826
"Total iRBC (Total I)",8.854682,0.30060842906272
"Sexual iRBC log (Ig log)",9.618812,0.516684124717727
"Sexual iRBC log (Ig log)",9.618812,3.51229585653472e-05
"Sexual iRBC log (Ig log)",9.618812,0.214489985438615
"Sexual iRBC log (Ig log)",9.618812,8.03108463734837e-14
"Sexual iRBC log (Ig log)",9.618812,0.0323523605274807
"Sexual iRBC log (Ig log)",9.618812,4.75756262696963e-57
"Sexual iRBC log (Ig log)",9.618812,0.0222217113082684
"Sexual iRBC log (Ig log)",9.618812,0.388764753208826
"Sexual iRBC log (Ig log)",9.618812,0.00439676303617195
"Sexual iRBC log (Ig log)",9.618812,0.954018344512092
"Sexual iRBC log (Ig log)",9.618812,0.00483337567641684
"Sexual iRBC log (Ig log)",9.618812,0.0337869240108043
"Sexual iRBC log (Ig log)",9.618812,0.0097126843404868
"Sexual iRBC log (Ig log)",9.618812,8.13035747579408e-24
"Sexual iRBC log (Ig log)",9.618812,0.162125281010417
"Sexual iRBC log (Ig log)",9.618812,0.0049428018271154
"Sexual iRBC log (Ig log)",9.618812,0.00249691732473305
"Sexual iRBC log (Ig log)",9.618812,1.56219940246216
"Sexual iRBC log (Ig log)",9.618812,2.37681545808029
"Sexual iRBC log (Ig log)",9.618812,0.00498220814285147
"Sexual iRBC log (Ig log)",9.618812,1.15310046884427
"Sexual iRBC log (Ig log)",9.618812,1.45486591382139
"Sexual iRBC log (Ig log)",9.618812,1.49961540929254
"Sexual iRBC log (Ig log)",9.618812,0.194573470211973
"Sexual iRBC log (Ig log)",9.618812,0.0286548109245403
"Sexual iRBC log (Ig log)",9.618812,0.00454531352899313
"Sexual iRBC log (Ig log)",9.618812,3.51948565295158
"Sexual iRBC log (Ig log)",9.618812,1.66822889460087e-05
"Sexual iRBC log (Ig log)",9.618812,2.45116600284932
"Sexual iRBC log (Ig log)",9.618812,0.0043938257446618
"Sexual iRBC log (Ig log)",9.618812,8.00606641670675e-13
"Sexual iRBC log (Ig log)",9.618812,7.42822717676003e-32
"Sexual iRBC log (Ig log)",9.618812,3.24351471910149
"Sexual iRBC log (Ig log)",9.618812,3.94262919105956e-95
"Sexual iRBC log (Ig log)",9.618812,0.786628810129376
"Sexual iRBC log (Ig log)",9.618812,2.15793980193521
"Sexual iRBC log (Ig log)",9.618812,5.82605810220065e-48
"Sexual iRBC log (Ig log)",9.618812,3.61514772170487
"Sexual iRBC log (Ig log)",9.618812,0.00842655075160993
"Sexual iRBC log (Ig log)",9.618812,0.00440245838201099
"Sexual iRBC log (Ig log)",9.618812,0.00439569959765176
"Sexual iRBC log (Ig log)",9.618812,1.05028381694279
"Sexual iRBC log (Ig log)",9.618812,0.377151743207719
"Sexual iRBC log (Ig log)",9.618812,1.7733102245596
"Sexual iRBC log (Ig log)",9.618812,0.0398110309021705
"Sexual iRBC log (Ig log)",9.618812,0.00990450470877368
"Sexual iRBC log (Ig log)",9.618812,1.29395332062078
"Sexual iRBC log (Ig log)",9.618812,2.66158689848437
"Sexual iRBC log (Ig log)",9.618812,0.00457096205959414
"Sexual iRBC log (Ig log)",9.618812,1.69472614064424
"Sexual iRBC log (Ig log)",9.618812,0.00466229197236001
"Sexual iRBC log (Ig log)",9.618812,0.0413050657392549
"Sexual iRBC log (Ig log)",9.618812,1.05962042136242e-56
"Sexual iRBC log (Ig log)",9.618812,0.041401255262765
"Sexual iRBC log (Ig log)",9.618812,0.0126322510768544
"Sexual iRBC log (Ig log)",9.618812,2.91557637449593
"Sexual iRBC log (Ig log)",9.618812,1.82018976817061
"Sexual iRBC log (Ig log)",9.618812,0.0194356277345381
"Sexual iRBC log (Ig log)",9.618812,0.100717728538218
"Sexual iRBC log (Ig log)",9.618812,0.03274230615184
"Sexual iRBC log (Ig log)",9.618812,3.99975112417008
"Sexual iRBC log (Ig log)",9.618812,6.67947627046071e-05
"Sexual iRBC log (Ig log)",9.618812,2.85216740507012e-20
"Sexual iRBC log (Ig log)",9.618812,1.71022647598117e-55
"Sexual iRBC log (Ig log)",9.618812,0.00439926799345157
"Sexual iRBC log (Ig log)",9.618812,2.78721330784653
"Sexual iRBC log (Ig log)",9.618812,0.03904276508399
"Sexual iRBC log (Ig log)",9.618812,0.00932895953515008
"Sexual iRBC log (Ig log)",9.618812,3.68872285280557
"Sexual iRBC log (Ig log)",9.618812,3.12736297034428e-22
"Sexual iRBC log (Ig log)",9.618812,3.04658951992427e-09
"Sexual iRBC log (Ig log)",9.618812,0.409074777721491
"Sexual iRBC log (Ig log)",9.618812,2.1472136114271
"Sexual iRBC log (Ig log)",9.618812,0.00486262422846782
"Sexual iRBC log (Ig log)",9.618812,1.55812760254675
"Sexual iRBC log (Ig log)",9.618812,1.82394363726588
"Sexual iRBC log (Ig log)",9.618812,3.45287742036579
"Sexual iRBC log (Ig log)",9.618812,1.20008068079466
"Sexual iRBC log (Ig log)",9.618812,1.10660285930494
"Sexual iRBC log (Ig log)",9.618812,0.00457961931970706
"Sexual iRBC log (Ig log)",9.618812,0.88418054134362
"Sexual iRBC log (Ig log)",9.618812,0.990743027523096
"Sexual iRBC log (Ig log)",9.618812,1.71522962322707
"Sexual iRBC log (Ig log)",9.618812,1.42737581865052e-84
"Sexual iRBC log (Ig log)",9.618812,1.10183020065053e-28
"Sexual iRBC log (Ig log)",9.618812,3.47148124149061e-45
"Sexual iRBC log (Ig log)",9.618812,0.0318292289727041
"Sexual iRBC log (Ig log)",9.618812,0.338399955132455
"Sexual iRBC log (Ig log)",9.618812,0.00471074525368313
"Sexual iRBC log (Ig log)",9.618812,5.98756652716764e-06
"Sexual iRBC log (Ig log)",9.618812,1.65943092568547
"Sexual iRBC log (Ig log)",9.618812,2.03325739380082e-05
"Sexual iRBC log (Ig log)",9.618812,2.70579110750586
"Sexual iRBC log (Ig log)",9.618812,0.0127113469521661
"Sexual iRBC log (Ig log)",9.618812,3.56261469155731e-89
"Sexual iRBC log (Ig log)",9.618812,1.75381182042605e-28
"Sexual iRBC log (Ig log)",9.618812,0.351085580898834
"Sexual iRBC log (Ig log)",9.618812,0.00444690498288959
"Sexual iRBC log (Ig log)",9.618812,2.63569183183913e-15
"Sexual iRBC log (Ig log)",9.618812,0.00439499962202218
"Sexual iRBC log (Ig log)",9.618812,1.46193406692088e-15
"Sexual iRBC log (Ig log)",9.618812,1.36802356102338
"Sexual iRBC log (Ig log)",9.618812,3.18250855182672e-98
"Sexual iRBC log (Ig log)",9.618812,0.0686063197597727
"Sexual iRBC log (Ig log)",9.618812,0.00450927770704717
"Sexual iRBC log (Ig log)",9.618812,2.24149516858988e-90
"Sexual iRBC log (Ig log)",9.618812,0.0150828342113776
"Sexual iRBC log (Ig log)",9.618812,3.673986404499
"Sexual iRBC log (Ig log)",9.618812,0.0190126835534404
"Sexual iRBC log (Ig log)",9.618812,0.0151673256292543
"Sexual iRBC log (Ig log)",9.618812,2.44486486825777e-35
"Sexual iRBC log (Ig log)",9.618812,0.00439777229215738
"Sexual iRBC log (Ig log)",9.618812,2.17753574563405e-20
"Sexual iRBC log (Ig log)",9.618812,1.82679618181202
"Sexual iRBC log (Ig log)",9.618812,5.67710561331788e-74
"Sexual iRBC log (Ig log)",9.618812,0.00053752824185435
"Sexual iRBC log (Ig log)",9.618812,0.00444444896611385
"Sexual iRBC log (Ig log)",9.618812,0.0552884382590272
"Sexual iRBC log (Ig log)",9.618812,3.58654831848783e-11
"Sexual iRBC log (Ig log)",9.618812,0.00471115540267239
"Sexual iRBC log (Ig log)",9.618812,2.97588903963262
"Sexual iRBC log (Ig log)",9.618812,0.00478814786859069
"Sexual iRBC log (Ig log)",9.618812,0.00441528817116942
"Sexual iRBC log (Ig log)",9.618812,0.0211055428307827
"Sexual iRBC log (Ig log)",9.618812,1.465719973165e-09
"Sexual iRBC log (Ig log)",9.618812,0.905902724310727
"Sexual iRBC log (Ig log)",9.618812,1.33646037251961e-92
"Sexual iRBC log (Ig log)",9.618812,1.73558396229955e-53
"Sexual iRBC log (Ig log)",9.618812,0.00441512012599593
"Sexual iRBC log (Ig log)",9.618812,7.26281375693296e-23
"Sexual iRBC log (Ig log)",9.618812,2.00938252228957e-57
"Sexual iRBC log (Ig log)",9.618812,0.00894381286129953
"Sexual iRBC log (Ig log)",9.618812,2.37410348811826
"Sexual iRBC log (Ig log)",9.618812,3.60234269212306
"Sexual iRBC log (Ig log)",9.618812,0.422373177094961
"Sexual iRBC log (Ig log)",9.618812,0.0163330625060436
"Sexual iRBC log (Ig log)",9.618812,0.00912145768007001
"Sexual iRBC log (Ig log)",9.618812,6.54018298853649e-12
"Sexual iRBC log (Ig log)",9.618812,0.00494713428001807
"Sexual iRBC log (Ig log)",9.618812,0.00537348503351501
"Sexual iRBC log (Ig log)",9.618812,0.00505594846901282
"Sexual iRBC log (Ig log)",9.618812,0.00627298490628216
"Sexual iRBC log (Ig log)",9.618812,0.00445584425331635
"Sexual iRBC log (Ig log)",9.618812,1.17169731221971e-07
"Sexual iRBC log (Ig log)",9.618812,0.0224607168594592
"Sexual iRBC log (Ig log)",9.618812,0.00912593318051143
"Sexual iRBC log (Ig log)",9.618812,6.99676046617274e-08
"Sexual iRBC log (Ig log)",9.618812,0.00440511959853013
"Sexual iRBC log (Ig log)",9.618812,0.00442327071077495
"Sexual iRBC log (Ig log)",9.618812,0.119085733579558
"Sexual iRBC log (Ig log)",9.618812,0.00441347999932397
"Sexual iRBC log (Ig log)",9.618812,0.787213354979592
"Sexual iRBC log (Ig log)",9.618812,7.92639920819027e-24
"Sexual iRBC log (Ig log)",9.618812,0.721392345180934
"Sexual iRBC log (Ig log)",9.618812,0.405779930350681
"Sexual iRBC log (Ig log)",9.618812,1.53928879770076e-62
"Sexual iRBC log (Ig log)",9.618812,1.04271203851461e-18
"Sexual iRBC log (Ig log)",9.618812,0.00445491633198521
"Sexual iRBC log (Ig log)",9.618812,6.89448627484866e-15
"Sexual iRBC log (Ig log)",9.618812,0.254876129787593
"Sexual iRBC log (Ig log)",9.618812,0.0156815654435375
"Sexual iRBC log (Ig log)",9.618812,0.00470730248442506
"Sexual iRBC log (Ig log)",9.618812,0.0043959170765166
"Sexual iRBC log (Ig log)",9.618812,1.01642745980968e-17
"Sexual iRBC log (Ig log)",9.618812,0.0235875576458426
"Sexual iRBC log (Ig log)",9.618812,1.80435143949922e-42
"Sexual iRBC log (Ig log)",9.618812,0.0347781985449752
"Sexual iRBC log (Ig log)",9.618812,1.34405665429469e-58
"Sexual iRBC log (Ig log)",9.618812,1.40866347575708
"Sexual iRBC log (Ig log)",9.618812,0.874059806740662
"Sexual iRBC log (Ig log)",9.618812,3.51258107223769
"Sexual iRBC log (Ig log)",9.618812,0.212172401878308
"Sexual iRBC log (Ig log)",9.618812,0.0145910909302713
"Sexual iRBC log (Ig log)",9.618812,0.0046485821964069
"Sexual iRBC log (Ig log)",9.618812,3.00037546848932
"Sexual iRBC log (Ig log)",9.618812,8.52154292050285e-34
"Sexual iRBC log (Ig log)",9.618812,0.0056133345183094
"Sexual iRBC log (Ig log)",9.618812,7.68920508947111e-10
"Sexual iRBC log (Ig log)",9.618812,4.15688981549837e-10
"Sexual iRBC log (Ig log)",9.618812,0.00717892467283876
"Sexual iRBC log (Ig log)",9.618812,1.30134005345929
"Sexual iRBC log (Ig log)",9.618812,7.31231895257141e-92
"Sexual iRBC log (Ig log)",9.618812,0.0124919584006233
"Sexual iRBC log (Ig log)",9.618812,0.0104084018752841
"Sexual iRBC log (Ig log)",9.618812,2.23839339215733
"Sexual iRBC log (Ig log)",9.618812,0.865999071370649
"Sexual iRBC log (Ig log)",9.618812,0.437808214550156
"Sexual iRBC log (Ig log)",9.618812,5.58852122847391e-09
"Sexual iRBC log (Ig log)",9.618812,0.00768461584039474
"Sexual iRBC log (Ig log)",9.618812,0.261346186427986
"Sexual iRBC log (Ig log)",9.618812,0.0430610172042538
"Sexual iRBC log (Ig log)",9.618812,1.5013517380459
"Sexual iRBC log (Ig log)",9.618812,2.44479513371781
"Sexual iRBC log (Ig log)",9.618812,3.10063679521746e-07
"Sexual iRBC log (Ig log)",9.618812,1.87804806768745
"Sexual iRBC log (Ig log)",9.618812,0.0223832914087694
"Sexual iRBC log (Ig log)",9.618812,3.26382811782904e-38
"Sexual iRBC log (Ig log)",9.618812,1.00188782422803e-76
"Sexual iRBC log (Ig log)",9.618812,7.48058832903807e-37
"Sexual iRBC log (Ig log)",9.618812,1.19425368872267
"Sexual iRBC log (Ig log)",9.618812,0.125640161846404
"Sexual iRBC log (Ig log)",9.618812,4.11679727904984e-93
"Sexual iRBC log (Ig log)",9.618812,1.80197345750709
"Sexual iRBC log (Ig log)",9.618812,0.021604755879485
"Sexual iRBC log (Ig log)",9.618812,8.76082519185699e-46
"Sexual iRBC log (Ig log)",9.618812,1.5755048120613
"Sexual iRBC log (Ig log)",9.618812,2.57277457675555
"Sexual iRBC log (Ig log)",9.618812,0.0198220200409449
"Sexual iRBC log (Ig log)",9.618812,0.0236314548563926
"Sexual iRBC log (Ig log)",9.618812,0.744909474098881
"Sexual iRBC log (Ig log)",9.618812,5.14330177984265e-26
"Sexual iRBC log (Ig log)",9.618812,3.12645328531073
"Sexual iRBC log (Ig log)",9.618812,0.00475986086231028
"Sexual iRBC log (Ig log)",9.618812,0.00877456494802124
"Sexual iRBC log (Ig log)",9.618812,1.88359560942334e-18
"Sexual iRBC log (Ig log)",9.618812,0.00735674847396332
"Sexual iRBC log (Ig log)",9.618812,0.910042487800661
"Sexual iRBC log (Ig log)",9.618812,0.00483524945699572
"Sexual iRBC log (Ig log)",9.618812,1.5487583374942e-68
"Sexual iRBC log (Ig log)",9.618812,5.51756905483732e-10
"Sexual iRBC log (Ig log)",9.618812,3.65272962399493
"Sexual iRBC log (Ig log)",9.618812,3.72973149740462
"Sexual iRBC log (Ig log)",9.618812,5.15078703023048e-12
"Sexual iRBC log (Ig log)",9.618812,3.26570401505535
"Sexual iRBC log (Ig log)",9.618812,0.0828539035839486
"Sexual iRBC log (Ig log)",9.618812,2.99127011514377
"Sexual iRBC log (Ig log)",9.618812,1.66618920717945e-46
"Sexual iRBC log (Ig log)",9.618812,1.20282812938127
"Sexual iRBC log (Ig log)",9.618812,0.00518391629187738
"Sexual iRBC log (Ig log)",9.618812,1.32027195094792e-86
"Sexual iRBC log (Ig log)",9.618812,0.00593548485328611
"Sexual iRBC log (Ig log)",9.618812,0.00439776132923916
"Sexual iRBC log (Ig log)",9.618812,2.8927923831521e-09
"Sexual iRBC log (Ig log)",9.618812,2.46265088880399
"Sexual iRBC log (Ig log)",9.618812,9.55715367896789e-06
"Sexual iRBC log (Ig log)",9.618812,0.00987959765883638
"Sexual iRBC log (Ig log)",9.618812,0.320293999079958
"Sexual iRBC log (Ig log)",9.618812,3.55172388058616e-26
"Sexual iRBC log (Ig log)",9.618812,3.61570029942742
"Sexual iRBC log (Ig log)",9.618812,0.0142298177747499
"Sexual iRBC log (Ig log)",9.618812,0.230256021243215
"Sexual iRBC log (Ig log)",9.618812,0.0172947686782422
"Sexual iRBC log (Ig log)",9.618812,0.00626564781825939
"Sexual iRBC log (Ig log)",9.618812,0.543386851011572
"Sexual iRBC log (Ig log)",9.618812,1.56229383450145
"Sexual iRBC log (Ig log)",9.618812,1.65448427164598
"Sexual iRBC log (Ig log)",9.618812,0.00569364585816217
"Sexual iRBC log (Ig log)",9.618812,2.34399418107272e-10
"Sexual iRBC log (Ig log)",9.618812,1.29760088133423e-31
"Sexual iRBC log (Ig log)",9.618812,1.34166483770349e-76
"Sexual iRBC log (Ig log)",9.618812,0.463237150891974
"Sexual iRBC log (Ig log)",9.618812,2.68594963328763
"Sexual iRBC log (Ig log)",9.618812,3.92294027290889e-18
"Sexual iRBC log (Ig log)",9.618812,0.000331510328333152
"Sexual iRBC log (Ig log)",9.618812,3.31576457379257
"Sexual iRBC log (Ig log)",9.618812,0.137183220936443
"Sexual iRBC log (Ig log)",9.618812,1.68599118314475
"Sexual iRBC log (Ig log)",9.618812,3.53651830093505
"Sexual iRBC log (Ig log)",9.618812,0.0314150913119408
"Sexual iRBC log (Ig log)",9.618812,3.12887240668617e-28
"Sexual iRBC log (Ig log)",9.618812,4.12829140179241e-29
"Sexual iRBC log (Ig log)",9.618812,7.56620561415454e-42
"Sexual iRBC log (Ig log)",9.618812,0.0344502049102273
"Sexual iRBC log (Ig log)",9.618812,0.0296964923498156
"Sexual iRBC log (Ig log)",9.618812,7.89571427212482e-31
"Sexual iRBC log (Ig log)",9.618812,1.45517574513367
"Sexual iRBC log (Ig log)",9.618812,0.00838029019621463
"Sexual iRBC log (Ig log)",9.618812,3.01465503915058e-33
"Sexual iRBC log (Ig log)",9.618812,0.22390233547132
"Sexual iRBC log (Ig log)",9.618812,0.0100972301760959
"Sexual iRBC log (Ig log)",9.618812,8.37697773769465e-10
"Sexual iRBC log (Ig log)",9.618812,0.632741429505246
"Sexual iRBC log (Ig log)",9.618812,0.00452393523367296
"Sexual iRBC log (Ig log)",9.618812,0.00496298440991574
"Sexual iRBC log (Ig log)",9.618812,4.31344270669382e-34
"Sexual iRBC log (Ig log)",9.618812,0.00663265161835234
"Sexual iRBC log (Ig log)",9.618812,0.00439502744800724
"Sexual iRBC log (Ig log)",9.618812,3.97947407648506e-73
"Sexual iRBC log (Ig log)",9.618812,0.00975781101028001
"Sexual iRBC log (Ig log)",9.618812,3.71326839184487e-23
"Sexual iRBC log (Ig log)",9.618812,4.1209367661704e-05
"Sexual iRBC log (Ig log)",9.618812,0.0442705717181481
"Sexual iRBC log (Ig log)",9.618812,0.136024779416665
"Sexual iRBC log (Ig log)",9.618812,0.581085543064211
"Sexual iRBC log (Ig log)",9.618812,3.08256877030398
"Sexual iRBC log (Ig log)",9.618812,1.17244715883991e-25
"Sexual iRBC log (Ig log)",9.618812,1.49398926924908
"Sexual iRBC log (Ig log)",9.618812,4.63478435014987e-08
"Sexual iRBC log (Ig log)",9.618812,0.363719302846424
"Sexual iRBC log (Ig log)",9.618812,2.17105707223464e-13
"Sexual iRBC log (Ig log)",9.618812,0.169798255147116
"Sexual iRBC log (Ig log)",9.618812,3.59774847048247e-70
"Sexual iRBC log (Ig log)",9.618812,1.44134045936422
"Sexual iRBC log (Ig log)",9.618812,8.11201548253909e-13
"Sexual iRBC log (Ig log)",9.618812,0.849148824308508
"Sexual iRBC log (Ig log)",9.618812,2.83120649311129
"Sexual iRBC log (Ig log)",9.618812,0.0044280664011029
"Sexual iRBC log (Ig log)",9.618812,8.86606622078179e-31
"Sexual iRBC log (Ig log)",9.618812,1.70193338720656
"Sexual iRBC log (Ig log)",9.618812,0.0338683158882864
"Sexual iRBC log (Ig log)",9.618812,0.00444266679657796
"Sexual iRBC log (Ig log)",9.618812,3.3888815294548
"Sexual iRBC log (Ig log)",9.618812,0.0066610521493098
"Sexual iRBC log (Ig log)",9.618812,0.641557677841512
"Sexual iRBC log (Ig log)",9.618812,0.00464682800170231
"Sexual iRBC log (Ig log)",9.618812,1.17334522933976e-07
"Sexual iRBC log (Ig log)",9.618812,3.04462289290428
"Sexual iRBC log (Ig log)",9.618812,1.2421388615925e-37
"Sexual iRBC log (Ig log)",9.618812,0.0127014743998162
"Sexual iRBC log (Ig log)",9.618812,7.21740691532589e-06
"Sexual iRBC log (Ig log)",9.618812,1.7528085497117
"Sexual iRBC log (Ig log)",9.618812,3.33877702444612
"Sexual iRBC log (Ig log)",9.618812,1.3378870753133e-10
"Sexual iRBC log (Ig log)",9.618812,3.64249926193077
"Sexual iRBC log (Ig log)",9.618812,2.64217745683332e-08
"Sexual iRBC log (Ig log)",9.618812,4.65198754891118e-12
"Sexual iRBC log (Ig log)",9.618812,0.000796485320240248
"Sexual iRBC log (Ig log)",9.618812,0.162376035909689
"Sexual iRBC log (Ig log)",9.618812,1.33091775079757e-09
"Sexual iRBC log (Ig log)",9.618812,7.1258118526774e-51
"Sexual iRBC log (Ig log)",9.618812,1.67814000094106
"Sexual iRBC log (Ig log)",9.618812,0.0393914346162748
"Sexual iRBC log (Ig log)",9.618812,0.00439513643211824
"Sexual iRBC log (Ig log)",9.618812,0.0272301136541521
"Sexual iRBC log (Ig log)",9.618812,0.00558698380974684
"Sexual iRBC log (Ig log)",9.618812,0.00447261252331287
"Sexual iRBC log (Ig log)",9.618812,0.0045288924033286
"Sexual iRBC log (Ig log)",9.618812,0.00629997062347656
"Sexual iRBC log (Ig log)",9.618812,5.46484935276488e-08
"Sexual iRBC log (Ig log)",9.618812,1.72276055546351
"Sexual iRBC log (Ig log)",9.618812,0.661666048962456
"Sexual iRBC log (Ig log)",9.618812,4.48833950984516e-96
"Sexual iRBC log (Ig log)",9.618812,1.02554087243876e-09
"Sexual iRBC log (Ig log)",9.618812,1.52131383971686e-08
"Sexual iRBC log (Ig log)",9.618812,5.64703500996035e-08
"Sexual iRBC log (Ig log)",9.618812,1.32982449032634
"Sexual iRBC log (Ig log)",9.618812,0.097447067432739
"Sexual iRBC log (Ig log)",9.618812,4.30081915823938e-39
"Sexual iRBC log (Ig log)",9.618812,7.86070882166951e-55
"Sexual iRBC log (Ig log)",9.618812,0.0044038533403499
"Sexual iRBC log (Ig log)",9.618812,2.21777430560788
"Sexual iRBC log (Ig log)",9.618812,0.00764711861523654
"Sexual iRBC log (Ig log)",9.618812,3.64855049897432
"Sexual iRBC log (Ig log)",9.618812,1.4357877416093
"Sexual iRBC log (Ig log)",9.618812,3.29284475199829
"Sexual iRBC log (Ig log)",9.618812,7.0479870400266e-49
"Sexual iRBC log (Ig log)",9.618812,5.23517270395719e-26
"Sexual iRBC log (Ig log)",9.618812,1.7657924704945
"Sexual iRBC log (Ig log)",9.618812,1.98378303122901e-06
"Sexual iRBC log (Ig log)",9.618812,4.368269522613e-35
"Sexual iRBC log (Ig log)",9.618812,0.000150297593869962
"Sexual iRBC log (Ig log)",9.618812,0.0163141539298584
"Sexual iRBC log (Ig log)",9.618812,1.39042308115038e-22
"Sexual iRBC log (Ig log)",9.618812,3.72798129741715
"Sexual iRBC log (Ig log)",9.618812,0.506901211296932
"Sexual iRBC log (Ig log)",9.618812,2.47869092093217e-27
"Sexual iRBC log (Ig log)",9.618812,3.33533423804598
"Sexual iRBC log (Ig log)",9.618812,0.006338300815086
"Sexual iRBC log (Ig log)",9.618812,0.784043130062542
"Sexual iRBC log (Ig log)",9.618812,1.33238542146135e-32
"Sexual iRBC log (Ig log)",9.618812,0.0255445203900087
"Sexual iRBC log (Ig log)",9.618812,0.00478704943381941
"Sexual iRBC log (Ig log)",9.618812,3.04021104328467
"Sexual iRBC log (Ig log)",9.618812,1.50607256994693e-30
"Sexual iRBC log (Ig log)",9.618812,6.27087826249805e-24
"Sexual iRBC log (Ig log)",9.618812,1.0881104716126e-09
"Sexual iRBC log (Ig log)",9.618812,1.21140764254923e-88
"Sexual iRBC log (Ig log)",9.618812,3.90523022646367
"Sexual iRBC log (Ig log)",9.618812,0.00472573584214253
"Sexual iRBC log (Ig log)",9.618812,0.000336241728307396
"Sexual iRBC log (Ig log)",9.618812,0.000535901283044818
"Sexual iRBC log (Ig log)",9.618812,1.51985239517342
"Sexual iRBC log (Ig log)",9.618812,0.108603806763317
"Sexual iRBC log (Ig log)",9.618812,1.40647750903868e-18
"Sexual iRBC log (Ig log)",9.618812,1.41417873633083e-80
"Sexual iRBC log (Ig log)",9.618812,0.0214960408562831
"Sexual iRBC log (Ig log)",9.618812,0.00440932645524063
"Sexual iRBC log (Ig log)",9.618812,3.61966421881279
"Sexual iRBC log (Ig log)",9.618812,0.0142648468829433
"Sexual iRBC log (Ig log)",9.618812,6.67860013188734e-44
"Sexual iRBC log (Ig log)",9.618812,0.017770488485525
"Sexual iRBC log (Ig log)",9.618812,0.00512778947470353
"Sexual iRBC log (Ig log)",9.618812,3.25257455276684
"Sexual iRBC log (Ig log)",9.618812,1.24429572040192
"Sexual iRBC log (Ig log)",9.618812,7.34582792426517e-94
"Sexual iRBC log (Ig log)",9.618812,0.00446408988886047
"Sexual iRBC log (Ig log)",9.618812,0.757747326766091
"Sexual iRBC log (Ig log)",9.618812,4.09903513949773
"Sexual iRBC log (Ig log)",9.618812,5.3518440207197e-08
"Sexual iRBC log (Ig log)",9.618812,3.02043903722652
"Sexual iRBC log (Ig log)",9.618812,1.6552856810261
"Sexual iRBC log (Ig log)",9.618812,5.19230004855213e-60
"Sexual iRBC log (Ig log)",9.618812,0.00440677581194663
"Sexual iRBC log (Ig log)",9.618812,0.792699538732578
"Sexual iRBC log (Ig log)",9.618812,1.69976834975288
"Sexual iRBC log (Ig log)",9.618812,0.36408179280366
"Sexual iRBC log (Ig log)",9.618812,6.63386220556062e-28
"Sexual iRBC log (Ig log)",9.618812,0.0262934796301663
"Sexual iRBC log (Ig log)",9.618812,3.12461649466732
"Sexual iRBC log (Ig log)",9.618812,0.0117188502517328
"Sexual iRBC log (Ig log)",9.618812,4.49489630744259e-09
"Sexual iRBC log (Ig log)",9.618812,0.0345706973143158
"Sexual iRBC log (Ig log)",9.618812,0.00439655468655616
"Sexual iRBC log (Ig log)",9.618812,9.83381601207655e-25
"Sexual iRBC log (Ig log)",9.618812,8.76835618039196e-73
"Sexual iRBC log (Ig log)",9.618812,0.00528178185586814
"Sexual iRBC log (Ig log)",9.618812,9.35741888493221e-15
"Sexual iRBC log (Ig log)",9.618812,9.83308889495603e-16
"Sexual iRBC log (Ig log)",9.618812,3.21638532496168
"Sexual iRBC log (Ig log)",9.618812,0.0239564790026139
"Sexual iRBC log (Ig log)",9.618812,0.00514053702649984
"Sexual iRBC log (Ig log)",9.618812,0.0245985490325968
"Sexual iRBC log (Ig log)",9.618812,0.00461187014498005
"Sexual iRBC log (Ig log)",9.618812,0.50302449608271
"Sexual iRBC log (Ig log)",9.618812,3.64171895894911
"Sexual iRBC log (Ig log)",9.618812,0.00451810079262943
"Sexual iRBC log (Ig log)",9.618812,0.0171135492837569
"Sexual iRBC log (Ig log)",9.618812,0.00446468486887115
"Sexual iRBC log (Ig log)",9.618812,0.00799051005038966
"Sexual iRBC log (Ig log)",9.618812,0.0254753491796492
"Sexual iRBC log (Ig log)",9.618812,1.23168591610682e-71
"Sexual iRBC log (Ig log)",9.618812,9.54415330709408e-17
"Sexual iRBC log (Ig log)",9.618812,3.06936888319489
"Sexual iRBC log (Ig log)",9.618812,1.75358632680214e-17
"Sexual iRBC log (Ig log)",9.618812,6.79630603724257e-09
"Sexual iRBC log (Ig log)",9.618812,3.72966014392779
"Sexual iRBC log (Ig log)",9.618812,0.00444304601692168
"Sexual iRBC log (Ig log)",9.618812,1.01587140187352
"Sexual iRBC log (Ig log)",9.618812,3.51667679836051e-15
"Sexual iRBC log (Ig log)",9.618812,1.66528825476752
"Sexual iRBC log (Ig log)",9.618812,5.4888185074927e-12
"Sexual iRBC log (Ig log)",9.618812,0.834592094196606
"Sexual iRBC log (Ig log)",9.618812,3.39689690799236e-95
"Sexual iRBC log (Ig log)",9.618812,0.00636946267479982
"Sexual iRBC log (Ig log)",9.618812,0.0209608326639262
"Sexual iRBC log (Ig log)",9.618812,0.0617245744361921
"Sexual iRBC log (Ig log)",9.618812,6.0203133528093e-58
"Sexual iRBC log (Ig log)",9.618812,5.85962111584155e-53
"Sexual iRBC log (Ig log)",9.618812,0.572914504579234
"Sexual iRBC log (Ig log)",9.618812,0.00467854066986984
"Sexual iRBC log (Ig log)",9.618812,7.71670895375288e-46
"Sexual iRBC log (Ig log)",9.618812,7.33332035792449e-34
"Sexual iRBC log (Ig log)",9.618812,0.00442016999304813
"Sexual iRBC log (Ig log)",9.618812,0.00694362778930782
"Sexual iRBC log (Ig log)",9.618812,4.62822627537881e-61
"Sexual iRBC log (Ig log)",9.618812,2.13027951052319
"Sexual iRBC log (Ig log)",9.618812,0.00360449769091977
"Sexual iRBC log (Ig log)",9.618812,0.000161496640036196
"Sexual iRBC log (Ig log)",9.618812,1.18699177783855e-15
"Sexual iRBC log (Ig log)",9.618812,1.29906587284002
"Sexual iRBC log (Ig log)",9.618812,2.85585661680827e-10
"Sexual iRBC log (Ig log)",9.618812,7.97123843807604e-85
"Sexual iRBC log (Ig log)",9.618812,4.79065590277605e-98
"Sexual iRBC log (Ig log)",9.618812,7.73413995072076e-50
"Sexual iRBC log (Ig log)",9.618812,0.0044168527172309
"Sexual iRBC log (Ig log)",9.618812,0.00489523261461774
"Sexual iRBC log (Ig log)",9.618812,1.46035756510413e-09
"Sexual iRBC log (Ig log)",9.618812,0.0113143711285909
"Sexual iRBC log (Ig log)",9.618812,0.00451074443599677
"Sexual iRBC log (Ig log)",9.618812,0.00439482911107002
"Sexual iRBC log (Ig log)",9.618812,0.00602617460253393
"Sexual iRBC log (Ig log)",9.618812,1.80214028992028
"Sexual iRBC log (Ig log)",9.618812,0.223333252812356
"Sexual iRBC log (Ig log)",9.618812,0.00506219530044466
"Sexual iRBC log (Ig log)",9.618812,3.79962076196011
"Sexual iRBC log (Ig log)",9.618812,0.00448834772782054
"Sexual iRBC log (Ig log)",9.618812,2.7792033695531e-13
"Sexual iRBC log (Ig log)",9.618812,3.98196043457868e-78
"Sexual iRBC log (Ig log)",9.618812,3.08505797861113
"Sexual iRBC log (Ig log)",9.618812,2.37750753971018
"Sexual iRBC log (Ig log)",9.618812,1.76282139840563
"Sexual iRBC log (Ig log)",9.618812,2.2905793974165e-06
"Sexual iRBC log (Ig log)",9.618812,2.51123011329222e-14
"Sexual iRBC log (Ig log)",9.618812,0.00456433357104049
"Sexual iRBC log (Ig log)",9.618812,4.44785353475613e-55
"Sexual iRBC log (Ig log)",9.618812,0.0163337706834989
"Sexual iRBC log (Ig log)",9.618812,0.00527230285976433
"Sexual iRBC log (Ig log)",9.618812,0.00454478446114477
"Sexual iRBC log (Ig log)",9.618812,2.07880465017976e-71
"Sexual iRBC log (Ig log)",9.618812,3.20030826416728
"Sexual iRBC log (Ig log)",9.618812,0.0321154774269452
"Sexual iRBC log (Ig log)",9.618812,0.000297087813987978
"Sexual iRBC log (Ig log)",9.618812,1.74979621329128
"Sexual iRBC log (Ig log)",9.618812,6.40677559613007e-34
"Sexual iRBC log (Ig log)",9.618812,3.39314163397987
"Sexual iRBC log (Ig log)",9.618812,0.00775653393358235
"Sexual iRBC log (Ig log)",9.618812,0.153084592843007
"Sexual iRBC log (Ig log)",9.618812,9.59150138999251e-16
"Sexual iRBC log (Ig log)",9.618812,0.0230304821102842
"Sexual iRBC log (Ig log)",9.618812,0.00439811688681039
"Sexual iRBC log (Ig log)",9.618812,3.35652963018818e-14
"Sexual iRBC log (Ig log)",9.618812,0.0209782906090988
"Sexual iRBC log (Ig log)",9.618812,2.26059957956969e-80
"Sexual iRBC log (Ig log)",9.618812,1.02955824094969e-24
"Sexual iRBC log (Ig log)",9.618812,0.0070933111182371
"Sexual iRBC log (Ig log)",9.618812,2.57854376222236e-53
"Sexual iRBC log (Ig log)",9.618812,0.0243907407996746
"Sexual iRBC log (Ig log)",9.618812,0.0046302332030477
"Sexual iRBC log (Ig log)",9.618812,0.00554311686744061
"Sexual iRBC log (Ig log)",9.618812,0.00666696023618291
"Sexual iRBC log (Ig log)",9.618812,0.00439788027531561
"Sexual iRBC log (Ig log)",9.618812,1.4208146021972e-09
"Sexual iRBC log (Ig log)",9.618812,1.04326096072474e-10
"Sexual iRBC log (Ig log)",9.618812,2.28233649109061e-27
"Sexual iRBC log (Ig log)",9.618812,5.01708880296165e-16
"Sexual iRBC log (Ig log)",9.618812,2.51275091074122
"Sexual iRBC log (Ig log)",9.618812,0.286571580850812
"Sexual iRBC log (Ig log)",9.618812,4.25305635962169e-08
"Sexual iRBC log (Ig log)",9.618812,0.00440715818553108
"Sexual iRBC log (Ig log)",9.618812,1.59004258084157e-37
"Sexual iRBC log (Ig log)",9.618812,0.00491657780738111
"Sexual iRBC log (Ig log)",9.618812,0.00480111367815205
"Sexual iRBC log (Ig log)",9.618812,0.00446854207763829
"Sexual iRBC log (Ig log)",9.618812,1.77239901575291
"Sexual iRBC log (Ig log)",9.618812,5.07976215003632e-10
"Sexual iRBC log (Ig log)",9.618812,0.0275642402091347
"Sexual iRBC log (Ig log)",9.618812,0.00884603965518009
"Sexual iRBC log (Ig log)",9.618812,3.15618021951065e-64
"Sexual iRBC log (Ig log)",9.618812,2.85223558527384e-17
"Sexual iRBC log (Ig log)",9.618812,0.00501976799429441
"Sexual iRBC log (Ig log)",9.618812,0.00181285797239646
"Sexual iRBC log (Ig log)",9.618812,0.00475255110864932
"Sexual iRBC log (Ig log)",9.618812,0.00571265814433496
"Sexual iRBC log (Ig log)",9.618812,0.00498471846826905
"Sexual iRBC log (Ig log)",9.618812,0.265910081371716
"Sexual iRBC log (Ig log)",9.618812,0.535977378622479
"Sexual iRBC log (Ig log)",9.618812,1.01963483598017e-74
"Sexual iRBC log (Ig log)",9.618812,0.0665545615019005
"Sexual iRBC log (Ig log)",9.618812,4.49847365526053e-18
"Sexual iRBC log (Ig log)",9.618812,0.00649340806066569
"Sexual iRBC log (Ig log)",9.618812,0.00439973543131373
"Sexual iRBC log (Ig log)",9.618812,0.162977058360607
"Sexual iRBC log (Ig log)",9.618812,6.71577661386567e-63
"Sexual iRBC log (Ig log)",9.618812,2.57765437380448
"Sexual iRBC log (Ig log)",9.618812,1.69246698720063
"Sexual iRBC log (Ig log)",9.618812,0.14832774704077
"Sexual iRBC log (Ig log)",9.618812,0.0264730779531068
"Sexual iRBC log (Ig log)",9.618812,0.753915817996521
"Sexual iRBC log (Ig log)",9.618812,6.2846091663084e-27
"Sexual iRBC log (Ig log)",9.618812,8.19888711517477e-81
"Sexual iRBC log (Ig log)",9.618812,2.5773636316738e-06
"Sexual iRBC log (Ig log)",9.618812,1.93011777125814
"Sexual iRBC log (Ig log)",9.618812,4.3179602463046e-20
"Sexual iRBC log (Ig log)",9.618812,0.0146290840761606
"Sexual iRBC log (Ig log)",9.618812,0.00439565431602633
"Sexual iRBC log (Ig log)",9.618812,3.07311237073121
"Sexual iRBC log (Ig log)",9.618812,2.85872912988366e-14
"Sexual iRBC log (Ig log)",9.618812,0.00443813424241618
"Sexual iRBC log (Ig log)",9.618812,2.67501127446846
"Sexual iRBC log (Ig log)",9.618812,0.0264153922515218
"Sexual iRBC log (Ig log)",9.618812,0.00446343924810336
"Sexual iRBC log (Ig log)",9.618812,0.00443501246285493
"Sexual iRBC log (Ig log)",9.618812,0.410136047898562
"Sexual iRBC log (Ig log)",9.618812,0.0118615687120972
"Sexual iRBC log (Ig log)",9.618812,2.85031120503021
"Sexual iRBC log (Ig log)",9.618812,4.0995195803631e-82
"Sexual iRBC log (Ig log)",9.618812,5.85274134581898e-10
"Sexual iRBC log (Ig log)",9.618812,1.71027406405824e-84
"Sexual iRBC log (Ig log)",9.618812,0.00597090751029942
"Sexual iRBC log (Ig log)",9.618812,0.0107168065298579
"Sexual iRBC log (Ig log)",9.618812,0.00446118373633913
"Sexual iRBC log (Ig log)",9.618812,3.5390440198522e-27
"Sexual iRBC log (Ig log)",9.618812,0.0540405953539089
"Sexual iRBC log (Ig log)",9.618812,5.46348947378744e-55
"Sexual iRBC log (Ig log)",9.618812,0.183843221249518
"Sexual iRBC log (Ig log)",9.618812,0.1685097466742
"Sexual iRBC log (Ig log)",9.618812,0.00601695172154
"Sexual iRBC log (Ig log)",9.618812,2.83470510091187
"Sexual iRBC log (Ig log)",9.618812,3.09435714999978e-65
"Sexual iRBC log (Ig log)",9.618812,1.66893637202859
"Sexual iRBC log (Ig log)",9.618812,0.00937972729958432
"Sexual iRBC log (Ig log)",9.618812,0.00444297019832587
"Sexual iRBC log (Ig log)",9.618812,1.90013245632505e-66
"Sexual iRBC log (Ig log)",9.618812,1.7006429316532
"Sexual iRBC log (Ig log)",9.618812,0.00533241333738856
"Sexual iRBC log (Ig log)",9.618812,0.0338349250053457
"Sexual iRBC log (Ig log)",9.618812,1.40942756189388
"Sexual iRBC log (Ig log)",9.618812,1.64343118255439
"Sexual iRBC log (Ig log)",9.618812,0.0348908699383513
"Sexual iRBC log (Ig log)",9.618812,0.0276055889364708
"Sexual iRBC log (Ig log)",9.618812,2.77594232050022
"Sexual iRBC log (Ig log)",9.618812,0.00447685084386098
"Sexual iRBC log (Ig log)",9.618812,0.000561306938992708
"Sexual iRBC log (Ig log)",9.618812,3.32494521592328
"Sexual iRBC log (Ig log)",9.618812,0.0249860569775532
"Sexual iRBC log (Ig log)",9.618812,2.71006248552704
"Sexual iRBC log (Ig log)",9.618812,2.59996619090715e-06
"Sexual iRBC log (Ig log)",9.618812,0.00547686398982611
"Sexual iRBC log (Ig log)",9.618812,1.24794020043688e-25
"Sexual iRBC log (Ig log)",9.618812,0.53792624674135
"Sexual iRBC log (Ig log)",9.618812,0.00439547890671027
"Sexual iRBC log (Ig log)",9.618812,0.00019194562539563
"Sexual iRBC log (Ig log)",9.618812,3.30712637236034
"Sexual iRBC log (Ig log)",9.618812,2.5585185871423e-16
"Sexual iRBC log (Ig log)",9.618812,3.36224552567446
"Sexual iRBC log (Ig log)",9.618812,0.716628582263538
"Sexual iRBC log (Ig log)",9.618812,0.391077910706979
"Sexual iRBC log (Ig log)",9.618812,0.00440878892080593
"Sexual iRBC log (Ig log)",9.618812,7.56425588978336e-13
"Sexual iRBC log (Ig log)",9.618812,8.55726713135514e-22
"Sexual iRBC log (Ig log)",9.618812,6.90172259974288e-92
"Sexual iRBC log (Ig log)",9.618812,3.16864164665376
"Sexual iRBC log (Ig log)",9.618812,0.710209292891819
"Sexual iRBC log (Ig log)",9.618812,3.04618235125801
"Sexual iRBC log (Ig log)",9.618812,3.59918465206032
"Sexual iRBC log (Ig log)",9.618812,1.76177424215462
"Sexual iRBC log (Ig log)",9.618812,0.00439743138885197
"Sexual iRBC log (Ig log)",9.618812,2.50541872594151
"Sexual iRBC log (Ig log)",9.618812,8.68454322018079e-14
"Sexual iRBC log (Ig log)",9.618812,0.0408710461474147
"Sexual iRBC log (Ig log)",9.618812,3.61044058623114e-32
"Sexual iRBC log (Ig log)",9.618812,1.77389864362774e-98
"Sexual iRBC log (Ig log)",9.618812,0.0134946831833096
"Sexual iRBC log (Ig log)",9.618812,0.0454152051666356
"Sexual iRBC log (Ig log)",9.618812,0.00440600223865995
"Sexual iRBC log (Ig log)",9.618812,3.96076418322689e-69
"Sexual iRBC log (Ig log)",9.618812,0.148977502389272
"Sexual iRBC log (Ig log)",9.618812,2.22682827340075e-44
"Sexual iRBC log (Ig log)",9.618812,3.48670138290525
"Sexual iRBC log (Ig log)",9.618812,3.95538758841614
"Sexual iRBC log (Ig log)",9.618812,5.1478714803265e-06
"Sexual iRBC log (Ig log)",9.618812,1.18524973092355e-74
"Sexual iRBC log (Ig log)",9.618812,7.76764586253085e-17
"Sexual iRBC log (Ig log)",9.618812,0.0150030105609763
"Sexual iRBC log (Ig log)",9.618812,2.60848738726853
"Sexual iRBC log (Ig log)",9.618812,0.00554852934969141
"Sexual iRBC log (Ig log)",9.618812,0.00460528569101342
"Sexual iRBC log (Ig log)",9.618812,1.77937517093782
"Sexual iRBC log (Ig log)",9.618812,1.96039621702479
"Sexual iRBC log (Ig log)",9.618812,0.315018212107207
"Sexual iRBC log (Ig log)",9.618812,0.00439603437533057
"Sexual iRBC log (Ig log)",9.618812,0.00439670892948031
"Sexual iRBC log (Ig log)",9.618812,0.0276945032939854
"Sexual iRBC log (Ig log)",9.618812,0.284960907294167
"Sexual iRBC log (Ig log)",9.618812,0.91312155160837
"Sexual iRBC log (Ig log)",9.618812,1.75420542426894
"Sexual iRBC log (Ig log)",9.618812,0.0351570112709602
"Sexual iRBC log (Ig log)",9.618812,7.01427579315743e-06
"Sexual iRBC log (Ig log)",9.618812,1.00250540062392
"Sexual iRBC log (Ig log)",9.618812,1.08333537236274
"Sexual iRBC log (Ig log)",9.618812,2.84279726900209
"Sexual iRBC log (Ig log)",9.618812,2.88734846498684e-59
"Sexual iRBC log (Ig log)",9.618812,0.00570204062392512
"Sexual iRBC log (Ig log)",9.618812,0.0182996972713938
"Sexual iRBC log (Ig log)",9.618812,8.44145211429517e-18
"Sexual iRBC log (Ig log)",9.618812,0.00439671107834036
"Sexual iRBC log (Ig log)",9.618812,7.38367505343961e-35
"Sexual iRBC log (Ig log)",9.618812,2.36564502257093
"Sexual iRBC log (Ig log)",9.618812,4.75127919242683e-27
"Sexual iRBC log (Ig log)",9.618812,2.91080943327996
"Sexual iRBC log (Ig log)",9.618812,6.18431862622866e-73
"Sexual iRBC log (Ig log)",9.618812,3.51662367491506
"Sexual iRBC log (Ig log)",9.618812,1.38760949794164
"Sexual iRBC log (Ig log)",9.618812,0.00443393841430896
"Sexual iRBC log (Ig log)",9.618812,1.68629341940302
"Sexual iRBC log (Ig log)",9.618812,0.00541612002598252
"Sexual iRBC log (Ig log)",9.618812,0.00138640661807787
"Sexual iRBC log (Ig log)",9.618812,0.00454092122788044
"Sexual iRBC log (Ig log)",9.618812,3.52481299094583
"Sexual iRBC log (Ig log)",9.618812,1.26083196725305
"Sexual iRBC log (Ig log)",9.618812,6.1531229377842e-66
"Sexual iRBC log (Ig log)",9.618812,7.65230164267259e-89
"Sexual iRBC log (Ig log)",9.618812,1.79634693466484
"Sexual iRBC log (Ig log)",9.618812,0.300790177640848
"Sexual iRBC log (Ig log)",9.618812,0.0133502624907
"Sexual iRBC log (Ig log)",9.618812,0.0044245785946935
"Sexual iRBC log (Ig log)",9.618812,0.314140606478482
"Sexual iRBC log (Ig log)",9.618812,0.0195046433957463
"Sexual iRBC log (Ig log)",9.618812,5.48233769976664e-61
"Sexual iRBC log (Ig log)",9.618812,2.39967811912124e-53
"Sexual iRBC log (Ig log)",9.618812,2.61129156384826
"Sexual iRBC log (Ig log)",9.618812,1.11788480787078e-73
"Sexual iRBC log (Ig log)",9.618812,0.0190259335498062
"Sexual iRBC log (Ig log)",9.618812,1.51510943738894
"Sexual iRBC log (Ig log)",9.618812,0.026934662484415
"Sexual iRBC log (Ig log)",9.618812,2.98278945087432e-26
"Sexual iRBC log (Ig log)",9.618812,1.06461002433431e-09
"Sexual iRBC log (Ig log)",9.618812,0.80296765864174
"Sexual iRBC log (Ig log)",9.618812,3.15828904366953
"Sexual iRBC log (Ig log)",9.618812,0.00441891539445896
"Sexual iRBC log (Ig log)",9.618812,3.20536427471917
"Sexual iRBC log (Ig log)",9.618812,1.28095918169767
"Sexual iRBC log (Ig log)",9.618812,3.33397634503775
"Sexual iRBC log (Ig log)",9.618812,6.64355997517312e-27
"Sexual iRBC log (Ig log)",9.618812,0.0129503877681424
"Sexual iRBC log (Ig log)",9.618812,0.00441978371652135
"Sexual iRBC log (Ig log)",9.618812,3.67580207593681
"Sexual iRBC log (Ig log)",9.618812,0.0044006197447249
"Sexual iRBC log (Ig log)",9.618812,0.0240532914269661
"Sexual iRBC log (Ig log)",9.618812,3.43405890627584e-08
"Sexual iRBC log (Ig log)",9.618812,3.06760338715676
"Sexual iRBC log (Ig log)",9.618812,3.06006544146133
"Sexual iRBC log (Ig log)",9.618812,0.0232233468548414
"Sexual iRBC log (Ig log)",9.618812,1.41096233334608e-63
"Sexual iRBC log (Ig log)",9.618812,0.00440182557375147
"Sexual iRBC log (Ig log)",9.618812,1.72414099462259
"Sexual iRBC log (Ig log)",9.618812,0.00507018391967671
"Sexual iRBC log (Ig log)",9.618812,0.00779578483407407
"Sexual iRBC log (Ig log)",9.618812,0.00501277705761093
"Sexual iRBC log (Ig log)",9.618812,1.50862026888056e-42
"Sexual iRBC log (Ig log)",9.618812,0.00956624278739619
"Sexual iRBC log (Ig log)",9.618812,1.59559873117555
"Sexual iRBC log (Ig log)",9.618812,7.48507979649429e-58
"Sexual iRBC log (Ig log)",9.618812,9.15656025447822e-14
"Sexual iRBC log (Ig log)",9.618812,0.23002502926845
"Sexual iRBC log (Ig log)",9.618812,2.55176791109523e-10
"Sexual iRBC log (Ig log)",9.618812,3.12588662918103
"Sexual iRBC log (Ig log)",9.618812,3.6072989117563
"Sexual iRBC log (Ig log)",9.618812,1.14327458713236
"Sexual iRBC log (Ig log)",9.618812,0.105992650141005
"Sexual iRBC log (Ig log)",9.618812,2.70762405037805
"Sexual iRBC log (Ig log)",9.618812,1.45712082883678e-63
"Sexual iRBC log (Ig log)",9.618812,1.37810754054641e-06
"Sexual iRBC log (Ig log)",9.618812,0.00482382058264487
"Sexual iRBC log (Ig log)",9.618812,3.12701068534427
"Sexual iRBC log (Ig log)",9.618812,4.70137450755931e-66
"Sexual iRBC log (Ig log)",9.618812,3.27053299971554
"Sexual iRBC log (Ig log)",9.618812,0.00508640287389083
"Sexual iRBC log (Ig log)",9.618812,7.12390244059039e-16
"Sexual iRBC log (Ig log)",9.618812,2.22442846927048e-91
"Sexual iRBC log (Ig log)",9.618812,0.00636425582403375
"Sexual iRBC log (Ig log)",9.618812,5.70058961227686e-09
"Sexual iRBC log (Ig log)",9.618812,0.180060565119193
"Sexual iRBC log (Ig log)",9.618812,0.0106734109090127
"Sexual iRBC log (Ig log)",9.618812,1.00026204477845
"Sexual iRBC log (Ig log)",9.618812,0.00012268642089665
"Sexual iRBC log (Ig log)",9.618812,1.50850676625306e-09
"Sexual iRBC log (Ig log)",9.618812,0.0585522581381473
"Sexual iRBC log (Ig log)",9.618812,0.00439558452674327
"Sexual iRBC log (Ig log)",9.618812,9.10838226638886e-14
"Sexual iRBC log (Ig log)",9.618812,0.0117319291272094
"Sexual iRBC log (Ig log)",9.618812,0.205888672551611
"Sexual iRBC log (Ig log)",9.618812,0.0129551948900716
"Sexual iRBC log (Ig log)",9.618812,2.48211874941063
"Sexual iRBC log (Ig log)",9.618812,1.70314542092721e-18
"Sexual iRBC log (Ig log)",9.618812,0.319981081995046
"Sexual iRBC log (Ig log)",9.618812,0.0376255941132922
"Sexual iRBC log (Ig log)",9.618812,0.0048043361394402
"Sexual iRBC log (Ig log)",9.618812,3.61696642775541
"Sexual iRBC log (Ig log)",9.618812,2.36075906943096
"Sexual iRBC log (Ig log)",9.618812,0.31610749288744
"Sexual iRBC log (Ig log)",9.618812,0.024475741077843
"Sexual iRBC log (Ig log)",9.618812,0.0115151488696412
"Sexual iRBC log (Ig log)",9.618812,0.00914935419434768
"Sexual iRBC log (Ig log)",9.618812,3.73712689112606e-51
"Sexual iRBC log (Ig log)",9.618812,3.63451684549524
"Sexual iRBC log (Ig log)",9.618812,0.65247187705922
"Sexual iRBC log (Ig log)",9.618812,0.00463743310336204
"Sexual iRBC log (Ig log)",9.618812,0.00661751390000953
"Sexual iRBC log (Ig log)",9.618812,5.38701191289342e-89
"Sexual iRBC log (Ig log)",9.618812,4.03542363494267e-10
"Sexual iRBC log (Ig log)",9.618812,0.000183735983208222
"Sexual iRBC log (Ig log)",9.618812,2.36580731121769
"Sexual iRBC log (Ig log)",9.618812,1.40410882591244
"Sexual iRBC log (Ig log)",9.618812,0.0169045616754924
"Sexual iRBC log (Ig log)",9.618812,7.03688774496835e-64
"Sexual iRBC log (Ig log)",9.618812,0.0367996667684985
"Sexual iRBC log (Ig log)",9.618812,3.38894421433457
"Sexual iRBC log (Ig log)",9.618812,2.22114087662208e-36
"Sexual iRBC log (Ig log)",9.618812,3.21111782418247e-48
"Sexual iRBC log (Ig log)",9.618812,3.9835398093074e-84
"Sexual iRBC log (Ig log)",9.618812,0.312751346485551
"Sexual iRBC log (Ig log)",9.618812,3.40823411859617
"Sexual iRBC log (Ig log)",9.618812,2.49487538561382e-16
"Sexual iRBC log (Ig log)",9.618812,1.67024139231478
"Sexual iRBC log (Ig log)",9.618812,0.553436106411478
"Sexual iRBC log (Ig log)",9.618812,0.00441854873879104
"Sexual iRBC log (Ig log)",9.618812,2.68949409916688
"Sexual iRBC log (Ig log)",9.618812,3.00307572929996
"Sexual iRBC log (Ig log)",9.618812,7.66655721380204e-79
"Sexual iRBC log (Ig log)",9.618812,7.31981372414903e-24
"Sexual iRBC log (Ig log)",9.618812,3.5321314704878
"Sexual iRBC log (Ig log)",9.618812,0.0271664898842083
"Sexual iRBC log (Ig log)",9.618812,0.88988546068072
"Sexual iRBC log (Ig log)",9.618812,0.379805131279165
"Sexual iRBC log (Ig log)",9.618812,0.0399938938284504
"Sexual iRBC log (Ig log)",9.618812,0.474309344705106
"Sexual iRBC log (Ig log)",9.618812,2.02588123795869
"Sexual iRBC log (Ig log)",9.618812,5.98126680030887e-13
"Sexual iRBC log (Ig log)",9.618812,1.78166429562982
"Sexual iRBC log (Ig log)",9.618812,2.23509546635289e-48
"Sexual iRBC log (Ig log)",9.618812,0.0532913885472306
"Sexual iRBC log (Ig log)",9.618812,6.87313891278251e-63
"Sexual iRBC log (Ig log)",9.618812,0.00443007133133645
"Sexual iRBC log (Ig log)",9.618812,3.71522158945817
"Sexual iRBC log (Ig log)",9.618812,2.94822964070503
"Sexual iRBC log (Ig log)",9.618812,2.59922715200659
"Sexual iRBC log (Ig log)",9.618812,9.14069412546339e-34
"Sexual iRBC log (Ig log)",9.618812,3.65401620555222e-35
"Sexual iRBC log (Ig log)",9.618812,0.00991301370992395
"Sexual iRBC log (Ig log)",9.618812,0.0114362102123788
"Sexual iRBC log (Ig log)",9.618812,0.00634166531432952
"Sexual iRBC log (Ig log)",9.618812,1.12953639670655
"Sexual iRBC log (Ig log)",9.618812,1.68280092249961
"Sexual iRBC log (Ig log)",9.618812,0.761805223196826
"Sexual iRBC log (Ig log)",9.618812,4.26495302537669e-41
"Sexual iRBC log (Ig log)",9.618812,0.420815376502775
"Sexual iRBC log (Ig log)",9.618812,8.05504247679787e-20
"Sexual iRBC log (Ig log)",9.618812,0.00662687418743167
"Sexual iRBC log (Ig log)",9.618812,0.00439723746317861
"Sexual iRBC log (Ig log)",9.618812,0.00439386995984132
"Sexual iRBC log (Ig log)",9.618812,3.21528190697573
"Sexual iRBC log (Ig log)",9.618812,2.97645194047595e-18
"Sexual iRBC log (Ig log)",9.618812,0.0216416745547583
"Sexual iRBC log (Ig log)",9.618812,3.72888914507582
"Sexual iRBC log (Ig log)",9.618812,0.0357786692083097
"Sexual iRBC log (Ig log)",9.618812,1.96512029492345
"Sexual iRBC log (Ig log)",9.618812,3.2264749915613e-20
"Sexual iRBC log (Ig log)",9.618812,0.00516344244013356
"Sexual iRBC log (Ig log)",9.618812,8.31265622220718e-13
"Sexual iRBC log (Ig log)",9.618812,4.57998601211872e-88
"Sexual iRBC log (Ig log)",9.618812,0.00439823163822585
"Sexual iRBC log (Ig log)",9.618812,0.0105291061298445
"Sexual iRBC log (Ig log)",9.618812,1.50513426874373e-86
"Sexual iRBC log (Ig log)",9.618812,1.01598252732356e-20
"Sexual iRBC log (Ig log)",9.618812,1.7380834122008
"Sexual iRBC log (Ig log)",9.618812,0.162268360389971
"Sexual iRBC log (Ig log)",9.618812,0.00462586735802245
"Sexual iRBC log (Ig log)",9.618812,0.00442769206961222
"Sexual iRBC log (Ig log)",9.618812,0.00267458766977378
"Sexual iRBC log (Ig log)",9.618812,0.0685592988934499
"Sexual iRBC log (Ig log)",9.618812,3.30687247878016e-05
"Sexual iRBC log (Ig log)",9.618812,3.44226046203362e-12
"Sexual iRBC log (Ig log)",9.618812,0.603114156670475
"Sexual iRBC log (Ig log)",9.618812,2.98723711177396
"Sexual iRBC log (Ig log)",9.618812,0.00572194417614214
"Sexual iRBC log (Ig log)",9.618812,0.0492167604365974
"Sexual iRBC log (Ig log)",9.618812,0.156252939187549
"Sexual iRBC log (Ig log)",9.618812,1.76606748223989
"Sexual iRBC log (Ig log)",9.618812,0.0063101136102693
"Sexual iRBC log (Ig log)",9.618812,1.15650715306122e-87
"Sexual iRBC log (Ig log)",9.618812,0.0132464256956942
"Sexual iRBC log (Ig log)",9.618812,1.48227397106023
"Sexual iRBC log (Ig log)",9.618812,0.861493807084037
"Sexual iRBC log (Ig log)",9.618812,0.00637422333808896
"Sexual iRBC log (Ig log)",9.618812,0.00487767457828481
"Sexual iRBC log (Ig log)",9.618812,0.00469918584206469
"Sexual iRBC log (Ig log)",9.618812,3.60815036051336
"Sexual iRBC log (Ig log)",9.618812,3.98528637335291
"Sexual iRBC log (Ig log)",9.618812,0.00474421797385075
"Sexual iRBC log (Ig log)",9.618812,1.37636527751368
"Sexual iRBC log (Ig log)",9.618812,1.03459712559884e-06
"Sexual iRBC log (Ig log)",9.618812,3.47245862078632
"Sexual iRBC log (Ig log)",9.618812,1.93426985041977e-91
"Sexual iRBC log (Ig log)",9.618812,0.0382390214722766
"Sexual iRBC log (Ig log)",9.618812,0.17538615875511
"Sexual iRBC log (Ig log)",9.618812,0.00727303165540434
"Sexual iRBC log (Ig log)",9.618812,0.00463302401198357
"Sexual iRBC log (Ig log)",9.618812,0.453595631462781
"Sexual iRBC log (Ig log)",9.618812,0.0213953058434494
"Sexual iRBC log (Ig log)",9.618812,0.00442229997432872
"Sexual iRBC log (Ig log)",9.618812,0.0044585041218894
"Sexual iRBC log (Ig log)",9.618812,0.160452779125293
"Sexual iRBC log (Ig log)",9.618812,0.0233637385313415
"Sexual iRBC log (Ig log)",9.618812,0.00670127713755377
"Sexual iRBC log (Ig log)",9.618812,1.32503702267637e-49
"Sexual iRBC log (Ig log)",9.618812,3.68577225078992
"Sexual iRBC log (Ig log)",9.618812,2.00840423269812e-06
"Sexual iRBC log (Ig log)",9.618812,1.6811336408643
"Sexual iRBC log (Ig log)",9.618812,3.25616618266799
"Sexual iRBC log (Ig log)",9.618812,0.0279726078190211
"Sexual iRBC log (Ig log)",9.618812,0.00497265230400796
"Sexual iRBC log (Ig log)",9.618812,0.00808242228172077
"Sexual iRBC log (Ig log)",9.618812,3.10154964449457e-84
"Sexual iRBC log (Ig log)",9.618812,5.47762798227098e-06
"Sexual iRBC log (Ig log)",9.618812,3.07274025905429e-07
"Sexual iRBC log (Ig log)",9.618812,4.4606173686798e-70
"Sexual iRBC log (Ig log)",9.618812,1.68279232040328e-15
"Sexual iRBC log (Ig log)",9.618812,1.96923236862051
"Sexual iRBC log (Ig log)",9.618812,0.000602217552208349
"Sexual iRBC log (Ig log)",9.618812,0.099701054985719
"Sexual iRBC log (Ig log)",9.618812,1.49888482800977e-57
"Sexual iRBC log (Ig log)",9.618812,0.0314710609503928
"Sexual iRBC log (Ig log)",9.618812,0.00664998517764531
"Sexual iRBC log (Ig log)",9.618812,5.26874300779604e-17
"Sexual iRBC log (Ig log)",9.618812,0.00442131168705006
"Sexual iRBC log (Ig log)",9.618812,1.24972280919769
"Sexual iRBC log (Ig log)",9.618812,0.00687304939503279
"Sexual iRBC log (Ig log)",9.618812,0.99498048590938
"Sexual iRBC log (Ig log)",9.618812,0.0022499279806677
"Sexual iRBC log (Ig log)",9.618812,2.1524455669958
"Sexual iRBC log (Ig log)",9.618812,3.3834001285669e-85
"Sexual iRBC log (Ig log)",9.618812,5.91324483701145e-17
"Sexual iRBC log (Ig log)",9.618812,0.337294164339768
"Sexual iRBC log (Ig log)",9.618812,0.012786793233083
"Sexual iRBC log (Ig log)",9.618812,2.69933008462637
"Sexual iRBC log (Ig log)",9.618812,0.0765663672321464
"Sexual iRBC log (Ig log)",9.618812,0.0506598292760546
"Sexual iRBC log (Ig log)",9.618812,3.82458659371564
"Sexual iRBC log (Ig log)",9.618812,0.0119287231680875
"Sexual iRBC log (Ig log)",9.618812,0.0781814053416296
"Sexual iRBC log (Ig log)",9.618812,1.07421266702479e-14
"Sexual iRBC log (Ig log)",9.618812,0.0193533183685809
"Sexual iRBC log (Ig log)",9.618812,0.0120457292510422
"Sexual iRBC log (Ig log)",9.618812,0.000421242783562533
"Sexual iRBC log (Ig log)",9.618812,3.05483052060438
"Sexual iRBC log (Ig log)",9.618812,0.00440007550369189
"Sexual iRBC log (Ig log)",9.618812,1.18230443762812e-28
"Sexual iRBC log (Ig log)",9.618812,0.263723416804115
"Sexual iRBC log (Ig log)",9.618812,2.07061120432529
"Sexual iRBC log (Ig log)",9.618812,6.15089440911488e-73
"Sexual iRBC log (Ig log)",9.618812,0.00773046230917128
"Sexual iRBC log (Ig log)",9.618812,0.00457706200753199
"Sexual iRBC log (Ig log)",9.618812,0.00439825647518657
"Sexual iRBC log (Ig log)",9.618812,1.7445802712696
"Sexual iRBC log (Ig log)",9.618812,4.87153721612328e-91
"Sexual iRBC log (Ig log)",9.618812,0.00470401583794451
"Sexual iRBC log (Ig log)",9.618812,3.29553397060042
"Sexual iRBC log (Ig log)",9.618812,3.09325617697836
"Sexual iRBC log (Ig log)",9.618812,8.59915685740043e-85
"Sexual iRBC log (Ig log)",9.618812,7.25023088183808e-88
"Sexual iRBC log (Ig log)",9.618812,3.87727969671695e-93
"Sexual iRBC log (Ig log)",9.618812,3.81045108339617e-09
"Sexual iRBC log (Ig log)",9.618812,0.0377712561557431
"Sexual iRBC log (Ig log)",9.618812,0.00469518312389982
"Sexual iRBC log (Ig log)",9.618812,0.0106304182252491
"Sexual iRBC log (Ig log)",9.618812,7.41608811418728e-09
"Sexual iRBC log (Ig log)",9.618812,1.36563549612451
"Sexual iRBC log (Ig log)",9.618812,3.50690443970742
"Sexual iRBC log (Ig log)",9.618812,3.22922002080856
"Sexual iRBC log (Ig log)",9.618812,0.00439734882917374
"Sexual iRBC log (Ig log)",9.618812,0.784807074301568
"Sexual iRBC log (Ig log)",9.618812,5.9979961362804e-72
"Sexual iRBC log (Ig log)",9.618812,1.33015141719635
"Sexual iRBC log (Ig log)",9.618812,0.122851337760551
"Sexual iRBC log (Ig log)",9.618812,2.28222874400343
"Sexual iRBC log (Ig log)",9.618812,0.0667071804314155
"Sexual iRBC log (Ig log)",9.618812,0.00441271415272322
"Sexual iRBC log (Ig log)",9.618812,0.178294996691158
"Sexual iRBC log (Ig log)",9.618812,0.00443670469285272
"Sexual iRBC log (Ig log)",9.618812,0.549925138607631
"Sexual iRBC log (Ig log)",9.618812,0.00483524378573101
"Sexual iRBC log (Ig log)",9.618812,4.0950458492527
"Sexual iRBC log (Ig log)",9.618812,0.0102436579876925
"Sexual iRBC log (Ig log)",9.618812,5.38383728351883e-12
"Sexual iRBC log (Ig log)",9.618812,0.00615044625800595
"Sexual iRBC log (Ig log)",9.618812,2.63140950925486
"Sexual iRBC log (Ig log)",9.618812,2.08870017874922
"Sexual iRBC log (Ig log)",9.618812,0.79701724930081
"Sexual iRBC log (Ig log)",9.618812,3.14535190852446
"Sexual iRBC log (Ig log)",9.618812,2.79515263515943
"Sexual iRBC log (Ig log)",9.618812,1.4170065888733e-08
"Sexual iRBC log (Ig log)",9.618812,3.6407059900419
"Sexual iRBC log (Ig log)",9.618812,0.00465424806121905
"Sexual iRBC log (Ig log)",9.618812,0.0248696554813931
"Sexual iRBC log (Ig log)",9.618812,0.320224096015714
"Sexual iRBC log (Ig log)",9.618812,1.83684841770785e-06
"Sexual iRBC log (Ig log)",9.618812,1.62657325763575
"Sexual iRBC log (Ig log)",9.618812,0.0225090875451071
"Sexual iRBC log (Ig log)",9.618812,0.87687521304667
"Sexual iRBC log (Ig log)",9.618812,1.31781148486908
"Sexual iRBC log (Ig log)",9.618812,0.0119645605096882
"Sexual iRBC log (Ig log)",9.618812,2.22992210101451
"Sexual iRBC log (Ig log)",9.618812,2.89022191591763
"Sexual iRBC log (Ig log)",9.618812,4.42742389181193e-64
"Sexual iRBC log (Ig log)",9.618812,0.00439723796542186
"Sexual iRBC log (Ig log)",9.618812,4.80842021688161e-09
"Sexual iRBC log (Ig log)",9.618812,2.12704890581023e-07
"Sexual iRBC log (Ig log)",9.618812,0.00666079657967215
"Sexual iRBC log (Ig log)",9.618812,1.78618582469357
"Sexual iRBC log (Ig log)",9.618812,0.518619379391126
"Sexual iRBC log (Ig log)",9.618812,0.00441468869798823
"Sexual iRBC log (Ig log)",9.618812,0.00876753687541901
"Sexual iRBC log (Ig log)",9.618812,2.73825899360965
"Sexual iRBC log (Ig log)",9.618812,3.58919457799637e-61
"Sexual iRBC log (Ig log)",9.618812,1.32093956291528e-11
"Sexual iRBC log (Ig log)",9.618812,0.0209092859687836
"Sexual iRBC log (Ig log)",9.618812,0.00455718315019584
"Sexual iRBC log (Ig log)",9.618812,2.92352328975656
"Sexual iRBC log (Ig log)",9.618812,0.014186969611168
"Sexual iRBC log (Ig log)",9.618812,9.99323750829507e-69
"Sexual iRBC log (Ig log)",9.618812,1.77580691572313
"Sexual iRBC log (Ig log)",9.618812,0.00798485049825487
"Sexual iRBC log (Ig log)",9.618812,0.158477589274303
"Sexual iRBC log (Ig log)",9.618812,0.00693326681517866
"Sexual iRBC log (Ig log)",9.618812,1.53903556333246
"Sexual iRBC log (Ig log)",9.618812,3.13035499799862
"Sexual iRBC log (Ig log)",9.618812,4.90083783292874e-46
"Sexual iRBC log (Ig log)",9.618812,1.9519568792306
"Sexual iRBC log (Ig log)",9.618812,2.95912028994709
"Sexual iRBC log (Ig log)",9.618812,0.0469130459057823
"Sexual iRBC log (Ig log)",9.618812,1.16911287837181
"Sexual iRBC log (Ig log)",9.618812,2.69636698890593e-08
"Sexual iRBC log (Ig log)",9.618812,1.68839623428942
"Sexual iRBC log (Ig log)",9.618812,0.0181501353740986
"Sexual iRBC log (Ig log)",9.618812,0.0212721096668603
"Sexual iRBC log (Ig log)",9.618812,0.00523410261075909
"Sexual iRBC log (Ig log)",9.618812,1.81968944114784e-40
"Sexual iRBC log (Ig log)",9.618812,0.00558058970308793
"Sexual iRBC log (Ig log)",9.618812,0.0102299927447514
"Sexual iRBC log (Ig log)",9.618812,6.46377397466183e-10
"Sexual iRBC log (Ig log)",9.618812,2.5085984996858
"Sexual iRBC log (Ig log)",9.618812,0.00492064640830942
"Sexual iRBC log (Ig log)",9.618812,0.0210259529687573
"Sexual iRBC log (Ig log)",9.618812,1.55082769300725
"Sexual iRBC log (Ig log)",9.618812,1.30409433974291e-13
"Sexual iRBC log (Ig log)",9.618812,1.08684227417745e-15
"Sexual iRBC log (Ig log)",9.618812,3.94204679335926e-66
"Sexual iRBC log (Ig log)",9.618812,3.66688255897259
"Sexual iRBC log (Ig log)",9.618812,1.93590900819998
"Sexual iRBC (Ig)",8.569285,0.0062322284586437
"Sexual iRBC (Ig)",8.569285,0.000118708422759664
"Sexual iRBC (Ig)",8.569285,0.00440019257666852
"Sexual iRBC (Ig)",8.569285,8.0310849492697e-14
"Sexual iRBC (Ig)",8.569285,2.6992611256646
"Sexual iRBC (Ig)",8.569285,4.75756262696963e-57
"Sexual iRBC (Ig)",8.569285,0.134499954258725
"Sexual iRBC (Ig)",8.569285,0.00445290195148866
"Sexual iRBC (Ig)",8.569285,0.00439644789289741
"Sexual iRBC (Ig)",8.569285,0.413021095544351
"Sexual iRBC (Ig)",8.569285,0.00488997974564934
"Sexual iRBC (Ig)",8.569285,2.90293238471874
"Sexual iRBC (Ig)",8.569285,2.1891273821404
"Sexual iRBC (Ig)",8.569285,8.13035747579363e-24
"Sexual iRBC (Ig)",8.569285,0.00439911150817968
"Sexual iRBC (Ig)",8.569285,0.00504127119014501
"Sexual iRBC (Ig)",8.569285,0.00664348896352695
"Sexual iRBC (Ig)",8.569285,3.72761814800125e-05
"Sexual iRBC (Ig)",8.569285,0.482785658671288
"Sexual iRBC (Ig)",8.569285,0.00510928807442661
"Sexual iRBC (Ig)",8.569285,0.0025648613524893
"Sexual iRBC (Ig)",8.569285,5.50034544119388e-05
"Sexual iRBC (Ig)",8.569285,1.8993430923545
"Sexual iRBC (Ig)",8.569285,0.070340187934927
"Sexual iRBC (Ig)",8.569285,2.60652845318414
"Sexual iRBC (Ig)",8.569285,0.00454732239624317
"Sexual iRBC (Ig)",8.569285,0.00475413092671471
"Sexual iRBC (Ig)",8.569285,6.52987749629007e-05
"Sexual iRBC (Ig)",8.569285,0.00447870933605472
"Sexual iRBC (Ig)",8.569285,0.00439697933634988
"Sexual iRBC (Ig)",8.569285,8.00606179383326e-13
"Sexual iRBC (Ig)",8.569285,7.42822717676369e-32
"Sexual iRBC (Ig)",8.569285,0.00515447571837433
"Sexual iRBC (Ig)",8.569285,3.94262919105956e-95
"Sexual iRBC (Ig)",8.569285,0.00941414870024661
"Sexual iRBC (Ig)",8.569285,3.9844430470443
"Sexual iRBC (Ig)",8.569285,5.82605810220065e-48
"Sexual iRBC (Ig)",8.569285,0.00715544769065371
"Sexual iRBC (Ig)",8.569285,0.143157319331421
"Sexual iRBC (Ig)",8.569285,0.00440186490353077
"Sexual iRBC (Ig)",8.569285,0.00439544492951422
"Sexual iRBC (Ig)",8.569285,0.480157843578947
"Sexual iRBC (Ig)",8.569285,3.58190701368843
"Sexual iRBC (Ig)",8.569285,1.7663462068217e-06
"Sexual iRBC (Ig)",8.569285,0.0323132786925812
"Sexual iRBC (Ig)",8.569285,0.245340317652267
"Sexual iRBC (Ig)",8.569285,5.98404642369206
"Sexual iRBC (Ig)",8.569285,0.00449938101241307
"Sexual iRBC (Ig)",8.569285,0.00457509582261288
"Sexual iRBC (Ig)",8.569285,1.37229994345069e-05
"Sexual iRBC (Ig)",8.569285,0.00467795729711391
"Sexual iRBC (Ig)",8.569285,2.54094589995361
"Sexual iRBC (Ig)",8.569285,1.05962042136242e-56
"Sexual iRBC (Ig)",8.569285,2.61954866056779
"Sexual iRBC (Ig)",8.569285,2.32408566740023
"Sexual iRBC (Ig)",8.569285,0.00768054153411841
"Sexual iRBC (Ig)",8.569285,0.329673908898909
"Sexual iRBC (Ig)",8.569285,2.50101193846352
"Sexual iRBC (Ig)",8.569285,0.102531047818002
"Sexual iRBC (Ig)",8.569285,1.85105809298566
"Sexual iRBC (Ig)",8.569285,0.00561246092401842
"Sexual iRBC (Ig)",8.569285,0.000219360661815987
"Sexual iRBC (Ig)",8.569285,2.85216741486205e-20
"Sexual iRBC (Ig)",8.569285,1.71022647598117e-55
"Sexual iRBC (Ig)",8.569285,0.00439882655696232
"Sexual iRBC (Ig)",8.569285,0.828406261460544
"Sexual iRBC (Ig)",8.569285,0.00439539658390027
"Sexual iRBC (Ig)",8.569285,0.845240279480971
"Sexual iRBC (Ig)",8.569285,0.012569781105891
"Sexual iRBC (Ig)",8.569285,3.12736301003105e-22
"Sexual iRBC (Ig)",8.569285,3.04627050958312e-09
"Sexual iRBC (Ig)",8.569285,0.306817377457464
"Sexual iRBC (Ig)",8.569285,0.673029732213094
"Sexual iRBC (Ig)",8.569285,0.004933958841256
"Sexual iRBC (Ig)",8.569285,0.00443234223167739
"Sexual iRBC (Ig)",8.569285,2.07233792651399
"Sexual iRBC (Ig)",8.569285,0.012851258159145
"Sexual iRBC (Ig)",8.569285,0.705148200789119
"Sexual iRBC (Ig)",8.569285,0.00456565217454976
"Sexual iRBC (Ig)",8.569285,0.00458435924965897
"Sexual iRBC (Ig)",8.569285,0.00695559622526942
"Sexual iRBC (Ig)",8.569285,0.00441766652566595
"Sexual iRBC (Ig)",8.569285,0.85220201316988
"Sexual iRBC (Ig)",8.569285,1.42737580878525e-84
"Sexual iRBC (Ig)",8.569285,1.10183109173141e-28
"Sexual iRBC (Ig)",8.569285,3.47148124149061e-45
"Sexual iRBC (Ig)",8.569285,3.16689115528763
"Sexual iRBC (Ig)",8.569285,0.00440317381891721
"Sexual iRBC (Ig)",8.569285,0.00473817303970579
"Sexual iRBC (Ig)",8.569285,2.61134559510894e-05
"Sexual iRBC (Ig)",8.569285,0.018266711592415
"Sexual iRBC (Ig)",8.569285,7.63625758855056e-05
"Sexual iRBC (Ig)",8.569285,7.81318112487612e-06
"Sexual iRBC (Ig)",8.569285,1.97599545308
"Sexual iRBC (Ig)",8.569285,3.56261469155731e-89
"Sexual iRBC (Ig)",8.569285,1.75381182042605e-28
"Sexual iRBC (Ig)",8.569285,0.00615570354808239
"Sexual iRBC (Ig)",8.569285,0.00444525154101173
"Sexual iRBC (Ig)",8.569285,2.63625334555341e-15
"Sexual iRBC (Ig)",8.569285,0.00439478661202413
"Sexual iRBC (Ig)",8.569285,1.46194374967262e-15
"Sexual iRBC (Ig)",8.569285,4.61297147131554
"Sexual iRBC (Ig)",8.569285,3.18250855174396e-98
"Sexual iRBC (Ig)",8.569285,0.00439645355403038
"Sexual iRBC (Ig)",8.569285,0.00450895812024528
"Sexual iRBC (Ig)",8.569285,2.24149516858988e-90
"Sexual iRBC (Ig)",8.569285,6.72438241812538
"Sexual iRBC (Ig)",8.569285,0.00633710819364899
"Sexual iRBC (Ig)",8.569285,3.31593372528661
"Sexual iRBC (Ig)",8.569285,1.27008663609093
"Sexual iRBC (Ig)",8.569285,2.44486486825777e-35
"Sexual iRBC (Ig)",8.569285,0.00439741038710493
"Sexual iRBC (Ig)",8.569285,2.17753574561525e-20
"Sexual iRBC (Ig)",8.569285,2.4424890886662
"Sexual iRBC (Ig)",8.569285,5.67710561331788e-74
"Sexual iRBC (Ig)",8.569285,0.00188184471642165
"Sexual iRBC (Ig)",8.569285,0.00444282528570373
"Sexual iRBC (Ig)",8.569285,2.32672347721099
"Sexual iRBC (Ig)",8.569285,3.74479892801186e-11
"Sexual iRBC (Ig)",8.569285,0.00473590422116443
"Sexual iRBC (Ig)",8.569285,1.44114085408
"Sexual iRBC (Ig)",8.569285,0.00483524685453236
"Sexual iRBC (Ig)",8.569285,0.00441421376246744
"Sexual iRBC (Ig)",8.569285,0.00439551094600179
"Sexual iRBC (Ig)",8.569285,1.46609719400818e-09
"Sexual iRBC (Ig)",8.569285,4.05410680691189e-07
"Sexual iRBC (Ig)",8.569285,1.33646037251961e-92
"Sexual iRBC (Ig)",8.569285,1.73558396229955e-53
"Sexual iRBC (Ig)",8.569285,0.004414046178444
"Sexual iRBC (Ig)",8.569285,7.26281375696832e-23
"Sexual iRBC (Ig)",8.569285,2.00938252228957e-57
"Sexual iRBC (Ig)",8.569285,0.110425759187074
"Sexual iRBC (Ig)",8.569285,0.80400476091955
"Sexual iRBC (Ig)",8.569285,0.00737301183004561
"Sexual iRBC (Ig)",8.569285,0.00440538747481335
"Sexual iRBC (Ig)",8.569285,3.14829793443677
"Sexual iRBC (Ig)",8.569285,0.0136202879709319
"Sexual iRBC (Ig)",8.569285,6.54024655313721e-12
"Sexual iRBC (Ig)",8.569285,0.00505790536564521
"Sexual iRBC (Ig)",8.569285,0.004398168370994
"Sexual iRBC (Ig)",8.569285,0.00520595868689702
"Sexual iRBC (Ig)",8.569285,0.00876411742443899
"Sexual iRBC (Ig)",8.569285,0.00444297986138278
"Sexual iRBC (Ig)",8.569285,1.47150894275081e-07
"Sexual iRBC (Ig)",8.569285,2.39455523845871
"Sexual iRBC (Ig)",8.569285,1.09477903690839
"Sexual iRBC (Ig)",8.569285,7.57663404024346e-08
"Sexual iRBC (Ig)",8.569285,0.00440440935778482
"Sexual iRBC (Ig)",8.569285,0.0044219415031267
"Sexual iRBC (Ig)",8.569285,0.389953834881217
"Sexual iRBC (Ig)",8.569285,0.00441245875986922
"Sexual iRBC (Ig)",8.569285,0.00442038772770869
"Sexual iRBC (Ig)",8.569285,7.92639941850312e-24
"Sexual iRBC (Ig)",8.569285,0.242970874391744
"Sexual iRBC (Ig)",8.569285,0.00568066638958796
"Sexual iRBC (Ig)",8.569285,1.53928879770076e-62
"Sexual iRBC (Ig)",8.569285,1.04271203840836e-18
"Sexual iRBC (Ig)",8.569285,0.00445326558139417
"Sexual iRBC (Ig)",8.569285,6.89448611257768e-15
"Sexual iRBC (Ig)",8.569285,1.50845413498862
"Sexual iRBC (Ig)",8.569285,0.00440408982142008
"Sexual iRBC (Ig)",8.569285,0.00473119125505841
"Sexual iRBC (Ig)",8.569285,0.00439726994908834
"Sexual iRBC (Ig)",8.569285,1.01642752037691e-17
"Sexual iRBC (Ig)",8.569285,2.22552086345042
"Sexual iRBC (Ig)",8.569285,1.80435143949922e-42
"Sexual iRBC (Ig)",8.569285,0.0043952796082036
"Sexual iRBC (Ig)",8.569285,1.34405665429469e-58
"Sexual iRBC (Ig)",8.569285,1.62780905251729e-07
"Sexual iRBC (Ig)",8.569285,0.00452646187664557
"Sexual iRBC (Ig)",8.569285,0.00969394903570219
"Sexual iRBC (Ig)",8.569285,0.00447427713321345
"Sexual iRBC (Ig)",8.569285,1.72343280559116
"Sexual iRBC (Ig)",8.569285,0.00444605315106325
"Sexual iRBC (Ig)",8.569285,0.00454995364760734
"Sexual iRBC (Ig)",8.569285,8.52154292050285e-34
"Sexual iRBC (Ig)",8.569285,0.00629756112290478
"Sexual iRBC (Ig)",8.569285,7.72732509856524e-10
"Sexual iRBC (Ig)",8.569285,4.15694761689586e-10
"Sexual iRBC (Ig)",8.569285,0.0216231088730894
"Sexual iRBC (Ig)",8.569285,0.00442468561114112
"Sexual iRBC (Ig)",8.569285,7.31231895257141e-92
"Sexual iRBC (Ig)",8.569285,0.524808010466093
"Sexual iRBC (Ig)",8.569285,0.598653481853115
"Sexual iRBC (Ig)",8.569285,1.57891226614179
"Sexual iRBC (Ig)",8.569285,0.305048226767293
"Sexual iRBC (Ig)",8.569285,0.00565546046546417
"Sexual iRBC (Ig)",8.569285,5.58879133800989e-09
"Sexual iRBC (Ig)",8.569285,0.0303032397414397
"Sexual iRBC (Ig)",8.569285,0.010957161762635
"Sexual iRBC (Ig)",8.569285,2.68009651096227
"Sexual iRBC (Ig)",8.569285,0.598796650929496
"Sexual iRBC (Ig)",8.569285,0.597923546916572
"Sexual iRBC (Ig)",8.569285,5.70663815811005e-07
"Sexual iRBC (Ig)",8.569285,0.619950197490196
"Sexual iRBC (Ig)",8.569285,0.0222012459114975
"Sexual iRBC (Ig)",8.569285,3.26382811782897e-38
"Sexual iRBC (Ig)",8.569285,1.00188782422803e-76
"Sexual iRBC (Ig)",8.569285,7.48058777003811e-37
"Sexual iRBC (Ig)",8.569285,0.00442198136200879
"Sexual iRBC (Ig)",8.569285,0.108907905605977
"Sexual iRBC (Ig)",8.569285,4.11679727904984e-93
"Sexual iRBC (Ig)",8.569285,2.55880964771466e-06
"Sexual iRBC (Ig)",8.569285,2.43822161768243
"Sexual iRBC (Ig)",8.569285,8.7608220140995e-46
"Sexual iRBC (Ig)",8.569285,3.76718169838222e-05
"Sexual iRBC (Ig)",8.569285,0.00449134568255491
"Sexual iRBC (Ig)",8.569285,2.9203875143882
"Sexual iRBC (Ig)",8.569285,4.35360447044339
"Sexual iRBC (Ig)",8.569285,0.004411955968292
"Sexual iRBC (Ig)",8.569285,5.14330181735488e-26
"Sexual iRBC (Ig)",8.569285,0.00457148729744972
"Sexual iRBC (Ig)",8.569285,0.00479612423617335
"Sexual iRBC (Ig)",8.569285,0.0440571227286841
"Sexual iRBC (Ig)",8.569285,1.88359561188694e-18
"Sexual iRBC (Ig)",8.569285,0.0203233576436281
"Sexual iRBC (Ig)",8.569285,0.0044154755768135
"Sexual iRBC (Ig)",8.569285,0.00489270248612301
"Sexual iRBC (Ig)",8.569285,1.5487583374942e-68
"Sexual iRBC (Ig)",8.569285,5.5202175804951e-10
"Sexual iRBC (Ig)",8.569285,0.0049273211986765
"Sexual iRBC (Ig)",8.569285,0.0054082309365451
"Sexual iRBC (Ig)",8.569285,5.15077699160549e-12
"Sexual iRBC (Ig)",8.569285,0.0411909361596689
"Sexual iRBC (Ig)",8.569285,0.00439671261250771
"Sexual iRBC (Ig)",8.569285,1.34063594008426
"Sexual iRBC (Ig)",8.569285,1.66618920717945e-46
"Sexual iRBC (Ig)",8.569285,0.00442245987223745
"Sexual iRBC (Ig)",8.569285,0.00542670263744477
"Sexual iRBC (Ig)",8.569285,1.32027195094792e-86
"Sexual iRBC (Ig)",8.569285,0.00474760495649564
"Sexual iRBC (Ig)",8.569285,0.0043974009589031
"Sexual iRBC (Ig)",8.569285,2.89284593191195e-09
"Sexual iRBC (Ig)",8.569285,1.31498378051561
"Sexual iRBC (Ig)",8.569285,4.05431018356933e-05
"Sexual iRBC (Ig)",8.569285,0.0421968231741195
"Sexual iRBC (Ig)",8.569285,0.00440281955591385
"Sexual iRBC (Ig)",8.569285,3.55172388058615e-26
"Sexual iRBC (Ig)",8.569285,0.00486227598132528
"Sexual iRBC (Ig)",8.569285,2.23535059936582
"Sexual iRBC (Ig)",8.569285,0.827090804783465
"Sexual iRBC (Ig)",8.569285,0.00439467223103368
"Sexual iRBC (Ig)",8.569285,0.00889544232061393
"Sexual iRBC (Ig)",8.569285,0.00447718892306825
"Sexual iRBC (Ig)",8.569285,1.58411406955503
"Sexual iRBC (Ig)",8.569285,0.00443552243615044
"Sexual iRBC (Ig)",8.569285,0.00656652103109077
"Sexual iRBC (Ig)",8.569285,2.34394916090516e-10
"Sexual iRBC (Ig)",8.569285,1.29760088133423e-31
"Sexual iRBC (Ig)",8.569285,1.34166479745702e-76
"Sexual iRBC (Ig)",8.569285,0.0044061730593562
"Sexual iRBC (Ig)",8.569285,0.00450319112120262
"Sexual iRBC (Ig)",8.569285,3.92294027204365e-18
"Sexual iRBC (Ig)",8.569285,0.00117305137099696
"Sexual iRBC (Ig)",8.569285,0.0055710300284195
"Sexual iRBC (Ig)",8.569285,0.50426268235323
"Sexual iRBC (Ig)",8.569285,2.26460530055931e-07
"Sexual iRBC (Ig)",8.569285,0.00476987168944807
"Sexual iRBC (Ig)",8.569285,3.00514036663969
"Sexual iRBC (Ig)",8.569285,3.12887240668617e-28
"Sexual iRBC (Ig)",8.569285,4.12829140179241e-29
"Sexual iRBC (Ig)",8.569285,7.56620561415454e-42
"Sexual iRBC (Ig)",8.569285,0.00439727685568726
"Sexual iRBC (Ig)",8.569285,2.63760892199249
"Sexual iRBC (Ig)",8.569285,7.89571427212482e-31
"Sexual iRBC (Ig)",8.569285,6.72431564403378e-05
"Sexual iRBC (Ig)",8.569285,0.0884304863323396
"Sexual iRBC (Ig)",8.569285,3.01465503915058e-33
"Sexual iRBC (Ig)",8.569285,0.690523719340296
"Sexual iRBC (Ig)",8.569285,0.555333371950319
"Sexual iRBC (Ig)",8.569285,8.67340784305295e-10
"Sexual iRBC (Ig)",8.569285,0.365724497082769
"Sexual iRBC (Ig)",8.569285,0.0045244519432129
"Sexual iRBC (Ig)",8.569285,0.00446897067366924
"Sexual iRBC (Ig)",8.569285,4.31344270669382e-34
"Sexual iRBC (Ig)",8.569285,0.0110749114942715
"Sexual iRBC (Ig)",8.569285,0.00439481305014918
"Sexual iRBC (Ig)",8.569285,3.97947407648506e-73
"Sexual iRBC (Ig)",8.569285,0.391853136914131
"Sexual iRBC (Ig)",8.569285,3.71333941858344e-23
"Sexual iRBC (Ig)",8.569285,0.000146387820942017
"Sexual iRBC (Ig)",8.569285,2.71187069851963
"Sexual iRBC (Ig)",8.569285,1.92582408814128
"Sexual iRBC (Ig)",8.569285,0.00440849319341598
"Sexual iRBC (Ig)",8.569285,0.0160199139503187
"Sexual iRBC (Ig)",8.569285,1.17244715883991e-25
"Sexual iRBC (Ig)",8.569285,0.00460711846202949
"Sexual iRBC (Ig)",8.569285,4.64564670358266e-08
"Sexual iRBC (Ig)",8.569285,0.00440418140209937
"Sexual iRBC (Ig)",8.569285,2.17105609458863e-13
"Sexual iRBC (Ig)",8.569285,0.0658760245969057
"Sexual iRBC (Ig)",8.569285,3.59774847048247e-70
"Sexual iRBC (Ig)",8.569285,0.00442999169648651
"Sexual iRBC (Ig)",8.569285,8.112629035207e-13
"Sexual iRBC (Ig)",8.569285,3.68674983974001
"Sexual iRBC (Ig)",8.569285,0.000354856886795913
"Sexual iRBC (Ig)",8.569285,0.0044266489704038
"Sexual iRBC (Ig)",8.569285,8.86606622078179e-31
"Sexual iRBC (Ig)",8.569285,0.129718004992093
"Sexual iRBC (Ig)",8.569285,2.87847254180815
"Sexual iRBC (Ig)",8.569285,0.00443733166450951
"Sexual iRBC (Ig)",8.569285,0.0224095653465767
"Sexual iRBC (Ig)",8.569285,0.0127173117196868
"Sexual iRBC (Ig)",8.569285,0.00440708356173178
"Sexual iRBC (Ig)",8.569285,0.00466175226833436
"Sexual iRBC (Ig)",8.569285,1.47409997440838e-07
"Sexual iRBC (Ig)",8.569285,0.00455901296658986
"Sexual iRBC (Ig)",8.569285,1.2421388615925e-37
"Sexual iRBC (Ig)",8.569285,0.993864540827386
"Sexual iRBC (Ig)",8.569285,3.09286236967623e-05
"Sexual iRBC (Ig)",8.569285,1.49227850347813
"Sexual iRBC (Ig)",8.569285,0.0466560471224592
"Sexual iRBC (Ig)",8.569285,1.33786609793409e-10
"Sexual iRBC (Ig)",8.569285,0.00691568574932315
"Sexual iRBC (Ig)",8.569285,2.64203680823421e-08
"Sexual iRBC (Ig)",8.569285,4.6519799562959e-12
"Sexual iRBC (Ig)",8.569285,0.0029719924290963
"Sexual iRBC (Ig)",8.569285,0.505229697021957
"Sexual iRBC (Ig)",8.569285,1.33086251793168e-09
"Sexual iRBC (Ig)",8.569285,7.1258118526774e-51
"Sexual iRBC (Ig)",8.569285,2.21899787114492e-05
"Sexual iRBC (Ig)",8.569285,0.00439676387858169
"Sexual iRBC (Ig)",8.569285,0.00439491502489853
"Sexual iRBC (Ig)",8.569285,3.09414184693864
"Sexual iRBC (Ig)",8.569285,0.00479689259611319
"Sexual iRBC (Ig)",8.569285,0.00447112836987182
"Sexual iRBC (Ig)",8.569285,0.0045295228735145
"Sexual iRBC (Ig)",8.569285,0.00878362032996195
"Sexual iRBC (Ig)",8.569285,5.47519175414259e-08
"Sexual iRBC (Ig)",8.569285,0.168075635024857
"Sexual iRBC (Ig)",8.569285,0.200795028745846
"Sexual iRBC (Ig)",8.569285,4.48833950984516e-96
"Sexual iRBC (Ig)",8.569285,1.02550749906132e-09
"Sexual iRBC (Ig)",8.569285,1.58056965719429e-08
"Sexual iRBC (Ig)",8.569285,5.64706381991554e-08
"Sexual iRBC (Ig)",8.569285,0.482893056745907
"Sexual iRBC (Ig)",8.569285,0.00439709181441075
"Sexual iRBC (Ig)",8.569285,4.30081915823938e-39
"Sexual iRBC (Ig)",8.569285,7.8607088216693e-55
"Sexual iRBC (Ig)",8.569285,0.00440319760656419
"Sexual iRBC (Ig)",8.569285,0.00446390763648913
"Sexual iRBC (Ig)",8.569285,0.0482480714975523
"Sexual iRBC (Ig)",8.569285,0.00682190257817211
"Sexual iRBC (Ig)",8.569285,0.297315638229769
"Sexual iRBC (Ig)",8.569285,0.0121781491600022
"Sexual iRBC (Ig)",8.569285,7.0479870400266e-49
"Sexual iRBC (Ig)",8.569285,5.23517270395719e-26
"Sexual iRBC (Ig)",8.569285,0.128539136687265
"Sexual iRBC (Ig)",8.569285,8.39344345068566e-06
"Sexual iRBC (Ig)",8.569285,4.368269522613e-35
"Sexual iRBC (Ig)",8.569285,0.000499581022338512
"Sexual iRBC (Ig)",8.569285,1.53010617866236
"Sexual iRBC (Ig)",8.569285,1.39042308114991e-22
"Sexual iRBC (Ig)",8.569285,0.00532407729641701
"Sexual iRBC (Ig)",8.569285,0.173958720768253
"Sexual iRBC (Ig)",8.569285,2.47869092093502e-27
"Sexual iRBC (Ig)",8.569285,0.0259717225367819
"Sexual iRBC (Ig)",8.569285,0.00897912207170387
"Sexual iRBC (Ig)",8.569285,0.00441275299374244
"Sexual iRBC (Ig)",8.569285,1.33238542146163e-32
"Sexual iRBC (Ig)",8.569285,2.9177817702865
"Sexual iRBC (Ig)",8.569285,0.00469056183003428
"Sexual iRBC (Ig)",8.569285,1.68437188758373
"Sexual iRBC (Ig)",8.569285,1.50607256994693e-30
"Sexual iRBC (Ig)",8.569285,6.27087826249803e-24
"Sexual iRBC (Ig)",8.569285,1.08804732649688e-09
"Sexual iRBC (Ig)",8.569285,1.21140764254923e-88
"Sexual iRBC (Ig)",8.569285,0.00498572076496078
"Sexual iRBC (Ig)",8.569285,0.0047563715226179
"Sexual iRBC (Ig)",8.569285,0.00104783495978823
"Sexual iRBC (Ig)",8.569285,0.00247599771401074
"Sexual iRBC (Ig)",8.569285,5.95743321421811
"Sexual iRBC (Ig)",8.569285,0.0520306076072702
"Sexual iRBC (Ig)",8.569285,1.4070007376383e-18
"Sexual iRBC (Ig)",8.569285,1.41417869606021e-80
"Sexual iRBC (Ig)",8.569285,0.00439469508606528
"Sexual iRBC (Ig)",8.569285,0.00440946399391877
"Sexual iRBC (Ig)",8.569285,0.0149209912590228
"Sexual iRBC (Ig)",8.569285,1.09753483598407
"Sexual iRBC (Ig)",8.569285,6.67859969581198e-44
"Sexual iRBC (Ig)",8.569285,2.56547398305573
"Sexual iRBC (Ig)",8.569285,0.00534653827761552
"Sexual iRBC (Ig)",8.569285,0.619667546551857
"Sexual iRBC (Ig)",8.569285,0.00442746105547423
"Sexual iRBC (Ig)",8.569285,7.34582792426517e-94
"Sexual iRBC (Ig)",8.569285,0.00446250201424506
"Sexual iRBC (Ig)",8.569285,0.00441274291250082
"Sexual iRBC (Ig)",8.569285,0.00607171092571625
"Sexual iRBC (Ig)",8.569285,6.04665662220555e-08
"Sexual iRBC (Ig)",8.569285,0.00625976741091352
"Sexual iRBC (Ig)",8.569285,0.00443543988793745
"Sexual iRBC (Ig)",8.569285,5.19230004855213e-60
"Sexual iRBC (Ig)",8.569285,0.00440598499168547
"Sexual iRBC (Ig)",8.569285,0.00441311643599869
"Sexual iRBC (Ig)",8.569285,0.00443065239900969
"Sexual iRBC (Ig)",8.569285,0.00440381298191073
"Sexual iRBC (Ig)",8.569285,6.63386259582043e-28
"Sexual iRBC (Ig)",8.569285,2.69743286088968
"Sexual iRBC (Ig)",8.569285,1.47221735739411
"Sexual iRBC (Ig)",8.569285,0.00786523802198158
"Sexual iRBC (Ig)",8.569285,4.52948765063035e-09
"Sexual iRBC (Ig)",8.569285,2.66287793423546
"Sexual iRBC (Ig)",8.569285,0.00439625988956503
"Sexual iRBC (Ig)",8.569285,9.83381601207641e-25
"Sexual iRBC (Ig)",8.569285,8.76835618039196e-73
"Sexual iRBC (Ig)",8.569285,0.00464141478457947
"Sexual iRBC (Ig)",8.569285,9.35762119072677e-15
"Sexual iRBC (Ig)",8.569285,9.83308887865167e-16
"Sexual iRBC (Ig)",8.569285,0.248010603873785
"Sexual iRBC (Ig)",8.569285,1.29757431734817
"Sexual iRBC (Ig)",8.569285,0.00429386164976254
"Sexual iRBC (Ig)",8.569285,2.53150542673209
"Sexual iRBC (Ig)",8.569285,0.00462038392789911
"Sexual iRBC (Ig)",8.569285,0.256692338548081
"Sexual iRBC (Ig)",8.569285,0.00490303014665981
"Sexual iRBC (Ig)",8.569285,0.00451819617334513
"Sexual iRBC (Ig)",8.569285,1.40012738811126
"Sexual iRBC (Ig)",8.569285,0.00446309631757974
"Sexual iRBC (Ig)",8.569285,0.122590951087158
"Sexual iRBC (Ig)",8.569285,3.47795623022106
"Sexual iRBC (Ig)",8.569285,1.23168591610682e-71
"Sexual iRBC (Ig)",8.569285,9.54415330998197e-17
"Sexual iRBC (Ig)",8.569285,0.0173577294118569
"Sexual iRBC (Ig)",8.569285,1.75358632749328e-17
"Sexual iRBC (Ig)",8.569285,6.79501075803159e-09
"Sexual iRBC (Ig)",8.569285,0.00540663638581015
"Sexual iRBC (Ig)",8.569285,0.00444142060586732
"Sexual iRBC (Ig)",8.569285,0.000573272592501168
"Sexual iRBC (Ig)",8.569285,3.516676734398e-15
"Sexual iRBC (Ig)",8.569285,0.411132495266946
"Sexual iRBC (Ig)",8.569285,5.59240665360281e-12
"Sexual iRBC (Ig)",8.569285,0.00441975149083565
"Sexual iRBC (Ig)",8.569285,3.39689690799236e-95
"Sexual iRBC (Ig)",8.569285,0.00908059088563998
"Sexual iRBC (Ig)",8.569285,2.48988204616685
"Sexual iRBC (Ig)",8.569285,1.89133059598441
"Sexual iRBC (Ig)",8.569285,6.0203133528093e-58
"Sexual iRBC (Ig)",8.569285,5.85962111438371e-53
"Sexual iRBC (Ig)",8.569285,0.200246183905573
"Sexual iRBC (Ig)",8.569285,0.00443103529943826
"Sexual iRBC (Ig)",8.569285,7.71670895337954e-46
"Sexual iRBC (Ig)",8.569285,7.33332035792449e-34
"Sexual iRBC (Ig)",8.569285,0.00441893513702129
"Sexual iRBC (Ig)",8.569285,0.00709367366899448
"Sexual iRBC (Ig)",8.569285,4.62822627537881e-61
"Sexual iRBC (Ig)",8.569285,0.441016386293722
"Sexual iRBC (Ig)",8.569285,0.0127015505644076
"Sexual iRBC (Ig)",8.569285,0.000583897636247409
"Sexual iRBC (Ig)",8.569285,1.19031865768656e-15
"Sexual iRBC (Ig)",8.569285,0.00442464897423878
"Sexual iRBC (Ig)",8.569285,2.85578428510365e-10
"Sexual iRBC (Ig)",8.569285,7.97123843807604e-85
"Sexual iRBC (Ig)",8.569285,4.79065590277605e-98
"Sexual iRBC (Ig)",8.569285,7.73413995072076e-50
"Sexual iRBC (Ig)",8.569285,0.00441572485914237
"Sexual iRBC (Ig)",8.569285,0.00497253231463748
"Sexual iRBC (Ig)",8.569285,1.46047812444473e-09
"Sexual iRBC (Ig)",8.569285,0.440958090340725
"Sexual iRBC (Ig)",8.569285,0.00451049831383404
"Sexual iRBC (Ig)",8.569285,0.00439463546328715
"Sexual iRBC (Ig)",8.569285,0.00762045863307619
"Sexual iRBC (Ig)",8.569285,3.88073583202788e-06
"Sexual iRBC (Ig)",8.569285,0.00440042082419606
"Sexual iRBC (Ig)",8.569285,0.00439988654146731
"Sexual iRBC (Ig)",8.569285,0.00879074227076243
"Sexual iRBC (Ig)",8.569285,0.00448725092309485
"Sexual iRBC (Ig)",8.569285,2.78108251012827e-13
"Sexual iRBC (Ig)",8.569285,3.98196043457868e-78
"Sexual iRBC (Ig)",8.569285,0.00107691643944781
"Sexual iRBC (Ig)",8.569285,0.0046356623454337
"Sexual iRBC (Ig)",8.569285,2.75043087279561e-06
"Sexual iRBC (Ig)",8.569285,9.92655691966454e-06
"Sexual iRBC (Ig)",8.569285,2.51122996433428e-14
"Sexual iRBC (Ig)",8.569285,0.00456790271781567
"Sexual iRBC (Ig)",8.569285,4.44785353592001e-55
"Sexual iRBC (Ig)",8.569285,1.45424666894934
"Sexual iRBC (Ig)",8.569285,0.00559190046626365
"Sexual iRBC (Ig)",8.569285,0.00454692699739984
"Sexual iRBC (Ig)",8.569285,2.07880465017976e-71
"Sexual iRBC (Ig)",8.569285,0.00624833859370542
"Sexual iRBC (Ig)",8.569285,2.7771979328282
"Sexual iRBC (Ig)",8.569285,0.000942173605699857
"Sexual iRBC (Ig)",8.569285,1.27377302360907
"Sexual iRBC (Ig)",8.569285,6.40677559613007e-34
"Sexual iRBC (Ig)",8.569285,0.0205280038863147
"Sexual iRBC (Ig)",8.569285,0.0456528529180038
"Sexual iRBC (Ig)",8.569285,0.0321901006344775
"Sexual iRBC (Ig)",8.569285,9.59150131271164e-16
"Sexual iRBC (Ig)",8.569285,2.98792803657522
"Sexual iRBC (Ig)",8.569285,0.00439773548523918
"Sexual iRBC (Ig)",8.569285,3.36700187922386e-14
"Sexual iRBC (Ig)",8.569285,3.05540525808718
"Sexual iRBC (Ig)",8.569285,2.26059953409144e-80
"Sexual iRBC (Ig)",8.569285,1.02955824117546e-24
"Sexual iRBC (Ig)",8.569285,0.0169701616718975
"Sexual iRBC (Ig)",8.569285,2.57854376222236e-53
"Sexual iRBC (Ig)",8.569285,0.00492907273078878
"Sexual iRBC (Ig)",8.569285,0.00464087673747564
"Sexual iRBC (Ig)",8.569285,0.00612229134410346
"Sexual iRBC (Ig)",8.569285,0.00637672516182488
"Sexual iRBC (Ig)",8.569285,0.00439751403465683
"Sexual iRBC (Ig)",8.569285,1.48178678155386e-09
"Sexual iRBC (Ig)",8.569285,1.043511570921e-10
"Sexual iRBC (Ig)",8.569285,2.28233649109061e-27
"Sexual iRBC (Ig)",8.569285,5.01708879691995e-16
"Sexual iRBC (Ig)",8.569285,0.00448435131656165
"Sexual iRBC (Ig)",8.569285,1.11328220469757
"Sexual iRBC (Ig)",8.569285,4.25133459521579e-08
"Sexual iRBC (Ig)",8.569285,0.00440636887489831
"Sexual iRBC (Ig)",8.569285,1.59004258084157e-37
"Sexual iRBC (Ig)",8.569285,0.00441895942215475
"Sexual iRBC (Ig)",8.569285,0.00484782473694482
"Sexual iRBC (Ig)",8.569285,0.00446700673870366
"Sexual iRBC (Ig)",8.569285,4.49392360914149
"Sexual iRBC (Ig)",8.569285,5.07957496505742e-10
"Sexual iRBC (Ig)",8.569285,3.14864443397222
"Sexual iRBC (Ig)",8.569285,0.233992385339065
"Sexual iRBC (Ig)",8.569285,3.15618021951065e-64
"Sexual iRBC (Ig)",8.569285,2.85223558240431e-17
"Sexual iRBC (Ig)",8.569285,0.00440850256494637
"Sexual iRBC (Ig)",8.569285,0.0047162657863603
"Sexual iRBC (Ig)",8.569285,0.00478780743942537
"Sexual iRBC (Ig)",8.569285,0.00656925928703417
"Sexual iRBC (Ig)",8.569285,0.00510854255679099
"Sexual iRBC (Ig)",8.569285,0.0854864896954653
"Sexual iRBC (Ig)",8.569285,0.00440757042845895
"Sexual iRBC (Ig)",8.569285,1.01963483598017e-74
"Sexual iRBC (Ig)",8.569285,0.00439649959152839
"Sexual iRBC (Ig)",8.569285,4.49851625422871e-18
"Sexual iRBC (Ig)",8.569285,0.00962535263368749
"Sexual iRBC (Ig)",8.569285,0.00439927016934804
"Sexual iRBC (Ig)",8.569285,0.085195854387094
"Sexual iRBC (Ig)",8.569285,6.71577665469786e-63
"Sexual iRBC (Ig)",8.569285,0.127485280656085
"Sexual iRBC (Ig)",8.569285,1.44909145158814e-05
"Sexual iRBC (Ig)",8.569285,1.71145121070643
"Sexual iRBC (Ig)",8.569285,0.0617545792127618
"Sexual iRBC (Ig)",8.569285,0.00442415929956576
"Sexual iRBC (Ig)",8.569285,6.28460916630839e-27
"Sexual iRBC (Ig)",8.569285,8.19888711517477e-81
"Sexual iRBC (Ig)",8.569285,1.11570342729352e-05
"Sexual iRBC (Ig)",8.569285,0.874851016889546
"Sexual iRBC (Ig)",8.569285,4.31796024626803e-20
"Sexual iRBC (Ig)",8.569285,5.24739492906896
"Sexual iRBC (Ig)",8.569285,0.00439540397190655
"Sexual iRBC (Ig)",8.569285,0.0113090068159399
"Sexual iRBC (Ig)",8.569285,2.8594941049239e-14
"Sexual iRBC (Ig)",8.569285,0.00443654635694941
"Sexual iRBC (Ig)",8.569285,0.00169510343535759
"Sexual iRBC (Ig)",8.569285,2.60963241673948
"Sexual iRBC (Ig)",8.569285,0.00446184276089286
"Sexual iRBC (Ig)",8.569285,0.0044334748958342
"Sexual iRBC (Ig)",8.569285,0.00556988129415263
"Sexual iRBC (Ig)",8.569285,6.74176206856391
"Sexual iRBC (Ig)",8.569285,1.25922069448151
"Sexual iRBC (Ig)",8.569285,4.0995195803631e-82
"Sexual iRBC (Ig)",8.569285,5.85286159722447e-10
"Sexual iRBC (Ig)",8.569285,1.71027406405824e-84
"Sexual iRBC (Ig)",8.569285,0.00708795947680191
"Sexual iRBC (Ig)",8.569285,2.11064890760186
"Sexual iRBC (Ig)",8.569285,0.00445956691705667
"Sexual iRBC (Ig)",8.569285,3.5390440198522e-27
"Sexual iRBC (Ig)",8.569285,2.40758882667168
"Sexual iRBC (Ig)",8.569285,5.46348947378744e-55
"Sexual iRBC (Ig)",8.569285,0.0702028790922088
"Sexual iRBC (Ig)",8.569285,0.092820599895034
"Sexual iRBC (Ig)",8.569285,0.00751965238965191
"Sexual iRBC (Ig)",8.569285,4.06982758171308e-06
"Sexual iRBC (Ig)",8.569285,3.09435712479201e-65
"Sexual iRBC (Ig)",8.569285,7.83948120933157e-06
"Sexual iRBC (Ig)",8.569285,1.88884557222958
"Sexual iRBC (Ig)",8.569285,0.00444134316185284
"Sexual iRBC (Ig)",8.569285,1.90013245632505e-66
"Sexual iRBC (Ig)",8.569285,9.76611346779597e-07
"Sexual iRBC (Ig)",8.569285,0.00571584609267434
"Sexual iRBC (Ig)",8.569285,0.00439685070041952
"Sexual iRBC (Ig)",8.569285,2.1518972824975
"Sexual iRBC (Ig)",8.569285,0.00443492935422571
"Sexual iRBC (Ig)",8.569285,0.00439618395437091
"Sexual iRBC (Ig)",8.569285,3.90389283953956
"Sexual iRBC (Ig)",8.569285,0.110782659609779
"Sexual iRBC (Ig)",8.569285,0.00447545145187479
"Sexual iRBC (Ig)",8.569285,0.00203123989871393
"Sexual iRBC (Ig)",8.569285,0.0397077877090641
"Sexual iRBC (Ig)",8.569285,3.14967203239777
"Sexual iRBC (Ig)",8.569285,0.00450518527555616
"Sexual iRBC (Ig)",8.569285,1.11999298559453e-05
"Sexual iRBC (Ig)",8.569285,0.00599513678429659
"Sexual iRBC (Ig)",8.569285,1.24794020043688e-25
"Sexual iRBC (Ig)",8.569285,0.0044090968815608
"Sexual iRBC (Ig)",8.569285,0.00439523913407765
"Sexual iRBC (Ig)",8.569285,0.000756451231450206
"Sexual iRBC (Ig)",8.569285,0.00577921279218292
"Sexual iRBC (Ig)",8.569285,2.55851857857051e-16
"Sexual iRBC (Ig)",8.569285,0.0230310638930199
"Sexual iRBC (Ig)",8.569285,0.00449768399823159
"Sexual iRBC (Ig)",8.569285,0.243876499827236
"Sexual iRBC (Ig)",8.569285,0.00440793977637303
"Sexual iRBC (Ig)",8.569285,7.56425222410101e-13
"Sexual iRBC (Ig)",8.569285,8.5572671313459e-22
"Sexual iRBC (Ig)",8.569285,6.90172259974288e-92
"Sexual iRBC (Ig)",8.569285,0.000762188531625169
"Sexual iRBC (Ig)",8.569285,2.69139858920481
"Sexual iRBC (Ig)",8.569285,0.825568321932676
"Sexual iRBC (Ig)",8.569285,0.00483701026914615
"Sexual iRBC (Ig)",8.569285,1.12095164586305e-06
"Sexual iRBC (Ig)",8.569285,0.00439708173509619
"Sexual iRBC (Ig)",8.569285,1.27683025362398
"Sexual iRBC (Ig)",8.569285,8.68515533571488e-14
"Sexual iRBC (Ig)",8.569285,0.0364506952263686
"Sexual iRBC (Ig)",8.569285,3.61044058623114e-32
"Sexual iRBC (Ig)",8.569285,1.77389864363474e-98
"Sexual iRBC (Ig)",8.569285,3.58920283316647
"Sexual iRBC (Ig)",8.569285,0.0476663582174767
"Sexual iRBC (Ig)",8.569285,0.00440526522522698
"Sexual iRBC (Ig)",8.569285,3.96076418322689e-69
"Sexual iRBC (Ig)",8.569285,0.101603904719165
"Sexual iRBC (Ig)",8.569285,2.22682827340075e-44
"Sexual iRBC (Ig)",8.569285,0.0102237984537261
"Sexual iRBC (Ig)",8.569285,0.00520277329587752
"Sexual iRBC (Ig)",8.569285,2.22351797101461e-05
"Sexual iRBC (Ig)",8.569285,1.18524973092355e-74
"Sexual iRBC (Ig)",8.569285,7.76764584946523e-17
"Sexual iRBC (Ig)",8.569285,2.86685780189502
"Sexual iRBC (Ig)",8.569285,0.00449353356396861
"Sexual iRBC (Ig)",8.569285,0.00613410390454471
"Sexual iRBC (Ig)",8.569285,0.00461385909536376
"Sexual iRBC (Ig)",8.569285,0.903096213291478
"Sexual iRBC (Ig)",8.569285,7.43342401988369e-05
"Sexual iRBC (Ig)",8.569285,0.747955415169385
"Sexual iRBC (Ig)",8.569285,0.00439576349224338
"Sexual iRBC (Ig)",8.569285,0.00439640193070727
"Sexual iRBC (Ig)",8.569285,0.0570443299551452
"Sexual iRBC (Ig)",8.569285,1.32076481082797
"Sexual iRBC (Ig)",8.569285,0.0044154719228288
"Sexual iRBC (Ig)",8.569285,1.30588112767999
"Sexual iRBC (Ig)",8.569285,0.0283295395945355
"Sexual iRBC (Ig)",8.569285,3.05141804066572e-05
"Sexual iRBC (Ig)",8.569285,0.00441741782018613
"Sexual iRBC (Ig)",8.569285,0.00442028867242329
"Sexual iRBC (Ig)",8.569285,2.45383205478908
"Sexual iRBC (Ig)",8.569285,2.88734846498684e-59
"Sexual iRBC (Ig)",8.569285,0.00654448975825057
"Sexual iRBC (Ig)",8.569285,0.0044073849592259
"Sexual iRBC (Ig)",8.569285,8.4504198771344e-18
"Sexual iRBC (Ig)",8.569285,0.00439640331795016
"Sexual iRBC (Ig)",8.569285,7.38367505343961e-35
"Sexual iRBC (Ig)",8.569285,0.00447210585098367
"Sexual iRBC (Ig)",8.569285,4.75127919242683e-27
"Sexual iRBC (Ig)",8.569285,0.00455979035994994
"Sexual iRBC (Ig)",8.569285,6.18431862622866e-73
"Sexual iRBC (Ig)",8.569285,0.00476930295079177
"Sexual iRBC (Ig)",8.569285,1.58281426449201
"Sexual iRBC (Ig)",8.569285,0.0044264360823449
"Sexual iRBC (Ig)",8.569285,0.00132395777563708
"Sexual iRBC (Ig)",8.569285,0.00586816501834115
"Sexual iRBC (Ig)",8.569285,0.00641457602474228
"Sexual iRBC (Ig)",8.569285,0.00454256695677234
"Sexual iRBC (Ig)",8.569285,0.00475907232144493
"Sexual iRBC (Ig)",8.569285,0.000276413032525232
"Sexual iRBC (Ig)",8.569285,6.1531229377842e-66
"Sexual iRBC (Ig)",8.569285,7.65230164267258e-89
"Sexual iRBC (Ig)",8.569285,2.79263541816766e-06
"Sexual iRBC (Ig)",8.569285,0.00520155384112051
"Sexual iRBC (Ig)",8.569285,1.21810327400344
"Sexual iRBC (Ig)",8.569285,0.00442323302976906
"Sexual iRBC (Ig)",8.569285,0.00514111018286007
"Sexual iRBC (Ig)",8.569285,3.52860772877924
"Sexual iRBC (Ig)",8.569285,5.48233769976664e-61
"Sexual iRBC (Ig)",8.569285,2.39967811903175e-53
"Sexual iRBC (Ig)",8.569285,1.33278993641635
"Sexual iRBC (Ig)",8.569285,1.11788480787078e-73
"Sexual iRBC (Ig)",8.569285,1.90503584432802
"Sexual iRBC (Ig)",8.569285,0.605595355179583
"Sexual iRBC (Ig)",8.569285,2.72083225833534
"Sexual iRBC (Ig)",8.569285,2.98278945087448e-26
"Sexual iRBC (Ig)",8.569285,1.06458365843406e-09
"Sexual iRBC (Ig)",8.569285,0.00441336128646867
"Sexual iRBC (Ig)",8.569285,0.419779619250958
"Sexual iRBC (Ig)",8.569285,0.00441770583273242
"Sexual iRBC (Ig)",8.569285,0.810046587612654
"Sexual iRBC (Ig)",8.569285,0.0044242936372342
"Sexual iRBC (Ig)",8.569285,0.00455873325922985
"Sexual iRBC (Ig)",8.569285,6.64356384271428e-27
"Sexual iRBC (Ig)",8.569285,0.0259019385912631
"Sexual iRBC (Ig)",8.569285,0.00441855024125177
"Sexual iRBC (Ig)",8.569285,0.00498756906073758
"Sexual iRBC (Ig)",8.569285,0.00440011682713678
"Sexual iRBC (Ig)",8.569285,2.56673608089951
"Sexual iRBC (Ig)",8.569285,3.43642509467268e-08
"Sexual iRBC (Ig)",8.569285,1.86531875437589e-05
"Sexual iRBC (Ig)",8.569285,1.07878958597368
"Sexual iRBC (Ig)",8.569285,3.58386925973956
"Sexual iRBC (Ig)",8.569285,1.41096233334608e-63
"Sexual iRBC (Ig)",8.569285,0.00440126311053639
"Sexual iRBC (Ig)",8.569285,3.55937863551203
"Sexual iRBC (Ig)",8.569285,0.00524191454510401
"Sexual iRBC (Ig)",8.569285,0.0401071236385349
"Sexual iRBC (Ig)",8.569285,0.0051450266589355
"Sexual iRBC (Ig)",8.569285,1.50862026888056e-42
"Sexual iRBC (Ig)",8.569285,0.498347023583506
"Sexual iRBC (Ig)",8.569285,2.86162714319001
"Sexual iRBC (Ig)",8.569285,7.48507979649429e-58
"Sexual iRBC (Ig)",8.569285,9.15655891834753e-14
"Sexual iRBC (Ig)",8.569285,0.00440098581802083
"Sexual iRBC (Ig)",8.569285,2.55174412992226e-10
"Sexual iRBC (Ig)",8.569285,0.0256856091173594
"Sexual iRBC (Ig)",8.569285,0.00727205932947275
"Sexual iRBC (Ig)",8.569285,0.00442153988146789
"Sexual iRBC (Ig)",8.569285,1.63415527108228
"Sexual iRBC (Ig)",8.569285,0.00450475457652419
"Sexual iRBC (Ig)",8.569285,1.45712082883678e-63
"Sexual iRBC (Ig)",8.569285,5.48498780128456e-06
"Sexual iRBC (Ig)",8.569285,0.00487678623372376
"Sexual iRBC (Ig)",8.569285,0.949805521948389
"Sexual iRBC (Ig)",8.569285,4.70137450755931e-66
"Sexual iRBC (Ig)",8.569285,0.00462120561958716
"Sexual iRBC (Ig)",8.569285,0.00527321283963376
"Sexual iRBC (Ig)",8.569285,7.12588203651145e-16
"Sexual iRBC (Ig)",8.569285,2.22442846913515e-91
"Sexual iRBC (Ig)",8.569285,0.00896735902519204
"Sexual iRBC (Ig)",8.569285,6.06405534893722e-09
"Sexual iRBC (Ig)",8.569285,2.95630793934694
"Sexual iRBC (Ig)",8.569285,2.07776890942688
"Sexual iRBC (Ig)",8.569285,0.00725875740094412
"Sexual iRBC (Ig)",8.569285,0.000425090864801857
"Sexual iRBC (Ig)",8.569285,1.64250751430889e-09
"Sexual iRBC (Ig)",8.569285,2.28332795019931
"Sexual iRBC (Ig)",8.569285,0.00439533871004087
"Sexual iRBC (Ig)",8.569285,9.10838071027699e-14
"Sexual iRBC (Ig)",8.569285,4.87498028540208
"Sexual iRBC (Ig)",8.569285,0.00439998045358197
"Sexual iRBC (Ig)",8.569285,7.24400658711178
"Sexual iRBC (Ig)",8.569285,0.669081434214663
"Sexual iRBC (Ig)",8.569285,1.7031454209558e-18
"Sexual iRBC (Ig)",8.569285,0.00444805693095957
"Sexual iRBC (Ig)",8.569285,2.06927622600432
"Sexual iRBC (Ig)",8.569285,0.00485773010041544
"Sexual iRBC (Ig)",8.569285,0.00537686979660926
"Sexual iRBC (Ig)",8.569285,1.19567938491962
"Sexual iRBC (Ig)",8.569285,0.00440856488729082
"Sexual iRBC (Ig)",8.569285,0.252210715428877
"Sexual iRBC (Ig)",8.569285,0.899932083076668
"Sexual iRBC (Ig)",8.569285,1.72846121438061
"Sexual iRBC (Ig)",8.569285,3.73712689112606e-51
"Sexual iRBC (Ig)",8.569285,0.00517338877542218
"Sexual iRBC (Ig)",8.569285,0.00441602879885984
"Sexual iRBC (Ig)",8.569285,0.00464931632181563
"Sexual iRBC (Ig)",8.569285,0.00522288022059231
"Sexual iRBC (Ig)",8.569285,5.38701191289342e-89
"Sexual iRBC (Ig)",8.569285,4.03532863962198e-10
"Sexual iRBC (Ig)",8.569285,0.000579395615977898
"Sexual iRBC (Ig)",8.569285,0.00447252975184641
"Sexual iRBC (Ig)",8.569285,0.00442767313138256
"Sexual iRBC (Ig)",8.569285,2.2435182128978
"Sexual iRBC (Ig)",8.569285,7.03688774496835e-64
"Sexual iRBC (Ig)",8.569285,2.64897628747412
"Sexual iRBC (Ig)",8.569285,0.0046707124273497
"Sexual iRBC (Ig)",8.569285,2.22114087663894e-36
"Sexual iRBC (Ig)",8.569285,3.21111782418247e-48
"Sexual iRBC (Ig)",8.569285,3.9835398093074e-84
"Sexual iRBC (Ig)",8.569285,1.08675556450358
"Sexual iRBC (Ig)",8.569285,0.115819785343064
"Sexual iRBC (Ig)",8.569285,2.49718465351243e-16
"Sexual iRBC (Ig)",8.569285,0.999576379911552
"Sexual iRBC (Ig)",8.569285,0.00527250705882866
"Sexual iRBC (Ig)",8.569285,0.00441736912808451
"Sexual iRBC (Ig)",8.569285,5.87384114494433
"Sexual iRBC (Ig)",8.569285,1.04292767832353
"Sexual iRBC (Ig)",8.569285,7.66655721380204e-79
"Sexual iRBC (Ig)",8.569285,7.31981372414914e-24
"Sexual iRBC (Ig)",8.569285,0.00903501022775008
"Sexual iRBC (Ig)",8.569285,0.0382066641529985
"Sexual iRBC (Ig)",8.569285,0.705826910914115
"Sexual iRBC (Ig)",8.569285,0.00440419539957825
"Sexual iRBC (Ig)",8.569285,0.00439540808832503
"Sexual iRBC (Ig)",8.569285,0.00446893414161283
"Sexual iRBC (Ig)",8.569285,1.5651420568841
"Sexual iRBC (Ig)",8.569285,5.98126569548524e-13
"Sexual iRBC (Ig)",8.569285,2.55340794164917e-06
"Sexual iRBC (Ig)",8.569285,2.23509546635289e-48
"Sexual iRBC (Ig)",8.569285,1.67023658625221
"Sexual iRBC (Ig)",8.569285,6.87313891310029e-63
"Sexual iRBC (Ig)",8.569285,0.00439508444829705
"Sexual iRBC (Ig)",8.569285,0.00580484353362761
"Sexual iRBC (Ig)",8.569285,5.95372309260066e-05
"Sexual iRBC (Ig)",8.569285,0.00449405031188681
"Sexual iRBC (Ig)",8.569285,9.14069502753892e-34
"Sexual iRBC (Ig)",8.569285,3.65401620555222e-35
"Sexual iRBC (Ig)",8.569285,0.00579017609554535
"Sexual iRBC (Ig)",8.569285,0.792303860547517
"Sexual iRBC (Ig)",8.569285,0.00834625958248065
"Sexual iRBC (Ig)",8.569285,0.000513659889792798
"Sexual iRBC (Ig)",8.569285,0.973245001116873
"Sexual iRBC (Ig)",8.569285,0.00163135477089387
"Sexual iRBC (Ig)",8.569285,4.26495302537669e-41
"Sexual iRBC (Ig)",8.569285,0.988771827301124
"Sexual iRBC (Ig)",8.569285,8.05504247663876e-20
"Sexual iRBC (Ig)",8.569285,0.0105340908845048
"Sexual iRBC (Ig)",8.569285,0.00440028120638502
"Sexual iRBC (Ig)",8.569285,0.00439656305663744
"Sexual iRBC (Ig)",8.569285,0.00460494414718525
"Sexual iRBC (Ig)",8.569285,2.97652633469047e-18
"Sexual iRBC (Ig)",8.569285,3.47759745666882
"Sexual iRBC (Ig)",8.569285,0.00533163905082113
"Sexual iRBC (Ig)",8.569285,2.65510825725628
"Sexual iRBC (Ig)",8.569285,0.00444889750286665
"Sexual iRBC (Ig)",8.569285,3.22677036828418e-20
"Sexual iRBC (Ig)",8.569285,0.00443038082645219
"Sexual iRBC (Ig)",8.569285,8.32454076318659e-13
"Sexual iRBC (Ig)",8.569285,4.57998601211872e-88
"Sexual iRBC (Ig)",8.569285,0.00439784632405387
"Sexual iRBC (Ig)",8.569285,0.741688030115016
"Sexual iRBC (Ig)",8.569285,1.50513426874373e-86
"Sexual iRBC (Ig)",8.569285,1.01598252732462e-20
"Sexual iRBC (Ig)",8.569285,0.0047163718099847
"Sexual iRBC (Ig)",8.569285,0.0043991819014399
"Sexual iRBC (Ig)",8.569285,0.00463700937665029
"Sexual iRBC (Ig)",8.569285,0.0044262854370705
"Sexual iRBC (Ig)",8.569285,0.00726821815236686
"Sexual iRBC (Ig)",8.569285,2.19848572077211
"Sexual iRBC (Ig)",8.569285,0.000111515389149537
"Sexual iRBC (Ig)",8.569285,3.44225657341158e-12
"Sexual iRBC (Ig)",8.569285,0.00440550242393241
"Sexual iRBC (Ig)",8.569285,0.00806893762172029
"Sexual iRBC (Ig)",8.569285,0.00668253543539963
"Sexual iRBC (Ig)",8.569285,2.41330907735413
"Sexual iRBC (Ig)",8.569285,0.00440027812176386
"Sexual iRBC (Ig)",8.569285,3.85937129846746
"Sexual iRBC (Ig)",8.569285,0.008731635915245
"Sexual iRBC (Ig)",8.569285,1.15650715306122e-87
"Sexual iRBC (Ig)",8.569285,3.53416469340664
"Sexual iRBC (Ig)",8.569285,0.00465477993734515
"Sexual iRBC (Ig)",8.569285,0.00441455955255148
"Sexual iRBC (Ig)",8.569285,0.00982570529769581
"Sexual iRBC (Ig)",8.569285,0.00495179517897977
"Sexual iRBC (Ig)",8.569285,0.00472255785866254
"Sexual iRBC (Ig)",8.569285,0.00725651458627945
"Sexual iRBC (Ig)",8.569285,1.06024601634345
"Sexual iRBC (Ig)",8.569285,0.00477878237655012
"Sexual iRBC (Ig)",8.569285,0.710093189326603
"Sexual iRBC (Ig)",8.569285,3.72270398381698e-06
"Sexual iRBC (Ig)",8.569285,0.0124364740550626
"Sexual iRBC (Ig)",8.569285,1.93426985041977e-91
"Sexual iRBC (Ig)",8.569285,2.60568347579266
"Sexual iRBC (Ig)",8.569285,3.0395773602111
"Sexual iRBC (Ig)",8.569285,0.0209768724321715
"Sexual iRBC (Ig)",8.569285,0.00464466090298414
"Sexual iRBC (Ig)",8.569285,4.16260654912908
"Sexual iRBC (Ig)",8.569285,2.31189264827227
"Sexual iRBC (Ig)",8.569285,0.00442101364329582
"Sexual iRBC (Ig)",8.569285,0.00445687129540803
"Sexual iRBC (Ig)",8.569285,0.00439883448729972
"Sexual iRBC (Ig)",8.569285,5.1144660041939
"Sexual iRBC (Ig)",8.569285,0.0129687024165367
"Sexual iRBC (Ig)",8.569285,1.32503702267637e-49
"Sexual iRBC (Ig)",8.569285,0.0050156097408984
"Sexual iRBC (Ig)",8.569285,8.53868451054099e-06
"Sexual iRBC (Ig)",8.569285,2.47308816538897
"Sexual iRBC (Ig)",8.569285,0.177933920570096
"Sexual iRBC (Ig)",8.569285,3.50456635076715
"Sexual iRBC (Ig)",8.569285,0.00509721764864009
"Sexual iRBC (Ig)",8.569285,0.15103298818401
"Sexual iRBC (Ig)",8.569285,3.10154964449688e-84
"Sexual iRBC (Ig)",8.569285,8.11649259143646e-06
"Sexual iRBC (Ig)",8.569285,5.62773866965437e-07
"Sexual iRBC (Ig)",8.569285,4.46061736976181e-70
"Sexual iRBC (Ig)",8.569285,1.68282716967776e-15
"Sexual iRBC (Ig)",8.569285,0.00451818327528863
"Sexual iRBC (Ig)",8.569285,0.00220800304298795
"Sexual iRBC (Ig)",8.569285,2.00860358981677
"Sexual iRBC (Ig)",8.569285,1.49888494263186e-57
"Sexual iRBC (Ig)",8.569285,2.93718858121661
"Sexual iRBC (Ig)",8.569285,0.0118144373946164
"Sexual iRBC (Ig)",8.569285,5.26874300208657e-17
"Sexual iRBC (Ig)",8.569285,0.00442004849927438
"Sexual iRBC (Ig)",8.569285,0.684726010019223
"Sexual iRBC (Ig)",8.569285,0.0133290506526994
"Sexual iRBC (Ig)",8.569285,0.000479997933338736
"Sexual iRBC (Ig)",8.569285,0.0120098168877247
"Sexual iRBC (Ig)",8.569285,1.36478262127799
"Sexual iRBC (Ig)",8.569285,3.38340013260163e-85
"Sexual iRBC (Ig)",8.569285,5.91324482910579e-17
"Sexual iRBC (Ig)",8.569285,0.00440323284730731
"Sexual iRBC (Ig)",8.569285,0.0187846871234517
"Sexual iRBC (Ig)",8.569285,0.00450905533591049
"Sexual iRBC (Ig)",8.569285,0.089592350189287
"Sexual iRBC (Ig)",8.569285,2.43738045963206
"Sexual iRBC (Ig)",8.569285,0.00502208500422318
"Sexual iRBC (Ig)",8.569285,2.55111871979453
"Sexual iRBC (Ig)",8.569285,0.00439757181406315
"Sexual iRBC (Ig)",8.569285,1.07421263521949e-14
"Sexual iRBC (Ig)",8.569285,2.92438491476774
"Sexual iRBC (Ig)",8.569285,0.410619335185813
"Sexual iRBC (Ig)",8.569285,0.00140112302204347
"Sexual iRBC (Ig)",8.569285,0.49274302113186
"Sexual iRBC (Ig)",8.569285,0.00439965212180702
"Sexual iRBC (Ig)",8.569285,1.18230443763795e-28
"Sexual iRBC (Ig)",8.569285,0.00491708857017478
"Sexual iRBC (Ig)",8.569285,0.00445332982720193
"Sexual iRBC (Ig)",8.569285,6.15089440910159e-73
"Sexual iRBC (Ig)",8.569285,0.0343395976635962
"Sexual iRBC (Ig)",8.569285,0.0045815485655362
"Sexual iRBC (Ig)",8.569285,0.00439786890768087
"Sexual iRBC (Ig)",8.569285,1.37480323276053
"Sexual iRBC (Ig)",8.569285,4.87153721612328e-91
"Sexual iRBC (Ig)",8.569285,0.00472826634573447
"Sexual iRBC (Ig)",8.569285,0.111394047612039
"Sexual iRBC (Ig)",8.569285,1.51433149793642
"Sexual iRBC (Ig)",8.569285,8.59915685740043e-85
"Sexual iRBC (Ig)",8.569285,7.2502308818384e-88
"Sexual iRBC (Ig)",8.569285,3.87727969671695e-93
"Sexual iRBC (Ig)",8.569285,3.81061249647303e-09
"Sexual iRBC (Ig)",8.569285,2.7593141829102
"Sexual iRBC (Ig)",8.569285,0.00471695158189154
"Sexual iRBC (Ig)",8.569285,0.279327708316708
"Sexual iRBC (Ig)",8.569285,7.41457907599894e-09
"Sexual iRBC (Ig)",8.569285,1.44712471243704
"Sexual iRBC (Ig)",8.569285,0.0160636036735322
"Sexual iRBC (Ig)",8.569285,1.71607861691526
"Sexual iRBC (Ig)",8.569285,0.00439700225322236
"Sexual iRBC (Ig)",8.569285,0.00740063960339403
"Sexual iRBC (Ig)",8.569285,5.9979961362804e-72
"Sexual iRBC (Ig)",8.569285,3.48992967998439
"Sexual iRBC (Ig)",8.569285,0.00439775353298613
"Sexual iRBC (Ig)",8.569285,1.17859048884086
"Sexual iRBC (Ig)",8.569285,2.29914599549749
"Sexual iRBC (Ig)",8.569285,0.00441172573944983
"Sexual iRBC (Ig)",8.569285,0.00439930024719867
"Sexual iRBC (Ig)",8.569285,0.00441214486309694
"Sexual iRBC (Ig)",8.569285,0.125245614713492
"Sexual iRBC (Ig)",8.569285,0.00489214581433114
"Sexual iRBC (Ig)",8.569285,0.00498393605026125
"Sexual iRBC (Ig)",8.569285,0.234562304671195
"Sexual iRBC (Ig)",8.569285,5.38382548721977e-12
"Sexual iRBC (Ig)",8.569285,0.00845529033233015
"Sexual iRBC (Ig)",8.569285,0.553087869599032
"Sexual iRBC (Ig)",8.569285,0.00445677446295873
"Sexual iRBC (Ig)",8.569285,0.00441857047619166
"Sexual iRBC (Ig)",8.569285,0.346188311745999
"Sexual iRBC (Ig)",8.569285,0.00738582694771638
"Sexual iRBC (Ig)",8.569285,1.41754908267303e-08
"Sexual iRBC (Ig)",8.569285,0.00682548572174075
"Sexual iRBC (Ig)",8.569285,0.00467008418783756
"Sexual iRBC (Ig)",8.569285,0.00439487801497139
"Sexual iRBC (Ig)",8.569285,0.00440410642633878
"Sexual iRBC (Ig)",8.569285,7.68276261072038e-06
"Sexual iRBC (Ig)",8.569285,0.000739048098824049
"Sexual iRBC (Ig)",8.569285,2.39477973664991
"Sexual iRBC (Ig)",8.569285,7.37092608206006e-08
"Sexual iRBC (Ig)",8.569285,0.000174894520248093
"Sexual iRBC (Ig)",8.569285,0.446207603304774
"Sexual iRBC (Ig)",8.569285,2.09591395945863
"Sexual iRBC (Ig)",8.569285,0.0417227566961787
"Sexual iRBC (Ig)",8.569285,4.42742389181193e-64
"Sexual iRBC (Ig)",8.569285,0.00439690395963652
"Sexual iRBC (Ig)",8.569285,4.80818543143392e-09
"Sexual iRBC (Ig)",8.569285,3.19603549903661e-07
"Sexual iRBC (Ig)",8.569285,0.00794004235855621
"Sexual iRBC (Ig)",8.569285,9.84362680735498e-07
"Sexual iRBC (Ig)",8.569285,0.261749504844423
"Sexual iRBC (Ig)",8.569285,0.00441361467509965
"Sexual iRBC (Ig)",8.569285,0.186474283739084
"Sexual iRBC (Ig)",8.569285,0.00450840589189422
"Sexual iRBC (Ig)",8.569285,3.58919457799637e-61
"Sexual iRBC (Ig)",8.569285,1.32094020030332e-11
"Sexual iRBC (Ig)",8.569285,2.7814280076003
"Sexual iRBC (Ig)",8.569285,0.00455994887728527
"Sexual iRBC (Ig)",8.569285,0.00453616423062738
"Sexual iRBC (Ig)",8.569285,3.25382703787111
"Sexual iRBC (Ig)",8.569285,9.99323750829507e-69
"Sexual iRBC (Ig)",8.569285,1.22993371313811
"Sexual iRBC (Ig)",8.569285,0.0396011671657571
"Sexual iRBC (Ig)",8.569285,0.00439910904321013
"Sexual iRBC (Ig)",8.569285,0.00451450785025868
"Sexual iRBC (Ig)",8.569285,2.46720718783805e-05
"Sexual iRBC (Ig)",8.569285,0.00457898065518019
"Sexual iRBC (Ig)",8.569285,4.90083789355871e-46
"Sexual iRBC (Ig)",8.569285,3.98536360862247e-06
"Sexual iRBC (Ig)",8.569285,1.49413307502873
"Sexual iRBC (Ig)",8.569285,2.47656568749209
"Sexual iRBC (Ig)",8.569285,0.00442206880701792
"Sexual iRBC (Ig)",8.569285,2.78009311986863e-08
"Sexual iRBC (Ig)",8.569285,0.0562386595260341
"Sexual iRBC (Ig)",8.569285,1.68739694652066
"Sexual iRBC (Ig)",8.569285,0.0249048328116989
"Sexual iRBC (Ig)",8.569285,0.00550065211782962
"Sexual iRBC (Ig)",8.569285,1.81968940263529e-40
"Sexual iRBC (Ig)",8.569285,0.00630314574978532
"Sexual iRBC (Ig)",8.569285,3.91946686876444
"Sexual iRBC (Ig)",8.569285,6.46353021411099e-10
"Sexual iRBC (Ig)",8.569285,0.000517217031552183
"Sexual iRBC (Ig)",8.569285,0.00500775623000492
"Sexual iRBC (Ig)",8.569285,2.67220683738463
"Sexual iRBC (Ig)",8.569285,3.94889549739291e-05
"Sexual iRBC (Ig)",8.569285,1.30409441546148e-13
"Sexual iRBC (Ig)",8.569285,1.08684226468517e-15
"Sexual iRBC (Ig)",8.569285,3.94204679335926e-66
"Sexual iRBC (Ig)",8.569285,0.00653388848342888
"Sexual iRBC (Ig)",8.569285,1.80020168386716
"RBC log (R log)",8.190144,1.8473971504978
"RBC log (R log)",8.190144,1.11370527198453e-216
"RBC log (R log)",8.190144,0.00439204332564309
"RBC log (R log)",8.190144,0.00439204327424588
"RBC log (R log)",8.190144,1.20330043334235
"RBC log (R log)",8.190144,0
"RBC log (R log)",8.190144,0.00439204327424588
"RBC log (R log)",8.190144,0.00439204327424588
"RBC log (R log)",8.190144,1.41482852307467
"RBC log (R log)",8.190144,0
"RBC log (R log)",8.190144,0
"RBC log (R log)",8.190144,0.00439204327424588
"RBC log (R log)",8.190144,1.05857074040018
"RBC log (R log)",8.190144,0.00439204327424588
"RBC log (R log)",8.190144,0.00439204327424588
"RBC log (R log)",8.190144,0.00439204327424588
"RBC log (R log)",8.190144,0.00439204327424588
"RBC log (R log)",8.190144,0.00439204327424588
"RBC log (R log)",8.190144,0.00451925532453077
"RBC log (R log)",8.190144,1.49774008012125
"RBC log (R log)",8.190144,0
"RBC log (R log)",8.190144,1.36279193011775
"RBC log (R log)",8.190144,0.00439204327424588
"RBC log (R log)",8.190144,0
"RBC log (R log)",8.190144,0.00439204327424588
"RBC log (R log)",8.190144,1.5285463104963
"RBC log (R log)",8.190144,0
"RBC log (R log)",8.190144,0.00439204327424588
"RBC log (R log)",8.190144,0.00439204327424588
"RBC log (R log)",8.190144,0.00439204327424588
"RBC log (R log)",8.190144,0.00439204327424588
"RBC log (R log)",8.190144,1.52664241084944
"RBC log (R log)",8.190144,0.394368412666532
"RBC log (R log)",8.190144,0.00439204315622295
"RBC log (R log)",8.190144,0.00439204327424588
"RBC log (R log)",8.190144,0.00439204327424588
"RBC log (R log)",8.190144,0
"RBC log (R log)",8.190144,0
"RBC log (R log)",8.190144,0.00439204327424588
"RBC log (R log)",8.190144,0.00439204327424588
"RBC log (R log)",8.190144,0.00439204327424588
"RBC log (R log)",8.190144,0
"RBC log (R log)",8.190144,0
"RBC log (R log)",8.190144,0.00439204327424588
"RBC log (R log)",8.190144,0.00439204327424588
"RBC log (R log)",8.190144,1.62296590948641
"RBC log (R log)",8.190144,0
"RBC log (R log)",8.190144,0
"RBC log (R log)",8.190144,0
"RBC log (R log)",8.190144,1.41943770150648
"RBC log (R log)",8.190144,1.28413587667736
"RBC log (R log)",8.190144,0.918378974482058
"RBC log (R log)",8.190144,0.00439204327424588
"RBC log (R log)",8.190144,0
"RBC log (R log)",8.190144,1.72948516381864e-262
"RBC log (R log)",8.190144,0.00439204327424588
"RBC log (R log)",8.190144,0.00439204327424588
"RBC log (R log)",8.190144,4.0974436970509e-234
"RBC log (R log)",8.190144,2.92744981237873e-126
"RBC log (R log)",8.190144,0.00439204327424588
"RBC log (R log)",8.190144,0.00439204327424588
"RBC log (R log)",8.190144,0.00439204323551397
"RBC log (R log)",8.190144,0.00439204327424588
"RBC log (R log)",8.190144,0.00439204327424588
"RBC log (R log)",8.190144,0.00439204327424588
"RBC log (R log)",8.190144,0
"RBC log (R log)",8.190144,0
"RBC log (R log)",8.190144,0.00439204327424588
"RBC log (R log)",8.190144,0.00439204327424588
"RBC log (R log)",8.190144,0.00439204327424588
"RBC log (R log)",8.190144,0
"RBC log (R log)",8.190144,0
"RBC log (R log)",8.190144,0.00439204327424588
"RBC log (R log)",8.190144,0.00439204327424588
"RBC log (R log)",8.190144,0.00439204327424588
"RBC log (R log)",8.190144,0
"RBC log (R log)",8.190144,0
"RBC log (R log)",8.190144,0
"RBC log (R log)",8.190144,0.00439204324291778
"RBC log (R log)",8.190144,1.02253209589404
"RBC log (R log)",8.190144,0.00439204327424588
"RBC log (R log)",8.190144,0.00439204290364474
"RBC log (R log)",8.190144,0
"RBC log (R log)",8.190144,1.49640976377603
"RBC log (R log)",8.190144,0.00439204327424588
"RBC log (R log)",8.190144,0.00439204327424588
"RBC log (R log)",8.190144,0.00439204327424588
"RBC log (R log)",8.190144,0
"RBC log (R log)",8.190144,0.728818330296473
"RBC log (R log)",8.190144,0
"RBC log (R log)",8.190144,1.67512976645298
"RBC log (R log)",8.190144,0.00439204321314327
"RBC log (R log)",8.190144,2.72260464093125e-44
"RBC log (R log)",8.190144,0
"RBC log (R log)",8.190144,0.00439204327424588
"RBC log (R log)",8.190144,0
"RBC log (R log)",8.190144,0.797231187622924
"RBC log (R log)",8.190144,1.04965645817134
"RBC log (R log)",8.190144,1.52417003941032
"RBC log (R log)",8.190144,0
"RBC log (R log)",8.190144,1.3022588721176
"RBC log (R log)",8.190144,0
"RBC log (R log)",8.190144,0.00439204327424588
"RBC log (R log)",8.190144,0.00439204327424588
"RBC log (R log)",8.190144,0.00439204327424588
"RBC log (R log)",8.190144,0.00439204320017523
"RBC log (R log)",8.190144,1.30102111872844
"RBC log (R log)",8.190144,0
"RBC log (R log)",8.190144,0.00439204327424588
"RBC log (R log)",8.190144,0.00439204327424588
"RBC log (R log)",8.190144,0.00439204327424588
"RBC log (R log)",8.190144,0.00439204327424588
"RBC log (R log)",8.190144,1.40537160090088
"RBC log (R log)",8.190144,0
"RBC log (R log)",8.190144,0.00439204330377828
"RBC log (R log)",8.190144,0
"RBC log (R log)",8.190144,0.00439204327424588
"RBC log (R log)",8.190144,1.31470822011886
"RBC log (R log)",8.190144,0.00439204327424588
"RBC log (R log)",8.190144,0.00439204327424588
"RBC log (R log)",8.190144,0.00439204327424588
"RBC log (R log)",8.190144,1.01657903250751
"RBC log (R log)",8.190144,0.00439204327424588
"RBC log (R log)",8.190144,0
"RBC log (R log)",8.190144,0.00439204327424588
"RBC log (R log)",8.190144,0
"RBC log (R log)",8.190144,0.00439204327424588
"RBC log (R log)",8.190144,0
"RBC log (R log)",8.190144,0
"RBC log (R log)",8.190144,0.00439204327424588
"RBC log (R log)",8.190144,0
"RBC log (R log)",8.190144,0.00439204327424588
"RBC log (R log)",8.190144,1.03078637861308
"RBC log (R log)",8.190144,0
"RBC log (R log)",8.190144,0.00439204327424588
"RBC log (R log)",8.190144,1.53880473797784
"RBC log (R log)",8.190144,0.00439204327424588
"RBC log (R log)",8.190144,0.00439204327424588
"RBC log (R log)",8.190144,0.00439204327424588
"RBC log (R log)",8.190144,1.6775656122095e-209
"RBC log (R log)",8.190144,0.00439204289162487
"RBC log (R log)",8.190144,0
"RBC log (R log)",8.190144,0.73903740721115
"RBC log (R log)",8.190144,0.00439204327424588
"RBC log (R log)",8.190144,0.00439204327424588
"RBC log (R log)",8.190144,0.00439204327424588
"RBC log (R log)",8.190144,0.00439204327424588
"RBC log (R log)",8.190144,1.65310926635148
"RBC log (R log)",8.190144,1.30079814934179
"RBC log (R log)",8.190144,0.00439204327424588
"RBC log (R log)",8.190144,1.33164278795616
"RBC log (R log)",8.190144,3.44972655993098e-128
"RBC log (R log)",8.190144,1.31312973953074
"RBC log (R log)",8.190144,0
"RBC log (R log)",8.190144,0.00439204327424588
"RBC log (R log)",8.190144,0.00439204327424588
"RBC log (R log)",8.190144,3.62211017821422e-54
"RBC log (R log)",8.190144,0.00439204327424588
"RBC log (R log)",8.190144,0.00439204327424588
"RBC log (R log)",8.190144,1.26856209092889
"RBC log (R log)",8.190144,0.00439204327424588
"RBC log (R log)",8.190144,1.25818737071098
"RBC log (R log)",8.190144,0.00439204327424588
"RBC log (R log)",8.190144,1.71569519390525
"RBC log (R log)",8.190144,1.28373957090397
"RBC log (R log)",8.190144,0.00439204327424588
"RBC log (R log)",8.190144,0
"RBC log (R log)",8.190144,0
"RBC log (R log)",8.190144,1.30758594651789
"RBC log (R log)",8.190144,0.00439204327424588
"RBC log (R log)",8.190144,0.00439204327424588
"RBC log (R log)",8.190144,0
"RBC log (R log)",8.190144,0
"RBC log (R log)",8.190144,0.00439204327424588
"RBC log (R log)",8.190144,5.44940500237675e-231
"RBC log (R log)",8.190144,1.29434559727358
"RBC log (R log)",8.190144,1.29483933064047
"RBC log (R log)",8.190144,0
"RBC log (R log)",8.190144,1.77557593898317
"RBC log (R log)",8.190144,0.00439204327424588
"RBC log (R log)",8.190144,0
"RBC log (R log)",8.190144,0.00439204327424588
"RBC log (R log)",8.190144,0.00662843777192994
"RBC log (R log)",8.190144,1.30183446750144
"RBC log (R log)",8.190144,0
"RBC log (R log)",8.190144,0.00439204327424588
"RBC log (R log)",8.190144,0.00439204327424588
"RBC log (R log)",8.190144,0.00439204327424588
"RBC log (R log)",8.190144,0.00439204327424588
"RBC log (R log)",8.190144,1.01990475522974
"RBC log (R log)",8.190144,0
"RBC log (R log)",8.190144,0
"RBC log (R log)",8.190144,0
"RBC log (R log)",8.190144,0
"RBC log (R log)",8.190144,0.00439204327424588
"RBC log (R log)",8.190144,0
"RBC log (R log)",8.190144,7.13619871962687e-89
"RBC log (R log)",8.190144,1.53623590072663
"RBC log (R log)",8.190144,0
"RBC log (R log)",8.190144,0
"RBC log (R log)",8.190144,0.00439204310173078
"RBC log (R log)",8.190144,0
"RBC log (R log)",8.190144,1.29585509189851
"RBC log (R log)",8.190144,1.28544985636379
"RBC log (R log)",8.190144,0.00439204327424588
"RBC log (R log)",8.190144,1.31459841602787
"RBC log (R log)",8.190144,5.41669244329142e-116
"RBC log (R log)",8.190144,1.00779633227532
"RBC log (R log)",8.190144,0.00439204327424588
"RBC log (R log)",8.190144,0.00439204327424588
"RBC log (R log)",8.190144,0.519912088724238
"RBC log (R log)",8.190144,0.00439204327424588
"RBC log (R log)",8.190144,0.00439204327424588
"RBC log (R log)",8.190144,0
"RBC log (R log)",8.190144,1.5548535222268
"RBC log (R log)",8.190144,0.00439204327424588
"RBC log (R log)",8.190144,0
"RBC log (R log)",8.190144,1.54511875426226e-08
"RBC log (R log)",8.190144,1.05226548769569
"RBC log (R log)",8.190144,1.29976827832382
"RBC log (R log)",8.190144,0
"RBC log (R log)",8.190144,0
"RBC log (R log)",8.190144,0.00439204327424588
"RBC log (R log)",8.190144,0.00439204327424588
"RBC log (R log)",8.190144,0.00439204327424588
"RBC log (R log)",8.190144,0
"RBC log (R log)",8.190144,0
"RBC log (R log)",8.190144,0.00439204327424588
"RBC log (R log)",8.190144,1.30348787880827
"RBC log (R log)",8.190144,0
"RBC log (R log)",8.190144,3.09213065791447e-214
"RBC log (R log)",8.190144,1.55715624224304
"RBC log (R log)",8.190144,0.00439204327424588
"RBC log (R log)",8.190144,0
"RBC log (R log)",8.190144,0.00439204327424588
"RBC log (R log)",8.190144,0
"RBC log (R log)",8.190144,0.00439204327424588
"RBC log (R log)",8.190144,0
"RBC log (R log)",8.190144,0.00439204327424588
"RBC log (R log)",8.190144,1.30463969575016
"RBC log (R log)",8.190144,1.01798759654188
"RBC log (R log)",8.190144,0
"RBC log (R log)",8.190144,1.2627923134972
"RBC log (R log)",8.190144,0.00439204327424588
"RBC log (R log)",8.190144,0.00439204327424588
"RBC log (R log)",8.190144,0.00439204327424588
"RBC log (R log)",8.190144,0.970289530103919
"RBC log (R log)",8.190144,0.00439204327424588
"RBC log (R log)",8.190144,0.00439204327424588
"RBC log (R log)",8.190144,0.00439204327424588
"RBC log (R log)",8.190144,0.00439204327424588
"RBC log (R log)",8.190144,0
"RBC log (R log)",8.190144,0
"RBC log (R log)",8.190144,0.00439204327424588
"RBC log (R log)",8.190144,0
"RBC log (R log)",8.190144,0.00439204327424588
"RBC log (R log)",8.190144,1.03405597637006
"RBC log (R log)",8.190144,0
"RBC log (R log)",8.190144,0
"RBC log (R log)",8.190144,0.00439204327424588
"RBC log (R log)",8.190144,0.00439204327424588
"RBC log (R log)",8.190144,0.00439204327424588
"RBC log (R log)",8.190144,0.00439204327424588
"RBC log (R log)",8.190144,0.00439204327424588
"RBC log (R log)",8.190144,0
"RBC log (R log)",8.190144,0.00439204327424588
"RBC log (R log)",8.190144,0.00439204327424588
"RBC log (R log)",8.190144,0.00439204327424588
"RBC log (R log)",8.190144,0.00439204327424588
"RBC log (R log)",8.190144,1.45458545558626
"RBC log (R log)",8.190144,0.00439204327424588
"RBC log (R log)",8.190144,0.00439204327424588
"RBC log (R log)",8.190144,0.00439204327424588
"RBC log (R log)",8.190144,1.14073236622032
"RBC log (R log)",8.190144,0.00439204327424588
"RBC log (R log)",8.190144,0.00439204327424588
"RBC log (R log)",8.190144,0
"RBC log (R log)",8.190144,1.39221975768752
"RBC log (R log)",8.190144,1.10870029559295
"RBC log (R log)",8.190144,0.00439204327424588
"RBC log (R log)",8.190144,0.00439204327424588
"RBC log (R log)",8.190144,0.00439204307508235
"RBC log (R log)",8.190144,0.00439204327424588
"RBC log (R log)",8.190144,0
"RBC log (R log)",8.190144,1.5754095151231
"RBC log (R log)",8.190144,0
"RBC log (R log)",8.190144,0.00439204327424588
"RBC log (R log)",8.190144,0.00439204327424588
"RBC log (R log)",8.190144,0.00439204327424588
"RBC log (R log)",8.190144,0.00439204327424588
"RBC log (R log)",8.190144,0
"RBC log (R log)",8.190144,0.00439204327424588
"RBC log (R log)",8.190144,0.00439204324226761
"RBC log (R log)",8.190144,0.00439204327424588
"RBC log (R log)",8.190144,0
"RBC log (R log)",8.190144,0
"RBC log (R log)",8.190144,0.00439204327424588
"RBC log (R log)",8.190144,0.00439204327424588
"RBC log (R log)",8.190144,0.00439204327424588
"RBC log (R log)",8.190144,0.00439204327424588
"RBC log (R log)",8.190144,0.00439204327424588
"RBC log (R log)",8.190144,0
"RBC log (R log)",8.190144,1.31450510766808
"RBC log (R log)",8.190144,1.31199152187988
"RBC log (R log)",8.190144,1.02513637860083
"RBC log (R log)",8.190144,0.00439204327424588
"RBC log (R log)",8.190144,0
"RBC log (R log)",8.190144,0
"RBC log (R log)",8.190144,0.00016503251560655
"RBC log (R log)",8.190144,0
"RBC log (R log)",8.190144,0
"RBC log (R log)",8.190144,0
"RBC log (R log)",8.190144,0
"RBC log (R log)",8.190144,0
"RBC log (R log)",8.190144,0
"RBC log (R log)",8.190144,0
"RBC log (R log)",8.190144,0
"RBC log (R log)",8.190144,0.00439204327424588
"RBC log (R log)",8.190144,0.00439204327424588
"RBC log (R log)",8.190144,0.00439204327424588
"RBC log (R log)",8.190144,0.00439204327424588
"RBC log (R log)",8.190144,0
"RBC log (R log)",8.190144,1.31174756905765
"RBC log (R log)",8.190144,0.00439204327424588
"RBC log (R log)",8.190144,0.00439204327424588
"RBC log (R log)",8.190144,0.00439204327424588
"RBC log (R log)",8.190144,0.00439204327424588
"RBC log (R log)",8.190144,8.47023438487148e-246
"RBC log (R log)",8.190144,0
"RBC log (R log)",8.190144,1.26760792046184
"RBC log (R log)",8.190144,5.70713383484147e-194
"RBC log (R log)",8.190144,0.00439204327424588
"RBC log (R log)",8.190144,0.00439204327424588
"RBC log (R log)",8.190144,0.00439204327424588
"RBC log (R log)",8.190144,0.00439204327424588
"RBC log (R log)",8.190144,1.63377946485926e-164
"RBC log (R log)",8.190144,0.00439204327424588
"RBC log (R log)",8.190144,1.01537608724987
"RBC log (R log)",8.190144,0.00439204327424588
"RBC log (R log)",8.190144,0.00439204327424588
"RBC log (R log)",8.190144,0.00439204327424588
"RBC log (R log)",8.190144,1.01662066377712
"RBC log (R log)",8.190144,0.00439204327424588
"RBC log (R log)",8.190144,0.00439204327424588
"RBC log (R log)",8.190144,0.00439204327424588
"RBC log (R log)",8.190144,0.00439204327424588
"RBC log (R log)",8.190144,0
"RBC log (R log)",8.190144,0.00439204327424588
"RBC log (R log)",8.190144,0.00439204327424588
"RBC log (R log)",8.190144,2.04212627770512e-217
"RBC log (R log)",8.190144,1.37692519801055
"RBC log (R log)",8.190144,0.00439204327424588
"RBC log (R log)",8.190144,0.00439204327424588
"RBC log (R log)",8.190144,0
"RBC log (R log)",8.190144,0
"RBC log (R log)",8.190144,1.48297947865659
"RBC log (R log)",8.190144,0
"RBC log (R log)",8.190144,0
"RBC log (R log)",8.190144,0.00439204327424588
"RBC log (R log)",8.190144,0
"RBC log (R log)",8.190144,0.00439204327424588
"RBC log (R log)",8.190144,0.00439204327424588
"RBC log (R log)",8.190144,0.00439204327424588
"RBC log (R log)",8.190144,0
"RBC log (R log)",8.190144,0.00439204327424588
"RBC log (R log)",8.190144,0.00439204327424588
"RBC log (R log)",8.190144,0
"RBC log (R log)",8.190144,2.44988953656257
"RBC log (R log)",8.190144,0.00439204327424588
"RBC log (R log)",8.190144,1.29000294875794
"RBC log (R log)",8.190144,0.00439204327424588
"RBC log (R log)",8.190144,1.43709037943099e-28
"RBC log (R log)",8.190144,0
"RBC log (R log)",8.190144,0.00439204327424588
"RBC log (R log)",8.190144,0.00439204327424588
"RBC log (R log)",8.190144,0.00439204327424588
"RBC log (R log)",8.190144,0.00439204327424588
"RBC log (R log)",8.190144,0.00439204327424588
"RBC log (R log)",8.190144,2.5695447945269e-295
"RBC log (R log)",8.190144,2.07125710858616e-101
"RBC log (R log)",8.190144,1.31515856242037
"RBC log (R log)",8.190144,1.2756351903869
"RBC log (R log)",8.190144,0.0993619635044989
"RBC log (R log)",8.190144,0.00439204327424588
"RBC log (R log)",8.190144,0.00439204327424588
"RBC log (R log)",8.190144,1.55575547166359
"RBC log (R log)",8.190144,0.00439204327424588
"RBC log (R log)",8.190144,0.00439204327424588
"RBC log (R log)",8.190144,1.555800582306
"RBC log (R log)",8.190144,0.00439204327424588
"RBC log (R log)",8.190144,0
"RBC log (R log)",8.190144,0.00439204327424588
"RBC log (R log)",8.190144,1.54829839526411
"RBC log (R log)",8.190144,0.00439204327424588
"RBC log (R log)",8.190144,0.999132170114488
"RBC log (R log)",8.190144,0.00439204327424588
"RBC log (R log)",8.190144,0.00439204324963654
"RBC log (R log)",8.190144,0.00439204327424588
"RBC log (R log)",8.190144,0.00439204327424588
"RBC log (R log)",8.190144,0.00439204327424588
"RBC log (R log)",8.190144,0
"RBC log (R log)",8.190144,1.54992975676634
"RBC log (R log)",8.190144,1.30809483834953
"RBC log (R log)",8.190144,0
"RBC log (R log)",8.190144,0.00439204327424588
"RBC log (R log)",8.190144,0.00439204327424588
"RBC log (R log)",8.190144,1.30232088482608
"RBC log (R log)",8.190144,0.00439204327424588
"RBC log (R log)",8.190144,0
"RBC log (R log)",8.190144,0.00439204327424588
"RBC log (R log)",8.190144,0.00439204327424588
"RBC log (R log)",8.190144,5.90548023651571e-164
"RBC log (R log)",8.190144,1.49299684410993
"RBC log (R log)",8.190144,0.00439204327424588
"RBC log (R log)",8.190144,0
"RBC log (R log)",8.190144,0.00439204327424588
"RBC log (R log)",8.190144,1.3036588181547
"RBC log (R log)",8.190144,0.00439204327424588
"RBC log (R log)",8.190144,0.00439204327424588
"RBC log (R log)",8.190144,0
"RBC log (R log)",8.190144,0
"RBC log (R log)",8.190144,0
"RBC log (R log)",8.190144,0.00439204327424588
"RBC log (R log)",8.190144,0.00439204327424588
"RBC log (R log)",8.190144,0.00439204327424588
"RBC log (R log)",8.190144,0
"RBC log (R log)",8.190144,0.799496426755793
"RBC log (R log)",8.190144,0.00439204327424588
"RBC log (R log)",8.190144,0.00439204327424588
"RBC log (R log)",8.190144,0.00439204327424588
"RBC log (R log)",8.190144,0.00439204327424588
"RBC log (R log)",8.190144,0.00439204327424588
"RBC log (R log)",8.190144,0.956975211921977
"RBC log (R log)",8.190144,0.00439204327424588
"RBC log (R log)",8.190144,1.04266860426777
"RBC log (R log)",8.190144,0.00439204327424588
"RBC log (R log)",8.190144,0
"RBC log (R log)",8.190144,0.00439204327424588
"RBC log (R log)",8.190144,0.00439204327424588
"RBC log (R log)",8.190144,0.00439204327424588
"RBC log (R log)",8.190144,0
"RBC log (R log)",8.190144,0.00439204327424588
"RBC log (R log)",8.190144,0.00439204327424588
"RBC log (R log)",8.190144,0.00439204327424588
"RBC log (R log)",8.190144,0.00439204327424588
"RBC log (R log)",8.190144,0.00439204327424588
"RBC log (R log)",8.190144,0
"RBC log (R log)",8.190144,0.00439204327424588
"RBC log (R log)",8.190144,1.26029918509666
"RBC log (R log)",8.190144,0
"RBC log (R log)",8.190144,0
"RBC log (R log)",8.190144,0.00439204327424588
"RBC log (R log)",8.190144,0.00439204327424588
"RBC log (R log)",8.190144,1.3083426924081
"RBC log (R log)",8.190144,1.36180997474764
"RBC log (R log)",8.190144,0.00439204327424588
"RBC log (R log)",8.190144,0.00439204327424588
"RBC log (R log)",8.190144,0.00439204327424588
"RBC log (R log)",8.190144,0.00439204313610628
"RBC log (R log)",8.190144,1.3325643991782
"RBC log (R log)",8.190144,0.00439204327424588
"RBC log (R log)",8.190144,1.31707342428075
"RBC log (R log)",8.190144,0
"RBC log (R log)",8.190144,0
"RBC log (R log)",8.190144,0.00439204327424588
"RBC log (R log)",8.190144,1.30844230074361
"RBC log (R log)",8.190144,0.00439204327424588
"RBC log (R log)",8.190144,1.28891231274502
"RBC log (R log)",8.190144,0
"RBC log (R log)",8.190144,0
"RBC log (R log)",8.190144,0.00439204327424588
"RBC log (R log)",8.190144,0
"RBC log (R log)",8.190144,0
"RBC log (R log)",8.190144,1.76972066836716
"RBC log (R log)",8.190144,0.00439204327424588
"RBC log (R log)",8.190144,1.57717543434358
"RBC log (R log)",8.190144,0.00439204327424588
"RBC log (R log)",8.190144,1.28830841560789
"RBC log (R log)",8.190144,0.00439204327424588
"RBC log (R log)",8.190144,0.00439204327424588
"RBC log (R log)",8.190144,0.00439204327424588
"RBC log (R log)",8.190144,0.00439204327424588
"RBC log (R log)",8.190144,0.00439204327424588
"RBC log (R log)",8.190144,0
"RBC log (R log)",8.190144,0
"RBC log (R log)",8.190144,1.01435526953814
"RBC log (R log)",8.190144,0.00439204327424588
"RBC log (R log)",8.190144,0
"RBC log (R log)",8.190144,0.00439204327424588
"RBC log (R log)",8.190144,0.00439204327424588
"RBC log (R log)",8.190144,0.00439204327424588
"RBC log (R log)",8.190144,0
"RBC log (R log)",8.190144,0.00439204327424588
"RBC log (R log)",8.190144,0.00439204327424588
"RBC log (R log)",8.190144,6.31467019436753e-270
"RBC log (R log)",8.190144,0
"RBC log (R log)",8.190144,0.00439204327424588
"RBC log (R log)",8.190144,1.53556155137892
"RBC log (R log)",8.190144,1.10179887452903
"RBC log (R log)",8.190144,1.48425331936769
"RBC log (R log)",8.190144,1.02627240189903
"RBC log (R log)",8.190144,1.31383048234065
"RBC log (R log)",8.190144,0.00439204327424588
"RBC log (R log)",8.190144,0.00439204327424588
"RBC log (R log)",8.190144,0.00441317659859278
"RBC log (R log)",8.190144,0.00439204327424588
"RBC log (R log)",8.190144,3.52483135016973e-165
"RBC log (R log)",8.190144,0.00439204327424588
"RBC log (R log)",8.190144,1.29272316013361
"RBC log (R log)",8.190144,0.00439204327424588
"RBC log (R log)",8.190144,0
"RBC log (R log)",8.190144,0
"RBC log (R log)",8.190144,0
"RBC log (R log)",8.190144,0
"RBC log (R log)",8.190144,0
"RBC log (R log)",8.190144,0.00439204327424588
"RBC log (R log)",8.190144,0.00439204327424588
"RBC log (R log)",8.190144,0
"RBC log (R log)",8.190144,0
"RBC log (R log)",8.190144,0
"RBC log (R log)",8.190144,0
"RBC log (R log)",8.190144,0.898031807068577
"RBC log (R log)",8.190144,1.01434591305897
"RBC log (R log)",8.190144,0.00439204327424588
"RBC log (R log)",8.190144,0
"RBC log (R log)",8.190144,0.00439204327424588
"RBC log (R log)",8.190144,0.00439204301317028
"RBC log (R log)",8.190144,0.00439204327424588
"RBC log (R log)",8.190144,1.31605647941436
"RBC log (R log)",8.190144,0
"RBC log (R log)",8.190144,1.0209029807299
"RBC log (R log)",8.190144,1.72646568213757
"RBC log (R log)",8.190144,0.00439204327424588
"RBC log (R log)",8.190144,0
"RBC log (R log)",8.190144,1.32368066034041
"RBC log (R log)",8.190144,0.00439204327424588
"RBC log (R log)",8.190144,0
"RBC log (R log)",8.190144,0.00439204307266137
"RBC log (R log)",8.190144,0
"RBC log (R log)",8.190144,0
"RBC log (R log)",8.190144,0.00439204327424588
"RBC log (R log)",8.190144,2.02755238863033
"RBC log (R log)",8.190144,0.00439204327424588
"RBC log (R log)",8.190144,2.51694921010703e-35
"RBC log (R log)",8.190144,0.00439204327424588
"RBC log (R log)",8.190144,0.00439204327424588
"RBC log (R log)",8.190144,0.00439204327424588
"RBC log (R log)",8.190144,0.00439204327424588
"RBC log (R log)",8.190144,0.00439204327424588
"RBC log (R log)",8.190144,0.00439204327424588
"RBC log (R log)",8.190144,1.66177705008447e-127
"RBC log (R log)",8.190144,0.00439204327424588
"RBC log (R log)",8.190144,0.00439204327424588
"RBC log (R log)",8.190144,0.00439204327424588
"RBC log (R log)",8.190144,0.00439204327424588
"RBC log (R log)",8.190144,0.00439204327424588
"RBC log (R log)",8.190144,1.31405209796998
"RBC log (R log)",8.190144,0
"RBC log (R log)",8.190144,1.532142134997
"RBC log (R log)",8.190144,0.00439204327424588
"RBC log (R log)",8.190144,0.00439204327424588
"RBC log (R log)",8.190144,0.00439204327424588
"RBC log (R log)",8.190144,0
"RBC log (R log)",8.190144,0
"RBC log (R log)",8.190144,0
"RBC log (R log)",8.190144,0.00439204327424588
"RBC log (R log)",8.190144,1.36522395063385
"RBC log (R log)",8.190144,0
"RBC log (R log)",8.190144,0.973500463457609
"RBC log (R log)",8.190144,0.00439204315036932
"RBC log (R log)",8.190144,0.00439204327424588
"RBC log (R log)",8.190144,1.55478210041355
"RBC log (R log)",8.190144,0
"RBC log (R log)",8.190144,0.00439204327424588
"RBC log (R log)",8.190144,0
"RBC log (R log)",8.190144,0
"RBC log (R log)",8.190144,1.51956320840137
"RBC log (R log)",8.190144,0
"RBC log (R log)",8.190144,0
"RBC log (R log)",8.190144,0
"RBC log (R log)",8.190144,0.0166552789467256
"RBC log (R log)",8.190144,0.00439204327424588
"RBC log (R log)",8.190144,0.00439204327424588
"RBC log (R log)",8.190144,0
"RBC log (R log)",8.190144,0.00439204327424588
"RBC log (R log)",8.190144,0
"RBC log (R log)",8.190144,0
"RBC log (R log)",8.190144,0.00439204327424588
"RBC log (R log)",8.190144,0
"RBC log (R log)",8.190144,0.00439204327424588
"RBC log (R log)",8.190144,0.00439204327424588
"RBC log (R log)",8.190144,0.00439204327424588
"RBC log (R log)",8.190144,0.00439204327424588
"RBC log (R log)",8.190144,0.00439204327424588
"RBC log (R log)",8.190144,0
"RBC log (R log)",8.190144,0.00451201143985402
"RBC log (R log)",8.190144,0
"RBC log (R log)",8.190144,0.00439204327424588
"RBC log (R log)",8.190144,0.00439204327424588
"RBC log (R log)",8.190144,0.00439204327424588
"RBC log (R log)",8.190144,0.00439204327424588
"RBC log (R log)",8.190144,0.00439204327424588
"RBC log (R log)",8.190144,0.00439204327424588
"RBC log (R log)",8.190144,2.23314664623921
"RBC log (R log)",8.190144,0
"RBC log (R log)",8.190144,0
"RBC log (R log)",8.190144,1.31181723157723
"RBC log (R log)",8.190144,0
"RBC log (R log)",8.190144,1.56191664461634
"RBC log (R log)",8.190144,0
"RBC log (R log)",8.190144,1.02110516675863
"RBC log (R log)",8.190144,0
"RBC log (R log)",8.190144,1.32920238632443
"RBC log (R log)",8.190144,0
"RBC log (R log)",8.190144,1.51421772542333
"RBC log (R log)",8.190144,0
"RBC log (R log)",8.190144,0.00439204327424588
"RBC log (R log)",8.190144,0.00439204327424588
"RBC log (R log)",8.190144,0
"RBC log (R log)",8.190144,0.00439204327424588
"RBC log (R log)",8.190144,0.00439204327424588
"RBC log (R log)",8.190144,0
"RBC log (R log)",8.190144,7.05118627180957e-98
"RBC log (R log)",8.190144,0.00439204327424588
"RBC log (R log)",8.190144,0
"RBC log (R log)",8.190144,0.00439204327424588
"RBC log (R log)",8.190144,1.96499799541492
"RBC log (R log)",8.190144,0.00439204316674041
"RBC log (R log)",8.190144,0.00439204327424588
"RBC log (R log)",8.190144,0.00439204327424588
"RBC log (R log)",8.190144,0.00439204327424588
"RBC log (R log)",8.190144,0.00439204327424588
"RBC log (R log)",8.190144,6.93775389846306e-140
"RBC log (R log)",8.190144,1.02121016639229
"RBC log (R log)",8.190144,0.00439204327424588
"RBC log (R log)",8.190144,1.49223039824939
"RBC log (R log)",8.190144,0
"RBC log (R log)",8.190144,0
"RBC log (R log)",8.190144,0.00679896435117384
"RBC log (R log)",8.190144,0.00439204327424588
"RBC log (R log)",8.190144,0.00439204327424588
"RBC log (R log)",8.190144,0
"RBC log (R log)",8.190144,0.00439204327424588
"RBC log (R log)",8.190144,1.42563233965864
"RBC log (R log)",8.190144,0.00439204327424588
"RBC log (R log)",8.190144,0.846829613709998
"RBC log (R log)",8.190144,0.00439204327424588
"RBC log (R log)",8.190144,0
"RBC log (R log)",8.190144,0
"RBC log (R log)",8.190144,0
"RBC log (R log)",8.190144,1.02760923985428
"RBC log (R log)",8.190144,0
"RBC log (R log)",8.190144,0
"RBC log (R log)",8.190144,1.41915798791772
"RBC log (R log)",8.190144,0.00439204327424588
"RBC log (R log)",8.190144,0.00439204327424588
"RBC log (R log)",8.190144,0
"RBC log (R log)",8.190144,1.2557020722038
"RBC log (R log)",8.190144,0
"RBC log (R log)",8.190144,0.00439204327424588
"RBC log (R log)",8.190144,0.00439204327424588
"RBC log (R log)",8.190144,1.59491467400841
"RBC log (R log)",8.190144,1.55844865693791
"RBC log (R log)",8.190144,1.25558136190877
"RBC log (R log)",8.190144,0.00439204327424588
"RBC log (R log)",8.190144,0.00439204327424588
"RBC log (R log)",8.190144,0.00439204322099094
"RBC log (R log)",8.190144,0.00439204327424588
"RBC log (R log)",8.190144,0
"RBC log (R log)",8.190144,1.31425400836264
"RBC log (R log)",8.190144,0
"RBC log (R log)",8.190144,0.00439204327424588
"RBC log (R log)",8.190144,0.00439204315236126
"RBC log (R log)",8.190144,0.00439204327424588
"RBC log (R log)",8.190144,0.00439204327424588
"RBC log (R log)",8.190144,0.00439204327424588
"RBC log (R log)",8.190144,0.00439204322864352
"RBC log (R log)",8.190144,0
"RBC log (R log)",8.190144,0.00439204327424588
"RBC log (R log)",8.190144,0.00439204327424588
"RBC log (R log)",8.190144,0
"RBC log (R log)",8.190144,0
"RBC log (R log)",8.190144,0.00439204327424588
"RBC log (R log)",8.190144,0.00439204327424588
"RBC log (R log)",8.190144,0.00439204327424588
"RBC log (R log)",8.190144,1.01577697351395
"RBC log (R log)",8.190144,0
"RBC log (R log)",8.190144,0.947623383773607
"RBC log (R log)",8.190144,1.07468083632169e-09
"RBC log (R log)",8.190144,0.00439204327424588
"RBC log (R log)",8.190144,0
"RBC log (R log)",8.190144,0
"RBC log (R log)",8.190144,1.22142367488237
"RBC log (R log)",8.190144,0
"RBC log (R log)",8.190144,2.64562535450907e-80
"RBC log (R log)",8.190144,0.00439204327424588
"RBC log (R log)",8.190144,0.00439204327424588
"RBC log (R log)",8.190144,1.43264308414577
"RBC log (R log)",8.190144,0.00439204327424588
"RBC log (R log)",8.190144,0
"RBC log (R log)",8.190144,0.00439204327424588
"RBC log (R log)",8.190144,0
"RBC log (R log)",8.190144,0
"RBC log (R log)",8.190144,1.13589403113429
"RBC log (R log)",8.190144,0
"RBC log (R log)",8.190144,0.00439204327424588
"RBC log (R log)",8.190144,0.00439204327424588
"RBC log (R log)",8.190144,0
"RBC log (R log)",8.190144,0
"RBC log (R log)",8.190144,0.00439204327424588
"RBC log (R log)",8.190144,0
"RBC log (R log)",8.190144,0.00439204327424588
"RBC log (R log)",8.190144,0.00439204327424588
"RBC log (R log)",8.190144,0.00439204327424588
"RBC log (R log)",8.190144,0.00439204327424588
"RBC log (R log)",8.190144,0.00439204327424588
"RBC log (R log)",8.190144,0
"RBC log (R log)",8.190144,0.00439204327424588
"RBC log (R log)",8.190144,0.00439204327424588
"RBC log (R log)",8.190144,0
"RBC log (R log)",8.190144,0.00439204327424588
"RBC log (R log)",8.190144,0.00439204327424588
"RBC log (R log)",8.190144,0.00439204327424588
"RBC log (R log)",8.190144,0.00439204327424588
"RBC log (R log)",8.190144,1.39390101062777
"RBC log (R log)",8.190144,1.55896651016871
"RBC log (R log)",8.190144,1.01434049107969e-187
"RBC log (R log)",8.190144,1.27339955262968
"RBC log (R log)",8.190144,0.00439204327424588
"RBC log (R log)",8.190144,0.00439204327424588
"RBC log (R log)",8.190144,0.00439204321837414
"RBC log (R log)",8.190144,0
"RBC log (R log)",8.190144,1.83182744381854
"RBC log (R log)",8.190144,0.00439204327424588
"RBC log (R log)",8.190144,1.31461999638626
"RBC log (R log)",8.190144,0.00439204327424588
"RBC log (R log)",8.190144,1.23555628775397
"RBC log (R log)",8.190144,1.54030080978939
"RBC log (R log)",8.190144,0
"RBC log (R log)",8.190144,7.14754388124655e-175
"RBC log (R log)",8.190144,0.00439204327424588
"RBC log (R log)",8.190144,0.00439204327424588
"RBC log (R log)",8.190144,0.00439204327424588
"RBC log (R log)",8.190144,0.00439204327424588
"RBC log (R log)",8.190144,1.74800947036573
"RBC log (R log)",8.190144,0.00439204327424588
"RBC log (R log)",8.190144,0
"RBC log (R log)",8.190144,0.00439204327424588
"RBC log (R log)",8.190144,0.00439204327424588
"RBC log (R log)",8.190144,0.00439204327424588
"RBC log (R log)",8.190144,0.00439204327424588
"RBC log (R log)",8.190144,0.00439204327424588
"RBC log (R log)",8.190144,0
"RBC log (R log)",8.190144,0
"RBC log (R log)",8.190144,0.00439204327424588
"RBC log (R log)",8.190144,0.00439204327424588
"RBC log (R log)",8.190144,0.00439203964341263
"RBC log (R log)",8.190144,0
"RBC log (R log)",8.190144,0.00439204327424588
"RBC log (R log)",8.190144,0.00439204305271228
"RBC log (R log)",8.190144,0.00439204327424588
"RBC log (R log)",8.190144,0.00439204327424588
"RBC log (R log)",8.190144,0.00439204327424588
"RBC log (R log)",8.190144,0.00439204327424588
"RBC log (R log)",8.190144,0.00439204327424588
"RBC log (R log)",8.190144,0.00439204327424588
"RBC log (R log)",8.190144,0.00439204327424588
"RBC log (R log)",8.190144,0
"RBC log (R log)",8.190144,0.00439204327424588
"RBC log (R log)",8.190144,0.00439204327424588
"RBC log (R log)",8.190144,0.00439204327424588
"RBC log (R log)",8.190144,0
"RBC log (R log)",8.190144,0.00439204327424588
"RBC log (R log)",8.190144,0
"RBC log (R log)",8.190144,0.00439204327424588
"RBC log (R log)",8.190144,0
"RBC log (R log)",8.190144,0.00439204327424588
"RBC log (R log)",8.190144,0
"RBC log (R log)",8.190144,0.00439204327424588
"RBC log (R log)",8.190144,1.80999120526932
"RBC log (R log)",8.190144,0.00439204327424588
"RBC log (R log)",8.190144,0.00439204327424588
"RBC log (R log)",8.190144,0.00439204327424588
"RBC log (R log)",8.190144,0.00439204327424588
"RBC log (R log)",8.190144,0
"RBC log (R log)",8.190144,0
"RBC log (R log)",8.190144,0
"RBC log (R log)",8.190144,0
"RBC log (R log)",8.190144,2.82497472113269e-49
"RBC log (R log)",8.190144,0.00439204327424588
"RBC log (R log)",8.190144,0.00439204327424588
"RBC log (R log)",8.190144,0.00439204327424588
"RBC log (R log)",8.190144,1.01949877170856
"RBC log (R log)",8.190144,1.10311446540521
"RBC log (R log)",8.190144,0.953691662403266
"RBC log (R log)",8.190144,0
"RBC log (R log)",8.190144,0.00439204327424588
"RBC log (R log)",8.190144,0
"RBC log (R log)",8.190144,0.00439204327424588
"RBC log (R log)",8.190144,1.33344697876996
"RBC log (R log)",8.190144,1.74044973249272
"RBC log (R log)",8.190144,0
"RBC log (R log)",8.190144,0.00439204327424588
"RBC log (R log)",8.190144,0.00439204307542045
"RBC log (R log)",8.190144,0.00439204327424588
"RBC log (R log)",8.190144,0.993415821374348
"RBC log (R log)",8.190144,1.92884507887904e-83
"RBC log (R log)",8.190144,0.00439204327424588
"RBC log (R log)",8.190144,0
"RBC log (R log)",8.190144,0.00439204327424588
"RBC log (R log)",8.190144,0.00439204327424588
"RBC log (R log)",8.190144,0
"RBC log (R log)",8.190144,3.41028061326559e-238
"RBC log (R log)",8.190144,1.16090997000538
"RBC log (R log)",8.190144,0.00439204327424588
"RBC log (R log)",8.190144,0.00439204327424588
"RBC log (R log)",8.190144,0
"RBC log (R log)",8.190144,0.00439204327424588
"RBC log (R log)",8.190144,6.11857291486287e-78
"RBC log (R log)",8.190144,0
"RBC log (R log)",8.190144,0
"RBC log (R log)",8.190144,1.80842397367772
"RBC log (R log)",8.190144,0
"RBC log (R log)",8.190144,0.00439204327424588
"RBC log (R log)",8.190144,0.00439204327424588
"RBC log (R log)",8.190144,1.86315854348561
"RBC log (R log)",8.190144,0.92140354836625
"RBC log (R log)",8.190144,0
"RBC log (R log)",8.190144,0
"RBC log (R log)",8.190144,1.10259201879733
"RBC log (R log)",8.190144,0.00439204327424588
"RBC log (R log)",8.190144,0.00439204327424588
"RBC log (R log)",8.190144,0.00439204327424588
"RBC log (R log)",8.190144,0
"RBC log (R log)",8.190144,1.57551804980025
"RBC log (R log)",8.190144,1.16602868210475e-197
"RBC log (R log)",8.190144,0.00439204314166827
"RBC log (R log)",8.190144,0
"RBC log (R log)",8.190144,0.987355698132674
"RBC log (R log)",8.190144,0
"RBC log (R log)",8.190144,0
"RBC log (R log)",8.190144,0
"RBC log (R log)",8.190144,0.00439204322290497
"RBC log (R log)",8.190144,0.00439204327424588
"RBC log (R log)",8.190144,0.00439204327424588
"RBC log (R log)",8.190144,0.00439204327424588
"RBC log (R log)",8.190144,1.02190198650374
"RBC log (R log)",8.190144,0.00439204327424588
"RBC log (R log)",8.190144,0.00439204278055417
"RBC log (R log)",8.190144,1.34089854007838
"RBC log (R log)",8.190144,0.00439204327424588
"RBC log (R log)",8.190144,1.31123006328272
"RBC log (R log)",8.190144,0.00439204327424588
"RBC log (R log)",8.190144,0.00439204327424588
"RBC log (R log)",8.190144,1.26723277351064
"RBC log (R log)",8.190144,5.5321052873575e-211
"RBC log (R log)",8.190144,0.00439204327424588
"RBC log (R log)",8.190144,0
"RBC log (R log)",8.190144,0.00439204327424588
"RBC log (R log)",8.190144,0
"RBC log (R log)",8.190144,0.00439204327424588
"RBC log (R log)",8.190144,1.29991244301545
"RBC log (R log)",8.190144,0.00439204327424588
"RBC log (R log)",8.190144,1.29475416474956
"RBC log (R log)",8.190144,0.00439204327424588
"RBC log (R log)",8.190144,0.00439204327424588
"RBC log (R log)",8.190144,0.00439204320974898
"RBC log (R log)",8.190144,0.00439204327424588
"RBC log (R log)",8.190144,0
"RBC log (R log)",8.190144,0
"RBC log (R log)",8.190144,0.00439204327424588
"RBC log (R log)",8.190144,1.29354155731419
"RBC log (R log)",8.190144,0
"RBC log (R log)",8.190144,0.00439204327424588
"RBC log (R log)",8.190144,0.00439204327424588
"RBC log (R log)",8.190144,0
"RBC log (R log)",8.190144,0
"RBC log (R log)",8.190144,0.888267363495202
"RBC log (R log)",8.190144,0.00439204327424588
"RBC log (R log)",8.190144,0.00439204327424588
"RBC log (R log)",8.190144,0
"RBC log (R log)",8.190144,0.00439204309916498
"RBC log (R log)",8.190144,0.00439204327424588
"RBC log (R log)",8.190144,0.00439204297908623
"RBC log (R log)",8.190144,0.00439204327424588
"RBC log (R log)",8.190144,0
"RBC log (R log)",8.190144,0
"RBC log (R log)",8.190144,0
"RBC log (R log)",8.190144,0.00439204327424588
"RBC log (R log)",8.190144,1.08080896569804
"RBC log (R log)",8.190144,0.00439204327424588
"RBC log (R log)",8.190144,0.00439204327424588
"RBC log (R log)",8.190144,0.00439204327424588
"RBC log (R log)",8.190144,0.00439204327424588
"RBC log (R log)",8.190144,0.00439204327424588
"RBC log (R log)",8.190144,0.00439204327424588
"RBC log (R log)",8.190144,0.00439204327424588
"RBC log (R log)",8.190144,1.8200112384299
"RBC log (R log)",8.190144,0.00439204327424588
"RBC log (R log)",8.190144,1.69945264757995e-17
"RBC log (R log)",8.190144,0.00439204327424588
"RBC log (R log)",8.190144,0.980113707547186
"RBC log (R log)",8.190144,1.3124938783905
"RBC log (R log)",8.190144,1.50566846530077
"RBC log (R log)",8.190144,0.00439204327424588
"RBC log (R log)",8.190144,0.00439204327424588
"RBC log (R log)",8.190144,1.66272333978666
"RBC log (R log)",8.190144,0.00439204327424588
"RBC log (R log)",8.190144,0
"RBC log (R log)",8.190144,1.21084278859391
"RBC log (R log)",8.190144,1.53261584287398
"RBC log (R log)",8.190144,0.00439204327424588
"RBC log (R log)",8.190144,0.00439204327424588
"RBC log (R log)",8.190144,2.29843524032687
"RBC log (R log)",8.190144,1.21378046176295
"RBC log (R log)",8.190144,0.00439204327424588
"RBC log (R log)",8.190144,0
"RBC log (R log)",8.190144,0
"RBC log (R log)",8.190144,0.00439204327424588
"RBC log (R log)",8.190144,0.00439204327424588
"RBC log (R log)",8.190144,0.00439204327424588
"RBC log (R log)",8.190144,0.00439204327424588
"RBC log (R log)",8.190144,0
"RBC log (R log)",8.190144,0.00439204327424588
"RBC log (R log)",8.190144,0.00439204327424588
"RBC log (R log)",8.190144,0
"RBC log (R log)",8.190144,0.00439204327424588
"RBC log (R log)",8.190144,0.00439204327424588
"RBC log (R log)",8.190144,0.00439204327424588
"RBC log (R log)",8.190144,1.31462693099668
"RBC log (R log)",8.190144,1.29652936804918
"RBC log (R log)",8.190144,1.31300521175928
"RBC log (R log)",8.190144,0.00439204327424588
"RBC log (R log)",8.190144,0.00444583674568673
"RBC log (R log)",8.190144,1.9382800310136
"RBC log (R log)",8.190144,0.00439204327424588
"RBC log (R log)",8.190144,0.00439204327424588
"RBC log (R log)",8.190144,0
"RBC log (R log)",8.190144,0.00439204327424588
"RBC log (R log)",8.190144,0
"RBC log (R log)",8.190144,0.00439204327424588
"RBC log (R log)",8.190144,0.00439204327424588
"RBC log (R log)",8.190144,0
"RBC log (R log)",8.190144,0.00439204327424588
"RBC log (R log)",8.190144,0
"RBC log (R log)",8.190144,0
"RBC log (R log)",8.190144,0
"RBC log (R log)",8.190144,0
"RBC log (R log)",8.190144,0.00439204327424588
"RBC log (R log)",8.190144,0.00439204327424588
"RBC log (R log)",8.190144,1.41601309651161
"RBC log (R log)",8.190144,1.15663201042541
"RBC log (R log)",8.190144,0
"RBC log (R log)",8.190144,0
"RBC log (R log)",8.190144,0.00439204327424588
"RBC log (R log)",8.190144,1.29916608069163
"RBC log (R log)",8.190144,0
"RBC log (R log)",8.190144,0.0043930060560752
"RBC log (R log)",8.190144,0.00439204327424588
"RBC log (R log)",8.190144,0.00439204327424588
"RBC log (R log)",8.190144,0.00439204327424588
"RBC log (R log)",8.190144,0.00439204327424588
"RBC log (R log)",8.190144,1.752196462864
"RBC log (R log)",8.190144,0
"RBC log (R log)",8.190144,0.00439204327424588
"RBC log (R log)",8.190144,0
"RBC log (R log)",8.190144,0
"RBC log (R log)",8.190144,0.00439204327424588
"RBC log (R log)",8.190144,0.00439204327424588
"RBC log (R log)",8.190144,1.34297518417415
"RBC log (R log)",8.190144,0.00439204327424588
"RBC log (R log)",8.190144,0.00439204327424588
"RBC log (R log)",8.190144,0.00439204327424588
"RBC log (R log)",8.190144,0.00439204327424588
"RBC log (R log)",8.190144,0
"RBC log (R log)",8.190144,0.00439204327424588
"RBC log (R log)",8.190144,0
"RBC log (R log)",8.190144,0.85519205560876
"RBC log (R log)",8.190144,0.00439204327424588
"RBC log (R log)",8.190144,0
"RBC log (R log)",8.190144,0.0043920845314436
"RBC log (R log)",8.190144,0
"RBC log (R log)",8.190144,0.00439204327424588
"RBC log (R log)",8.190144,0.00439204327424588
"RBC log (R log)",8.190144,6.12231810285788e-205
"RBC log (R log)",8.190144,0.00439204327424588
"RBC log (R log)",8.190144,1.52137084467885
"RBC log (R log)",8.190144,1.5236672191336
"RBC log (R log)",8.190144,0.00439204327424588
"RBC log (R log)",8.190144,0.00439204327424588
"RBC log (R log)",8.190144,0
"RBC log (R log)",8.190144,0
"RBC log (R log)",8.190144,1.28673270143256
"RBC log (R log)",8.190144,1.41567411293277
"RBC log (R log)",8.190144,0.00439204327424588
"RBC log (R log)",8.190144,0
"RBC log (R log)",8.190144,0
"RBC log (R log)",8.190144,1.00208547430966
"RBC log (R log)",8.190144,0.00439204327424588
"RBC log (R log)",8.190144,0.00439312318458659
"RBC (R)",8.24429,0.00439204327424588
"RBC (R)",8.24429,2.11478307795513e-216
"RBC (R)",8.24429,1.89286707721508e-193
"RBC (R)",8.24429,0.00439204327424588
"RBC (R)",8.24429,1.55867996675287
"RBC (R)",8.24429,0
"RBC (R)",8.24429,1.5379320198098e-169
"RBC (R)",8.24429,0.00439204327424588
"RBC (R)",8.24429,1.73265674731311
"RBC (R)",8.24429,0
"RBC (R)",8.24429,1.28380165883215
"RBC (R)",8.24429,0.00439204327424588
"RBC (R)",8.24429,1.5380259170109
"RBC (R)",8.24429,0.00439204327424588
"RBC (R)",8.24429,0.00439204327424588
"RBC (R)",8.24429,0.00439204327424588
"RBC (R)",8.24429,0.00439204327424588
"RBC (R)",8.24429,0.00439204327424588
"RBC (R)",8.24429,0.00439204322673662
"RBC (R)",8.24429,1.68653133336102
"RBC (R)",8.24429,1.2887684155796
"RBC (R)",8.24429,1.72980362205289
"RBC (R)",8.24429,0.00439204327424588
"RBC (R)",8.24429,0
"RBC (R)",8.24429,0.00439204327424588
"RBC (R)",8.24429,1.75303049601471
"RBC (R)",8.24429,0
"RBC (R)",8.24429,0.00439204327424588
"RBC (R)",8.24429,0.00439204327424588
"RBC (R)",8.24429,0.00439204327424588
"RBC (R)",8.24429,0.00439204327424588
"RBC (R)",8.24429,0.00440285094398253
"RBC (R)",8.24429,0.411620365785697
"RBC (R)",8.24429,0.00439204327424588
"RBC (R)",8.24429,0.00439204327424588
"RBC (R)",8.24429,0.00439204327424588
"RBC (R)",8.24429,0
"RBC (R)",8.24429,0
"RBC (R)",8.24429,0.00439204327424588
"RBC (R)",8.24429,0.00439204327424588
"RBC (R)",8.24429,0.00439204327424588
"RBC (R)",8.24429,0
"RBC (R)",8.24429,0
"RBC (R)",8.24429,0.00439204327424588
"RBC (R)",8.24429,0.00439204327424588
"RBC (R)",8.24429,0.00439204321377989
"RBC (R)",8.24429,0
"RBC (R)",8.24429,0
"RBC (R)",8.24429,1.2826339863524
"RBC (R)",8.24429,1.73009451773372
"RBC (R)",8.24429,1.50882983262653
"RBC (R)",8.24429,1.40782096880903
"RBC (R)",8.24429,0.00439204327424588
"RBC (R)",8.24429,1.29465050595245
"RBC (R)",8.24429,1.31936233721282
"RBC (R)",8.24429,0.00439204327424588
"RBC (R)",8.24429,0.00439204327424588
"RBC (R)",8.24429,1.3056168033031
"RBC (R)",8.24429,0
"RBC (R)",8.24429,0.00439204327424588
"RBC (R)",8.24429,0.00439204327424588
"RBC (R)",8.24429,0.00439204291780361
"RBC (R)",8.24429,0.00439204304567311
"RBC (R)",8.24429,0.00439204327424588
"RBC (R)",8.24429,0.00439204327424588
"RBC (R)",8.24429,1.52476944451833e-55
"RBC (R)",8.24429,0
"RBC (R)",8.24429,0.00439204327424588
"RBC (R)",8.24429,0.00439204327424588
"RBC (R)",8.24429,0.00439204327424588
"RBC (R)",8.24429,0
"RBC (R)",8.24429,0
"RBC (R)",8.24429,0.00439204327424588
"RBC (R)",8.24429,0.00439204327424588
"RBC (R)",8.24429,0.00439204327424588
"RBC (R)",8.24429,0
"RBC (R)",8.24429,0
"RBC (R)",8.24429,0
"RBC (R)",8.24429,0.00439204327424588
"RBC (R)",8.24429,1.52601846366064
"RBC (R)",8.24429,0.00439204327424588
"RBC (R)",8.24429,0.00439204325316192
"RBC (R)",8.24429,0
"RBC (R)",8.24429,1.68382575284162
"RBC (R)",8.24429,0.00439204327424588
"RBC (R)",8.24429,0.00439204327424588
"RBC (R)",8.24429,0.00439372677332297
"RBC (R)",8.24429,0
"RBC (R)",8.24429,1.40106907922575
"RBC (R)",8.24429,0
"RBC (R)",8.24429,0.00439204327424588
"RBC (R)",8.24429,0.0147673273160561
"RBC (R)",8.24429,1.32256162758862
"RBC (R)",8.24429,1.02021774986117
"RBC (R)",8.24429,0.0112618251258788
"RBC (R)",8.24429,0
"RBC (R)",8.24429,1.38507733747001
"RBC (R)",8.24429,1.53674468241846
"RBC (R)",8.24429,1.74145820457355
"RBC (R)",8.24429,1.3096471036964
"RBC (R)",8.24429,1.52610967707659
"RBC (R)",8.24429,0
"RBC (R)",8.24429,0.00439204327424588
"RBC (R)",8.24429,0.0043920432269828
"RBC (R)",8.24429,0.00439204327424588
"RBC (R)",8.24429,9.57321297838608e-246
"RBC (R)",8.24429,1.52368996917618
"RBC (R)",8.24429,0
"RBC (R)",8.24429,0.00439204327424588
"RBC (R)",8.24429,0.00439204327424588
"RBC (R)",8.24429,0.00439204327424588
"RBC (R)",8.24429,0.00439204327424588
"RBC (R)",8.24429,1.74250026841941
"RBC (R)",8.24429,3.35307419559096e-06
"RBC (R)",8.24429,6.7662055718955e-87
"RBC (R)",8.24429,0
"RBC (R)",8.24429,0.00439204327424588
"RBC (R)",8.24429,1.58090166627781
"RBC (R)",8.24429,0.00439204055017084
"RBC (R)",8.24429,0.00439204327424588
"RBC (R)",8.24429,0.00439204327424588
"RBC (R)",8.24429,1.51640907280134
"RBC (R)",8.24429,0.00439204327424588
"RBC (R)",8.24429,0
"RBC (R)",8.24429,0.00439204327424588
"RBC (R)",8.24429,0
"RBC (R)",8.24429,0.00439204313715331
"RBC (R)",8.24429,0
"RBC (R)",8.24429,1.29459558352842
"RBC (R)",8.24429,0.00439204327424588
"RBC (R)",8.24429,0
"RBC (R)",8.24429,0.00439204327424588
"RBC (R)",8.24429,1.50505297534104
"RBC (R)",8.24429,0
"RBC (R)",8.24429,0.00439204327424588
"RBC (R)",8.24429,1.7802707740854
"RBC (R)",8.24429,0.00439204327424588
"RBC (R)",8.24429,0.00439204327424588
"RBC (R)",8.24429,0.00439204327424588
"RBC (R)",8.24429,0.960420485779985
"RBC (R)",8.24429,0.00439204327424588
"RBC (R)",8.24429,1.31351903513064
"RBC (R)",8.24429,1.39310301551007
"RBC (R)",8.24429,1.27639567786112e-131
"RBC (R)",8.24429,0.00439204327424588
"RBC (R)",8.24429,0.00439204327424588
"RBC (R)",8.24429,0.00439204327424588
"RBC (R)",8.24429,0.00439204313143113
"RBC (R)",8.24429,1.64067706877507
"RBC (R)",8.24429,1.72089773509227e-140
"RBC (R)",8.24429,1.71709696943995
"RBC (R)",8.24429,0
"RBC (R)",8.24429,1.56651825929357
"RBC (R)",8.24429,0
"RBC (R)",8.24429,0.00439204327424588
"RBC (R)",8.24429,0.00439204327424588
"RBC (R)",8.24429,0
"RBC (R)",8.24429,0.00439204327424588
"RBC (R)",8.24429,0.00439204327424588
"RBC (R)",8.24429,1.51988428660238
"RBC (R)",8.24429,0.00439204327424588
"RBC (R)",8.24429,1.53193464368321
"RBC (R)",8.24429,0.00439204327424588
"RBC (R)",8.24429,0.00439204314247058
"RBC (R)",8.24429,1.6746430819314
"RBC (R)",8.24429,0.00439204327424588
"RBC (R)",8.24429,0
"RBC (R)",8.24429,0
"RBC (R)",8.24429,1.53967954063984
"RBC (R)",8.24429,0.00439204327424588
"RBC (R)",8.24429,0.00439920976946035
"RBC (R)",8.24429,0.968593776772509
"RBC (R)",8.24429,1.02128857844679
"RBC (R)",8.24429,0.00439204327424588
"RBC (R)",8.24429,0
"RBC (R)",8.24429,1.6954502778494
"RBC (R)",8.24429,1.51137679803667
"RBC (R)",8.24429,1.01991792326528
"RBC (R)",8.24429,0.00439204322344078
"RBC (R)",8.24429,0.00439204327424588
"RBC (R)",8.24429,0
"RBC (R)",8.24429,0.00439204327424588
"RBC (R)",8.24429,0.00439204327424588
"RBC (R)",8.24429,1.70962622936629
"RBC (R)",8.24429,0
"RBC (R)",8.24429,0.00439204327424588
"RBC (R)",8.24429,0.00439204327424588
"RBC (R)",8.24429,0.00439204327424588
"RBC (R)",8.24429,0.00439204327424588
"RBC (R)",8.24429,1.51168780590457
"RBC (R)",8.24429,3.04515704736252e-05
"RBC (R)",8.24429,0
"RBC (R)",8.24429,0.978647754739754
"RBC (R)",8.24429,0
"RBC (R)",8.24429,0.00439204327424588
"RBC (R)",8.24429,0
"RBC (R)",8.24429,1.30721214864212
"RBC (R)",8.24429,0.095568376061389
"RBC (R)",8.24429,1.16334847287652
"RBC (R)",8.24429,0
"RBC (R)",8.24429,2.5093446493672e-268
"RBC (R)",8.24429,0
"RBC (R)",8.24429,1.69511645733812
"RBC (R)",8.24429,1.66407904974618
"RBC (R)",8.24429,0.00439204327424588
"RBC (R)",8.24429,1.62817424652073
"RBC (R)",8.24429,0
"RBC (R)",8.24429,1.46915010993656
"RBC (R)",8.24429,0.00439204327424588
"RBC (R)",8.24429,0.00439204327424588
"RBC (R)",8.24429,1.37498659524357
"RBC (R)",8.24429,0.00439204327424588
"RBC (R)",8.24429,0.00439204327424588
"RBC (R)",8.24429,0
"RBC (R)",8.24429,1.69453162423204
"RBC (R)",8.24429,0.00439204327424588
"RBC (R)",8.24429,0
"RBC (R)",8.24429,1.34784667563762
"RBC (R)",8.24429,1.53620182128033
"RBC (R)",8.24429,1.52001287381479
"RBC (R)",8.24429,0
"RBC (R)",8.24429,0
"RBC (R)",8.24429,0.00439204327424588
"RBC (R)",8.24429,0.00439204327424588
"RBC (R)",8.24429,0.00439204327424588
"RBC (R)",8.24429,0
"RBC (R)",8.24429,0
"RBC (R)",8.24429,0.00439204327424588
"RBC (R)",8.24429,1.5286468457828
"RBC (R)",8.24429,0
"RBC (R)",8.24429,1.01779014687168
"RBC (R)",8.24429,1.8022471092847
"RBC (R)",8.24429,0.00439204327424588
"RBC (R)",8.24429,0
"RBC (R)",8.24429,0.00439204327424588
"RBC (R)",8.24429,0
"RBC (R)",8.24429,0.00439204327424588
"RBC (R)",8.24429,0
"RBC (R)",8.24429,0.0813113711518782
"RBC (R)",8.24429,1.53163315365522
"RBC (R)",8.24429,1.51510228953893
"RBC (R)",8.24429,0
"RBC (R)",8.24429,1.52748945096262
"RBC (R)",8.24429,0.00439204327424588
"RBC (R)",8.24429,0.00439204327424588
"RBC (R)",8.24429,5.86007121551092e-69
"RBC (R)",8.24429,1.4357424266016
"RBC (R)",8.24429,0.00439204327424588
"RBC (R)",8.24429,0.00439204327424588
"RBC (R)",8.24429,0.00439204327424588
"RBC (R)",8.24429,3.2432432872682e-63
"RBC (R)",8.24429,0
"RBC (R)",8.24429,0
"RBC (R)",8.24429,0.00439204327424588
"RBC (R)",8.24429,5.58327749595339e-21
"RBC (R)",8.24429,0.00439204308950339
"RBC (R)",8.24429,1.52080058981067
"RBC (R)",8.24429,0
"RBC (R)",8.24429,7.35100021402774e-142
"RBC (R)",8.24429,0.00439204327424588
"RBC (R)",8.24429,0.00439204327424588
"RBC (R)",8.24429,0.00439204327424588
"RBC (R)",8.24429,0.00439204327424588
"RBC (R)",8.24429,0.00439204327424588
"RBC (R)",8.24429,0
"RBC (R)",8.24429,0.00439204327424588
"RBC (R)",8.24429,0.00439204327424588
"RBC (R)",8.24429,0.00439204327424588
"RBC (R)",8.24429,0.00439204327424588
"RBC (R)",8.24429,1.68284464359248
"RBC (R)",8.24429,0.00439204327424588
"RBC (R)",8.24429,0.00439204327424588
"RBC (R)",8.24429,0.00439204327424588
"RBC (R)",8.24429,1.55845168966207
"RBC (R)",8.24429,0.00439204327424588
"RBC (R)",8.24429,0.00439204327424588
"RBC (R)",8.24429,1.29131609431984
"RBC (R)",8.24429,1.74259383908694
"RBC (R)",8.24429,1.54895417207695
"RBC (R)",8.24429,0.00439204327424588
"RBC (R)",8.24429,0.00439204327424588
"RBC (R)",8.24429,0.128342157397786
"RBC (R)",8.24429,0.00439204327424588
"RBC (R)",8.24429,0
"RBC (R)",8.24429,2.16599282481359
"RBC (R)",8.24429,0
"RBC (R)",8.24429,0.00439204327424588
"RBC (R)",8.24429,0.00439204327424588
"RBC (R)",8.24429,0.00439204327424588
"RBC (R)",8.24429,0.00439204327424588
"RBC (R)",8.24429,0
"RBC (R)",8.24429,0.00439204327424588
"RBC (R)",8.24429,3.02739188451347e-248
"RBC (R)",8.24429,0.00439204327424588
"RBC (R)",8.24429,0
"RBC (R)",8.24429,1.17132680568843
"RBC (R)",8.24429,0.00439204327424588
"RBC (R)",8.24429,0.00439204327424588
"RBC (R)",8.24429,0.00439204327424588
"RBC (R)",8.24429,0.00439204327424588
"RBC (R)",8.24429,0.00439204327424588
"RBC (R)",8.24429,0
"RBC (R)",8.24429,1.57831665112006
"RBC (R)",8.24429,1.62177070752852
"RBC (R)",8.24429,1.51053981644257
"RBC (R)",8.24429,0.00439204327424588
"RBC (R)",8.24429,0
"RBC (R)",8.24429,0
"RBC (R)",8.24429,1.08238526126765
"RBC (R)",8.24429,0
"RBC (R)",8.24429,0
"RBC (R)",8.24429,0
"RBC (R)",8.24429,0
"RBC (R)",8.24429,0
"RBC (R)",8.24429,0
"RBC (R)",8.24429,0
"RBC (R)",8.24429,0
"RBC (R)",8.24429,0.00439204327424588
"RBC (R)",8.24429,0.00439204327424588
"RBC (R)",8.24429,0.00439204327424588
"RBC (R)",8.24429,0.00439204327424588
"RBC (R)",8.24429,0
"RBC (R)",8.24429,1.61941963915215
"RBC (R)",8.24429,0.00439204327424588
"RBC (R)",8.24429,0.00439204327424588
"RBC (R)",8.24429,0.00439204327424588
"RBC (R)",8.24429,0.00439204327424588
"RBC (R)",8.24429,1.30624995293066
"RBC (R)",8.24429,1.29618001880319
"RBC (R)",8.24429,1.52644816982075
"RBC (R)",8.24429,0
"RBC (R)",8.24429,0.00439204327424588
"RBC (R)",8.24429,0.00439204327424588
"RBC (R)",8.24429,0.00439204327424588
"RBC (R)",8.24429,0.00439204327424588
"RBC (R)",8.24429,0
"RBC (R)",8.24429,0.00439204327424588
"RBC (R)",8.24429,1.47835927172331
"RBC (R)",8.24429,0.00439204327424588
"RBC (R)",8.24429,0.00439204327424588
"RBC (R)",8.24429,0.00439204327424588
"RBC (R)",8.24429,1.51627698853577
"RBC (R)",8.24429,0.00439204317906654
"RBC (R)",8.24429,0.00439204327424588
"RBC (R)",8.24429,0.00439204291998098
"RBC (R)",8.24429,0.00439204327424588
"RBC (R)",8.24429,0
"RBC (R)",8.24429,0.00439204327424588
"RBC (R)",8.24429,0.00439204327424588
"RBC (R)",8.24429,0
"RBC (R)",8.24429,1.74478215385916
"RBC (R)",8.24429,0.00439204325420758
"RBC (R)",8.24429,0.00439204313610628
"RBC (R)",8.24429,0
"RBC (R)",8.24429,0
"RBC (R)",8.24429,1.66986001521538
"RBC (R)",8.24429,0
"RBC (R)",8.24429,1.22480672063991
"RBC (R)",8.24429,0.00439204327424588
"RBC (R)",8.24429,1.28068192137451
"RBC (R)",8.24429,0.00439204327424588
"RBC (R)",8.24429,0.00439204327424588
"RBC (R)",8.24429,0.00439204327424588
"RBC (R)",8.24429,0
"RBC (R)",8.24429,0.00439204327424588
"RBC (R)",8.24429,0.00439204327424588
"RBC (R)",8.24429,0
"RBC (R)",8.24429,0.00439204301004228
"RBC (R)",8.24429,0.00439204327424588
"RBC (R)",8.24429,1.6914599915683
"RBC (R)",8.24429,0.00439204327424588
"RBC (R)",8.24429,0
"RBC (R)",8.24429,0
"RBC (R)",8.24429,0.00439204327424588
"RBC (R)",8.24429,0.00453884474258669
"RBC (R)",8.24429,0.00439204327424588
"RBC (R)",8.24429,0.00439204327424588
"RBC (R)",8.24429,0.00439204327424588
"RBC (R)",8.24429,1.31333955887415
"RBC (R)",8.24429,1.30323043529732
"RBC (R)",8.24429,1.58599760793839
"RBC (R)",8.24429,1.51108510209081
"RBC (R)",8.24429,0
"RBC (R)",8.24429,0.00439204327424588
"RBC (R)",8.24429,0.00439204327424588
"RBC (R)",8.24429,1.68884746988504
"RBC (R)",8.24429,0.00439204327424588
"RBC (R)",8.24429,0.00439204327424588
"RBC (R)",8.24429,1.80644514816907
"RBC (R)",8.24429,0.00439204327424588
"RBC (R)",8.24429,0
"RBC (R)",8.24429,0.00439204327424588
"RBC (R)",8.24429,1.79740801156895
"RBC (R)",8.24429,0.00439204327424588
"RBC (R)",8.24429,0.893747947788155
"RBC (R)",8.24429,0.00439204327424588
"RBC (R)",8.24429,0.00439204327424588
"RBC (R)",8.24429,0.00439204327424588
"RBC (R)",8.24429,0.00439204327424588
"RBC (R)",8.24429,0.00439204327424588
"RBC (R)",8.24429,1.19180219435738
"RBC (R)",8.24429,1.80308503304347
"RBC (R)",8.24429,1.54229224990392
"RBC (R)",8.24429,0
"RBC (R)",8.24429,0.00439204327424588
"RBC (R)",8.24429,0.00439204327424588
"RBC (R)",8.24429,1.52634957390793
"RBC (R)",8.24429,0.00439204327424588
"RBC (R)",8.24429,0
"RBC (R)",8.24429,0.00439204327424588
"RBC (R)",8.24429,0.00439204327424588
"RBC (R)",8.24429,1.28274369350631
"RBC (R)",8.24429,1.6785015689411
"RBC (R)",8.24429,0.00439204327424588
"RBC (R)",8.24429,0
"RBC (R)",8.24429,0.00439204327424588
"RBC (R)",8.24429,1.63511575088801
"RBC (R)",8.24429,0.00439204327424588
"RBC (R)",8.24429,0.00439204327424588
"RBC (R)",8.24429,1.02076351887505
"RBC (R)",8.24429,0
"RBC (R)",8.24429,0
"RBC (R)",8.24429,0.00439204327424588
"RBC (R)",8.24429,0.00439204327424588
"RBC (R)",8.24429,0.00439204327424588
"RBC (R)",8.24429,0
"RBC (R)",8.24429,1.3864788107135
"RBC (R)",8.24429,0.00439204327424588
"RBC (R)",8.24429,0.00439204327424588
"RBC (R)",8.24429,0.00439204327424588
"RBC (R)",8.24429,0.00439204327424588
"RBC (R)",8.24429,0.00439204327424588
"RBC (R)",8.24429,1.42707619489841
"RBC (R)",8.24429,0.00439204327424588
"RBC (R)",8.24429,1.53358731142458
"RBC (R)",8.24429,0.00439204327424588
"RBC (R)",8.24429,0
"RBC (R)",8.24429,0.00439204327424588
"RBC (R)",8.24429,0.00439204327424588
"RBC (R)",8.24429,0.00439204327424588
"RBC (R)",8.24429,1.09859933858903
"RBC (R)",8.24429,0.00439204327424588
"RBC (R)",8.24429,0.00439204327424588
"RBC (R)",8.24429,0.00439204327424588
"RBC (R)",8.24429,6.35219698712832e-109
"RBC (R)",8.24429,0.00439204327424588
"RBC (R)",8.24429,0
"RBC (R)",8.24429,0.00439204327424588
"RBC (R)",8.24429,1.52879551883104
"RBC (R)",8.24429,0
"RBC (R)",8.24429,0
"RBC (R)",8.24429,0.00439204327424588
"RBC (R)",8.24429,0.00439204327424588
"RBC (R)",8.24429,1.63448004192027
"RBC (R)",8.24429,1.73031080968834
"RBC (R)",8.24429,0.00439204327424588
"RBC (R)",8.24429,0.00439204327424588
"RBC (R)",8.24429,0.00439204327424588
"RBC (R)",8.24429,0.00439204327424588
"RBC (R)",8.24429,1.71833915871972
"RBC (R)",8.24429,0.00439204327424588
"RBC (R)",8.24429,1.71182616156673
"RBC (R)",8.24429,0
"RBC (R)",8.24429,0.987558933890522
"RBC (R)",8.24429,0.00439204327424588
"RBC (R)",8.24429,1.63952823803617
"RBC (R)",8.24429,0.00439204327424588
"RBC (R)",8.24429,1.65927202122002
"RBC (R)",8.24429,1.01605099023067
"RBC (R)",8.24429,4.54760732328958e-05
"RBC (R)",8.24429,0.00439204327424588
"RBC (R)",8.24429,0
"RBC (R)",8.24429,0
"RBC (R)",8.24429,0.00439204327424588
"RBC (R)",8.24429,0.00439204327424588
"RBC (R)",8.24429,0.00439204223352747
"RBC (R)",8.24429,0.00439204327424588
"RBC (R)",8.24429,1.50565120763915
"RBC (R)",8.24429,0.00439204327424588
"RBC (R)",8.24429,0.00439204327424588
"RBC (R)",8.24429,0.00439204327424588
"RBC (R)",8.24429,0.00439204327424588
"RBC (R)",8.24429,0.00439204327424588
"RBC (R)",8.24429,0
"RBC (R)",8.24429,0
"RBC (R)",8.24429,1.47785692904586
"RBC (R)",8.24429,0.00439204327424588
"RBC (R)",8.24429,0
"RBC (R)",8.24429,0.00439204327424588
"RBC (R)",8.24429,0.00439204327424588
"RBC (R)",8.24429,0.00439204327424588
"RBC (R)",8.24429,0.928812018819038
"RBC (R)",8.24429,0.00439204327424588
"RBC (R)",8.24429,0.00439204327424588
"RBC (R)",8.24429,1.31116280997126
"RBC (R)",8.24429,0
"RBC (R)",8.24429,0.00439204311080111
"RBC (R)",8.24429,0.00439518021789071
"RBC (R)",8.24429,1.54790821033803
"RBC (R)",8.24429,1.66642931745957
"RBC (R)",8.24429,1.52780716469507
"RBC (R)",8.24429,1.6017519943478
"RBC (R)",8.24429,0.00439204327424588
"RBC (R)",8.24429,0.00439204327424588
"RBC (R)",8.24429,1.58499345904593e-212
"RBC (R)",8.24429,0.00439204327424588
"RBC (R)",8.24429,1.28297108599441
"RBC (R)",8.24429,0.00439204327424588
"RBC (R)",8.24429,1.6920492633514
"RBC (R)",8.24429,0.00439204327424588
"RBC (R)",8.24429,1.01984825131467
"RBC (R)",8.24429,1.30422655724802
"RBC (R)",8.24429,1.25684236876921
"RBC (R)",8.24429,0
"RBC (R)",8.24429,0
"RBC (R)",8.24429,0.00439204327424588
"RBC (R)",8.24429,0.00439204327424588
"RBC (R)",8.24429,0
"RBC (R)",8.24429,0
"RBC (R)",8.24429,1.02435289906552
"RBC (R)",8.24429,0
"RBC (R)",8.24429,1.4009023031701
"RBC (R)",8.24429,1.47778142166633
"RBC (R)",8.24429,0.00439204327424588
"RBC (R)",8.24429,0
"RBC (R)",8.24429,0.00439204327424588
"RBC (R)",8.24429,0.00439204327424588
"RBC (R)",8.24429,0.00439204327424588
"RBC (R)",8.24429,1.70881470489743
"RBC (R)",8.24429,1.25496478417693
"RBC (R)",8.24429,1.49933224838934
"RBC (R)",8.24429,0.00439204327424588
"RBC (R)",8.24429,0.00439204327424588
"RBC (R)",8.24429,0.977703010049219
"RBC (R)",8.24429,1.71316427821358
"RBC (R)",8.24429,1.16630833198174
"RBC (R)",8.24429,0
"RBC (R)",8.24429,0.00439204327424588
"RBC (R)",8.24429,0
"RBC (R)",8.24429,3.9001267963185e-59
"RBC (R)",8.24429,0.00439204327424588
"RBC (R)",8.24429,0.00439204327424588
"RBC (R)",8.24429,0.00439204327424588
"RBC (R)",8.24429,1.31342050109894
"RBC (R)",8.24429,0.00439204327424588
"RBC (R)",8.24429,0.00439204327424588
"RBC (R)",8.24429,0.00439204327424588
"RBC (R)",8.24429,0.00439204327424588
"RBC (R)",8.24429,0.00439204327424588
"RBC (R)",8.24429,0.00439204326132049
"RBC (R)",8.24429,1.28927187781428
"RBC (R)",8.24429,0.00439204327424588
"RBC (R)",8.24429,0.00439204327424588
"RBC (R)",8.24429,0.00439204327424588
"RBC (R)",8.24429,0.00439204327424588
"RBC (R)",8.24429,0.004392043229271
"RBC (R)",8.24429,1.59974531207294
"RBC (R)",8.24429,0
"RBC (R)",8.24429,0.00462309509943606
"RBC (R)",8.24429,0.00439204327424588
"RBC (R)",8.24429,0.00439204327424588
"RBC (R)",8.24429,0.00439204327424588
"RBC (R)",8.24429,1.0203441594667
"RBC (R)",8.24429,0
"RBC (R)",8.24429,0
"RBC (R)",8.24429,0.00439204327424588
"RBC (R)",8.24429,1.73043801218225
"RBC (R)",8.24429,1.02261783757993
"RBC (R)",8.24429,1.43794680973406
"RBC (R)",8.24429,0.0043920432692436
"RBC (R)",8.24429,0.00439204327424588
"RBC (R)",8.24429,1.68176194227153
"RBC (R)",8.24429,0
"RBC (R)",8.24429,0.00439204327424588
"RBC (R)",8.24429,1.18885823382877
"RBC (R)",8.24429,0
"RBC (R)",8.24429,1.73679122028581
"RBC (R)",8.24429,0
"RBC (R)",8.24429,0
"RBC (R)",8.24429,1.13046860870373
"RBC (R)",8.24429,1.35206030819432
"RBC (R)",8.24429,0.00439204327424588
"RBC (R)",8.24429,0.00439204327424588
"RBC (R)",8.24429,0
"RBC (R)",8.24429,0.00439204327424588
"RBC (R)",8.24429,0
"RBC (R)",8.24429,0
"RBC (R)",8.24429,0.00439204327424588
"RBC (R)",8.24429,0
"RBC (R)",8.24429,0.00439204327424588
"RBC (R)",8.24429,0.00439204327424588
"RBC (R)",8.24429,0.00439204327424588
"RBC (R)",8.24429,3.91588500107329e-52
"RBC (R)",8.24429,0.00439204327424588
"RBC (R)",8.24429,0
"RBC (R)",8.24429,0.00439204323129386
"RBC (R)",8.24429,0
"RBC (R)",8.24429,0.00439204327424588
"RBC (R)",8.24429,0.00439204327424588
"RBC (R)",8.24429,0.00439204327424588
"RBC (R)",8.24429,0.00439204327424588
"RBC (R)",8.24429,0.00439204327424588
"RBC (R)",8.24429,0.00439204181313074
"RBC (R)",8.24429,0.00439204322964838
"RBC (R)",8.24429,0
"RBC (R)",8.24429,1.64758356713391e-313
"RBC (R)",8.24429,1.55782813030475
"RBC (R)",8.24429,0
"RBC (R)",8.24429,1.76483018922553
"RBC (R)",8.24429,0
"RBC (R)",8.24429,1.48804856669753
"RBC (R)",8.24429,1.25848267429946
"RBC (R)",8.24429,1.71690195301883
"RBC (R)",8.24429,0
"RBC (R)",8.24429,0.00518072717486453
"RBC (R)",8.24429,0
"RBC (R)",8.24429,0.00439204305880533
"RBC (R)",8.24429,0.00439204327424588
"RBC (R)",8.24429,0
"RBC (R)",8.24429,0.00439204327424588
"RBC (R)",8.24429,0.00439204327424588
"RBC (R)",8.24429,0
"RBC (R)",8.24429,0
"RBC (R)",8.24429,0.00439204327424588
"RBC (R)",8.24429,0
"RBC (R)",8.24429,0.00439204327424588
"RBC (R)",8.24429,0.00439204324974433
"RBC (R)",8.24429,0.00439204327424588
"RBC (R)",8.24429,0.00439204327424588
"RBC (R)",8.24429,0.00439204327424588
"RBC (R)",8.24429,0.00439204327424588
"RBC (R)",8.24429,0.00439204327424588
"RBC (R)",8.24429,4.17392275327253e-139
"RBC (R)",8.24429,1.5057823801671
"RBC (R)",8.24429,0.00439204327424588
"RBC (R)",8.24429,1.68276678451556
"RBC (R)",8.24429,0
"RBC (R)",8.24429,0
"RBC (R)",8.24429,1.57083761344536e-310
"RBC (R)",8.24429,0.00439204319882655
"RBC (R)",8.24429,0.00439204303094198
"RBC (R)",8.24429,1.11676714685636
"RBC (R)",8.24429,0.00439204323285769
"RBC (R)",8.24429,1.7342750518484
"RBC (R)",8.24429,0.00439204327424588
"RBC (R)",8.24429,1.3879582326782
"RBC (R)",8.24429,0.00439204327424588
"RBC (R)",8.24429,0
"RBC (R)",8.24429,0
"RBC (R)",8.24429,0
"RBC (R)",8.24429,1.52852646730272
"RBC (R)",8.24429,0
"RBC (R)",8.24429,0
"RBC (R)",8.24429,1.73286683662914
"RBC (R)",8.24429,0.00439204327424588
"RBC (R)",8.24429,0.00439204327424588
"RBC (R)",8.24429,0
"RBC (R)",8.24429,1.53344491735919
"RBC (R)",8.24429,0
"RBC (R)",8.24429,0.00439204327424588
"RBC (R)",8.24429,0.00439204327424588
"RBC (R)",8.24429,0.00439204320817227
"RBC (R)",8.24429,1.76480035622961
"RBC (R)",8.24429,1.54456825719314
"RBC (R)",8.24429,0.00439204327424588
"RBC (R)",8.24429,0.00439204327424588
"RBC (R)",8.24429,0.00439204327424588
"RBC (R)",8.24429,0.00439204327424588
"RBC (R)",8.24429,0
"RBC (R)",8.24429,1.57594250705716
"RBC (R)",8.24429,0
"RBC (R)",8.24429,0.00439204327424588
"RBC (R)",8.24429,0.00439204327424588
"RBC (R)",8.24429,0.00439204327424588
"RBC (R)",8.24429,0.00439204327424588
"RBC (R)",8.24429,0.00439204327424588
"RBC (R)",8.24429,6.37240020998619e-241
"RBC (R)",8.24429,0
"RBC (R)",8.24429,0.00439204327424588
"RBC (R)",8.24429,0.00439204327424588
"RBC (R)",8.24429,0
"RBC (R)",8.24429,0
"RBC (R)",8.24429,0.00439204327424588
"RBC (R)",8.24429,0.00439204327424588
"RBC (R)",8.24429,0.00439204327424588
"RBC (R)",8.24429,1.48334415737712
"RBC (R)",8.24429,0
"RBC (R)",8.24429,1.42151159267689
"RBC (R)",8.24429,1.35018431675865
"RBC (R)",8.24429,0.00439204327424588
"RBC (R)",8.24429,1.07764995970231
"RBC (R)",8.24429,0
"RBC (R)",8.24429,1.55477328945479
"RBC (R)",8.24429,0
"RBC (R)",8.24429,1.31268267071851
"RBC (R)",8.24429,0.00439204327424588
"RBC (R)",8.24429,0.00439204327424588
"RBC (R)",8.24429,1.73003336555974
"RBC (R)",8.24429,0.00439204327424588
"RBC (R)",8.24429,0
"RBC (R)",8.24429,0.00439204327424588
"RBC (R)",8.24429,1.11463744275025e-235
"RBC (R)",8.24429,0
"RBC (R)",8.24429,1.02233161504456
"RBC (R)",8.24429,0
"RBC (R)",8.24429,0.00439204327424588
"RBC (R)",8.24429,0.00439204327424588
"RBC (R)",8.24429,0
"RBC (R)",8.24429,0
"RBC (R)",8.24429,0.00439204327424588
"RBC (R)",8.24429,0
"RBC (R)",8.24429,0.00439204327424588
"RBC (R)",8.24429,0.00439204327424588
"RBC (R)",8.24429,0.00439204327424588
"RBC (R)",8.24429,0.00439204327424588
"RBC (R)",8.24429,0.00439204327424588
"RBC (R)",8.24429,0
"RBC (R)",8.24429,0.00439204327424588
"RBC (R)",8.24429,0.00439204327424588
"RBC (R)",8.24429,1.25914022485558
"RBC (R)",8.24429,0.00439204327424588
"RBC (R)",8.24429,0.00439204327424588
"RBC (R)",8.24429,0.00439203745405572
"RBC (R)",8.24429,0.00439204327424588
"RBC (R)",8.24429,1.74426199226069
"RBC (R)",8.24429,1.77979079790694
"RBC (R)",8.24429,1.2886617677316
"RBC (R)",8.24429,1.51358306952986
"RBC (R)",8.24429,0.00439204327424588
"RBC (R)",8.24429,0.00439204327424588
"RBC (R)",8.24429,0.00439204325365733
"RBC (R)",8.24429,0
"RBC (R)",8.24429,0.00439204327424588
"RBC (R)",8.24429,0.00439204327424588
"RBC (R)",8.24429,1.59921241922934
"RBC (R)",8.24429,0.00439204327424588
"RBC (R)",8.24429,1.54806048629056
"RBC (R)",8.24429,1.89288140837254
"RBC (R)",8.24429,0
"RBC (R)",8.24429,0
"RBC (R)",8.24429,0.00439204327424588
"RBC (R)",8.24429,0.00439204327424588
"RBC (R)",8.24429,0.00439204327424588
"RBC (R)",8.24429,0.00439204327424588
"RBC (R)",8.24429,0.00439204323265753
"RBC (R)",8.24429,0.00439204327144851
"RBC (R)",8.24429,0
"RBC (R)",8.24429,0.00439204327424588
"RBC (R)",8.24429,0.00439204327424588
"RBC (R)",8.24429,0.00439204310771598
"RBC (R)",8.24429,0.00439204327424588
"RBC (R)",8.24429,0.00439204327424588
"RBC (R)",8.24429,0
"RBC (R)",8.24429,0
"RBC (R)",8.24429,0.00439204327424588
"RBC (R)",8.24429,0.00439204327424588
"RBC (R)",8.24429,0.00439206609098465
"RBC (R)",8.24429,0
"RBC (R)",8.24429,0.00439204327424588
"RBC (R)",8.24429,0.00439204324871047
"RBC (R)",8.24429,0.00439204327424588
"RBC (R)",8.24429,0.00439204327424588
"RBC (R)",8.24429,0.00439204327424588
"RBC (R)",8.24429,0.00439204327424588
"RBC (R)",8.24429,0.00439204327424588
"RBC (R)",8.24429,0.00439204327424588
"RBC (R)",8.24429,0.00439204327424588
"RBC (R)",8.24429,0.00319686132498829
"RBC (R)",8.24429,0.00439204327424588
"RBC (R)",8.24429,0.00439204327424588
"RBC (R)",8.24429,0.00439204327424588
"RBC (R)",8.24429,0
"RBC (R)",8.24429,1.6803307090588e-154
"RBC (R)",8.24429,0
"RBC (R)",8.24429,0.00439204327424588
"RBC (R)",8.24429,0
"RBC (R)",8.24429,0.00439204327424588
"RBC (R)",8.24429,0.943750293211791
"RBC (R)",8.24429,0.00439204327424588
"RBC (R)",8.24429,0.00439204327424588
"RBC (R)",8.24429,0.00439204327424588
"RBC (R)",8.24429,0.00439204327424588
"RBC (R)",8.24429,0.00439204327424588
"RBC (R)",8.24429,0.00439204327424588
"RBC (R)",8.24429,0
"RBC (R)",8.24429,1.29552734794862
"RBC (R)",8.24429,0
"RBC (R)",8.24429,1.27068335033056
"RBC (R)",8.24429,0
"RBC (R)",8.24429,0.00439204327424588
"RBC (R)",8.24429,0.00439204327424588
"RBC (R)",8.24429,0.00439204327424588
"RBC (R)",8.24429,1.48964494759537
"RBC (R)",8.24429,1.55042406321623
"RBC (R)",8.24429,1.42514969779163
"RBC (R)",8.24429,6.79182242250224e-269
"RBC (R)",8.24429,0.00439204327424588
"RBC (R)",8.24429,0
"RBC (R)",8.24429,0.00439204327424588
"RBC (R)",8.24429,1.72834428502494
"RBC (R)",8.24429,0.00439204327424588
"RBC (R)",8.24429,0
"RBC (R)",8.24429,0.00439204327424588
"RBC (R)",8.24429,0.00439204327424588
"RBC (R)",8.24429,0.00439202544085319
"RBC (R)",8.24429,1.45372319254278
"RBC (R)",8.24429,0
"RBC (R)",8.24429,0.00439204327424588
"RBC (R)",8.24429,1.02231424734926
"RBC (R)",8.24429,1.19151117596726
"RBC (R)",8.24429,0.00439204327424588
"RBC (R)",8.24429,1.31425890530928
"RBC (R)",8.24429,1.24674532698231
"RBC (R)",8.24429,1.57608229258275
"RBC (R)",8.24429,0.00439202261470169
"RBC (R)",8.24429,0.00439204327424588
"RBC (R)",8.24429,0
"RBC (R)",8.24429,0.00439204327424588
"RBC (R)",8.24429,1.31453340442809
"RBC (R)",8.24429,0
"RBC (R)",8.24429,1.01583549474641
"RBC (R)",8.24429,0.00439233382089105
"RBC (R)",8.24429,0
"RBC (R)",8.24429,0.00439204327424588
"RBC (R)",8.24429,0.00439204327424588
"RBC (R)",8.24429,0.00439204327424588
"RBC (R)",8.24429,1.40815098034127
"RBC (R)",8.24429,0
"RBC (R)",8.24429,0
"RBC (R)",8.24429,1.54785193774637
"RBC (R)",8.24429,0.00439204327424588
"RBC (R)",8.24429,0.00439204327424588
"RBC (R)",8.24429,0.00439204327424588
"RBC (R)",8.24429,0
"RBC (R)",8.24429,2.01303819727236
"RBC (R)",8.24429,1.30107758174301
"RBC (R)",8.24429,0.00439204327424588
"RBC (R)",8.24429,0
"RBC (R)",8.24429,1.42379001506396
"RBC (R)",8.24429,1.30169297267161
"RBC (R)",8.24429,0
"RBC (R)",8.24429,0
"RBC (R)",8.24429,3.42159881275046e-129
"RBC (R)",8.24429,0.00439204327424588
"RBC (R)",8.24429,0.00439204327424588
"RBC (R)",8.24429,0.00439204327424588
"RBC (R)",8.24429,1.52570233396983
"RBC (R)",8.24429,0.00442613399843653
"RBC (R)",8.24429,2.1714242992639e-211
"RBC (R)",8.24429,1.72189132256366
"RBC (R)",8.24429,0.00439204327424588
"RBC (R)",8.24429,1.55518026908301
"RBC (R)",8.24429,0.00439204327424588
"RBC (R)",8.24429,0.00439204327424588
"RBC (R)",8.24429,1.52584732321884
"RBC (R)",8.24429,0
"RBC (R)",8.24429,2.08587935140966e-79
"RBC (R)",8.24429,0
"RBC (R)",8.24429,0.00439204327424588
"RBC (R)",8.24429,0
"RBC (R)",8.24429,0.00439204327424588
"RBC (R)",8.24429,1.64504098759611
"RBC (R)",8.24429,0.00439204327424588
"RBC (R)",8.24429,1.69522666944897
"RBC (R)",8.24429,1.01943241737629e-95
"RBC (R)",8.24429,1.01911882734688e-25
"RBC (R)",8.24429,0.00439204315625656
"RBC (R)",8.24429,0.00439204327424588
"RBC (R)",8.24429,1.19490430691509e-75
"RBC (R)",8.24429,0
"RBC (R)",8.24429,0.00439204327424588
"RBC (R)",8.24429,1.5117751211302
"RBC (R)",8.24429,0.649382720789106
"RBC (R)",8.24429,0.00439204327424588
"RBC (R)",8.24429,0.00439204327424588
"RBC (R)",8.24429,1.11975587601481
"RBC (R)",8.24429,0
"RBC (R)",8.24429,1.39689078131702
"RBC (R)",8.24429,0.00439204327424588
"RBC (R)",8.24429,0.00439204327424588
"RBC (R)",8.24429,0
"RBC (R)",8.24429,0.00439204327424588
"RBC (R)",8.24429,0.00439204327424588
"RBC (R)",8.24429,8.26590567234214e-170
"RBC (R)",8.24429,0.00439204327424588
"RBC (R)",8.24429,0
"RBC (R)",8.24429,0
"RBC (R)",8.24429,1.05636989016051
"RBC (R)",8.24429,0.00439204327424588
"RBC (R)",8.24429,1.54797044080187
"RBC (R)",8.24429,0.00439204325026494
"RBC (R)",8.24429,0.00439204327424588
"RBC (R)",8.24429,0.00439204327424588
"RBC (R)",8.24429,0.00439204327424588
"RBC (R)",8.24429,0.00439204327424588
"RBC (R)",8.24429,0.00439204327424588
"RBC (R)",8.24429,0.00439204327424588
"RBC (R)",8.24429,0.00439204327424588
"RBC (R)",8.24429,0.00439204327424588
"RBC (R)",8.24429,2.03279405519309e-292
"RBC (R)",8.24429,0.00439204327424588
"RBC (R)",8.24429,1.4427114267753
"RBC (R)",8.24429,1.56205078477024
"RBC (R)",8.24429,1.70360601263777
"RBC (R)",8.24429,0.00439204327424588
"RBC (R)",8.24429,0.00439204327424588
"RBC (R)",8.24429,0.00439204322292916
"RBC (R)",8.24429,0.00439204327424588
"RBC (R)",8.24429,0
"RBC (R)",8.24429,1.55897594786774
"RBC (R)",8.24429,1.75252247777399
"RBC (R)",8.24429,0.00439204327424588
"RBC (R)",8.24429,0.00439204327424588
"RBC (R)",8.24429,0.00439204231205192
"RBC (R)",8.24429,1.5548620747457
"RBC (R)",8.24429,0.00439204327424588
"RBC (R)",8.24429,0
"RBC (R)",8.24429,0
"RBC (R)",8.24429,0.00439204327424588
"RBC (R)",8.24429,0.00439204327424588
"RBC (R)",8.24429,0.00439204327424588
"RBC (R)",8.24429,0.00439204327424588
"RBC (R)",8.24429,0
"RBC (R)",8.24429,3.15871830064541e-114
"RBC (R)",8.24429,0.00439204327424588
"RBC (R)",8.24429,0
"RBC (R)",8.24429,0.00439204327424588
"RBC (R)",8.24429,0.00439204327424588
"RBC (R)",8.24429,1.37243184033775e-172
"RBC (R)",8.24429,1.58014876607423
"RBC (R)",8.24429,1.51387564479278
"RBC (R)",8.24429,1.60207734336117
"RBC (R)",8.24429,0.00439204327424588
"RBC (R)",8.24429,1.30977135926306
"RBC (R)",8.24429,0.00442046016880623
"RBC (R)",8.24429,0.00439204327424588
"RBC (R)",8.24429,0.00439204327424588
"RBC (R)",8.24429,0
"RBC (R)",8.24429,0.00439204327424588
"RBC (R)",8.24429,0
"RBC (R)",8.24429,0.00439204327424588
"RBC (R)",8.24429,0.00439204327424588
"RBC (R)",8.24429,0
"RBC (R)",8.24429,0.00439204327424588
"RBC (R)",8.24429,0
"RBC (R)",8.24429,0
"RBC (R)",8.24429,0
"RBC (R)",8.24429,1.30163162064714
"RBC (R)",8.24429,0.00439204327424588
"RBC (R)",8.24429,0.00439204327424588
"RBC (R)",8.24429,1.7309790098502
"RBC (R)",8.24429,1.5580673152256
"RBC (R)",8.24429,0.81806258049447
"RBC (R)",8.24429,3.56974419981549e-06
"RBC (R)",8.24429,0.00439204303094198
"RBC (R)",8.24429,1.69717555959729
"RBC (R)",8.24429,0
"RBC (R)",8.24429,3.25792562482767e-238
"RBC (R)",8.24429,0.00439204327424588
"RBC (R)",8.24429,0.00439204327424588
"RBC (R)",8.24429,0.00439204327424588
"RBC (R)",8.24429,0.00439204327424588
"RBC (R)",8.24429,0.00439204323348561
"RBC (R)",8.24429,0
"RBC (R)",8.24429,0.00439204327424588
"RBC (R)",8.24429,0
"RBC (R)",8.24429,1.30647706752544
"RBC (R)",8.24429,0.00439204327424588
"RBC (R)",8.24429,0.00439204327424588
"RBC (R)",8.24429,1.72296065825948
"RBC (R)",8.24429,0.00439204327424588
"RBC (R)",8.24429,0.00439204327424588
"RBC (R)",8.24429,0.00439204327424588
"RBC (R)",8.24429,0.00439204327424588
"RBC (R)",8.24429,1.02068195402466
"RBC (R)",8.24429,0.00439204310726977
"RBC (R)",8.24429,0
"RBC (R)",8.24429,1.38872917458498
"RBC (R)",8.24429,0.00439204327424588
"RBC (R)",8.24429,0
"RBC (R)",8.24429,1.49513321524719
"RBC (R)",8.24429,0
"RBC (R)",8.24429,0.00439204327424588
"RBC (R)",8.24429,0.00439204327424588
"RBC (R)",8.24429,1.29486377530141
"RBC (R)",8.24429,0.00461798604931593
"RBC (R)",8.24429,1.73485377351145
"RBC (R)",8.24429,0.00491096215381126
"RBC (R)",8.24429,0.00439204327424588
"RBC (R)",8.24429,0.00439204327424588
"RBC (R)",8.24429,0
"RBC (R)",8.24429,1.16907301481326
"RBC (R)",8.24429,1.68562288180082
"RBC (R)",8.24429,1.73876329152034
"RBC (R)",8.24429,0.00439204327424588
"RBC (R)",8.24429,0
"RBC (R)",8.24429,0
"RBC (R)",8.24429,1.46211803640427
"RBC (R)",8.24429,9.95983797031682e-114
"RBC (R)",8.24429,0.00439204255072063
"Time (Time)",9.7879,1.30913458450199
"Time (Time)",9.7879,1.67416878222711e-14
"Time (Time)",9.7879,7.93189474237523e-05
"Time (Time)",9.7879,0.0153225785392064
"Time (Time)",9.7879,0.00468614591049402
"Time (Time)",9.7879,2.05768058674863e-69
"Time (Time)",9.7879,2.6231911540614e-07
"Time (Time)",9.7879,0.691611133163366
"Time (Time)",9.7879,0.00439926055775655
"Time (Time)",9.7879,6.73138481588694e-08
"Time (Time)",9.7879,0.00440280608094211
"Time (Time)",9.7879,0.00544416595879595
"Time (Time)",9.7879,0.00514099521394786
"Time (Time)",9.7879,1.81959804103702
"Time (Time)",9.7879,1.04174297723553
"Time (Time)",9.7879,0.00440645600489761
"Time (Time)",9.7879,0.0665501500862634
"Time (Time)",9.7879,0.00619306704117218
"Time (Time)",9.7879,0.421946884744313
"Time (Time)",9.7879,0.00446330976869946
"Time (Time)",9.7879,0.00491625746485967
"Time (Time)",9.7879,0.00495247545242472
"Time (Time)",9.7879,1.3932289299711
"Time (Time)",9.7879,6.11256990412489e-10
"Time (Time)",9.7879,0.00458712786478616
"Time (Time)",9.7879,0.00440817651436334
"Time (Time)",9.7879,0.000100258514653684
"Time (Time)",9.7879,1.02743797849926
"Time (Time)",9.7879,0.00187072778987827
"Time (Time)",9.7879,0.279601221806511
"Time (Time)",9.7879,0.136070837414862
"Time (Time)",9.7879,0.00642942273820468
"Time (Time)",9.7879,0.115686833629434
"Time (Time)",9.7879,0.00835148529856772
"Time (Time)",9.7879,1.33473014697695
"Time (Time)",9.7879,0.423322494147311
"Time (Time)",9.7879,3.6452788191524e-60
"Time (Time)",9.7879,6.8776025075437e-05
"Time (Time)",9.7879,0.00451204440051248
"Time (Time)",9.7879,0.00439447566271748
"Time (Time)",9.7879,0.004395596039341
"Time (Time)",9.7879,1.00262830766971e-07
"Time (Time)",9.7879,0.00804398789882136
"Time (Time)",9.7879,0.00807133687457328
"Time (Time)",9.7879,0.452202082626844
"Time (Time)",9.7879,0.00445388557210557
"Time (Time)",9.7879,0.00480746736546741
"Time (Time)",9.7879,6.16374655085934e-05
"Time (Time)",9.7879,0.00440386287854686
"Time (Time)",9.7879,0.00523959031438824
"Time (Time)",9.7879,0.00440031173722929
"Time (Time)",9.7879,0.00469594219025059
"Time (Time)",9.7879,1.13411024171387
"Time (Time)",9.7879,0.00711557277439942
"Time (Time)",9.7879,0.00474321772661657
"Time (Time)",9.7879,0.0291140906184825
"Time (Time)",9.7879,0.847058572244256
"Time (Time)",9.7879,0.00464381789241315
"Time (Time)",9.7879,2.33834546366278e-09
"Time (Time)",9.7879,0.274167462845528
"Time (Time)",9.7879,0.149594863704023
"Time (Time)",9.7879,0.00285246531809447
"Time (Time)",9.7879,0.00708125597613241
"Time (Time)",9.7879,0.0346238393068093
"Time (Time)",9.7879,0.00439406910215492
"Time (Time)",9.7879,0.00488244214126658
"Time (Time)",9.7879,7.99315684824376e-05
"Time (Time)",9.7879,0.00469734732014446
"Time (Time)",9.7879,0.299264497462694
"Time (Time)",9.7879,0.00608607494482546
"Time (Time)",9.7879,1.6757217456004e-19
"Time (Time)",9.7879,3.68347145763222e-08
"Time (Time)",9.7879,0.0745663072941338
"Time (Time)",9.7879,0.00442250268449341
"Time (Time)",9.7879,0.179322730200396
"Time (Time)",9.7879,6.49251008822365e-06
"Time (Time)",9.7879,1.73980481791904e-05
"Time (Time)",9.7879,2.99882735215364e-07
"Time (Time)",9.7879,0.614063141573298
"Time (Time)",9.7879,0.00439929034343803
"Time (Time)",9.7879,0.653800734448999
"Time (Time)",9.7879,0.0852302047196841
"Time (Time)",9.7879,3.12206765470798e-07
"Time (Time)",9.7879,0.00538812060049686
"Time (Time)",9.7879,0.00519129275067961
"Time (Time)",9.7879,0.162638801916231
"Time (Time)",9.7879,0.00634976300744117
"Time (Time)",9.7879,6.18832940702463e-05
"Time (Time)",9.7879,0.00445157014337608
"Time (Time)",9.7879,4.69904110209666e-14
"Time (Time)",9.7879,1.8301971302545
"Time (Time)",9.7879,9.88089223956565e-15
"Time (Time)",9.7879,0.0209009851136891
"Time (Time)",9.7879,0.00468024656707429
"Time (Time)",9.7879,0.0106193108013017
"Time (Time)",9.7879,2.31692787484677e-39
"Time (Time)",9.7879,0.00674469425655596
"Time (Time)",9.7879,0.00440599688924182
"Time (Time)",9.7879,0.00528648066054289
"Time (Time)",9.7879,0.00439398355386984
"Time (Time)",9.7879,0.0058941338307288
"Time (Time)",9.7879,0.00602436835660056
"Time (Time)",9.7879,0.00572226407524248
"Time (Time)",9.7879,0.000124642145962866
"Time (Time)",9.7879,0.00439975975013528
"Time (Time)",9.7879,0.000666395625942911
"Time (Time)",9.7879,0.00913938658915606
"Time (Time)",9.7879,3.23322610595142e-05
"Time (Time)",9.7879,0.0049973850415388
"Time (Time)",9.7879,0.00451545850583377
"Time (Time)",9.7879,1.75365669773914
"Time (Time)",9.7879,0.00439327318705228
"Time (Time)",9.7879,0.541240384744809
"Time (Time)",9.7879,7.36110334863785e-05
"Time (Time)",9.7879,3.9159221544265e-11
"Time (Time)",9.7879,5.92228078940331e-13
"Time (Time)",9.7879,0.00439565033255571
"Time (Time)",9.7879,0.0051210732980579
"Time (Time)",9.7879,0.00492101692308824
"Time (Time)",9.7879,0.00440097441545549
"Time (Time)",9.7879,0.123347734144504
"Time (Time)",9.7879,0.00442921876082012
"Time (Time)",9.7879,0.00439416857319131
"Time (Time)",9.7879,0.0015497980002874
"Time (Time)",9.7879,0.00632119131096093
"Time (Time)",9.7879,0.0238874948406475
"Time (Time)",9.7879,0.00932691412126633
"Time (Time)",9.7879,8.55595807955695e-66
"Time (Time)",9.7879,0.00439460450458183
"Time (Time)",9.7879,0.00985320101032785
"Time (Time)",9.7879,1.52904697073063e-69
"Time (Time)",9.7879,0.00443721645403304
"Time (Time)",9.7879,2.18054529173533
"Time (Time)",9.7879,6.45340454601182e-05
"Time (Time)",9.7879,0.148749620736531
"Time (Time)",9.7879,0.582568749664942
"Time (Time)",9.7879,0.0374828047158294
"Time (Time)",9.7879,0.00709942034151071
"Time (Time)",9.7879,0.00584326520720363
"Time (Time)",9.7879,0.0044011383264661
"Time (Time)",9.7879,0.00440422923062775
"Time (Time)",9.7879,0.00444115216548364
"Time (Time)",9.7879,1.53345783642972
"Time (Time)",9.7879,2.40340780096276e-18
"Time (Time)",9.7879,0.00456702743701074
"Time (Time)",9.7879,0.00504475213363504
"Time (Time)",9.7879,1.56907482519036
"Time (Time)",9.7879,0.00439467191868511
"Time (Time)",9.7879,0.00442598910797806
"Time (Time)",9.7879,2.07804714398562e-07
"Time (Time)",9.7879,0.00439457406375694
"Time (Time)",9.7879,0.00440371570457447
"Time (Time)",9.7879,0.00572026188035347
"Time (Time)",9.7879,1.4856095519249e-08
"Time (Time)",9.7879,1.57576027704941
"Time (Time)",9.7879,0.00826572018678485
"Time (Time)",9.7879,8.69786302353091e-30
"Time (Time)",9.7879,0.00439904287674208
"Time (Time)",9.7879,0.0191642142768893
"Time (Time)",9.7879,0.0047367728536298
"Time (Time)",9.7879,1.57208361671088
"Time (Time)",9.7879,0.00440065889853342
"Time (Time)",9.7879,0.0189021339826752
"Time (Time)",9.7879,0.00683354352134538
"Time (Time)",9.7879,0.331993279306575
"Time (Time)",9.7879,1.39177943866478
"Time (Time)",9.7879,9.39827592213048e-05
"Time (Time)",9.7879,5.67868158781901e-71
"Time (Time)",9.7879,0.0268507878463564
"Time (Time)",9.7879,0.718270711773939
"Time (Time)",9.7879,2.76884597451367e-05
"Time (Time)",9.7879,0.00440577929850948
"Time (Time)",9.7879,0.00459313257405212
"Time (Time)",9.7879,1.72869070024981
"Time (Time)",9.7879,7.3468525846869e-05
"Time (Time)",9.7879,1.79134306012696
"Time (Time)",9.7879,0.00441421640833582
"Time (Time)",9.7879,0.00531501949588787
"Time (Time)",9.7879,0.0102802151110988
"Time (Time)",9.7879,0.00452381773389765
"Time (Time)",9.7879,4.37191166547971e-05
"Time (Time)",9.7879,0.172602790635508
"Time (Time)",9.7879,1.73675322826218
"Time (Time)",9.7879,0.00451643304328168
"Time (Time)",9.7879,2.6261315486295e-06
"Time (Time)",9.7879,0.0375981215601635
"Time (Time)",9.7879,1.24504007459212
"Time (Time)",9.7879,0.0120577365264046
"Time (Time)",9.7879,0.00443271870108563
"Time (Time)",9.7879,0.00755855594994912
"Time (Time)",9.7879,0.0050470280067953
"Time (Time)",9.7879,8.65109776140966e-08
"Time (Time)",9.7879,0.00452945725425877
"Time (Time)",9.7879,3.42243984394608e-16
"Time (Time)",9.7879,1.01795653546075
"Time (Time)",9.7879,3.28693457753761e-11
"Time (Time)",9.7879,0.00626264240194219
"Time (Time)",9.7879,0.0288414081106748
"Time (Time)",9.7879,0.0052982741279383
"Time (Time)",9.7879,5.90228300821735e-05
"Time (Time)",9.7879,2.55781311800453e-09
"Time (Time)",9.7879,2.13687464522259e-105
"Time (Time)",9.7879,0.00648819392823105
"Time (Time)",9.7879,0.00459278635439795
"Time (Time)",9.7879,0.00521975446973391
"Time (Time)",9.7879,0.00502918896823799
"Time (Time)",9.7879,0.000425044123782835
"Time (Time)",9.7879,0.00478588663905577
"Time (Time)",9.7879,0.00823318231168165
"Time (Time)",9.7879,0.0367327567208355
"Time (Time)",9.7879,0.00569002952084729
"Time (Time)",9.7879,0.254820564729597
"Time (Time)",9.7879,0.00440303047113312
"Time (Time)",9.7879,5.40215069985555e-09
"Time (Time)",9.7879,0.00872729933771381
"Time (Time)",9.7879,0.00442772632971817
"Time (Time)",9.7879,9.0201179878825e-05
"Time (Time)",9.7879,0.00440336179291883
"Time (Time)",9.7879,0.00611947516365208
"Time (Time)",9.7879,0.00589410977737554
"Time (Time)",9.7879,2.54836245129003e-05
"Time (Time)",9.7879,1.79048804840749e-05
"Time (Time)",9.7879,0.82683882348208
"Time (Time)",9.7879,0.0740635497455975
"Time (Time)",9.7879,0.0122491056058811
"Time (Time)",9.7879,3.85015935767183e-06
"Time (Time)",9.7879,0.014370672999092
"Time (Time)",9.7879,0.265194446870777
"Time (Time)",9.7879,0.00441757465087612
"Time (Time)",9.7879,5.36399291273834e-99
"Time (Time)",9.7879,0.00441389284245558
"Time (Time)",9.7879,0.00439314417114807
"Time (Time)",9.7879,0.0202872928012979
"Time (Time)",9.7879,9.98637712124421e-07
"Time (Time)",9.7879,1.62281550566888
"Time (Time)",9.7879,2.20289376466474e-09
"Time (Time)",9.7879,0.0467791987896692
"Time (Time)",9.7879,3.28924927711068e-38
"Time (Time)",9.7879,2.27699405508488e-05
"Time (Time)",9.7879,0.00469005634299304
"Time (Time)",9.7879,0.00523374038261789
"Time (Time)",9.7879,0.000351827443104171
"Time (Time)",9.7879,0.00447878939783425
"Time (Time)",9.7879,0.837026392829558
"Time (Time)",9.7879,1.11455414347714
"Time (Time)",9.7879,0.000103402980318092
"Time (Time)",9.7879,0.004441007961615
"Time (Time)",9.7879,1.81131062179034
"Time (Time)",9.7879,0.0195808977818544
"Time (Time)",9.7879,0.00534019492962062
"Time (Time)",9.7879,0.000188438408587802
"Time (Time)",9.7879,0.000287234411825882
"Time (Time)",9.7879,1.74710236934222e-28
"Time (Time)",9.7879,1.7105827729295
"Time (Time)",9.7879,0.00456490190055288
"Time (Time)",9.7879,0.0136194580236039
"Time (Time)",9.7879,0.00947152707468873
"Time (Time)",9.7879,2.51261947554178e-05
"Time (Time)",9.7879,0.00517462350155143
"Time (Time)",9.7879,0.0162946075274382
"Time (Time)",9.7879,1.93742608585217
"Time (Time)",9.7879,1.57507819606666
"Time (Time)",9.7879,0.382313755677814
"Time (Time)",9.7879,0.0046140906524398
"Time (Time)",9.7879,2.53266377389555e-39
"Time (Time)",9.7879,1.52079628341568
"Time (Time)",9.7879,0.00445664329956342
"Time (Time)",9.7879,0.555921555043597
"Time (Time)",9.7879,0.00533660967916698
"Time (Time)",9.7879,0.00451842524517579
"Time (Time)",9.7879,0.0050048703796083
"Time (Time)",9.7879,0.00988562224497414
"Time (Time)",9.7879,0.00440494014327682
"Time (Time)",9.7879,1.85288809067471
"Time (Time)",9.7879,1.06344317796728
"Time (Time)",9.7879,0.00443776863681322
"Time (Time)",9.7879,0.00439363104159671
"Time (Time)",9.7879,0.818355288254155
"Time (Time)",9.7879,0.0044957568795808
"Time (Time)",9.7879,0.00508624213793617
"Time (Time)",9.7879,0.431784050537121
"Time (Time)",9.7879,0.00548517391624032
"Time (Time)",9.7879,0.00472148410628325
"Time (Time)",9.7879,7.01881594781082e-05
"Time (Time)",9.7879,0.135939207421918
"Time (Time)",9.7879,2.47582581558359e-37
"Time (Time)",9.7879,0.282662220826233
"Time (Time)",9.7879,0.00585577047753141
"Time (Time)",9.7879,0.709991679020157
"Time (Time)",9.7879,0.0757371954440385
"Time (Time)",9.7879,5.23520922831462e-10
"Time (Time)",9.7879,1.2875172068439
"Time (Time)",9.7879,0.00139105855251103
"Time (Time)",9.7879,0.00580363394001627
"Time (Time)",9.7879,0.00628136682573276
"Time (Time)",9.7879,0.00514606522563239
"Time (Time)",9.7879,0.00439637619717133
"Time (Time)",9.7879,0.767596150613429
"Time (Time)",9.7879,1.09670664803609
"Time (Time)",9.7879,0.0053425219113993
"Time (Time)",9.7879,1.08247931847067
"Time (Time)",9.7879,7.7377157493414e-06
"Time (Time)",9.7879,0.00507537784748585
"Time (Time)",9.7879,1.43175037753961
"Time (Time)",9.7879,0.00448869835555204
"Time (Time)",9.7879,1.29087485125502
"Time (Time)",9.7879,7.55341534772905e-05
"Time (Time)",9.7879,3.88579989407477e-49
"Time (Time)",9.7879,0.00452881395769464
"Time (Time)",9.7879,1.20259539866163e-14
"Time (Time)",9.7879,2.5152817210589e-06
"Time (Time)",9.7879,5.64135397892233e-06
"Time (Time)",9.7879,9.59252913536082e-22
"Time (Time)",9.7879,6.91441925223725e-06
"Time (Time)",9.7879,7.81924874266709e-16
"Time (Time)",9.7879,6.36095786809936e-23
"Time (Time)",9.7879,1.93289600367908e-12
"Time (Time)",9.7879,0.155887179006384
"Time (Time)",9.7879,1.3035207491881
"Time (Time)",9.7879,0.890920887456803
"Time (Time)",9.7879,0.00599761180729748
"Time (Time)",9.7879,0.00118632873895659
"Time (Time)",9.7879,0.00439456886633877
"Time (Time)",9.7879,0.00500621186389775
"Time (Time)",9.7879,0.00445726846668479
"Time (Time)",9.7879,0.00439654947784992
"Time (Time)",9.7879,0.0043971660299035
"Time (Time)",9.7879,0.00442798676563769
"Time (Time)",9.7879,0.00600575422666978
"Time (Time)",9.7879,1.47383548863672
"Time (Time)",9.7879,8.14092753249511e-09
"Time (Time)",9.7879,0.0107405262998628
"Time (Time)",9.7879,1.28354081641568
"Time (Time)",9.7879,0.00506730924007646
"Time (Time)",9.7879,1.74369597944982
"Time (Time)",9.7879,4.47567753488844e-08
"Time (Time)",9.7879,0.934311286079338
"Time (Time)",9.7879,1.88486811633737
"Time (Time)",9.7879,0.00617979215517677
"Time (Time)",9.7879,0.00439462547574375
"Time (Time)",9.7879,0.233948758246079
"Time (Time)",9.7879,0.00457993586066007
"Time (Time)",9.7879,6.67984794728502e-06
"Time (Time)",9.7879,0.478948841844975
"Time (Time)",9.7879,2.02421036066684
"Time (Time)",9.7879,1.71247624995615
"Time (Time)",9.7879,4.06963313560923e-34
"Time (Time)",9.7879,0.437318238405297
"Time (Time)",9.7879,0.0426447689282452
"Time (Time)",9.7879,0.0125895745124891
"Time (Time)",9.7879,0.653712001665872
"Time (Time)",9.7879,0.0045248778600933
"Time (Time)",9.7879,0.0217500698532631
"Time (Time)",9.7879,0.00031666700645468
"Time (Time)",9.7879,6.70401408369115e-09
"Time (Time)",9.7879,0.0074257941378968
"Time (Time)",9.7879,0.000145372253305958
"Time (Time)",9.7879,0.00442787802911097
"Time (Time)",9.7879,0.027466784620946
"Time (Time)",9.7879,0.00651600558776232
"Time (Time)",9.7879,0.00478891459002277
"Time (Time)",9.7879,1.45173858988103
"Time (Time)",9.7879,0.161214771461297
"Time (Time)",9.7879,6.1244449527135e-07
"Time (Time)",9.7879,0.0779370637613857
"Time (Time)",9.7879,1.55979322205113
"Time (Time)",9.7879,4.88429757158519e-101
"Time (Time)",9.7879,0.059411271154844
"Time (Time)",9.7879,0.00443506166050497
"Time (Time)",9.7879,0.613660028254222
"Time (Time)",9.7879,0.262173376185952
"Time (Time)",9.7879,0.00403378456924939
"Time (Time)",9.7879,2.88965533085357e-10
"Time (Time)",9.7879,0.00505088128836065
"Time (Time)",9.7879,0.0053505986459608
"Time (Time)",9.7879,0.0764512163432247
"Time (Time)",9.7879,1.39853939810366
"Time (Time)",9.7879,0.00769835414746594
"Time (Time)",9.7879,0.00451226708353334
"Time (Time)",9.7879,0.00529443153102254
"Time (Time)",9.7879,0.00468835864157133
"Time (Time)",9.7879,0.00450496924086477
"Time (Time)",9.7879,2.5548698577833e-06
"Time (Time)",9.7879,1.2667131264551
"Time (Time)",9.7879,0.00721789291250974
"Time (Time)",9.7879,0.00440535806959317
"Time (Time)",9.7879,0.371997799358032
"Time (Time)",9.7879,0.0247118191945558
"Time (Time)",9.7879,0.00493549531496693
"Time (Time)",9.7879,0.0975160793634625
"Time (Time)",9.7879,6.22527641440289e-05
"Time (Time)",9.7879,1.29787934872584
"Time (Time)",9.7879,0.00440282158305834
"Time (Time)",9.7879,0.0322456233952651
"Time (Time)",9.7879,0.751537172588092
"Time (Time)",9.7879,0.642119271822008
"Time (Time)",9.7879,0.00537831101379354
"Time (Time)",9.7879,0.00464567737003305
"Time (Time)",9.7879,0.0923208122181254
"Time (Time)",9.7879,2.31589428174032
"Time (Time)",9.7879,0.00531118611084094
"Time (Time)",9.7879,0.00467962823050063
"Time (Time)",9.7879,0.00439286858997941
"Time (Time)",9.7879,1.35560268494614e-36
"Time (Time)",9.7879,1.00710390276166
"Time (Time)",9.7879,1.80620878369692
"Time (Time)",9.7879,0.00576379980654215
"Time (Time)",9.7879,0.638553947335504
"Time (Time)",9.7879,1.5714799015394e-05
"Time (Time)",9.7879,1.77887006932086
"Time (Time)",9.7879,0.577623799786109
"Time (Time)",9.7879,0.00458074979522348
"Time (Time)",9.7879,0.00440121505686242
"Time (Time)",9.7879,0.066535038218729
"Time (Time)",9.7879,7.48831614268404e-05
"Time (Time)",9.7879,0.00439893673021731
"Time (Time)",9.7879,0.00449338077615175
"Time (Time)",9.7879,0.00439556168293854
"Time (Time)",9.7879,0.00503584528613636
"Time (Time)",9.7879,0.00560826627872881
"Time (Time)",9.7879,9.750186231038e-84
"Time (Time)",9.7879,3.39345480828004e-14
"Time (Time)",9.7879,0.148749721408745
"Time (Time)",9.7879,0.0344170176027803
"Time (Time)",9.7879,0.411715366249391
"Time (Time)",9.7879,3.6593369447702e-05
"Time (Time)",9.7879,0.00439845653228371
"Time (Time)",9.7879,0.00500486972110004
"Time (Time)",9.7879,0.00991362444882869
"Time (Time)",9.7879,1.7383219169341
"Time (Time)",9.7879,0.0049705443016921
"Time (Time)",9.7879,0.804039954585915
"Time (Time)",9.7879,0.00671468810310675
"Time (Time)",9.7879,0.00442338640483812
"Time (Time)",9.7879,0.00461818953909026
"Time (Time)",9.7879,1.83488081762064
"Time (Time)",9.7879,5.2510375299524e-69
"Time (Time)",9.7879,0.00563521848784807
"Time (Time)",9.7879,0.0835351186217555
"Time (Time)",9.7879,1.77978927417713
"Time (Time)",9.7879,0.00568742360415422
"Time (Time)",9.7879,0.38735672132216
"Time (Time)",9.7879,0.00439687450203738
"Time (Time)",9.7879,1.70476170677631
"Time (Time)",9.7879,7.15364502423995e-10
"Time (Time)",9.7879,0.0756648932001223
"Time (Time)",9.7879,5.52193255423818e-11
"Time (Time)",9.7879,0.0282191548331593
"Time (Time)",9.7879,0.00499503655904357
"Time (Time)",9.7879,5.43062185517164e-05
"Time (Time)",9.7879,2.26681786012907e-21
"Time (Time)",9.7879,0.369269287998524
"Time (Time)",9.7879,0.0300775271556087
"Time (Time)",9.7879,1.78581022945034
"Time (Time)",9.7879,0.00439471119713301
"Time (Time)",9.7879,0.00440265165408968
"Time (Time)",9.7879,0.0073942767850972
"Time (Time)",9.7879,0.00446817072907545
"Time (Time)",9.7879,0.00440006455942044
"Time (Time)",9.7879,0.00440129072708103
"Time (Time)",9.7879,0.00443238201571455
"Time (Time)",9.7879,0.00652508848572307
"Time (Time)",9.7879,7.99743225982857e-05
"Time (Time)",9.7879,0.00439513885311064
"Time (Time)",9.7879,0.00586522842390097
"Time (Time)",9.7879,0.00440138400680043
"Time (Time)",9.7879,0.00529718862995102
"Time (Time)",9.7879,0.00792596715595295
"Time (Time)",9.7879,0.00696510266158334
"Time (Time)",9.7879,0.00440877004088384
"Time (Time)",9.7879,0.00484038794778015
"Time (Time)",9.7879,5.64852237149985e-14
"Time (Time)",9.7879,1.25961834564208e-24
"Time (Time)",9.7879,0.00440575476398233
"Time (Time)",9.7879,0.00544804321815965
"Time (Time)",9.7879,0.00451449745729431
"Time (Time)",9.7879,0.00442650008145938
"Time (Time)",9.7879,0.00446000773953693
"Time (Time)",9.7879,0.00706025339984288
"Time (Time)",9.7879,0.00443901536967668
"Time (Time)",9.7879,0.00478465777370999
"Time (Time)",9.7879,1.30791354732303
"Time (Time)",9.7879,0.8717514651304
"Time (Time)",9.7879,4.63487997768373e-46
"Time (Time)",9.7879,1.00343270199373e-05
"Time (Time)",9.7879,0.00448118245505713
"Time (Time)",9.7879,0.013761074602141
"Time (Time)",9.7879,3.63553197218217e-27
"Time (Time)",9.7879,0.00481741522966673
"Time (Time)",9.7879,0.00439361906957478
"Time (Time)",9.7879,0.00504619731078946
"Time (Time)",9.7879,0.00485180452946137
"Time (Time)",9.7879,0.00536423282684015
"Time (Time)",9.7879,0.00651659200364706
"Time (Time)",9.7879,0.00444604469025485
"Time (Time)",9.7879,1.10370020987939e-65
"Time (Time)",9.7879,0.0044517773300172
"Time (Time)",9.7879,0.00439900858779258
"Time (Time)",9.7879,0.00441090685701649
"Time (Time)",9.7879,1.73765326678868
"Time (Time)",9.7879,0.00439313524457115
"Time (Time)",9.7879,0.00499490311461146
"Time (Time)",9.7879,0.00598559403722043
"Time (Time)",9.7879,0.261837091405007
"Time (Time)",9.7879,3.5717365797869e-24
"Time (Time)",9.7879,0.050935768298484
"Time (Time)",9.7879,0.00490540031394642
"Time (Time)",9.7879,1.31037599743429
"Time (Time)",9.7879,0.00439414124135106
"Time (Time)",9.7879,0.558327840130786
"Time (Time)",9.7879,0.00439804755545768
"Time (Time)",9.7879,0.00440193936983505
"Time (Time)",9.7879,0.00440034544180387
"Time (Time)",9.7879,7.50283174732172e-05
"Time (Time)",9.7879,5.21038737668615e-21
"Time (Time)",9.7879,0.00517905358297266
"Time (Time)",9.7879,0.00451134939966142
"Time (Time)",9.7879,1.3277949753571e-76
"Time (Time)",9.7879,6.70614535511167e-27
"Time (Time)",9.7879,0.00440847733029384
"Time (Time)",9.7879,1.21936353549655e-12
"Time (Time)",9.7879,0.00440653715783068
"Time (Time)",9.7879,0.00441972248542148
"Time (Time)",9.7879,0.00442324650123302
"Time (Time)",9.7879,9.82221810515374e-10
"Time (Time)",9.7879,0.159053296550911
"Time (Time)",9.7879,0.92043270667381
"Time (Time)",9.7879,0.726070876803777
"Time (Time)",9.7879,0.00546856676176754
"Time (Time)",9.7879,0.00441715746511032
"Time (Time)",9.7879,0.00439442674451038
"Time (Time)",9.7879,0.133854140654065
"Time (Time)",9.7879,0.00535429698238319
"Time (Time)",9.7879,0.00448214871272122
"Time (Time)",9.7879,0.00498939829272219
"Time (Time)",9.7879,0.00490203971708458
"Time (Time)",9.7879,1.3143477951411e-09
"Time (Time)",9.7879,0.301313836303345
"Time (Time)",9.7879,2.47706294578558e-38
"Time (Time)",9.7879,0.0074789420210563
"Time (Time)",9.7879,1.71373155122301
"Time (Time)",9.7879,0.5691297493765
"Time (Time)",9.7879,1.80021696992562
"Time (Time)",9.7879,1.38913935137831
"Time (Time)",9.7879,0.00439376878741547
"Time (Time)",9.7879,0.135174952643704
"Time (Time)",9.7879,0.00535583759889329
"Time (Time)",9.7879,0.00440269328673946
"Time (Time)",9.7879,0.00577051396841682
"Time (Time)",9.7879,0.00459598182949144
"Time (Time)",9.7879,0.00440078333010754
"Time (Time)",9.7879,0.00439710261123264
"Time (Time)",9.7879,1.32523047317396
"Time (Time)",9.7879,0.00698079728220823
"Time (Time)",9.7879,0.0495785735258868
"Time (Time)",9.7879,0.00938566270885229
"Time (Time)",9.7879,0.00937100813121505
"Time (Time)",9.7879,6.89492580481897e-97
"Time (Time)",9.7879,0.672033633695425
"Time (Time)",9.7879,0.00476944847753524
"Time (Time)",9.7879,0.00439712550944561
"Time (Time)",9.7879,1.71088041513283
"Time (Time)",9.7879,0.00486281068720751
"Time (Time)",9.7879,2.81304265733053e-67
"Time (Time)",9.7879,6.19796536047992e-10
"Time (Time)",9.7879,0.0776298331270887
"Time (Time)",9.7879,0.00442127192384543
"Time (Time)",9.7879,0.00645214003546907
"Time (Time)",9.7879,0.00540119921355503
"Time (Time)",9.7879,0.00564381592696975
"Time (Time)",9.7879,0.00568042411312632
"Time (Time)",9.7879,0.00439966894571246
"Time (Time)",9.7879,1.36321495683232e-77
"Time (Time)",9.7879,0.00597120147788041
"Time (Time)",9.7879,0.0044401171008488
"Time (Time)",9.7879,0.00243753064734919
"Time (Time)",9.7879,1.73766278703336
"Time (Time)",9.7879,3.48091646267432e-05
"Time (Time)",9.7879,0.000724902803658068
"Time (Time)",9.7879,0.00832704278211457
"Time (Time)",9.7879,1.90243883065855
"Time (Time)",9.7879,0.0043983064873434
"Time (Time)",9.7879,1.32537358102223
"Time (Time)",9.7879,1.43212143516719e-05
"Time (Time)",9.7879,0.00499531611055343
"Time (Time)",9.7879,8.42144526385838e-05
"Time (Time)",9.7879,9.49551729874262e-16
"Time (Time)",9.7879,0.00441760801789091
"Time (Time)",9.7879,3.62172356263481e-37
"Time (Time)",9.7879,1.41573984188025
"Time (Time)",9.7879,0.00439361986132309
"Time (Time)",9.7879,0.0479564945396294
"Time (Time)",9.7879,0.00446273017680219
"Time (Time)",9.7879,1.35363827135025
"Time (Time)",9.7879,3.13425887072972e-05
"Time (Time)",9.7879,0.650498119517659
"Time (Time)",9.7879,1.95008165696872e-08
"Time (Time)",9.7879,0.0043939083319997
"Time (Time)",9.7879,0.12799000559844
"Time (Time)",9.7879,0.71684220168645
"Time (Time)",9.7879,0.0206730247361903
"Time (Time)",9.7879,0.00574410632192345
"Time (Time)",9.7879,0.0068129699145188
"Time (Time)",9.7879,0.187561291103176
"Time (Time)",9.7879,5.77282773540793e-05
"Time (Time)",9.7879,0.00825198585879863
"Time (Time)",9.7879,0.0043949203154749
"Time (Time)",9.7879,7.67482260309145e-07
"Time (Time)",9.7879,0.00565617564633086
"Time (Time)",9.7879,1.32482443584087e-10
"Time (Time)",9.7879,2.05873648009635
"Time (Time)",9.7879,0.00586182695176246
"Time (Time)",9.7879,0.337934273825878
"Time (Time)",9.7879,3.03956473019215e-10
"Time (Time)",9.7879,0.00439355477162549
"Time (Time)",9.7879,4.65329430394401e-81
"Time (Time)",9.7879,1.96305725455709e-09
"Time (Time)",9.7879,0.185926818502851
"Time (Time)",9.7879,0.00154286521101894
"Time (Time)",9.7879,0.00446844420466016
"Time (Time)",9.7879,0.472431905332178
"Time (Time)",9.7879,5.10832123277395e-85
"Time (Time)",9.7879,3.44541703447342e-28
"Time (Time)",9.7879,0.00481984712888832
"Time (Time)",9.7879,4.62651076181765e-05
"Time (Time)",9.7879,0.00441080097498061
"Time (Time)",9.7879,0.00445872954036744
"Time (Time)",9.7879,1.2966774280312
"Time (Time)",9.7879,0.0945995077011541
"Time (Time)",9.7879,0.00499890156723463
"Time (Time)",9.7879,0.00439345418432547
"Time (Time)",9.7879,0.00439346847636378
"Time (Time)",9.7879,8.96353829343098e-10
"Time (Time)",9.7879,0.0047968325248792
"Time (Time)",9.7879,0.00745929993958168
"Time (Time)",9.7879,0.880757862523634
"Time (Time)",9.7879,6.04610878872507e-11
"Time (Time)",9.7879,1.00708673119104e-13
"Time (Time)",9.7879,4.22749603705788e-05
"Time (Time)",9.7879,0.00138410793506715
"Time (Time)",9.7879,2.33858373057463e-05
"Time (Time)",9.7879,0.00654261306097599
"Time (Time)",9.7879,0.00442071951072171
"Time (Time)",9.7879,1.60986654397169
"Time (Time)",9.7879,0.00499735638739401
"Time (Time)",9.7879,0.00439348689615995
"Time (Time)",9.7879,1.28820261521463
"Time (Time)",9.7879,9.96838482769723e-05
"Time (Time)",9.7879,2.81699552531747e-35
"Time (Time)",9.7879,0.00443509652655783
"Time (Time)",9.7879,0.00926705112444182
"Time (Time)",9.7879,0.00378916553431009
"Time (Time)",9.7879,3.03745499079043e-06
"Time (Time)",9.7879,1.43688377826393
"Time (Time)",9.7879,0.926312133496867
"Time (Time)",9.7879,0.00441879043287567
"Time (Time)",9.7879,5.79793092852757e-11
"Time (Time)",9.7879,0.00440570267206697
"Time (Time)",9.7879,3.17506191410881e-05
"Time (Time)",9.7879,0.0048950406683685
"Time (Time)",9.7879,1.54254094049716
"Time (Time)",9.7879,0.00634985445749765
"Time (Time)",9.7879,0.00522378754831575
"Time (Time)",9.7879,1.67867787748253
"Time (Time)",9.7879,0.00454686251973107
"Time (Time)",9.7879,0.00439703503073866
"Time (Time)",9.7879,1.26256567079674
"Time (Time)",9.7879,0.00516075753568236
"Time (Time)",9.7879,2.31110256274959e-73
"Time (Time)",9.7879,0.00571244340724304
"Time (Time)",9.7879,8.85820854640341e-07
"Time (Time)",9.7879,0.0117691404628367
"Time (Time)",9.7879,0.00452549584090621
"Time (Time)",9.7879,0.0068693826144154
"Time (Time)",9.7879,0.00465982506687577
"Time (Time)",9.7879,0.069840223734614
"Time (Time)",9.7879,1.48369060618448e-18
"Time (Time)",9.7879,0.000237653516405909
"Time (Time)",9.7879,0.0017213514955467
"Time (Time)",9.7879,0.00440138748940912
"Time (Time)",9.7879,5.43100024262006e-06
"Time (Time)",9.7879,0.000104568677070219
"Time (Time)",9.7879,0.079504733900343
"Time (Time)",9.7879,0.0052355436317358
"Time (Time)",9.7879,0.488605645904456
"Time (Time)",9.7879,0.00441862055762234
"Time (Time)",9.7879,1.22899715262959e-05
"Time (Time)",9.7879,0.00439353749446963
"Time (Time)",9.7879,0.00460115329868933
"Time (Time)",9.7879,0.00657090385144401
"Time (Time)",9.7879,0.00644919121410217
"Time (Time)",9.7879,2.59009653172017e-06
"Time (Time)",9.7879,0.00550340049912574
"Time (Time)",9.7879,5.31012779804703e-72
"Time (Time)",9.7879,0.0043940027860358
"Time (Time)",9.7879,0.00508072937135093
"Time (Time)",9.7879,0.00442726841216607
"Time (Time)",9.7879,0.00444916377014828
"Time (Time)",9.7879,0.00440896226686744
"Time (Time)",9.7879,8.01102623363921e-55
"Time (Time)",9.7879,0.00453580869038305
"Time (Time)",9.7879,0.00477530959921842
"Time (Time)",9.7879,4.32859797293221e-70
"Time (Time)",9.7879,0.374309722736259
"Time (Time)",9.7879,0.000276815810205191
"Time (Time)",9.7879,0.409688947112132
"Time (Time)",9.7879,0.134907992149368
"Time (Time)",9.7879,8.60091362903495e-05
"Time (Time)",9.7879,0.000905192089313974
"Time (Time)",9.7879,0.00558597047763853
"Time (Time)",9.7879,5.45194229299056e-05
"Time (Time)",9.7879,0.00750870773138137
"Time (Time)",9.7879,0.0458104626852942
"Time (Time)",9.7879,0.0044013858133771
"Time (Time)",9.7879,0.0412279108305066
"Time (Time)",9.7879,0.466240480164805
"Time (Time)",9.7879,0.000136787199422881
"Time (Time)",9.7879,0.00445646017970749
"Time (Time)",9.7879,0.00521181860942257
"Time (Time)",9.7879,0.00570076021375455
"Time (Time)",9.7879,0.0044187521854096
"Time (Time)",9.7879,0.00497605425112193
"Time (Time)",9.7879,0.00805808255096062
"Time (Time)",9.7879,1.41605454162463
"Time (Time)",9.7879,0.585778223188104
"Time (Time)",9.7879,1.69493760387126
"Time (Time)",9.7879,0.00491533398035562
"Time (Time)",9.7879,0.00507717331444868
"Time (Time)",9.7879,0.00439359338773937
"Time (Time)",9.7879,0.0203351154723608
"Time (Time)",9.7879,0.00542831351055958
"Time (Time)",9.7879,8.20085927471405e-05
"Time (Time)",9.7879,0.00823196458613662
"Time (Time)",9.7879,0.287362108343781
"Time (Time)",9.7879,0.0322554555298491
"Time (Time)",9.7879,1.14266845533291
"Time (Time)",9.7879,0.0124019069134258
"Time (Time)",9.7879,0.00447909738697356
"Time (Time)",9.7879,0.00445114133918383
"Time (Time)",9.7879,4.83333188637158e-07
"Time (Time)",9.7879,0.00440924735581149
"Time (Time)",9.7879,1.67259287630548
"Time (Time)",9.7879,0.0045391113338359
"Time (Time)",9.7879,0.0181983604185939
"Time (Time)",9.7879,1.19485044827757
"Time (Time)",9.7879,0.00445870733509823
"Time (Time)",9.7879,0.00440359207810877
"Time (Time)",9.7879,0.00440052880856047
"Time (Time)",9.7879,1.83363214259128
"Time (Time)",9.7879,0.0204326233936935
"Time (Time)",9.7879,1.83838131263479
"Time (Time)",9.7879,0.477780233150941
"Time (Time)",9.7879,0.0002079317143457
"Time (Time)",9.7879,0.000118853875815874
"Time (Time)",9.7879,0.00462949987114446
"Time (Time)",9.7879,1.31925745699236
"Time (Time)",9.7879,0.00476727542704564
"Time (Time)",9.7879,3.96150451317478e-05
"Time (Time)",9.7879,0.00587040659565496
"Time (Time)",9.7879,1.0320471284449
"Time (Time)",9.7879,0.0449261695745436
"Time (Time)",9.7879,0.00486431440722546
"Time (Time)",9.7879,0.138588653408908
"Time (Time)",9.7879,0.00506453916072143
"Time (Time)",9.7879,1.73542133000528
"Time (Time)",9.7879,0.719315408279334
"Time (Time)",9.7879,0.00439501296875203
"Time (Time)",9.7879,0.0523520975757311
"Time (Time)",9.7879,0.0428566695376386
"Time (Time)",9.7879,1.58427115428576
"Time (Time)",9.7879,0.0315213796212658
"Time (Time)",9.7879,3.20956989246869e-05
"Time (Time)",9.7879,2.03352331942627e-10
"Time (Time)",9.7879,3.27530823937268e-07
"Time (Time)",9.7879,0.00868612460578731
"Time (Time)",9.7879,7.26519640503022e-05
"Time (Time)",9.7879,1.08568716287709
"Time (Time)",9.7879,2.4070847535292
"Time (Time)",9.7879,1.32175034703871
"Time (Time)",9.7879,0.00495662875654855
"Time (Time)",9.7879,0.14479959757218
"Time (Time)",9.7879,0.00860922495516698
"Time (Time)",9.7879,0.00562997203441961
"Time (Time)",9.7879,1.68465974264919
"Time (Time)",9.7879,1.05956104177673e-05
"Time (Time)",9.7879,0.00479430991728338
"Time (Time)",9.7879,0.000426861347959478
"Time (Time)",9.7879,0.00525111003008244
"Time (Time)",9.7879,2.04137809996982e-47
"Time (Time)",9.7879,1.73037119492349
"Time (Time)",9.7879,0.00452326537370463
"Time (Time)",9.7879,0.876555735789513
"Time (Time)",9.7879,0.00478148918588272
"Time (Time)",9.7879,1.86637094772574
"Time (Time)",9.7879,0.00497121374863072
"Time (Time)",9.7879,0.00889864579206914
"Time (Time)",9.7879,0.0438420251764935
"Time (Time)",9.7879,8.0605801311038e-31
"Time (Time)",9.7879,0.00441912884562687
"Time (Time)",9.7879,1.4304937381821
"Time (Time)",9.7879,0.117317322521882
"Time (Time)",9.7879,0.00046730877387963
"Time (Time)",9.7879,0.00532821754954536
"Time (Time)",9.7879,0.185914645554101
"Time (Time)",9.7879,0.00451768106106809
"Time (Time)",9.7879,0.0047020182619272
"Time (Time)",9.7879,0.000454390905404517
"Time (Time)",9.7879,0.00509280575898236
"Time (Time)",9.7879,0.00440518846089062
"Time (Time)",9.7879,0.00523669844136229
"Time (Time)",9.7879,0.0237644701264032
"Time (Time)",9.7879,0.004393262050536
"Time (Time)",9.7879,0.0045396413110516
"Time (Time)",9.7879,2.18122129365535
"Time (Time)",9.7879,1.00370671359044e-16
"Time (Time)",9.7879,0.411425608666588
"Time (Time)",9.7879,0.000213850495242286
"Time (Time)",9.7879,0.00470224416127883
"Time (Time)",9.7879,0.00439579856017318
"Time (Time)",9.7879,5.52450293104405e-12
"Time (Time)",9.7879,0.00493061805949653
"Time (Time)",9.7879,0.0441381424691767
"Time (Time)",9.7879,2.50138353719844e-22
"Time (Time)",9.7879,1.55187702092884
"Time (Time)",9.7879,0.151551160842184
"Time (Time)",9.7879,0.031406954644252
"Time (Time)",9.7879,0.00466646947375087
"Time (Time)",9.7879,0.00104489615920477
"Time (Time)",9.7879,4.46317888634723e-05
"Time (Time)",9.7879,0.00442050364945534
"Time (Time)",9.7879,0.135176649238933
"Time (Time)",9.7879,0.977425370009978
"Time (Time)",9.7879,0.5713249998048
"Time (Time)",9.7879,0.000188202251020017
"Time (Time)",9.7879,0.0046803017952903
"Time (Time)",9.7879,0.00440937994348015
"Time (Time)",9.7879,0.00440715621474186
"Time (Time)",9.7879,9.1673654990064e-05
"Time (Time)",9.7879,1.21754658945739
"Time (Time)",9.7879,0.00441978422753182
"Time (Time)",9.7879,2.66571409232629e-07
"Time (Time)",9.7879,1.25850160346577e-16
"Time (Time)",9.7879,6.85053466021235e-06
"Time (Time)",9.7879,0.0112264453973113
"Time (Time)",9.7879,0.00470843788232831
"Time (Time)",9.7879,1.74995014700421
"Time (Time)",9.7879,0.0044499899193411
"Time (Time)",9.7879,0.00440449806353607
"Time (Time)",9.7879,0.0040198739537048
"Time (Time)",9.7879,0.00456248046197505
"Time (Time)",9.7879,0.0043960610675828
"Time (Time)",9.7879,0.00439541948914025
"Time (Time)",9.7879,1.17061232927341
"Time (Time)",9.7879,0.0141636297709914
"Time (Time)",9.7879,0.0234400920209811
"Time (Time)",9.7879,3.82909862837476e-61
"Time (Time)",9.7879,1.73928934577803e-05
"Time (Time)",9.7879,4.03088752494551e-15
"Time (Time)",9.7879,1.71513954964196
"Time (Time)",9.7879,8.40098799754599e-06
"Time (Time)",9.7879,0.00659445912556969
"Time (Time)",9.7879,0.00458115632987099
"Time (Time)",9.7879,0.00501192736902118
"Time (Time)",9.7879,0.00591961382887759
"Time (Time)",9.7879,7.98666510198193e-10
"Time (Time)",9.7879,2.17599851369148e-17
"Time (Time)",9.7879,0.00561720955449108
"Time (Time)",9.7879,0.00564388169714268
"Time (Time)",9.7879,0.0044112876113343
"Time (Time)",9.7879,1.06314238959301e-12
"Time (Time)",9.7879,0.00491026602909428
"Time (Time)",9.7879,0.00530120895403477
"Time (Time)",9.7879,0.00498416999118372
"Time (Time)",9.7879,0.00448558952198676
"Time (Time)",9.7879,0.273358310469077
"Time (Time)",9.7879,0.00439649013031493
"Time (Time)",9.7879,2.63461516401288e-07
"Time (Time)",9.7879,0.00443506045438815
"Time (Time)",9.7879,0.00504678879481893
"Time (Time)",9.7879,0.0763593178410932
"Time (Time)",9.7879,1.58672595428015e-06
"Time (Time)",9.7879,0.00552236040804972
"Time (Time)",9.7879,0.212973881780687
"Time (Time)",9.7879,0.000101288612100952
"Time (Time)",9.7879,0.0400286028345791
"Time (Time)",9.7879,0.00184669744412848
"Time (Time)",9.7879,1.76754343491216e-09
"Time (Time)",9.7879,0.00501501554591816
"Time (Time)",9.7879,0.0922762371094257
"Time (Time)",9.7879,0.0047991637366999
"Time (Time)",9.7879,0.00055133107740706
"Time (Time)",9.7879,0.244770953505725
"Time (Time)",9.7879,0.00479160074263018
"Time (Time)",9.7879,0.00445257781678372
"Time (Time)",9.7879,0.163664190705596
"Time (Time)",9.7879,0.319885171009906
"Time (Time)",9.7879,0.0044279433856274
"Time (Time)",9.7879,0.00643974000713325
"Time (Time)",9.7879,1.05715432320553
"Time (Time)",9.7879,7.86204734809483e-05
"Time (Time)",9.7879,0.00591811842905378
"Time (Time)",9.7879,0.00444025867183151
"Time (Time)",9.7879,0.00439923275719643
"Time (Time)",9.7879,0.0043934608078536
"Time (Time)",9.7879,1.12116838989677
"Time (Time)",9.7879,0.239554574459153
"Time (Time)",9.7879,0.00440625608158971
"Time (Time)",9.7879,0.0296611210114172
"Time (Time)",9.7879,6.12961105134906e-06
"Time (Time)",9.7879,1.09085567310489
"Time (Time)",9.7879,0.00607490108806122
"Time (Time)",9.7879,0.00074802142895348
"Time (Time)",9.7879,1.5455435045782
"Time (Time)",9.7879,0.00610336476160488
"Time (Time)",9.7879,0.00440170078541486
"Time (Time)",9.7879,0.00444836880827916
"Time (Time)",9.7879,7.85558924592363e-20
"Time (Time)",9.7879,2.34768034622608e-06
"Time (Time)",9.7879,0.0498814550179321
"Time (Time)",9.7879,0.037477329084531
"Time (Time)",9.7879,0.00439781709122865
"Time (Time)",9.7879,0.875754373103265
"Time (Time)",9.7879,2.42728260041466e-84
"Time (Time)",9.7879,0.00516978764182881
"Time (Time)",9.7879,0.158591737317787
"Time (Time)",9.7879,5.63779295497091e-07
"Time (Time)",9.7879,0.00473708791642878
"Time (Time)",9.7879,0.00439395458296421
"Time (Time)",9.7879,9.30405017562507e-05
"Time (Time)",9.7879,1.69964441064542
"Time (Time)",9.7879,0.00482974004691359
"Time (Time)",9.7879,0.0044022341395203
"Time (Time)",9.7879,0.0264436417903938
"Time (Time)",9.7879,0.00444476282587473
"Time (Time)",9.7879,0.0345565740020755
"Time (Time)",9.7879,0.00470192775741604
"Time (Time)",9.7879,0.112865521815129
"Time (Time)",9.7879,0.00141664446859701
"Time (Time)",9.7879,0.76886671703036
"Time (Time)",9.7879,0.00010090836962172
"Time (Time)",9.7879,0.372175391641807
"Time (Time)",9.7879,0.00678810823106646
"Time (Time)",9.7879,2.27013427736102e-05
"Time (Time)",9.7879,0.00442811191742839
"Time (Time)",9.7879,0.000105045937799377
"Time (Time)",9.7879,0.0012920763178971
"Time (Time)",9.7879,6.34546253782943e-16
"Time (Time)",9.7879,0.00509086167153721
"Time (Time)",9.7879,0.00456636137934771
"Time (Time)",9.7879,0.0329674358996746
"Time (Time)",9.7879,0.00632842488310974
"Time (Time)",9.7879,0.00445938845365989
"Time (Time)",9.7879,0.00470638855318134
"Time (Time)",9.7879,0.00449687593568747
"Time (Time)",9.7879,2.89836707234138e-07
"Time (Time)",9.7879,0.00439323877361515
"Time (Time)",9.7879,1.46540263481093e-17
"Time (Time)",9.7879,8.45259417253119e-16
"Time (Time)",9.7879,1.43148742308662
"Time (Time)",9.7879,0.0103757856531188
"Time (Time)",9.7879,0.00666583679147134
"Time (Time)",9.7879,0.00439724078805932
"Time (Time)",9.7879,0.0044914562768909
"Time (Time)",9.7879,3.02305277888918e-05
"Time (Time)",9.7879,1.02666629954446
"Time (Time)",9.7879,0.000689916414798808
"Time (Time)",9.7879,0.00471889588296426
"Time (Time)",9.7879,0.00440020608417353
"Time (Time)",9.7879,0.274249223521156
"Time (Time)",9.7879,0.00493723759249331
"Time (Time)",9.7879,0.0549012618438231
"Time (Time)",9.7879,0.918622493951555
"Time (Time)",9.7879,0.00442774261164866
"Time (Time)",9.7879,0.322047354675316
"Time (Time)",9.7879,0.00440077822979366
"Time (Time)",9.7879,0.0175406479669432
"Time (Time)",9.7879,7.5454075503213e-05
"Time (Time)",9.7879,0.0053758122922267
"Time (Time)",9.7879,0.0190803325077906
"Time (Time)",9.7879,4.25998778235794e-06
"Time (Time)",9.7879,0.00482103387277203
"Time (Time)",9.7879,0.000723032252302641
"Time (Time)",9.7879,0.00511805583282071
"Time (Time)",9.7879,1.78617628435866
"Time (Time)",9.7879,0.00451026003902708
"Time (Time)",9.7879,5.28785860667133e-11
"Time (Time)",9.7879,0.00440676679297461
"Time (Time)",9.7879,0.00535632472530896
"Time (Time)",9.7879,0.00450507139502728
"Time (Time)",9.7879,0.437684614072479
"Time (Time)",9.7879,4.77769368740431e-20
"Time (Time)",9.7879,0.0106268453106044
"Time (Time)",9.7879,0.00440297815453837
"Time (Time)",9.7879,0.00467701448553774
"Time (Time)",9.7879,0.00505925752037165
"Time (Time)",9.7879,0.000167380370016122
"Time (Time)",9.7879,2.81185518990722e-27
"Time (Time)",9.7879,0.0075409286530311
"Time (Time)",9.7879,7.20634937803077e-06
"Time (Time)",9.7879,1.13639129718487
