"label","iter","parameter","value"
"RBC replenishment (ρ)",1,"rho",0.2627156
"Burst size (β)",1,"burst",5.721
"Activation indis (ψn)",1,"iota_N1",16.69234
"Activation targeted (ψw)",1,"iota_N2",0.8431785
"Half-life indis (ϕn)",1,"phi_N1",0.03520591
"Half-life targeted (ϕw)",1,"phi_N2",550.842
"RBC replenishment (ρ)",2,"rho",0.25483632
"Burst size (β)",2,"burst",4.05760761
"Activation indis (ψn)",2,"iota_N1",43.9074619
"Activation targeted (ψw)",2,"iota_N2",0.86105239
"Half-life indis (ϕn)",2,"phi_N1",0.01486683
"Half-life targeted (ϕw)",2,"phi_N2",1266.42334
"RBC replenishment (ρ)",3,"rho",0.27710708
"Burst size (β)",3,"burst",3.92125347
"Activation indis (ψn)",3,"iota_N1",45.580983
"Activation targeted (ψw)",3,"iota_N2",0.90451433
"Half-life indis (ϕn)",3,"phi_N1",0.01225722
"Half-life targeted (ϕw)",3,"phi_N2",560.416518
"RBC replenishment (ρ)",4,"rho",0.44323661
"Burst size (β)",4,"burst",4.7838122
"Activation indis (ψn)",4,"iota_N1",55.547286
"Activation targeted (ψw)",4,"iota_N2",0.49445235
"Half-life indis (ϕn)",4,"phi_N1",0.00631038
"Half-life targeted (ϕw)",4,"phi_N2",1011.64185
"RBC replenishment (ρ)",5,"rho",0.136123
"Burst size (β)",5,"burst",4.60260258
"Activation indis (ψn)",5,"iota_N1",54.1518138
"Activation targeted (ψw)",5,"iota_N2",2.12705195
"Half-life indis (ϕn)",5,"phi_N1",0.0420811
"Half-life targeted (ϕw)",5,"phi_N2",2168.60582
"RBC replenishment (ρ)",6,"rho",0.36816398
"Burst size (β)",6,"burst",5.77949156
"Activation indis (ψn)",6,"iota_N1",42.5090478
"Activation targeted (ψw)",6,"iota_N2",2.00371825
"Half-life indis (ϕn)",6,"phi_N1",0.02653977
"Half-life targeted (ϕw)",6,"phi_N2",4063.64227
"RBC replenishment (ρ)",7,"rho",0.36649643
"Burst size (β)",7,"burst",5.54801398
"Activation indis (ψn)",7,"iota_N1",52.0919618
"Activation targeted (ψw)",7,"iota_N2",1.07397402
"Half-life indis (ϕn)",7,"phi_N1",0.01043128
"Half-life targeted (ϕw)",7,"phi_N2",2549.27031
"RBC replenishment (ρ)",8,"rho",0.39799186
"Burst size (β)",8,"burst",3.97305693
"Activation indis (ψn)",8,"iota_N1",11.0059243
"Activation targeted (ψw)",8,"iota_N2",0.80423694
"Half-life indis (ϕn)",8,"phi_N1",0.07817523
"Half-life targeted (ϕw)",8,"phi_N2",214.658757
"RBC replenishment (ρ)",9,"rho",0.3226079
"Burst size (β)",9,"burst",4.0020262
"Activation indis (ψn)",9,"iota_N1",14.6294335
"Activation targeted (ψw)",9,"iota_N2",0.76051501
"Half-life indis (ϕn)",9,"phi_N1",0.03871975
"Half-life targeted (ϕw)",9,"phi_N2",279.017218
"RBC replenishment (ρ)",10,"rho",0.28918332
"Burst size (β)",10,"burst",4.86722708
"Activation indis (ψn)",10,"iota_N1",18.8557136
"Activation targeted (ψw)",10,"iota_N2",0.50591169
"Half-life indis (ϕn)",10,"phi_N1",0.01430833
"Half-life targeted (ϕw)",10,"phi_N2",179.939918
"RBC replenishment (ρ)",11,"rho",0.26167513
"Burst size (β)",11,"burst",4.52765453
"Activation indis (ψn)",11,"iota_N1",14.2641147
"Activation targeted (ψw)",11,"iota_N2",1.81914737
"Half-life indis (ϕn)",11,"phi_N1",0.2288543
"Half-life targeted (ϕw)",11,"phi_N2",295.615134
"RBC replenishment (ρ)",12,"rho",0.4358735
"Burst size (β)",12,"burst",6.04646261
"Activation indis (ψn)",12,"iota_N1",13.843265
"Activation targeted (ψw)",12,"iota_N2",2.04490981
"Half-life indis (ϕn)",12,"phi_N1",0.1009159
"Half-life targeted (ϕw)",12,"phi_N2",536.673244
"RBC replenishment (ρ)",13,"rho",0.29623083
"Burst size (β)",13,"burst",5.46249213
"Activation indis (ψn)",13,"iota_N1",10.0977046
"Activation targeted (ψw)",13,"iota_N2",1.14624113
"Half-life indis (ϕn)",13,"phi_N1",0.05497504
"Half-life targeted (ϕw)",13,"phi_N2",369.250084
"RBC replenishment (ρ)",14,"rho",0.2729932
"Burst size (β)",14,"burst",3.98689937
"Activation indis (ψn)",14,"iota_N1",4.26737351
"Activation targeted (ψw)",14,"iota_N2",0.8829752
"Half-life indis (ϕn)",14,"phi_N1",0.1675597
"Half-life targeted (ϕw)",14,"phi_N2",619.577877
"RBC replenishment (ρ)",15,"rho",0.35098088
"Burst size (β)",15,"burst",3.9377256
"Activation indis (ψn)",15,"iota_N1",5.31459795
"Activation targeted (ψw)",15,"iota_N2",0.79805239
"Half-life indis (ϕn)",15,"phi_N1",0.1102484
"Half-life targeted (ϕw)",15,"phi_N2",4758.37373
"RBC replenishment (ρ)",16,"rho",0.30884181
"Burst size (β)",16,"burst",4.6086141
"Activation indis (ψn)",16,"iota_N1",2.86735777
"Activation targeted (ψw)",16,"iota_N2",0.62609195
"Half-life indis (ϕn)",16,"phi_N1",0.11334135
"Half-life targeted (ϕw)",16,"phi_N2",1210.14362
"RBC replenishment (ρ)",17,"rho",0.1923006
"Burst size (β)",17,"burst",4.57181313
"Activation indis (ψn)",17,"iota_N1",5.28071816
"Activation targeted (ψw)",17,"iota_N2",1.84206396
"Half-life indis (ϕn)",17,"phi_N1",0.40934807
"Half-life targeted (ϕw)",17,"phi_N2",565.52101
"RBC replenishment (ρ)",18,"rho",0.47887314
"Burst size (β)",18,"burst",5.92167555
"Activation indis (ψn)",18,"iota_N1",3.73300854
"Activation targeted (ψw)",18,"iota_N2",1.74595788
"Half-life indis (ϕn)",18,"phi_N1",0.25655991
"Half-life targeted (ϕw)",18,"phi_N2",728.27876
"RBC replenishment (ρ)",19,"rho",0.32876565
"Burst size (β)",19,"burst",5.46088533
"Activation indis (ψn)",19,"iota_N1",3.82595235
"Activation targeted (ψw)",19,"iota_N2",1.00360484
"Half-life indis (ϕn)",19,"phi_N1",0.14065544
"Half-life targeted (ϕw)",19,"phi_N2",2462.04459
"RBC replenishment (ρ)",20,"rho",0.3348041
"Burst size (β)",20,"burst",4.1382574
"Activation indis (ψn)",20,"iota_N1",19.668688
"Activation targeted (ψw)",20,"iota_N2",0.80100782
"Half-life indis (ϕn)",20,"phi_N1",0.0387175
"Half-life targeted (ϕw)",20,"phi_N2",335.872263
"RBC replenishment (ρ)",21,"rho",0.45105014
"Burst size (β)",21,"burst",3.98146722
"Activation indis (ψn)",21,"iota_N1",20.7788483
"Activation targeted (ψw)",21,"iota_N2",0.82059535
"Half-life indis (ϕn)",21,"phi_N1",0.03222346
"Half-life targeted (ϕw)",21,"phi_N2",684.785941
"RBC replenishment (ρ)",22,"rho",0.30662743
"Burst size (β)",22,"burst",4.59434939
"Activation indis (ψn)",22,"iota_N1",13.985168
"Activation targeted (ψw)",22,"iota_N2",0.49108425
"Half-life indis (ϕn)",22,"phi_N1",0.02425707
"Half-life targeted (ϕw)",22,"phi_N2",1726.04041
"RBC replenishment (ρ)",23,"rho",0.35642064
"Burst size (β)",23,"burst",4.5178789
"Activation indis (ψn)",23,"iota_N1",122.477259
"Activation targeted (ψw)",23,"iota_N2",1.81112605
"Half-life indis (ϕn)",23,"phi_N1",0.02896833
"Half-life targeted (ϕw)",23,"phi_N2",390.376833
"RBC replenishment (ρ)",24,"rho",0.55540904
"Burst size (β)",24,"burst",5.88213474
"Activation indis (ψn)",24,"iota_N1",35.583306
"Activation targeted (ψw)",24,"iota_N2",1.77822473
"Half-life indis (ϕn)",24,"phi_N1",0.03262709
"Half-life targeted (ϕw)",24,"phi_N2",219.45284
"RBC replenishment (ρ)",25,"rho",0.49844966
"Burst size (β)",25,"burst",5.67428815
"Activation indis (ψn)",25,"iota_N1",24.4753687
"Activation targeted (ψw)",25,"iota_N2",0.80063498
"Half-life indis (ϕn)",25,"phi_N1",0.03286216
"Half-life targeted (ϕw)",25,"phi_N2",1010.49885
"RBC replenishment (ρ)",26,"rho",0.28604079
"Burst size (β)",26,"burst",4.0468652
"Activation indis (ψn)",26,"iota_N1",9.68523762
"Activation targeted (ψw)",26,"iota_N2",0.79834676
"Half-life indis (ϕn)",26,"phi_N1",0.07139845
"Half-life targeted (ϕw)",26,"phi_N2",972.215955
"RBC replenishment (ρ)",27,"rho",0.3713071
"Burst size (β)",27,"burst",4.06363352
"Activation indis (ψn)",27,"iota_N1",15.6749645
"Activation targeted (ψw)",27,"iota_N2",0.77905986
"Half-life indis (ϕn)",27,"phi_N1",0.03486508
"Half-life targeted (ϕw)",27,"phi_N2",1065.34852
"RBC replenishment (ρ)",28,"rho",0.33421368
"Burst size (β)",28,"burst",4.77617139
"Activation indis (ψn)",28,"iota_N1",10.052886
"Activation targeted (ψw)",28,"iota_N2",0.49459365
"Half-life indis (ϕn)",28,"phi_N1",0.02028395
"Half-life targeted (ϕw)",28,"phi_N2",918.466768
"RBC replenishment (ρ)",29,"rho",0.40912076
"Burst size (β)",29,"burst",4.58223203
"Activation indis (ψn)",29,"iota_N1",13.2391891
"Activation targeted (ψw)",29,"iota_N2",1.79078855
"Half-life indis (ϕn)",29,"phi_N1",0.3001994
"Half-life targeted (ϕw)",29,"phi_N2",62206.8195
"RBC replenishment (ρ)",30,"rho",0.31054484
"Burst size (β)",30,"burst",6.00309769
"Activation indis (ψn)",30,"iota_N1",8.37549191
"Activation targeted (ψw)",30,"iota_N2",1.67711406
"Half-life indis (ϕn)",30,"phi_N1",0.06470292
"Half-life targeted (ϕw)",30,"phi_N2",1282.23883
"RBC replenishment (ρ)",31,"rho",0.32732047
"Burst size (β)",31,"burst",5.50100882
"Activation indis (ψn)",31,"iota_N1",15.7653061
"Activation targeted (ψw)",31,"iota_N2",1.17853101
"Half-life indis (ϕn)",31,"phi_N1",0.02539706
"Half-life targeted (ϕw)",31,"phi_N2",5580.26203
"RBC replenishment (ρ)",32,"rho",0.30085477
"Burst size (β)",32,"burst",4.01813643
"Activation indis (ψn)",32,"iota_N1",8.68581631
"Activation targeted (ψw)",32,"iota_N2",0.81750839
"Half-life indis (ϕn)",32,"phi_N1",0.06272644
"Half-life targeted (ϕw)",32,"phi_N2",188.377901
"RBC replenishment (ρ)",33,"rho",0.40091675
"Burst size (β)",33,"burst",4.00902201
"Activation indis (ψn)",33,"iota_N1",13.4090824
"Activation targeted (ψw)",33,"iota_N2",0.84667361
"Half-life indis (ϕn)",33,"phi_N1",0.0434291
"Half-life targeted (ϕw)",33,"phi_N2",198.27365
"RBC replenishment (ρ)",34,"rho",0.36165653
"Burst size (β)",34,"burst",4.7950789
"Activation indis (ψn)",34,"iota_N1",4.24364983
"Activation targeted (ψw)",34,"iota_N2",0.57680637
"Half-life indis (ϕn)",34,"phi_N1",0.07575613
"Half-life targeted (ϕw)",34,"phi_N2",206.760678
"RBC replenishment (ρ)",35,"rho",0.31057776
"Burst size (β)",35,"burst",4.65054183
"Activation indis (ψn)",35,"iota_N1",37.7865822
"Activation targeted (ψw)",35,"iota_N2",1.71338088
"Half-life indis (ϕn)",35,"phi_N1",0.08780165
"Half-life targeted (ϕw)",35,"phi_N2",1359.38516
"RBC replenishment (ρ)",36,"rho",0.60879709
"Burst size (β)",36,"burst",6.04331829
"Activation indis (ψn)",36,"iota_N1",37.3057996
"Activation targeted (ψw)",36,"iota_N2",2.08543806
"Half-life indis (ϕn)",36,"phi_N1",0.03994433
"Half-life targeted (ϕw)",36,"phi_N2",362.379867
"RBC replenishment (ρ)",37,"rho",0.41128164
"Burst size (β)",37,"burst",5.57944645
"Activation indis (ψn)",37,"iota_N1",11.0674997
"Activation targeted (ψw)",37,"iota_N2",0.86759225
"Half-life indis (ϕn)",37,"phi_N1",0.08096825
"Half-life targeted (ϕw)",37,"phi_N2",284.996434
"RBC replenishment (ρ)",38,"rho",0.40946312
"Burst size (β)",38,"burst",3.9962671
"Activation indis (ψn)",38,"iota_N1",4.73587263
"Activation targeted (ψw)",38,"iota_N2",0.73853059
"Half-life indis (ϕn)",38,"phi_N1",0.17640674
"Half-life targeted (ϕw)",38,"phi_N2",1052.00905
"RBC replenishment (ρ)",39,"rho",0.26731475
"Burst size (β)",39,"burst",3.97913022
"Activation indis (ψn)",39,"iota_N1",16.4770938
"Activation targeted (ψw)",39,"iota_N2",0.82054037
"Half-life indis (ϕn)",39,"phi_N1",0.02620153
"Half-life targeted (ϕw)",39,"phi_N2",997.029716
"RBC replenishment (ρ)",40,"rho",0.34346
"Burst size (β)",40,"burst",4.64551106
"Activation indis (ψn)",40,"iota_N1",4.99307909
"Activation targeted (ψw)",40,"iota_N2",0.48156289
"Half-life indis (ϕn)",40,"phi_N1",0.047151
"Half-life targeted (ϕw)",40,"phi_N2",3573.13058
"RBC replenishment (ρ)",41,"rho",0.21734962
"Burst size (β)",41,"burst",4.61959123
"Activation indis (ψn)",41,"iota_N1",23.7013947
"Activation targeted (ψw)",41,"iota_N2",2.01393037
"Half-life indis (ϕn)",41,"phi_N1",0.14440592
"Half-life targeted (ϕw)",41,"phi_N2",1072.75535
"RBC replenishment (ρ)",42,"rho",0.30488806
"Burst size (β)",42,"burst",6.0151643
"Activation indis (ψn)",42,"iota_N1",10.424627
"Activation targeted (ψw)",42,"iota_N2",2.2188518
"Half-life indis (ϕn)",42,"phi_N1",0.09077127
"Half-life targeted (ϕw)",42,"phi_N2",1539.89039
"RBC replenishment (ρ)",43,"rho",0.28336518
"Burst size (β)",43,"burst",5.54303179
"Activation indis (ψn)",43,"iota_N1",7.00623756
"Activation targeted (ψw)",43,"iota_N2",1.02710473
"Half-life indis (ϕn)",43,"phi_N1",0.05960943
"Half-life targeted (ϕw)",43,"phi_N2",306.419521
"RBC replenishment (ρ)",44,"rho",0.22175107
"Burst size (β)",44,"burst",4.08296069
"Activation indis (ψn)",44,"iota_N1",35.3044262
"Activation targeted (ψw)",44,"iota_N2",0.87886863
"Half-life indis (ϕn)",44,"phi_N1",0.01022206
"Half-life targeted (ϕw)",44,"phi_N2",1959.99363
"RBC replenishment (ρ)",45,"rho",0.28965634
"Burst size (β)",45,"burst",3.85883144
"Activation indis (ψn)",45,"iota_N1",39.3163319
"Activation targeted (ψw)",45,"iota_N2",0.72654761
"Half-life indis (ϕn)",45,"phi_N1",0.01154613
"Half-life targeted (ϕw)",45,"phi_N2",281.307805
"RBC replenishment (ρ)",46,"rho",0.42882493
"Burst size (β)",46,"burst",4.81045359
"Activation indis (ψn)",46,"iota_N1",24.8326771
"Activation targeted (ψw)",46,"iota_N2",0.54754292
"Half-life indis (ϕn)",46,"phi_N1",0.01188511
"Half-life targeted (ϕw)",46,"phi_N2",1208.02976
"RBC replenishment (ρ)",47,"rho",0.1828014
"Burst size (β)",47,"burst",4.618446
"Activation indis (ψn)",47,"iota_N1",66.2039063
"Activation targeted (ψw)",47,"iota_N2",1.92263211
"Half-life indis (ϕn)",47,"phi_N1",0.03801
"Half-life targeted (ϕw)",47,"phi_N2",33083.2118
"RBC replenishment (ρ)",48,"rho",0.45461511
"Burst size (β)",48,"burst",6.11210943
"Activation indis (ψn)",48,"iota_N1",40.3575844
"Activation targeted (ψw)",48,"iota_N2",1.84070977
"Half-life indis (ϕn)",48,"phi_N1",0.03308028
"Half-life targeted (ϕw)",48,"phi_N2",12146.814
"RBC replenishment (ρ)",49,"rho",0.31803085
"Burst size (β)",49,"burst",5.65418578
"Activation indis (ψn)",49,"iota_N1",49.8215813
"Activation targeted (ψw)",49,"iota_N2",1.0756629
"Half-life indis (ϕn)",49,"phi_N1",0.01601819
"Half-life targeted (ϕw)",49,"phi_N2",5148.35039
"RBC replenishment (ρ)",50,"rho",0.26370631
"Burst size (β)",50,"burst",3.89914799
"Activation indis (ψn)",50,"iota_N1",7.63888323
"Activation targeted (ψw)",50,"iota_N2",0.74239277
"Half-life indis (ϕn)",50,"phi_N1",0.09586232
"Half-life targeted (ϕw)",50,"phi_N2",195.564636
"RBC replenishment (ρ)",51,"rho",0.27968424
"Burst size (β)",51,"burst",3.96050225
"Activation indis (ψn)",51,"iota_N1",8.10506692
"Activation targeted (ψw)",51,"iota_N2",0.90481894
"Half-life indis (ϕn)",51,"phi_N1",0.02834292
"Half-life targeted (ϕw)",51,"phi_N2",153.24186
"RBC replenishment (ρ)",52,"rho",0.25813562
"Burst size (β)",52,"burst",4.71677196
"Activation indis (ψn)",52,"iota_N1",10.4362143
"Activation targeted (ψw)",52,"iota_N2",0.53542348
"Half-life indis (ϕn)",52,"phi_N1",0.03855524
"Half-life targeted (ϕw)",52,"phi_N2",180.507611
"RBC replenishment (ρ)",53,"rho",0.22138235
"Burst size (β)",53,"burst",4.64363094
"Activation indis (ψn)",53,"iota_N1",21.1222469
"Activation targeted (ψw)",53,"iota_N2",2.3901298
"Half-life indis (ϕn)",53,"phi_N1",0.0943903
"Half-life targeted (ϕw)",53,"phi_N2",119.996197
"RBC replenishment (ρ)",54,"rho",0.43508118
"Burst size (β)",54,"burst",6.38055076
"Activation indis (ψn)",54,"iota_N1",14.59179
"Activation targeted (ψw)",54,"iota_N2",1.64824052
"Half-life indis (ϕn)",54,"phi_N1",0.08771553
"Half-life targeted (ϕw)",54,"phi_N2",111.342108
"RBC replenishment (ρ)",55,"rho",0.30850241
"Burst size (β)",55,"burst",5.59301462
"Activation indis (ψn)",55,"iota_N1",8.45932371
"Activation targeted (ψw)",55,"iota_N2",1.1968327
"Half-life indis (ϕn)",55,"phi_N1",0.11060957
"Half-life targeted (ϕw)",55,"phi_N2",185.836276
"RBC replenishment (ρ)",56,"rho",0.2608722
"Burst size (β)",56,"burst",4.17049606
"Activation indis (ψn)",56,"iota_N1",6.1182811
"Activation targeted (ψw)",56,"iota_N2",0.95646667
"Half-life indis (ϕn)",56,"phi_N1",0.07955531
"Half-life targeted (ϕw)",56,"phi_N2",1657.43835
"RBC replenishment (ρ)",57,"rho",0.29337658
"Burst size (β)",57,"burst",3.92570037
"Activation indis (ψn)",57,"iota_N1",12.7494584
"Activation targeted (ψw)",57,"iota_N2",0.68378413
"Half-life indis (ϕn)",57,"phi_N1",0.03888775
"Half-life targeted (ϕw)",57,"phi_N2",676.177749
"RBC replenishment (ρ)",58,"rho",0.32106039
"Burst size (β)",58,"burst",4.77447466
"Activation indis (ψn)",58,"iota_N1",21.3229498
"Activation targeted (ψw)",58,"iota_N2",0.47348867
"Half-life indis (ϕn)",58,"phi_N1",0.01429184
"Half-life targeted (ϕw)",58,"phi_N2",1997.88965
"RBC replenishment (ρ)",59,"rho",0.21811822
"Burst size (β)",59,"burst",4.79325064
"Activation indis (ψn)",59,"iota_N1",28.4225725
"Activation targeted (ψw)",59,"iota_N2",2.10413405
"Half-life indis (ϕn)",59,"phi_N1",0.07263984
"Half-life targeted (ϕw)",59,"phi_N2",2144.85307
"RBC replenishment (ρ)",60,"rho",0.40182782
"Burst size (β)",60,"burst",6.30689862
"Activation indis (ψn)",60,"iota_N1",19.9506488
"Activation targeted (ψw)",60,"iota_N2",1.61860295
"Half-life indis (ϕn)",60,"phi_N1",0.0382151
"Half-life targeted (ϕw)",60,"phi_N2",1644.46246
"RBC replenishment (ρ)",61,"rho",0.24939739
"Burst size (β)",61,"burst",5.57346819
"Activation indis (ψn)",61,"iota_N1",16.7017044
"Activation targeted (ψw)",61,"iota_N2",1.18554795
"Half-life indis (ϕn)",61,"phi_N1",0.03037486
"Half-life targeted (ϕw)",61,"phi_N2",1725.72251
"RBC replenishment (ρ)",62,"rho",0.35643206
"Burst size (β)",62,"burst",4.06083012
"Activation indis (ψn)",62,"iota_N1",17.0177289
"Activation targeted (ψw)",62,"iota_N2",0.83611979
"Half-life indis (ϕn)",62,"phi_N1",0.05437647
"Half-life targeted (ϕw)",62,"phi_N2",147.937053
"RBC replenishment (ρ)",63,"rho",0.30598278
"Burst size (β)",63,"burst",3.93109547
"Activation indis (ψn)",63,"iota_N1",15.6676692
"Activation targeted (ψw)",63,"iota_N2",0.92255256
"Half-life indis (ϕn)",63,"phi_N1",0.03178641
"Half-life targeted (ϕw)",63,"phi_N2",227.748603
"RBC replenishment (ρ)",64,"rho",0.36134949
"Burst size (β)",64,"burst",4.75255282
"Activation indis (ψn)",64,"iota_N1",15.5524191
"Activation targeted (ψw)",64,"iota_N2",0.52519252
"Half-life indis (ϕn)",64,"phi_N1",0.01821533
"Half-life targeted (ϕw)",64,"phi_N2",73.552139
"RBC replenishment (ρ)",65,"rho",0.28252889
"Burst size (β)",65,"burst",4.7379066
"Activation indis (ψn)",65,"iota_N1",15.0387359
"Activation targeted (ψw)",65,"iota_N2",2.2863089
"Half-life indis (ϕn)",65,"phi_N1",0.14450533
"Half-life targeted (ϕw)",65,"phi_N2",565.057811
"RBC replenishment (ρ)",66,"rho",0.59616148
"Burst size (β)",66,"burst",5.97302348
"Activation indis (ψn)",66,"iota_N1",22.1003478
"Activation targeted (ψw)",66,"iota_N2",2.20600697
"Half-life indis (ϕn)",66,"phi_N1",0.08803456
"Half-life targeted (ϕw)",66,"phi_N2",249.4994
"RBC replenishment (ρ)",67,"rho",0.25151738
"Burst size (β)",67,"burst",5.65837797
"Activation indis (ψn)",67,"iota_N1",14.7577554
"Activation targeted (ψw)",67,"iota_N2",1.02370494
"Half-life indis (ϕn)",67,"phi_N1",0.04273986
"Half-life targeted (ϕw)",67,"phi_N2",918.60073
"RBC replenishment (ρ)",68,"rho",0.25409129
"Burst size (β)",68,"burst",4.10687777
"Activation indis (ψn)",68,"iota_N1",20.3658151
"Activation targeted (ψw)",68,"iota_N2",1.06151163
"Half-life indis (ϕn)",68,"phi_N1",0.0323207
"Half-life targeted (ϕw)",68,"phi_N2",122.378172
"RBC replenishment (ρ)",69,"rho",0.3289517
"Burst size (β)",69,"burst",4.05056584
"Activation indis (ψn)",69,"iota_N1",39.9241673
"Activation targeted (ψw)",69,"iota_N2",0.84041615
"Half-life indis (ϕn)",69,"phi_N1",0.01646389
"Half-life targeted (ϕw)",69,"phi_N2",886.010097
"RBC replenishment (ρ)",70,"rho",0.33818478
"Burst size (β)",70,"burst",4.95635409
"Activation indis (ψn)",70,"iota_N1",13.4375425
"Activation targeted (ψw)",70,"iota_N2",0.51859344
"Half-life indis (ϕn)",70,"phi_N1",0.01618944
"Half-life targeted (ϕw)",70,"phi_N2",17.9097258
"RBC replenishment (ρ)",71,"rho",0.15765045
"Burst size (β)",71,"burst",4.66844095
"Activation indis (ψn)",71,"iota_N1",24.4907867
"Activation targeted (ψw)",71,"iota_N2",1.88728936
"Half-life indis (ϕn)",71,"phi_N1",0.06070281
"Half-life targeted (ϕw)",71,"phi_N2",5406.33342
"RBC replenishment (ρ)",72,"rho",0.4681368
"Burst size (β)",72,"burst",6.19516103
"Activation indis (ψn)",72,"iota_N1",28.81336
"Activation targeted (ψw)",72,"iota_N2",1.79850509
"Half-life indis (ϕn)",72,"phi_N1",0.03030116
"Half-life targeted (ϕw)",72,"phi_N2",1370.75209
"RBC replenishment (ρ)",73,"rho",0.30876855
"Burst size (β)",73,"burst",5.54704108
"Activation indis (ψn)",73,"iota_N1",8.38695064
"Activation targeted (ψw)",73,"iota_N2",1.05098372
"Half-life indis (ϕn)",73,"phi_N1",0.08816371
"Half-life targeted (ϕw)",73,"phi_N2",41.8555037
"RBC replenishment (ρ)",74,"rho",0.21616248
"Burst size (β)",74,"burst",3.93054911
"Activation indis (ψn)",74,"iota_N1",52.2090516
"Activation targeted (ψw)",74,"iota_N2",0.99373561
"Half-life indis (ϕn)",74,"phi_N1",0.02025214
"Half-life targeted (ϕw)",74,"phi_N2",56.0063546
"RBC replenishment (ρ)",75,"rho",0.32827894
"Burst size (β)",75,"burst",3.90121441
"Activation indis (ψn)",75,"iota_N1",42.5090359
"Activation targeted (ψw)",75,"iota_N2",0.77050988
"Half-life indis (ϕn)",75,"phi_N1",0.01514351
"Half-life targeted (ϕw)",75,"phi_N2",30.8444678
"RBC replenishment (ρ)",76,"rho",0.29845568
"Burst size (β)",76,"burst",4.76604692
"Activation indis (ψn)",76,"iota_N1",41.6125477
"Activation targeted (ψw)",76,"iota_N2",0.62916638
"Half-life indis (ϕn)",76,"phi_N1",0.00537344
"Half-life targeted (ϕw)",76,"phi_N2",22.6141921
"RBC replenishment (ρ)",77,"rho",0.32670901
"Burst size (β)",77,"burst",4.4352183
"Activation indis (ψn)",77,"iota_N1",65.3223747
"Activation targeted (ψw)",77,"iota_N2",2.35508192
"Half-life indis (ϕn)",77,"phi_N1",0.06921245
"Half-life targeted (ϕw)",77,"phi_N2",821.899804
"RBC replenishment (ρ)",78,"rho",0.48894478
"Burst size (β)",78,"burst",6.27509074
"Activation indis (ψn)",78,"iota_N1",56.0910037
"Activation targeted (ψw)",78,"iota_N2",1.95281952
"Half-life indis (ϕn)",78,"phi_N1",0.03080074
"Half-life targeted (ϕw)",78,"phi_N2",246.774861
"RBC replenishment (ρ)",79,"rho",0.43916033
"Burst size (β)",79,"burst",5.49842479
"Activation indis (ψn)",79,"iota_N1",43.5148678
"Activation targeted (ψw)",79,"iota_N2",1.10922221
"Half-life indis (ϕn)",79,"phi_N1",0.01941255
"Half-life targeted (ϕw)",79,"phi_N2",90.6118558
"RBC replenishment (ρ)",80,"rho",0.3377515
"Burst size (β)",80,"burst",3.99807923
"Activation indis (ψn)",80,"iota_N1",9.68247597
"Activation targeted (ψw)",80,"iota_N2",0.69233754
"Half-life indis (ϕn)",80,"phi_N1",0.08173773
"Half-life targeted (ϕw)",80,"phi_N2",377.596861
"RBC replenishment (ρ)",81,"rho",0.46346928
"Burst size (β)",81,"burst",3.87699145
"Activation indis (ψn)",81,"iota_N1",10.166611
"Activation targeted (ψw)",81,"iota_N2",0.80320266
"Half-life indis (ϕn)",81,"phi_N1",0.08695385
"Half-life targeted (ϕw)",81,"phi_N2",71.973707
"RBC replenishment (ρ)",82,"rho",0.32477726
"Burst size (β)",82,"burst",4.7121712
"Activation indis (ψn)",82,"iota_N1",7.21535763
"Activation targeted (ψw)",82,"iota_N2",0.54701099
"Half-life indis (ϕn)",82,"phi_N1",0.03700929
"Half-life targeted (ϕw)",82,"phi_N2",537.015522
"RBC replenishment (ρ)",83,"rho",0.28397073
"Burst size (β)",83,"burst",4.5218917
"Activation indis (ψn)",83,"iota_N1",29.0838699
"Activation targeted (ψw)",83,"iota_N2",1.92255003
"Half-life indis (ϕn)",83,"phi_N1",0.08698688
"Half-life targeted (ϕw)",83,"phi_N2",793.169794
"RBC replenishment (ρ)",84,"rho",0.51243488
"Burst size (β)",84,"burst",5.93726258
"Activation indis (ψn)",84,"iota_N1",14.570671
"Activation targeted (ψw)",84,"iota_N2",1.86502479
"Half-life indis (ϕn)",84,"phi_N1",0.08195391
"Half-life targeted (ϕw)",84,"phi_N2",319.245539
"RBC replenishment (ρ)",85,"rho",0.32525815
"Burst size (β)",85,"burst",5.5838158
"Activation indis (ψn)",85,"iota_N1",9.30694033
"Activation targeted (ψw)",85,"iota_N2",0.96547643
"Half-life indis (ϕn)",85,"phi_N1",0.04629372
"Half-life targeted (ϕw)",85,"phi_N2",457.34592
"RBC replenishment (ρ)",86,"rho",0.35536866
"Burst size (β)",86,"burst",3.99096517
"Activation indis (ψn)",86,"iota_N1",13.6525112
"Activation targeted (ψw)",86,"iota_N2",0.78957226
"Half-life indis (ϕn)",86,"phi_N1",0.06857833
"Half-life targeted (ϕw)",86,"phi_N2",983.676228
"RBC replenishment (ρ)",87,"rho",0.38479576
"Burst size (β)",87,"burst",4.01312012
"Activation indis (ψn)",87,"iota_N1",10.7164015
"Activation targeted (ψw)",87,"iota_N2",0.76257775
"Half-life indis (ϕn)",87,"phi_N1",0.04134249
"Half-life targeted (ϕw)",87,"phi_N2",862.47192
"RBC replenishment (ρ)",88,"rho",0.366081
"Burst size (β)",88,"burst",4.78235687
"Activation indis (ψn)",88,"iota_N1",9.37618906
"Activation targeted (ψw)",88,"iota_N2",0.51186716
"Half-life indis (ϕn)",88,"phi_N1",0.03715781
"Half-life targeted (ϕw)",88,"phi_N2",741.539824
"RBC replenishment (ρ)",89,"rho",0.15609871
"Burst size (β)",89,"burst",4.59754161
"Activation indis (ψn)",89,"iota_N1",35.4919244
"Activation targeted (ψw)",89,"iota_N2",2.34457858
"Half-life indis (ϕn)",89,"phi_N1",0.06063209
"Half-life targeted (ϕw)",89,"phi_N2",2001.5139
"RBC replenishment (ρ)",90,"rho",0.31997776
"Burst size (β)",90,"burst",6.35896495
"Activation indis (ψn)",90,"iota_N1",12.4539381
"Activation targeted (ψw)",90,"iota_N2",1.60167071
"Half-life indis (ϕn)",90,"phi_N1",0.06136102
"Half-life targeted (ϕw)",90,"phi_N2",385.372248
"RBC replenishment (ρ)",91,"rho",0.26556898
"Burst size (β)",91,"burst",5.58889315
"Activation indis (ψn)",91,"iota_N1",15.9063243
"Activation targeted (ψw)",91,"iota_N2",1.01310996
"Half-life indis (ϕn)",91,"phi_N1",0.02502959
"Half-life targeted (ϕw)",91,"phi_N2",1059.10448
"RBC replenishment (ρ)",92,"rho",0.31479169
"Burst size (β)",92,"burst",4.00309083
"Activation indis (ψn)",92,"iota_N1",14.5711739
"Activation targeted (ψw)",92,"iota_N2",0.85386515
"Half-life indis (ϕn)",92,"phi_N1",0.04483297
"Half-life targeted (ϕw)",92,"phi_N2",879.739986
"RBC replenishment (ρ)",93,"rho",0.32352567
"Burst size (β)",93,"burst",3.90978736
"Activation indis (ψn)",93,"iota_N1",9.16099054
"Activation targeted (ψw)",93,"iota_N2",0.77887385
"Half-life indis (ϕn)",93,"phi_N1",0.04204355
"Half-life targeted (ϕw)",93,"phi_N2",2103.34722
"RBC replenishment (ρ)",94,"rho",0.35992611
"Burst size (β)",94,"burst",4.81370522
"Activation indis (ψn)",94,"iota_N1",14.7281248
"Activation targeted (ψw)",94,"iota_N2",0.47849385
"Half-life indis (ϕn)",94,"phi_N1",0.02481447
"Half-life targeted (ϕw)",94,"phi_N2",1202.45765
"RBC replenishment (ρ)",95,"rho",0.20601711
"Burst size (β)",95,"burst",4.52443256
"Activation indis (ψn)",95,"iota_N1",28.3714724
"Activation targeted (ψw)",95,"iota_N2",2.43216099
"Half-life indis (ϕn)",95,"phi_N1",0.08010408
"Half-life targeted (ϕw)",95,"phi_N2",338.180722
"RBC replenishment (ρ)",96,"rho",0.34857098
"Burst size (β)",96,"burst",6.05750248
"Activation indis (ψn)",96,"iota_N1",18.6209776
"Activation targeted (ψw)",96,"iota_N2",2.25418842
"Half-life indis (ϕn)",96,"phi_N1",0.08001626
"Half-life targeted (ϕw)",96,"phi_N2",384.072267
"RBC replenishment (ρ)",97,"rho",0.30700347
"Burst size (β)",97,"burst",5.35148815
"Activation indis (ψn)",97,"iota_N1",12.3837371
"Activation targeted (ψw)",97,"iota_N2",1.25584932
"Half-life indis (ϕn)",97,"phi_N1",0.06592598
"Half-life targeted (ϕw)",97,"phi_N2",5743.84541
"RBC replenishment (ρ)",98,"rho",0.25278307
"Burst size (β)",98,"burst",4.06004342
"Activation indis (ψn)",98,"iota_N1",63.9208811
"Activation targeted (ψw)",98,"iota_N2",0.67635249
"Half-life indis (ϕn)",98,"phi_N1",0.00676
"Half-life targeted (ϕw)",98,"phi_N2",1965.95411
"RBC replenishment (ρ)",99,"rho",0.33636413
"Burst size (β)",99,"burst",3.83545335
"Activation indis (ψn)",99,"iota_N1",45.2694005
"Activation targeted (ψw)",99,"iota_N2",0.80023204
"Half-life indis (ϕn)",99,"phi_N1",0.01571543
"Half-life targeted (ϕw)",99,"phi_N2",1581.3823
"RBC replenishment (ρ)",100,"rho",0.38264767
"Burst size (β)",100,"burst",4.7100765
"Activation indis (ψn)",100,"iota_N1",81.857102
"Activation targeted (ψw)",100,"iota_N2",0.5812482
"Half-life indis (ϕn)",100,"phi_N1",0.00494533
"Half-life targeted (ϕw)",100,"phi_N2",1394.6199
"RBC replenishment (ρ)",101,"rho",0.16737619
"Burst size (β)",101,"burst",4.5502929
"Activation indis (ψn)",101,"iota_N1",44.892346
"Activation targeted (ψw)",101,"iota_N2",2.87443507
"Half-life indis (ϕn)",101,"phi_N1",0.07063501
"Half-life targeted (ϕw)",101,"phi_N2",1001.10799
"RBC replenishment (ρ)",102,"rho",0.2654701
"Burst size (β)",102,"burst",5.96106572
"Activation indis (ψn)",102,"iota_N1",42.1523922
"Activation targeted (ψw)",102,"iota_N2",2.56373399
"Half-life indis (ϕn)",102,"phi_N1",0.03426106
"Half-life targeted (ϕw)",102,"phi_N2",2141.6238
"RBC replenishment (ρ)",103,"rho",0.33529636
"Burst size (β)",103,"burst",5.50230557
"Activation indis (ψn)",103,"iota_N1",9.30045474
"Activation targeted (ψw)",103,"iota_N2",0.83978033
"Half-life indis (ϕn)",103,"phi_N1",0.02855062
"Half-life targeted (ϕw)",103,"phi_N2",1723.87015
"RBC replenishment (ρ)",104,"rho",0.27831889
"Burst size (β)",104,"burst",4.00766374
"Activation indis (ψn)",104,"iota_N1",72.2928961
"Activation targeted (ψw)",104,"iota_N2",0.61373734
"Half-life indis (ϕn)",104,"phi_N1",0.01013634
"Half-life targeted (ϕw)",104,"phi_N2",1126.51839
"RBC replenishment (ρ)",105,"rho",0.31860833
"Burst size (β)",105,"burst",3.8959339
"Activation indis (ψn)",105,"iota_N1",19.6155548
"Activation targeted (ψw)",105,"iota_N2",0.89958797
"Half-life indis (ϕn)",105,"phi_N1",0.02686993
"Half-life targeted (ϕw)",105,"phi_N2",954.247102
"RBC replenishment (ρ)",106,"rho",0.41454464
"Burst size (β)",106,"burst",4.74500144
"Activation indis (ψn)",106,"iota_N1",16.8506203
"Activation targeted (ψw)",106,"iota_N2",0.45971568
"Half-life indis (ϕn)",106,"phi_N1",0.02126932
"Half-life targeted (ϕw)",106,"phi_N2",1400.03002
"RBC replenishment (ρ)",107,"rho",0.22091839
"Burst size (β)",107,"burst",4.61416494
"Activation indis (ψn)",107,"iota_N1",55.785489
"Activation targeted (ψw)",107,"iota_N2",1.93780668
"Half-life indis (ϕn)",107,"phi_N1",0.02662913
"Half-life targeted (ϕw)",107,"phi_N2",613.885381
"RBC replenishment (ρ)",108,"rho",0.36561873
"Burst size (β)",108,"burst",6.11236638
"Activation indis (ψn)",108,"iota_N1",25.137837
"Activation targeted (ψw)",108,"iota_N2",1.57968083
"Half-life indis (ϕn)",108,"phi_N1",0.01948042
"Half-life targeted (ϕw)",108,"phi_N2",1045.72699
"RBC replenishment (ρ)",109,"rho",0.26356188
"Burst size (β)",109,"burst",5.68396991
"Activation indis (ψn)",109,"iota_N1",31.3072652
"Activation targeted (ψw)",109,"iota_N2",1.09209889
"Half-life indis (ϕn)",109,"phi_N1",0.01802771
"Half-life targeted (ϕw)",109,"phi_N2",470.269937
"RBC replenishment (ρ)",110,"rho",0.20156023
"Burst size (β)",110,"burst",3.97858547
"Activation indis (ψn)",110,"iota_N1",16.1635184
"Activation targeted (ψw)",110,"iota_N2",0.84238275
"Half-life indis (ϕn)",110,"phi_N1",0.02886098
"Half-life targeted (ϕw)",110,"phi_N2",590.881672
"RBC replenishment (ρ)",111,"rho",0.29507315
"Burst size (β)",111,"burst",3.87648287
"Activation indis (ψn)",111,"iota_N1",11.0203844
"Activation targeted (ψw)",111,"iota_N2",0.843016
"Half-life indis (ϕn)",111,"phi_N1",0.04565773
"Half-life targeted (ϕw)",111,"phi_N2",1268.81276
"RBC replenishment (ρ)",112,"rho",0.40439209
"Burst size (β)",112,"burst",4.75361573
"Activation indis (ψn)",112,"iota_N1",13.5772129
"Activation targeted (ψw)",112,"iota_N2",0.463003
"Half-life indis (ϕn)",112,"phi_N1",0.03009114
"Half-life targeted (ϕw)",112,"phi_N2",801.833174
"RBC replenishment (ρ)",113,"rho",0.23627116
"Burst size (β)",113,"burst",4.6588494
"Activation indis (ψn)",113,"iota_N1",36.9257968
"Activation targeted (ψw)",113,"iota_N2",1.60545191
"Half-life indis (ϕn)",113,"phi_N1",0.05813428
"Half-life targeted (ϕw)",113,"phi_N2",2657.93654
"RBC replenishment (ρ)",114,"rho",0.37831127
"Burst size (β)",114,"burst",6.18943316
"Activation indis (ψn)",114,"iota_N1",77.458783
"Activation targeted (ψw)",114,"iota_N2",2.13140421
"Half-life indis (ϕn)",114,"phi_N1",0.01530849
"Half-life targeted (ϕw)",114,"phi_N2",3603.33202
"RBC replenishment (ρ)",115,"rho",0.2528322
"Burst size (β)",115,"burst",5.51186505
"Activation indis (ψn)",115,"iota_N1",22.1154143
"Activation targeted (ψw)",115,"iota_N2",1.08980585
"Half-life indis (ϕn)",115,"phi_N1",0.02801729
"Half-life targeted (ϕw)",115,"phi_N2",2141.85916
"RBC replenishment (ρ)",116,"rho",0.34151209
"Burst size (β)",116,"burst",4.13842735
"Activation indis (ψn)",116,"iota_N1",4.24883079
"Activation targeted (ψw)",116,"iota_N2",0.76391759
"Half-life indis (ϕn)",116,"phi_N1",0.11818829
"Half-life targeted (ϕw)",116,"phi_N2",5674.94462
"RBC replenishment (ρ)",117,"rho",0.39061809
"Burst size (β)",117,"burst",4.03952823
"Activation indis (ψn)",117,"iota_N1",2.90154546
"Activation targeted (ψw)",117,"iota_N2",0.71929042
"Half-life indis (ϕn)",117,"phi_N1",0.16313903
"Half-life targeted (ϕw)",117,"phi_N2",2210.94821
"RBC replenishment (ρ)",118,"rho",0.38363924
"Burst size (β)",118,"burst",4.74535415
"Activation indis (ψn)",118,"iota_N1",3.88056647
"Activation targeted (ψw)",118,"iota_N2",0.42363202
"Half-life indis (ϕn)",118,"phi_N1",0.07555589
"Half-life targeted (ϕw)",118,"phi_N2",13935.2338
"RBC replenishment (ρ)",119,"rho",0.17416477
"Burst size (β)",119,"burst",4.59919006
"Activation indis (ψn)",119,"iota_N1",15.9622606
"Activation targeted (ψw)",119,"iota_N2",2.28500287
"Half-life indis (ϕn)",119,"phi_N1",0.1468705
"Half-life targeted (ϕw)",119,"phi_N2",52872.3732
"RBC replenishment (ρ)",120,"rho",0.46949607
"Burst size (β)",120,"burst",6.04707971
"Activation indis (ψn)",120,"iota_N1",7.63216254
"Activation targeted (ψw)",120,"iota_N2",2.2536975
"Half-life indis (ϕn)",120,"phi_N1",0.15243868
"Half-life targeted (ϕw)",120,"phi_N2",4291.56125
"RBC replenishment (ρ)",121,"rho",0.26533243
"Burst size (β)",121,"burst",5.66990868
"Activation indis (ψn)",121,"iota_N1",3.50911804
"Activation targeted (ψw)",121,"iota_N2",1.06717423
"Half-life indis (ϕn)",121,"phi_N1",0.08529601
"Half-life targeted (ϕw)",121,"phi_N2",9166.36896
"RBC replenishment (ρ)",122,"rho",0.37104493
"Burst size (β)",122,"burst",4.05068151
"Activation indis (ψn)",122,"iota_N1",4.98601375
"Activation targeted (ψw)",122,"iota_N2",0.68476063
"Half-life indis (ϕn)",122,"phi_N1",0.13830881
"Half-life targeted (ϕw)",122,"phi_N2",327.495957
"RBC replenishment (ρ)",123,"rho",0.31423548
"Burst size (β)",123,"burst",3.95308233
"Activation indis (ψn)",123,"iota_N1",5.17021694
"Activation targeted (ψw)",123,"iota_N2",0.89875044
"Half-life indis (ϕn)",123,"phi_N1",0.14222214
"Half-life targeted (ϕw)",123,"phi_N2",735.199291
"RBC replenishment (ρ)",124,"rho",0.41592167
"Burst size (β)",124,"burst",4.87140638
"Activation indis (ψn)",124,"iota_N1",2.56907256
"Activation targeted (ψw)",124,"iota_N2",0.49019563
"Half-life indis (ϕn)",124,"phi_N1",0.11324845
"Half-life targeted (ϕw)",124,"phi_N2",241.51916
"RBC replenishment (ρ)",125,"rho",0.25378089
"Burst size (β)",125,"burst",4.6777788
"Activation indis (ψn)",125,"iota_N1",12.0607132
"Activation targeted (ψw)",125,"iota_N2",1.82080983
"Half-life indis (ϕn)",125,"phi_N1",0.1557504
"Half-life targeted (ϕw)",125,"phi_N2",1878.66223
"RBC replenishment (ρ)",126,"rho",0.44463821
"Burst size (β)",126,"burst",6.11212349
"Activation indis (ψn)",126,"iota_N1",6.03488344
"Activation targeted (ψw)",126,"iota_N2",1.70943531
"Half-life indis (ϕn)",126,"phi_N1",0.17695819
"Half-life targeted (ϕw)",126,"phi_N2",376.85196
"RBC replenishment (ρ)",127,"rho",0.27736369
"Burst size (β)",127,"burst",5.50556462
"Activation indis (ψn)",127,"iota_N1",2.05038315
"Activation targeted (ψw)",127,"iota_N2",0.94577007
"Half-life indis (ϕn)",127,"phi_N1",0.17784027
"Half-life targeted (ϕw)",127,"phi_N2",538.280013
"RBC replenishment (ρ)",128,"rho",0.35855118
"Burst size (β)",128,"burst",4.18789
"Activation indis (ψn)",128,"iota_N1",45.5603046
"Activation targeted (ψw)",128,"iota_N2",0.69564048
"Half-life indis (ϕn)",128,"phi_N1",0.015661
"Half-life targeted (ϕw)",128,"phi_N2",249.199823
"RBC replenishment (ρ)",129,"rho",0.22746922
"Burst size (β)",129,"burst",3.94705126
"Activation indis (ψn)",129,"iota_N1",36.9962819
"Activation targeted (ψw)",129,"iota_N2",0.8064047
"Half-life indis (ϕn)",129,"phi_N1",0.01176229
"Half-life targeted (ϕw)",129,"phi_N2",86.018302
"RBC replenishment (ρ)",130,"rho",0.34326278
"Burst size (β)",130,"burst",4.80308742
"Activation indis (ψn)",130,"iota_N1",31.1922922
"Activation targeted (ψw)",130,"iota_N2",0.45996731
"Half-life indis (ϕn)",130,"phi_N1",0.01170284
"Half-life targeted (ϕw)",130,"phi_N2",900.528619
"RBC replenishment (ρ)",131,"rho",0.51709695
"Burst size (β)",131,"burst",4.68597378
"Activation indis (ψn)",131,"iota_N1",57.610435
"Activation targeted (ψw)",131,"iota_N2",2.14230072
"Half-life indis (ϕn)",131,"phi_N1",0.09763432
"Half-life targeted (ϕw)",131,"phi_N2",273.444418
"RBC replenishment (ρ)",132,"rho",0.34618312
"Burst size (β)",132,"burst",6.26302687
"Activation indis (ψn)",132,"iota_N1",61.4808241
"Activation targeted (ψw)",132,"iota_N2",1.85630057
"Half-life indis (ϕn)",132,"phi_N1",0.01859779
"Half-life targeted (ϕw)",132,"phi_N2",516.139548
"RBC replenishment (ρ)",133,"rho",0.28602575
"Burst size (β)",133,"burst",5.49535257
"Activation indis (ψn)",133,"iota_N1",10.7570252
"Activation targeted (ψw)",133,"iota_N2",0.99479196
"Half-life indis (ϕn)",133,"phi_N1",0.02832023
"Half-life targeted (ϕw)",133,"phi_N2",1785.08526
"RBC replenishment (ρ)",134,"rho",0.34662081
"Burst size (β)",134,"burst",3.96315919
"Activation indis (ψn)",134,"iota_N1",37.5343281
"Activation targeted (ψw)",134,"iota_N2",0.7638392
"Half-life indis (ϕn)",134,"phi_N1",0.03307196
"Half-life targeted (ϕw)",134,"phi_N2",386.81877
"RBC replenishment (ρ)",135,"rho",0.39690935
"Burst size (β)",135,"burst",3.99566905
"Activation indis (ψn)",135,"iota_N1",15.4199524
"Activation targeted (ψw)",135,"iota_N2",0.75651428
"Half-life indis (ϕn)",135,"phi_N1",0.07761857
"Half-life targeted (ϕw)",135,"phi_N2",354.417989
"RBC replenishment (ρ)",136,"rho",0.36128954
"Burst size (β)",136,"burst",4.71583863
"Activation indis (ψn)",136,"iota_N1",3.23956307
"Activation targeted (ψw)",136,"iota_N2",0.42810633
"Half-life indis (ϕn)",136,"phi_N1",0.09305996
"Half-life targeted (ϕw)",136,"phi_N2",4131.48321
"RBC replenishment (ρ)",137,"rho",0.25789977
"Burst size (β)",137,"burst",4.61989083
"Activation indis (ψn)",137,"iota_N1",42.218219
"Activation targeted (ψw)",137,"iota_N2",1.75520382
"Half-life indis (ϕn)",137,"phi_N1",0.06607976
"Half-life targeted (ϕw)",137,"phi_N2",1654.92929
"RBC replenishment (ρ)",138,"rho",0.37834919
"Burst size (β)",138,"burst",5.83075124
"Activation indis (ψn)",138,"iota_N1",12.8422917
"Activation targeted (ψw)",138,"iota_N2",2.29368577
"Half-life indis (ϕn)",138,"phi_N1",0.0760907
"Half-life targeted (ϕw)",138,"phi_N2",1323.94767
"RBC replenishment (ρ)",139,"rho",0.27245773
"Burst size (β)",139,"burst",5.50756889
"Activation indis (ψn)",139,"iota_N1",7.81878802
"Activation targeted (ψw)",139,"iota_N2",1.05753934
"Half-life indis (ϕn)",139,"phi_N1",0.04912593
"Half-life targeted (ϕw)",139,"phi_N2",467.27341
"RBC replenishment (ρ)",140,"rho",0.32795045
"Burst size (β)",140,"burst",4.01690261
"Activation indis (ψn)",140,"iota_N1",3.31912478
"Activation targeted (ψw)",140,"iota_N2",0.76508292
"Half-life indis (ϕn)",140,"phi_N1",0.33171273
"Half-life targeted (ϕw)",140,"phi_N2",221.233717
"RBC replenishment (ρ)",141,"rho",0.38760871
"Burst size (β)",141,"burst",3.92927158
"Activation indis (ψn)",141,"iota_N1",3.690773
"Activation targeted (ψw)",141,"iota_N2",0.69932947
"Half-life indis (ϕn)",141,"phi_N1",0.11346861
"Half-life targeted (ϕw)",141,"phi_N2",130.096792
"RBC replenishment (ρ)",142,"rho",0.35928179
"Burst size (β)",142,"burst",4.74982969
"Activation indis (ψn)",142,"iota_N1",2.84050578
"Activation targeted (ψw)",142,"iota_N2",0.46209232
"Half-life indis (ϕn)",142,"phi_N1",0.10980295
"Half-life targeted (ϕw)",142,"phi_N2",56.1755404
"RBC replenishment (ρ)",143,"rho",0.1589226
"Burst size (β)",143,"burst",4.61167078
"Activation indis (ψn)",143,"iota_N1",3.73648697
"Activation targeted (ψw)",143,"iota_N2",1.94624829
"Half-life indis (ϕn)",143,"phi_N1",0.4536625
"Half-life targeted (ϕw)",143,"phi_N2",297.548061
"RBC replenishment (ρ)",144,"rho",0.36443113
"Burst size (β)",144,"burst",6.03879933
"Activation indis (ψn)",144,"iota_N1",4.46827663
"Activation targeted (ψw)",144,"iota_N2",2.22786623
"Half-life indis (ϕn)",144,"phi_N1",0.27746652
"Half-life targeted (ϕw)",144,"phi_N2",93.4772983
"RBC replenishment (ρ)",145,"rho",0.27505335
"Burst size (β)",145,"burst",5.45305425
"Activation indis (ψn)",145,"iota_N1",4.9015855
"Activation targeted (ψw)",145,"iota_N2",1.0312015
"Half-life indis (ϕn)",145,"phi_N1",0.07900667
"Half-life targeted (ϕw)",145,"phi_N2",612.952359
"RBC replenishment (ρ)",146,"rho",0.19243934
"Burst size (β)",146,"burst",3.99360296
"Activation indis (ψn)",146,"iota_N1",8.69273755
"Activation targeted (ψw)",146,"iota_N2",0.71040912
"Half-life indis (ϕn)",146,"phi_N1",0.04195795
"Half-life targeted (ϕw)",146,"phi_N2",5711.09172
"RBC replenishment (ρ)",147,"rho",0.28367615
"Burst size (β)",147,"burst",3.9875755
"Activation indis (ψn)",147,"iota_N1",8.77917798
"Activation targeted (ψw)",147,"iota_N2",0.67714877
"Half-life indis (ϕn)",147,"phi_N1",0.05506799
"Half-life targeted (ϕw)",147,"phi_N2",2891.26083
"RBC replenishment (ρ)",148,"rho",0.32460879
"Burst size (β)",148,"burst",4.71122866
"Activation indis (ψn)",148,"iota_N1",7.05444056
"Activation targeted (ψw)",148,"iota_N2",0.53325454
"Half-life indis (ϕn)",148,"phi_N1",0.06134053
"Half-life targeted (ϕw)",148,"phi_N2",4950.06629
"RBC replenishment (ρ)",149,"rho",0.20192789
"Burst size (β)",149,"burst",4.70704163
"Activation indis (ψn)",149,"iota_N1",8.3178598
"Activation targeted (ψw)",149,"iota_N2",2.22441299
"Half-life indis (ϕn)",149,"phi_N1",0.2695553
"Half-life targeted (ϕw)",149,"phi_N2",5372.17865
"RBC replenishment (ρ)",150,"rho",0.46263544
"Burst size (β)",150,"burst",6.06049566
"Activation indis (ψn)",150,"iota_N1",11.8623812
"Activation targeted (ψw)",150,"iota_N2",1.90703537
"Half-life indis (ϕn)",150,"phi_N1",0.07814795
"Half-life targeted (ϕw)",150,"phi_N2",1982.09938
"RBC replenishment (ρ)",151,"rho",0.34207425
"Burst size (β)",151,"burst",5.55368887
"Activation indis (ψn)",151,"iota_N1",13.2795409
"Activation targeted (ψw)",151,"iota_N2",0.93611787
"Half-life indis (ϕn)",151,"phi_N1",0.02243619
"Half-life targeted (ϕw)",151,"phi_N2",1775.4716
"RBC replenishment (ρ)",152,"rho",0.41125685
"Burst size (β)",152,"burst",4.06743615
"Activation indis (ψn)",152,"iota_N1",12.444822
"Activation targeted (ψw)",152,"iota_N2",0.8542188
"Half-life indis (ϕn)",152,"phi_N1",0.11060363
"Half-life targeted (ϕw)",152,"phi_N2",362.289944
"RBC replenishment (ρ)",153,"rho",0.18497537
"Burst size (β)",153,"burst",3.96529533
"Activation indis (ψn)",153,"iota_N1",12.7099043
"Activation targeted (ψw)",153,"iota_N2",1.035463
"Half-life indis (ϕn)",153,"phi_N1",0.03008786
"Half-life targeted (ϕw)",153,"phi_N2",354.327132
"RBC replenishment (ρ)",154,"rho",0.39481209
"Burst size (β)",154,"burst",4.81610896
"Activation indis (ψn)",154,"iota_N1",25.3428391
"Activation targeted (ψw)",154,"iota_N2",0.52249177
"Half-life indis (ϕn)",154,"phi_N1",0.00882106
"Half-life targeted (ϕw)",154,"phi_N2",693.841792
"RBC replenishment (ρ)",155,"rho",0.18197645
"Burst size (β)",155,"burst",4.6008007
"Activation indis (ψn)",155,"iota_N1",26.8554741
"Activation targeted (ψw)",155,"iota_N2",2.41864465
"Half-life indis (ϕn)",155,"phi_N1",0.09020103
"Half-life targeted (ϕw)",155,"phi_N2",462.291754
"RBC replenishment (ρ)",156,"rho",0.48442371
"Burst size (β)",156,"burst",6.08735265
"Activation indis (ψn)",156,"iota_N1",22.8272179
"Activation targeted (ψw)",156,"iota_N2",1.90013246
"Half-life indis (ϕn)",156,"phi_N1",0.06198076
"Half-life targeted (ϕw)",156,"phi_N2",337.786382
"RBC replenishment (ρ)",157,"rho",0.23761509
"Burst size (β)",157,"burst",5.52861937
"Activation indis (ψn)",157,"iota_N1",17.4725993
"Activation targeted (ψw)",157,"iota_N2",1.25030783
"Half-life indis (ϕn)",157,"phi_N1",0.01757042
"Half-life targeted (ϕw)",157,"phi_N2",1002.52648
"RBC replenishment (ρ)",158,"rho",0.29753799
"Burst size (β)",158,"burst",4.02964072
"Activation indis (ψn)",158,"iota_N1",12.6622853
"Activation targeted (ψw)",158,"iota_N2",0.82903181
"Half-life indis (ϕn)",158,"phi_N1",0.06306102
"Half-life targeted (ϕw)",158,"phi_N2",1411.75794
"RBC replenishment (ρ)",159,"rho",0.27920739
"Burst size (β)",159,"burst",3.96597757
"Activation indis (ψn)",159,"iota_N1",3.49459522
"Activation targeted (ψw)",159,"iota_N2",1.05235143
"Half-life indis (ϕn)",159,"phi_N1",0.11987139
"Half-life targeted (ϕw)",159,"phi_N2",10.1930277
"RBC replenishment (ρ)",160,"rho",0.33368663
"Burst size (β)",160,"burst",4.77685227
"Activation indis (ψn)",160,"iota_N1",2.21277534
"Activation targeted (ψw)",160,"iota_N2",0.69223745
"Half-life indis (ϕn)",160,"phi_N1",0.1176689
"Half-life targeted (ϕw)",160,"phi_N2",7.65837401
"RBC replenishment (ρ)",161,"rho",0.29495164
"Burst size (β)",161,"burst",4.76360005
"Activation indis (ψn)",161,"iota_N1",39.5135641
"Activation targeted (ψw)",161,"iota_N2",1.91901984
"Half-life indis (ϕn)",161,"phi_N1",0.08362851
"Half-life targeted (ϕw)",161,"phi_N2",80.79671
"RBC replenishment (ρ)",162,"rho",0.39438187
"Burst size (β)",162,"burst",6.41132857
"Activation indis (ψn)",162,"iota_N1",3.76100485
"Activation targeted (ψw)",162,"iota_N2",2.12803033
"Half-life indis (ϕn)",162,"phi_N1",0.17271602
"Half-life targeted (ϕw)",162,"phi_N2",88.4946004
"RBC replenishment (ρ)",163,"rho",0.29121341
"Burst size (β)",163,"burst",5.41512107
"Activation indis (ψn)",163,"iota_N1",4.09137473
"Activation targeted (ψw)",163,"iota_N2",0.98311312
"Half-life indis (ϕn)",163,"phi_N1",0.11407862
"Half-life targeted (ϕw)",163,"phi_N2",88.2080106
"RBC replenishment (ρ)",164,"rho",0.2584574
"Burst size (β)",164,"burst",4.01927216
"Activation indis (ψn)",164,"iota_N1",16.9078677
"Activation targeted (ψw)",164,"iota_N2",0.96975481
"Half-life indis (ϕn)",164,"phi_N1",0.03702692
"Half-life targeted (ϕw)",164,"phi_N2",180.023116
"RBC replenishment (ρ)",165,"rho",0.37668471
"Burst size (β)",165,"burst",4.00566496
"Activation indis (ψn)",165,"iota_N1",17.1483759
"Activation targeted (ψw)",165,"iota_N2",0.68228288
"Half-life indis (ϕn)",165,"phi_N1",0.02908125
"Half-life targeted (ϕw)",165,"phi_N2",583.541496
"RBC replenishment (ρ)",166,"rho",0.32453596
"Burst size (β)",166,"burst",4.74580789
"Activation indis (ψn)",166,"iota_N1",14.3894419
"Activation targeted (ψw)",166,"iota_N2",0.36685555
"Half-life indis (ϕn)",166,"phi_N1",0.01355828
"Half-life targeted (ϕw)",166,"phi_N2",376.136877
"RBC replenishment (ρ)",167,"rho",0.26138063
"Burst size (β)",167,"burst",4.55701025
"Activation indis (ψn)",167,"iota_N1",20.7933895
"Activation targeted (ψw)",167,"iota_N2",1.85150972
"Half-life indis (ϕn)",167,"phi_N1",0.12770158
"Half-life targeted (ϕw)",167,"phi_N2",411.366186
"RBC replenishment (ρ)",168,"rho",0.48613997
"Burst size (β)",168,"burst",6.23136243
"Activation indis (ψn)",168,"iota_N1",19.2930298
"Activation targeted (ψw)",168,"iota_N2",1.81731641
"Half-life indis (ϕn)",168,"phi_N1",0.05614458
"Half-life targeted (ϕw)",168,"phi_N2",439.100621
"RBC replenishment (ρ)",169,"rho",0.2932175
"Burst size (β)",169,"burst",5.60617329
"Activation indis (ψn)",169,"iota_N1",12.8491074
"Activation targeted (ψw)",169,"iota_N2",1.2438544
"Half-life indis (ϕn)",169,"phi_N1",0.04486868
"Half-life targeted (ϕw)",169,"phi_N2",367.617646
"RBC replenishment (ρ)",170,"rho",0.29033892
"Burst size (β)",170,"burst",3.98621809
"Activation indis (ψn)",170,"iota_N1",71.8696451
"Activation targeted (ψw)",170,"iota_N2",0.86632539
"Half-life indis (ϕn)",170,"phi_N1",0.0101758
"Half-life targeted (ϕw)",170,"phi_N2",82.6181249
"RBC replenishment (ρ)",171,"rho",0.32933134
"Burst size (β)",171,"burst",4.045251
"Activation indis (ψn)",171,"iota_N1",28.3106159
"Activation targeted (ψw)",171,"iota_N2",0.77719711
"Half-life indis (ϕn)",171,"phi_N1",0.01074833
"Half-life targeted (ϕw)",171,"phi_N2",94.7330177
"RBC replenishment (ρ)",172,"rho",0.41259362
"Burst size (β)",172,"burst",4.58411157
"Activation indis (ψn)",172,"iota_N1",20.3403778
"Activation targeted (ψw)",172,"iota_N2",0.53161915
"Half-life indis (ϕn)",172,"phi_N1",0.01070388
"Half-life targeted (ϕw)",172,"phi_N2",53.6594782
"RBC replenishment (ρ)",173,"rho",0.15854053
"Burst size (β)",173,"burst",4.59696236
"Activation indis (ψn)",173,"iota_N1",145.889988
"Activation targeted (ψw)",173,"iota_N2",1.94585389
"Half-life indis (ϕn)",173,"phi_N1",0.00877254
"Half-life targeted (ϕw)",173,"phi_N2",68.1200777
"RBC replenishment (ρ)",174,"rho",0.40900626
"Burst size (β)",174,"burst",6.07348925
"Activation indis (ψn)",174,"iota_N1",100.332687
"Activation targeted (ψw)",174,"iota_N2",1.81282343
"Half-life indis (ϕn)",174,"phi_N1",0.00927695
"Half-life targeted (ϕw)",174,"phi_N2",401.871836
"RBC replenishment (ρ)",175,"rho",0.21932152
"Burst size (β)",175,"burst",5.69129292
"Activation indis (ψn)",175,"iota_N1",11.6771988
"Activation targeted (ψw)",175,"iota_N2",0.90728481
"Half-life indis (ϕn)",175,"phi_N1",0.00998567
"Half-life targeted (ϕw)",175,"phi_N2",143.408257
"RBC replenishment (ρ)",176,"rho",0.30271561
"Burst size (β)",176,"burst",3.9959038
"Activation indis (ψn)",176,"iota_N1",13.9756079
"Activation targeted (ψw)",176,"iota_N2",0.69651397
"Half-life indis (ϕn)",176,"phi_N1",0.05727875
"Half-life targeted (ϕw)",176,"phi_N2",230.216614
"RBC replenishment (ρ)",177,"rho",0.3846304
"Burst size (β)",177,"burst",3.82703738
"Activation indis (ψn)",177,"iota_N1",18.3222921
"Activation targeted (ψw)",177,"iota_N2",0.74159728
"Half-life indis (ϕn)",177,"phi_N1",0.03579995
"Half-life targeted (ϕw)",177,"phi_N2",725.422763
"RBC replenishment (ρ)",178,"rho",0.33342176
"Burst size (β)",178,"burst",4.77367044
"Activation indis (ψn)",178,"iota_N1",9.15442176
"Activation targeted (ψw)",178,"iota_N2",0.54122677
"Half-life indis (ϕn)",178,"phi_N1",0.04045264
"Half-life targeted (ϕw)",178,"phi_N2",1428.11847
"RBC replenishment (ρ)",179,"rho",0.26739846
"Burst size (β)",179,"burst",4.66378218
"Activation indis (ψn)",179,"iota_N1",40.4779671
"Activation targeted (ψw)",179,"iota_N2",2.3123256
"Half-life indis (ϕn)",179,"phi_N1",0.06402287
"Half-life targeted (ϕw)",179,"phi_N2",1025.89343
"RBC replenishment (ρ)",180,"rho",0.38271708
"Burst size (β)",180,"burst",5.96322672
"Activation indis (ψn)",180,"iota_N1",17.5505449
"Activation targeted (ψw)",180,"iota_N2",2.20749573
"Half-life indis (ϕn)",180,"phi_N1",0.07677388
"Half-life targeted (ϕw)",180,"phi_N2",3334.63959
"RBC replenishment (ρ)",181,"rho",0.42855533
"Burst size (β)",181,"burst",5.59213647
"Activation indis (ψn)",181,"iota_N1",5.57533556
"Activation targeted (ψw)",181,"iota_N2",0.75301863
"Half-life indis (ϕn)",181,"phi_N1",0.05382529
"Half-life targeted (ϕw)",181,"phi_N2",1179.21215
"RBC replenishment (ρ)",182,"rho",0.24734857
"Burst size (β)",182,"burst",4.13859013
"Activation indis (ψn)",182,"iota_N1",15.1466546
"Activation targeted (ψw)",182,"iota_N2",0.79637284
"Half-life indis (ϕn)",182,"phi_N1",0.02500073
"Half-life targeted (ϕw)",182,"phi_N2",105.059519
"RBC replenishment (ρ)",183,"rho",0.2837596
"Burst size (β)",183,"burst",3.860701
"Activation indis (ψn)",183,"iota_N1",13.745342
"Activation targeted (ψw)",183,"iota_N2",0.75876141
"Half-life indis (ϕn)",183,"phi_N1",0.03984272
"Half-life targeted (ϕw)",183,"phi_N2",258.45942
"RBC replenishment (ρ)",184,"rho",0.36789397
"Burst size (β)",184,"burst",4.80657605
"Activation indis (ψn)",184,"iota_N1",16.9411567
"Activation targeted (ψw)",184,"iota_N2",0.59433205
"Half-life indis (ϕn)",184,"phi_N1",0.01505698
"Half-life targeted (ϕw)",184,"phi_N2",48.6682881
"RBC replenishment (ρ)",185,"rho",0.29213977
"Burst size (β)",185,"burst",4.72557946
"Activation indis (ψn)",185,"iota_N1",16.6295108
"Activation targeted (ψw)",185,"iota_N2",1.61913113
"Half-life indis (ϕn)",185,"phi_N1",0.13871139
"Half-life targeted (ϕw)",185,"phi_N2",518.164907
"RBC replenishment (ρ)",186,"rho",0.41281603
"Burst size (β)",186,"burst",6.03280858
"Activation indis (ψn)",186,"iota_N1",15.8163112
"Activation targeted (ψw)",186,"iota_N2",2.03858488
"Half-life indis (ϕn)",186,"phi_N1",0.06760747
"Half-life targeted (ϕw)",186,"phi_N2",1419.94967
"RBC replenishment (ρ)",187,"rho",0.25784214
"Burst size (β)",187,"burst",5.40866902
"Activation indis (ψn)",187,"iota_N1",16.5628589
"Activation targeted (ψw)",187,"iota_N2",1.1894571
"Half-life indis (ϕn)",187,"phi_N1",0.05559867
"Half-life targeted (ϕw)",187,"phi_N2",229.041363
"RBC replenishment (ρ)",188,"rho",0.18133808
"Burst size (β)",188,"burst",3.89245332
"Activation indis (ψn)",188,"iota_N1",23.6695891
"Activation targeted (ψw)",188,"iota_N2",0.8842982
"Half-life indis (ϕn)",188,"phi_N1",0.03585604
"Half-life targeted (ϕw)",188,"phi_N2",244.70474
"RBC replenishment (ρ)",189,"rho",0.40854295
"Burst size (β)",189,"burst",4.04218172
"Activation indis (ψn)",189,"iota_N1",11.3090452
"Activation targeted (ψw)",189,"iota_N2",0.67190926
"Half-life indis (ϕn)",189,"phi_N1",0.03851621
"Half-life targeted (ϕw)",189,"phi_N2",122.213747
"RBC replenishment (ρ)",190,"rho",0.33127728
"Burst size (β)",190,"burst",4.82732374
"Activation indis (ψn)",190,"iota_N1",10.4857106
"Activation targeted (ψw)",190,"iota_N2",0.6095968
"Half-life indis (ϕn)",190,"phi_N1",0.03406399
"Half-life targeted (ϕw)",190,"phi_N2",21.9638482
"RBC replenishment (ρ)",191,"rho",0.1861198
"Burst size (β)",191,"burst",4.80271617
"Activation indis (ψn)",191,"iota_N1",56.534238
"Activation targeted (ψw)",191,"iota_N2",2.03276291
"Half-life indis (ϕn)",191,"phi_N1",0.03349844
"Half-life targeted (ϕw)",191,"phi_N2",697.396496
"RBC replenishment (ρ)",192,"rho",0.49286754
"Burst size (β)",192,"burst",5.89584111
"Activation indis (ψn)",192,"iota_N1",46.1911474
"Activation targeted (ψw)",192,"iota_N2",2.59408962
"Half-life indis (ϕn)",192,"phi_N1",0.0349794
"Half-life targeted (ϕw)",192,"phi_N2",75.1279213
"RBC replenishment (ρ)",193,"rho",0.29243229
"Burst size (β)",193,"burst",5.20046507
"Activation indis (ψn)",193,"iota_N1",38.5490686
"Activation targeted (ψw)",193,"iota_N2",1.15783672
"Half-life indis (ϕn)",193,"phi_N1",0.03057412
"Half-life targeted (ϕw)",193,"phi_N2",134.599199
"RBC replenishment (ρ)",194,"rho",0.30724704
"Burst size (β)",194,"burst",3.99052892
"Activation indis (ψn)",194,"iota_N1",22.5257244
"Activation targeted (ψw)",194,"iota_N2",0.83408474
"Half-life indis (ϕn)",194,"phi_N1",0.03516103
"Half-life targeted (ϕw)",194,"phi_N2",6326.34366
"RBC replenishment (ρ)",195,"rho",0.27097458
"Burst size (β)",195,"burst",3.89857949
"Activation indis (ψn)",195,"iota_N1",15.932106
"Activation targeted (ψw)",195,"iota_N2",0.88663517
"Half-life indis (ϕn)",195,"phi_N1",0.02984899
"Half-life targeted (ϕw)",195,"phi_N2",3422.56986
"RBC replenishment (ρ)",196,"rho",0.30436642
"Burst size (β)",196,"burst",4.72889485
"Activation indis (ψn)",196,"iota_N1",14.1963371
"Activation targeted (ψw)",196,"iota_N2",0.52628053
"Half-life indis (ϕn)",196,"phi_N1",0.01464326
"Half-life targeted (ϕw)",196,"phi_N2",566.532868
"RBC replenishment (ρ)",197,"rho",0.16286263
"Burst size (β)",197,"burst",4.75833752
"Activation indis (ψn)",197,"iota_N1",23.5995791
"Activation targeted (ψw)",197,"iota_N2",2.18283878
"Half-life indis (ϕn)",197,"phi_N1",0.08234466
"Half-life targeted (ϕw)",197,"phi_N2",54300.3769
"RBC replenishment (ρ)",198,"rho",0.30414705
"Burst size (β)",198,"burst",6.09398262
"Activation indis (ψn)",198,"iota_N1",24.4989058
"Activation targeted (ψw)",198,"iota_N2",2.32429133
"Half-life indis (ϕn)",198,"phi_N1",0.039985
"Half-life targeted (ϕw)",198,"phi_N2",35356.9717
"RBC replenishment (ρ)",199,"rho",0.23014583
"Burst size (β)",199,"burst",5.45450649
"Activation indis (ψn)",199,"iota_N1",28.7545899
"Activation targeted (ψw)",199,"iota_N2",1.35034754
"Half-life indis (ϕn)",199,"phi_N1",0.0227618
"Half-life targeted (ϕw)",199,"phi_N2",7620.78441
"RBC replenishment (ρ)",200,"rho",0.32172333
"Burst size (β)",200,"burst",3.93565848
"Activation indis (ψn)",200,"iota_N1",371.212988
"Activation targeted (ψw)",200,"iota_N2",0.82769199
"Half-life indis (ϕn)",200,"phi_N1",0.00185451
"Half-life targeted (ϕw)",200,"phi_N2",220.31498
"RBC replenishment (ρ)",201,"rho",0.21310631
"Burst size (β)",201,"burst",3.94512647
"Activation indis (ψn)",201,"iota_N1",155.030423
"Activation targeted (ψw)",201,"iota_N2",0.68954926
"Half-life indis (ϕn)",201,"phi_N1",0.00206624
"Half-life targeted (ϕw)",201,"phi_N2",511.219464
"RBC replenishment (ρ)",202,"rho",0.39964199
"Burst size (β)",202,"burst",4.66824901
"Activation indis (ψn)",202,"iota_N1",134.11485
"Activation targeted (ψw)",202,"iota_N2",0.5122053
"Half-life indis (ϕn)",202,"phi_N1",0.0030511
"Half-life targeted (ϕw)",202,"phi_N2",162.398669
"RBC replenishment (ρ)",203,"rho",0.17753199
"Burst size (β)",203,"burst",4.53064717
"Activation indis (ψn)",203,"iota_N1",332.684845
"Activation targeted (ψw)",203,"iota_N2",2.44411932
"Half-life indis (ϕn)",203,"phi_N1",0.0079004
"Half-life targeted (ϕw)",203,"phi_N2",187.534267
"RBC replenishment (ρ)",204,"rho",0.43768147
"Burst size (β)",204,"burst",6.12935523
"Activation indis (ψn)",204,"iota_N1",139.353231
"Activation targeted (ψw)",204,"iota_N2",2.11339862
"Half-life indis (ϕn)",204,"phi_N1",0.00486324
"Half-life targeted (ϕw)",204,"phi_N2",59.2691847
"RBC replenishment (ρ)",205,"rho",0.44416643
"Burst size (β)",205,"burst",5.72585124
"Activation indis (ψn)",205,"iota_N1",209.51016
"Activation targeted (ψw)",205,"iota_N2",1.12315308
"Half-life indis (ϕn)",205,"phi_N1",0.0035542
"Half-life targeted (ϕw)",205,"phi_N2",42.4625663
"RBC replenishment (ρ)",206,"rho",0.33325466
"Burst size (β)",206,"burst",4.12494507
"Activation indis (ψn)",206,"iota_N1",30.6639962
"Activation targeted (ψw)",206,"iota_N2",0.77142245
"Half-life indis (ϕn)",206,"phi_N1",0.01970184
"Half-life targeted (ϕw)",206,"phi_N2",2027.13028
"RBC replenishment (ρ)",207,"rho",0.19857084
"Burst size (β)",207,"burst",3.92564345
"Activation indis (ψn)",207,"iota_N1",17.1193635
"Activation targeted (ψw)",207,"iota_N2",0.89447802
"Half-life indis (ϕn)",207,"phi_N1",0.01950406
"Half-life targeted (ϕw)",207,"phi_N2",3644.952
"RBC replenishment (ρ)",208,"rho",0.37941399
"Burst size (β)",208,"burst",4.83146375
"Activation indis (ψn)",208,"iota_N1",18.6353042
"Activation targeted (ψw)",208,"iota_N2",0.58119154
"Half-life indis (ϕn)",208,"phi_N1",0.0245788
"Half-life targeted (ϕw)",208,"phi_N2",4098.60948
"RBC replenishment (ρ)",209,"rho",0.20777895
"Burst size (β)",209,"burst",4.66281861
"Activation indis (ψn)",209,"iota_N1",29.3026635
"Activation targeted (ψw)",209,"iota_N2",2.07671067
"Half-life indis (ϕn)",209,"phi_N1",0.05960813
"Half-life targeted (ϕw)",209,"phi_N2",1183.9689
"RBC replenishment (ρ)",210,"rho",0.33537808
"Burst size (β)",210,"burst",6.06832781
"Activation indis (ψn)",210,"iota_N1",26.4289496
"Activation targeted (ψw)",210,"iota_N2",2.09740603
"Half-life indis (ϕn)",210,"phi_N1",0.0430054
"Half-life targeted (ϕw)",210,"phi_N2",1856.2201
"RBC replenishment (ρ)",211,"rho",0.34736324
"Burst size (β)",211,"burst",5.40747829
"Activation indis (ψn)",211,"iota_N1",9.20362763
"Activation targeted (ψw)",211,"iota_N2",1.06741317
"Half-life indis (ϕn)",211,"phi_N1",0.03773833
"Half-life targeted (ϕw)",211,"phi_N2",6631.6931
"RBC replenishment (ρ)",212,"rho",0.27808002
"Burst size (β)",212,"burst",4.14380472
"Activation indis (ψn)",212,"iota_N1",55.6557195
"Activation targeted (ψw)",212,"iota_N2",0.68349359
"Half-life indis (ϕn)",212,"phi_N1",0.01335112
"Half-life targeted (ϕw)",212,"phi_N2",37.101337
"RBC replenishment (ρ)",213,"rho",0.30229282
"Burst size (β)",213,"burst",3.89069705
"Activation indis (ψn)",213,"iota_N1",58.671098
"Activation targeted (ψw)",213,"iota_N2",0.77897378
"Half-life indis (ϕn)",213,"phi_N1",0.01193299
"Half-life targeted (ϕw)",213,"phi_N2",554.773667
"RBC replenishment (ρ)",214,"rho",0.42468531
"Burst size (β)",214,"burst",4.99674811
"Activation indis (ψn)",214,"iota_N1",56.0223422
"Activation targeted (ψw)",214,"iota_N2",0.45364796
"Half-life indis (ϕn)",214,"phi_N1",0.00445813
"Half-life targeted (ϕw)",214,"phi_N2",203.397773
"RBC replenishment (ρ)",215,"rho",0.2872929
"Burst size (β)",215,"burst",4.65969972
"Activation indis (ψn)",215,"iota_N1",64.2408848
"Activation targeted (ψw)",215,"iota_N2",2.05045889
"Half-life indis (ϕn)",215,"phi_N1",0.04189289
"Half-life targeted (ϕw)",215,"phi_N2",1835.75026
"RBC replenishment (ρ)",216,"rho",0.34171132
"Burst size (β)",216,"burst",5.96741337
"Activation indis (ψn)",216,"iota_N1",63.939305
"Activation targeted (ψw)",216,"iota_N2",2.26333555
"Half-life indis (ϕn)",216,"phi_N1",0.01588348
"Half-life targeted (ϕw)",216,"phi_N2",1007.3579
"RBC replenishment (ρ)",217,"rho",0.35678777
"Burst size (β)",217,"burst",5.57981772
"Activation indis (ψn)",217,"iota_N1",60.1755881
"Activation targeted (ψw)",217,"iota_N2",1.39679814
"Half-life indis (ϕn)",217,"phi_N1",0.0104189
"Half-life targeted (ϕw)",217,"phi_N2",29.7506957
"RBC replenishment (ρ)",218,"rho",0.25878219
"Burst size (β)",218,"burst",4.02418334
"Activation indis (ψn)",218,"iota_N1",4.36246038
"Activation targeted (ψw)",218,"iota_N2",0.95561351
"Half-life indis (ϕn)",218,"phi_N1",0.12937624
"Half-life targeted (ϕw)",218,"phi_N2",4785.31784
"RBC replenishment (ρ)",219,"rho",0.36378206
"Burst size (β)",219,"burst",4.04499041
"Activation indis (ψn)",219,"iota_N1",7.7540356
"Activation targeted (ψw)",219,"iota_N2",0.73675585
"Half-life indis (ϕn)",219,"phi_N1",0.12045286
"Half-life targeted (ϕw)",219,"phi_N2",542.692843
"RBC replenishment (ρ)",220,"rho",0.35241636
"Burst size (β)",220,"burst",4.81742463
"Activation indis (ψn)",220,"iota_N1",4.57293125
"Activation targeted (ψw)",220,"iota_N2",0.49490457
"Half-life indis (ϕn)",220,"phi_N1",0.04089088
"Half-life targeted (ϕw)",220,"phi_N2",5488.83754
"RBC replenishment (ρ)",221,"rho",0.21257237
"Burst size (β)",221,"burst",4.79204801
"Activation indis (ψn)",221,"iota_N1",23.6195206
"Activation targeted (ψw)",221,"iota_N2",1.95867088
"Half-life indis (ϕn)",221,"phi_N1",0.08936059
"Half-life targeted (ϕw)",221,"phi_N2",1146.8836
"RBC replenishment (ρ)",222,"rho",0.51624784
"Burst size (β)",222,"burst",6.28192971
"Activation indis (ψn)",222,"iota_N1",8.53613097
"Activation targeted (ψw)",222,"iota_N2",1.84770258
"Half-life indis (ϕn)",222,"phi_N1",0.10687761
"Half-life targeted (ϕw)",222,"phi_N2",1901.53457
"RBC replenishment (ρ)",223,"rho",0.32543468
"Burst size (β)",223,"burst",5.70194919
"Activation indis (ψn)",223,"iota_N1",10.9726183
"Activation targeted (ψw)",223,"iota_N2",0.85996186
"Half-life indis (ϕn)",223,"phi_N1",0.04312677
"Half-life targeted (ϕw)",223,"phi_N2",251.680613
"RBC replenishment (ρ)",224,"rho",0.27138361
"Burst size (β)",224,"burst",4.09181193
"Activation indis (ψn)",224,"iota_N1",4.32292722
"Activation targeted (ψw)",224,"iota_N2",0.645238
"Half-life indis (ϕn)",224,"phi_N1",0.13044506
"Half-life targeted (ϕw)",224,"phi_N2",3877.82637
"RBC replenishment (ρ)",225,"rho",0.41258427
"Burst size (β)",225,"burst",4.00377253
"Activation indis (ψn)",225,"iota_N1",9.46893223
"Activation targeted (ψw)",225,"iota_N2",0.83184035
"Half-life indis (ϕn)",225,"phi_N1",0.07422638
"Half-life targeted (ϕw)",225,"phi_N2",1090.98458
"RBC replenishment (ρ)",226,"rho",0.36875814
"Burst size (β)",226,"burst",4.70407665
"Activation indis (ψn)",226,"iota_N1",4.15098378
"Activation targeted (ψw)",226,"iota_N2",0.7436486
"Half-life indis (ϕn)",226,"phi_N1",0.04780798
"Half-life targeted (ϕw)",226,"phi_N2",11.9809832
"RBC replenishment (ρ)",227,"rho",0.14517449
"Burst size (β)",227,"burst",4.83665075
"Activation indis (ψn)",227,"iota_N1",10.0780892
"Activation targeted (ψw)",227,"iota_N2",2.06305859
"Half-life indis (ϕn)",227,"phi_N1",0.20162074
"Half-life targeted (ϕw)",227,"phi_N2",293.3421
"RBC replenishment (ρ)",228,"rho",0.37573881
"Burst size (β)",228,"burst",6.08325429
"Activation indis (ψn)",228,"iota_N1",13.2405721
"Activation targeted (ψw)",228,"iota_N2",1.98416908
"Half-life indis (ϕn)",228,"phi_N1",0.08171897
"Half-life targeted (ϕw)",228,"phi_N2",1999.959
"RBC replenishment (ρ)",229,"rho",0.30293878
"Burst size (β)",229,"burst",5.51538741
"Activation indis (ψn)",229,"iota_N1",7.37237898
"Activation targeted (ψw)",229,"iota_N2",1.16344282
"Half-life indis (ϕn)",229,"phi_N1",0.10487646
"Half-life targeted (ϕw)",229,"phi_N2",729.938129
"RBC replenishment (ρ)",230,"rho",0.31918966
"Burst size (β)",230,"burst",4.00949789
"Activation indis (ψn)",230,"iota_N1",28.8261743
"Activation targeted (ψw)",230,"iota_N2",0.70971477
"Half-life indis (ϕn)",230,"phi_N1",0.02891971
"Half-life targeted (ϕw)",230,"phi_N2",1454.01296
"RBC replenishment (ρ)",231,"rho",0.3172928
"Burst size (β)",231,"burst",4.03823917
"Activation indis (ψn)",231,"iota_N1",28.0250115
"Activation targeted (ψw)",231,"iota_N2",0.84802328
"Half-life indis (ϕn)",231,"phi_N1",0.02291924
"Half-life targeted (ϕw)",231,"phi_N2",763.516522
"RBC replenishment (ρ)",232,"rho",0.41857161
"Burst size (β)",232,"burst",4.82493124
"Activation indis (ψn)",232,"iota_N1",28.2311621
"Activation targeted (ψw)",232,"iota_N2",0.43739821
"Half-life indis (ϕn)",232,"phi_N1",0.01632842
"Half-life targeted (ϕw)",232,"phi_N2",1271.64977
"RBC replenishment (ρ)",233,"rho",0.23232512
"Burst size (β)",233,"burst",4.68874962
"Activation indis (ψn)",233,"iota_N1",32.2463473
"Activation targeted (ψw)",233,"iota_N2",1.90635035
"Half-life indis (ϕn)",233,"phi_N1",0.06955102
"Half-life targeted (ϕw)",233,"phi_N2",628.939569
"RBC replenishment (ρ)",234,"rho",0.50800911
"Burst size (β)",234,"burst",5.98994423
"Activation indis (ψn)",234,"iota_N1",20.843157
"Activation targeted (ψw)",234,"iota_N2",1.75287188
"Half-life indis (ϕn)",234,"phi_N1",0.04284886
"Half-life targeted (ϕw)",234,"phi_N2",1506.32024
"RBC replenishment (ρ)",235,"rho",0.3700196
"Burst size (β)",235,"burst",5.58838981
"Activation indis (ψn)",235,"iota_N1",23.2596125
"Activation targeted (ψw)",235,"iota_N2",0.98988303
"Half-life indis (ϕn)",235,"phi_N1",0.03403257
"Half-life targeted (ϕw)",235,"phi_N2",10231.8908
"RBC replenishment (ρ)",236,"rho",0.30496657
"Burst size (β)",236,"burst",3.91740491
"Activation indis (ψn)",236,"iota_N1",21.611421
"Activation targeted (ψw)",236,"iota_N2",0.72870241
"Half-life indis (ϕn)",236,"phi_N1",0.02978611
"Half-life targeted (ϕw)",236,"phi_N2",822.797198
"RBC replenishment (ρ)",237,"rho",0.25172241
"Burst size (β)",237,"burst",3.89250108
"Activation indis (ψn)",237,"iota_N1",18.3819899
"Activation targeted (ψw)",237,"iota_N2",0.80222061
"Half-life indis (ϕn)",237,"phi_N1",0.02592477
"Half-life targeted (ϕw)",237,"phi_N2",706.268232
"RBC replenishment (ρ)",238,"rho",0.36750804
"Burst size (β)",238,"burst",4.65998789
"Activation indis (ψn)",238,"iota_N1",17.7793319
"Activation targeted (ψw)",238,"iota_N2",0.57475787
"Half-life indis (ϕn)",238,"phi_N1",0.03240733
"Half-life targeted (ϕw)",238,"phi_N2",7483.93489
"RBC replenishment (ρ)",239,"rho",0.17942093
"Burst size (β)",239,"burst",4.58387269
"Activation indis (ψn)",239,"iota_N1",66.1122067
"Activation targeted (ψw)",239,"iota_N2",1.55879037
"Half-life indis (ϕn)",239,"phi_N1",0.02377296
"Half-life targeted (ϕw)",239,"phi_N2",2021.96908
"RBC replenishment (ρ)",240,"rho",0.42734521
"Burst size (β)",240,"burst",5.82154735
"Activation indis (ψn)",240,"iota_N1",59.2357429
"Activation targeted (ψw)",240,"iota_N2",2.39533021
"Half-life indis (ϕn)",240,"phi_N1",0.03146133
"Half-life targeted (ϕw)",240,"phi_N2",557.236889
"RBC replenishment (ρ)",241,"rho",0.34746563
"Burst size (β)",241,"burst",5.54881138
"Activation indis (ψn)",241,"iota_N1",15.8728058
"Activation targeted (ψw)",241,"iota_N2",1.15340677
"Half-life indis (ϕn)",241,"phi_N1",0.03054342
"Half-life targeted (ϕw)",241,"phi_N2",1662.83857
"RBC replenishment (ρ)",242,"rho",0.26082197
"Burst size (β)",242,"burst",3.98624426
"Activation indis (ψn)",242,"iota_N1",18.7349083
"Activation targeted (ψw)",242,"iota_N2",0.93443969
"Half-life indis (ϕn)",242,"phi_N1",0.05676188
"Half-life targeted (ϕw)",242,"phi_N2",1345.20929
"RBC replenishment (ρ)",243,"rho",0.19333453
"Burst size (β)",243,"burst",3.9963
"Activation indis (ψn)",243,"iota_N1",5.96869106
"Activation targeted (ψw)",243,"iota_N2",0.84770264
"Half-life indis (ϕn)",243,"phi_N1",0.05420273
"Half-life targeted (ϕw)",243,"phi_N2",900.746471
"RBC replenishment (ρ)",244,"rho",0.33682498
"Burst size (β)",244,"burst",4.81109549
"Activation indis (ψn)",244,"iota_N1",1.72599353
"Activation targeted (ψw)",244,"iota_N2",0.35287487
"Half-life indis (ϕn)",244,"phi_N1",0.13685643
"Half-life targeted (ϕw)",244,"phi_N2",540.986103
"RBC replenishment (ρ)",245,"rho",0.17830758
"Burst size (β)",245,"burst",4.5888727
"Activation indis (ψn)",245,"iota_N1",32.9525479
"Activation targeted (ψw)",245,"iota_N2",1.84479251
"Half-life indis (ϕn)",245,"phi_N1",0.06968272
"Half-life targeted (ϕw)",245,"phi_N2",496.182083
"RBC replenishment (ρ)",246,"rho",0.34705064
"Burst size (β)",246,"burst",6.05214429
"Activation indis (ψn)",246,"iota_N1",53.4847079
"Activation targeted (ψw)",246,"iota_N2",2.19449215
"Half-life indis (ϕn)",246,"phi_N1",0.02367008
"Half-life targeted (ϕw)",246,"phi_N2",678.541799
"RBC replenishment (ρ)",247,"rho",0.29319185
"Burst size (β)",247,"burst",5.50767097
"Activation indis (ψn)",247,"iota_N1",10.7604413
"Activation targeted (ψw)",247,"iota_N2",1.12514156
"Half-life indis (ϕn)",247,"phi_N1",0.0358264
"Half-life targeted (ϕw)",247,"phi_N2",748.557597
"RBC replenishment (ρ)",248,"rho",0.26111773
"Burst size (β)",248,"burst",3.98989712
"Activation indis (ψn)",248,"iota_N1",12.133058
"Activation targeted (ψw)",248,"iota_N2",0.90392567
"Half-life indis (ϕn)",248,"phi_N1",0.05039187
"Half-life targeted (ϕw)",248,"phi_N2",489.010902
"RBC replenishment (ρ)",249,"rho",0.35685536
"Burst size (β)",249,"burst",3.83257432
"Activation indis (ψn)",249,"iota_N1",20.3454995
"Activation targeted (ψw)",249,"iota_N2",0.86264872
"Half-life indis (ϕn)",249,"phi_N1",0.04937896
"Half-life targeted (ϕw)",249,"phi_N2",131.783982
"RBC replenishment (ρ)",250,"rho",0.4327203
"Burst size (β)",250,"burst",4.77846095
"Activation indis (ψn)",250,"iota_N1",3.99803988
"Activation targeted (ψw)",250,"iota_N2",0.4526721
"Half-life indis (ϕn)",250,"phi_N1",0.03277537
"Half-life targeted (ϕw)",250,"phi_N2",61.814385
"RBC replenishment (ρ)",251,"rho",0.22899448
"Burst size (β)",251,"burst",4.3744304
"Activation indis (ψn)",251,"iota_N1",48.0614143
"Activation targeted (ψw)",251,"iota_N2",2.26304057
"Half-life indis (ϕn)",251,"phi_N1",0.05253675
"Half-life targeted (ϕw)",251,"phi_N2",285.711247
"RBC replenishment (ρ)",252,"rho",0.34628005
"Burst size (β)",252,"burst",5.96143606
"Activation indis (ψn)",252,"iota_N1",20.2315426
"Activation targeted (ψw)",252,"iota_N2",1.88307273
"Half-life indis (ϕn)",252,"phi_N1",0.0468092
"Half-life targeted (ϕw)",252,"phi_N2",240.971473
"RBC replenishment (ρ)",253,"rho",0.32477059
"Burst size (β)",253,"burst",5.64701138
"Activation indis (ψn)",253,"iota_N1",17.9378159
"Activation targeted (ψw)",253,"iota_N2",0.87718216
"Half-life indis (ϕn)",253,"phi_N1",0.02309546
"Half-life targeted (ϕw)",253,"phi_N2",143.440205
"RBC replenishment (ρ)",254,"rho",0.46151126
"Burst size (β)",254,"burst",3.93777931
"Activation indis (ψn)",254,"iota_N1",51.4710457
"Activation targeted (ψw)",254,"iota_N2",0.85921041
"Half-life indis (ϕn)",254,"phi_N1",0.02103089
"Half-life targeted (ϕw)",254,"phi_N2",81.5987763
"RBC replenishment (ρ)",255,"rho",0.24388092
"Burst size (β)",255,"burst",3.75992167
"Activation indis (ψn)",255,"iota_N1",26.483826
"Activation targeted (ψw)",255,"iota_N2",0.94479584
"Half-life indis (ϕn)",255,"phi_N1",0.01693333
"Half-life targeted (ϕw)",255,"phi_N2",41.5796979
"RBC replenishment (ρ)",256,"rho",0.48333251
"Burst size (β)",256,"burst",4.73090293
"Activation indis (ψn)",256,"iota_N1",32.8969312
"Activation targeted (ψw)",256,"iota_N2",0.50958969
"Half-life indis (ϕn)",256,"phi_N1",0.01040056
"Half-life targeted (ϕw)",256,"phi_N2",69.1534093
"RBC replenishment (ρ)",257,"rho",0.26579843
"Burst size (β)",257,"burst",4.62178472
"Activation indis (ψn)",257,"iota_N1",83.0450055
"Activation targeted (ψw)",257,"iota_N2",1.95289595
"Half-life indis (ϕn)",257,"phi_N1",0.03879912
"Half-life targeted (ϕw)",257,"phi_N2",178.835034
"RBC replenishment (ρ)",258,"rho",0.40557536
"Burst size (β)",258,"burst",6.09289273
"Activation indis (ψn)",258,"iota_N1",38.6876239
"Activation targeted (ψw)",258,"iota_N2",1.76135214
"Half-life indis (ϕn)",258,"phi_N1",0.02079443
"Half-life targeted (ϕw)",258,"phi_N2",153.567281
"RBC replenishment (ρ)",259,"rho",0.20076005
"Burst size (β)",259,"burst",5.60020822
"Activation indis (ψn)",259,"iota_N1",21.8697019
"Activation targeted (ψw)",259,"iota_N2",1.4449366
"Half-life indis (ϕn)",259,"phi_N1",0.01782261
"Half-life targeted (ϕw)",259,"phi_N2",30.6881393
"RBC replenishment (ρ)",260,"rho",0.34020336
"Burst size (β)",260,"burst",4.00845876
"Activation indis (ψn)",260,"iota_N1",10.7121786
"Activation targeted (ψw)",260,"iota_N2",0.78732941
"Half-life indis (ϕn)",260,"phi_N1",0.0507306
"Half-life targeted (ϕw)",260,"phi_N2",10167.6065
"RBC replenishment (ρ)",261,"rho",0.25036514
"Burst size (β)",261,"burst",3.86853102
"Activation indis (ψn)",261,"iota_N1",27.8618772
"Activation targeted (ψw)",261,"iota_N2",0.81394226
"Half-life indis (ϕn)",261,"phi_N1",0.01816969
"Half-life targeted (ϕw)",261,"phi_N2",5903.0178
"RBC replenishment (ρ)",262,"rho",0.35097101
"Burst size (β)",262,"burst",4.7031521
"Activation indis (ψn)",262,"iota_N1",6.3311178
"Activation targeted (ψw)",262,"iota_N2",0.5616563
"Half-life indis (ϕn)",262,"phi_N1",0.04165044
"Half-life targeted (ϕw)",262,"phi_N2",12948.3539
"RBC replenishment (ρ)",263,"rho",0.18105715
"Burst size (β)",263,"burst",4.64734805
"Activation indis (ψn)",263,"iota_N1",34.2937567
"Activation targeted (ψw)",263,"iota_N2",2.21626033
"Half-life indis (ϕn)",263,"phi_N1",0.04944433
"Half-life targeted (ϕw)",263,"phi_N2",15973.5286
"RBC replenishment (ρ)",264,"rho",0.35909763
"Burst size (β)",264,"burst",6.17770481
"Activation indis (ψn)",264,"iota_N1",15.3589729
"Activation targeted (ψw)",264,"iota_N2",1.80795504
"Half-life indis (ϕn)",264,"phi_N1",0.06557691
"Half-life targeted (ϕw)",264,"phi_N2",11402.4841
"RBC replenishment (ρ)",265,"rho",0.30426227
"Burst size (β)",265,"burst",5.53679434
"Activation indis (ψn)",265,"iota_N1",14.507244
"Activation targeted (ψw)",265,"iota_N2",1.17547162
"Half-life indis (ϕn)",265,"phi_N1",0.0226823
"Half-life targeted (ϕw)",265,"phi_N2",3033.27008
"RBC replenishment (ρ)",266,"rho",0.31153083
"Burst size (β)",266,"burst",4.05428814
"Activation indis (ψn)",266,"iota_N1",10.0649356
"Activation targeted (ψw)",266,"iota_N2",0.78237743
"Half-life indis (ϕn)",266,"phi_N1",0.03204791
"Half-life targeted (ϕw)",266,"phi_N2",301.262965
"RBC replenishment (ρ)",267,"rho",0.30332994
"Burst size (β)",267,"burst",3.8953075
"Activation indis (ψn)",267,"iota_N1",9.59398437
"Activation targeted (ψw)",267,"iota_N2",0.78066234
"Half-life indis (ϕn)",267,"phi_N1",0.05547996
"Half-life targeted (ϕw)",267,"phi_N2",172.599088
"RBC replenishment (ρ)",268,"rho",0.33991256
"Burst size (β)",268,"burst",4.76554573
"Activation indis (ψn)",268,"iota_N1",9.19681808
"Activation targeted (ψw)",268,"iota_N2",0.5484422
"Half-life indis (ϕn)",268,"phi_N1",0.02350343
"Half-life targeted (ϕw)",268,"phi_N2",69.3358469
"RBC replenishment (ρ)",269,"rho",0.18815157
"Burst size (β)",269,"burst",4.56986215
"Activation indis (ψn)",269,"iota_N1",8.78155847
"Activation targeted (ψw)",269,"iota_N2",2.29721036
"Half-life indis (ϕn)",269,"phi_N1",0.20854721
"Half-life targeted (ϕw)",269,"phi_N2",105.960834
"RBC replenishment (ρ)",270,"rho",0.33320916
"Burst size (β)",270,"burst",6.11266443
"Activation indis (ψn)",270,"iota_N1",10.055815
"Activation targeted (ψw)",270,"iota_N2",2.11966463
"Half-life indis (ϕn)",270,"phi_N1",0.07647653
"Half-life targeted (ϕw)",270,"phi_N2",240.52871
"RBC replenishment (ρ)",271,"rho",0.33171848
"Burst size (β)",271,"burst",5.53101426
"Activation indis (ψn)",271,"iota_N1",8.35535114
"Activation targeted (ψw)",271,"iota_N2",1.1925682
"Half-life indis (ϕn)",271,"phi_N1",0.05597698
"Half-life targeted (ϕw)",271,"phi_N2",126.381607
"RBC replenishment (ρ)",272,"rho",0.35439202
"Burst size (β)",272,"burst",4.01683029
"Activation indis (ψn)",272,"iota_N1",5.7404158
"Activation targeted (ψw)",272,"iota_N2",0.79493601
"Half-life indis (ϕn)",272,"phi_N1",0.14979071
"Half-life targeted (ϕw)",272,"phi_N2",131.843716
"RBC replenishment (ρ)",273,"rho",0.25345077
"Burst size (β)",273,"burst",3.99821701
"Activation indis (ψn)",273,"iota_N1",2.93473361
"Activation targeted (ψw)",273,"iota_N2",0.91773315
"Half-life indis (ϕn)",273,"phi_N1",0.1360534
"Half-life targeted (ϕw)",273,"phi_N2",64.4373042
"RBC replenishment (ρ)",274,"rho",0.29022883
"Burst size (β)",274,"burst",4.6422331
"Activation indis (ψn)",274,"iota_N1",2.33761198
"Activation targeted (ψw)",274,"iota_N2",0.69024741
"Half-life indis (ϕn)",274,"phi_N1",0.15077499
"Half-life targeted (ϕw)",274,"phi_N2",106.677718
"RBC replenishment (ρ)",275,"rho",0.28388695
"Burst size (β)",275,"burst",4.68599574
"Activation indis (ψn)",275,"iota_N1",18.4432327
"Activation targeted (ψw)",275,"iota_N2",1.90397439
"Half-life indis (ϕn)",275,"phi_N1",0.13776206
"Half-life targeted (ϕw)",275,"phi_N2",1728.45238
"RBC replenishment (ρ)",276,"rho",0.40774818
"Burst size (β)",276,"burst",6.06456975
"Activation indis (ψn)",276,"iota_N1",10.2278036
"Activation targeted (ψw)",276,"iota_N2",1.90986558
"Half-life indis (ϕn)",276,"phi_N1",0.1683532
"Half-life targeted (ϕw)",276,"phi_N2",7427.30799
"RBC replenishment (ρ)",277,"rho",0.36650703
"Burst size (β)",277,"burst",5.50960791
"Activation indis (ψn)",277,"iota_N1",2.88841445
"Activation targeted (ψw)",277,"iota_N2",1.049176
"Half-life indis (ϕn)",277,"phi_N1",0.17227026
"Half-life targeted (ϕw)",277,"phi_N2",98.7230676
"RBC replenishment (ρ)",278,"rho",0.2929797
"Burst size (β)",278,"burst",3.89956246
"Activation indis (ψn)",278,"iota_N1",460.369588
"Activation targeted (ψw)",278,"iota_N2",0.98430504
"Half-life indis (ϕn)",278,"phi_N1",0.00219432
"Half-life targeted (ϕw)",278,"phi_N2",828.841511
"RBC replenishment (ρ)",279,"rho",0.35062514
"Burst size (β)",279,"burst",3.98005517
"Activation indis (ψn)",279,"iota_N1",138.865632
"Activation targeted (ψw)",279,"iota_N2",0.78401188
"Half-life indis (ϕn)",279,"phi_N1",0.00302881
"Half-life targeted (ϕw)",279,"phi_N2",109.646881
"RBC replenishment (ρ)",280,"rho",0.35600906
"Burst size (β)",280,"burst",4.72794042
"Activation indis (ψn)",280,"iota_N1",269.802995
"Activation targeted (ψw)",280,"iota_N2",0.44377636
"Half-life indis (ϕn)",280,"phi_N1",0.00183741
"Half-life targeted (ϕw)",280,"phi_N2",756.948913
"RBC replenishment (ρ)",281,"rho",0.19053332
"Burst size (β)",281,"burst",4.85484908
"Activation indis (ψn)",281,"iota_N1",515.530477
"Activation targeted (ψw)",281,"iota_N2",2.07309146
"Half-life indis (ϕn)",281,"phi_N1",0.0033692
"Half-life targeted (ϕw)",281,"phi_N2",868.963629
"RBC replenishment (ρ)",282,"rho",0.38685779
"Burst size (β)",282,"burst",6.11321031
"Activation indis (ψn)",282,"iota_N1",143.011973
"Activation targeted (ψw)",282,"iota_N2",1.71787653
"Half-life indis (ϕn)",282,"phi_N1",0.00523262
"Half-life targeted (ϕw)",282,"phi_N2",345.061624
"RBC replenishment (ρ)",283,"rho",0.29762381
"Burst size (β)",283,"burst",5.42823843
"Activation indis (ψn)",283,"iota_N1",247.227799
"Activation targeted (ψw)",283,"iota_N2",1.2183044
"Half-life indis (ϕn)",283,"phi_N1",0.00314036
"Half-life targeted (ϕw)",283,"phi_N2",333.555313
"RBC replenishment (ρ)",284,"rho",0.27046928
"Burst size (β)",284,"burst",3.97945822
"Activation indis (ψn)",284,"iota_N1",5.89040149
"Activation targeted (ψw)",284,"iota_N2",0.79375365
"Half-life indis (ϕn)",284,"phi_N1",0.13791154
"Half-life targeted (ϕw)",284,"phi_N2",1149.52527
"RBC replenishment (ρ)",285,"rho",0.34840789
"Burst size (β)",285,"burst",3.71179362
"Activation indis (ψn)",285,"iota_N1",15.3364366
"Activation targeted (ψw)",285,"iota_N2",0.93383996
"Half-life indis (ϕn)",285,"phi_N1",0.0830069
"Half-life targeted (ϕw)",285,"phi_N2",174.13449
"RBC replenishment (ρ)",286,"rho",0.33778782
"Burst size (β)",286,"burst",4.76149283
"Activation indis (ψn)",286,"iota_N1",7.88268972
"Activation targeted (ψw)",286,"iota_N2",0.62036479
"Half-life indis (ϕn)",286,"phi_N1",0.0158368
"Half-life targeted (ϕw)",286,"phi_N2",80.1834553
"RBC replenishment (ρ)",287,"rho",0.23953427
"Burst size (β)",287,"burst",4.48326115
"Activation indis (ψn)",287,"iota_N1",5.99734462
"Activation targeted (ψw)",287,"iota_N2",2.13695181
"Half-life indis (ϕn)",287,"phi_N1",0.56095834
"Half-life targeted (ϕw)",287,"phi_N2",9241.47131
"RBC replenishment (ρ)",288,"rho",0.38296326
"Burst size (β)",288,"burst",6.06093398
"Activation indis (ψn)",288,"iota_N1",4.77516853
"Activation targeted (ψw)",288,"iota_N2",1.73715233
"Half-life indis (ϕn)",288,"phi_N1",0.14043319
"Half-life targeted (ϕw)",288,"phi_N2",7617.58912
"RBC replenishment (ρ)",289,"rho",0.37603588
"Burst size (β)",289,"burst",5.55019905
"Activation indis (ψn)",289,"iota_N1",6.37548055
"Activation targeted (ψw)",289,"iota_N2",0.90469313
"Half-life indis (ϕn)",289,"phi_N1",0.05071314
"Half-life targeted (ϕw)",289,"phi_N2",391.686338
"RBC replenishment (ρ)",290,"rho",0.34880314
"Burst size (β)",290,"burst",4.01328652
"Activation indis (ψn)",290,"iota_N1",14.0455008
"Activation targeted (ψw)",290,"iota_N2",0.9299879
"Half-life indis (ϕn)",290,"phi_N1",0.05788746
"Half-life targeted (ϕw)",290,"phi_N2",1125.97123
"RBC replenishment (ρ)",291,"rho",0.29269108
"Burst size (β)",291,"burst",3.85586682
"Activation indis (ψn)",291,"iota_N1",16.4317128
"Activation targeted (ψw)",291,"iota_N2",0.50154197
"Half-life indis (ϕn)",291,"phi_N1",0.02176273
"Half-life targeted (ϕw)",291,"phi_N2",974.252827
"RBC replenishment (ρ)",292,"rho",0.36983572
"Burst size (β)",292,"burst",4.72059109
"Activation indis (ψn)",292,"iota_N1",15.1359498
"Activation targeted (ψw)",292,"iota_N2",0.42172845
"Half-life indis (ϕn)",292,"phi_N1",0.01928054
"Half-life targeted (ϕw)",292,"phi_N2",886.869538
"RBC replenishment (ρ)",293,"rho",0.1926189
"Burst size (β)",293,"burst",4.5192185
"Activation indis (ψn)",293,"iota_N1",16.661869
"Activation targeted (ψw)",293,"iota_N2",2.12712063
"Half-life indis (ϕn)",293,"phi_N1",0.11145897
"Half-life targeted (ϕw)",293,"phi_N2",829.634914
"RBC replenishment (ρ)",294,"rho",0.46685635
"Burst size (β)",294,"burst",5.9621659
"Activation indis (ψn)",294,"iota_N1",11.4992096
"Activation targeted (ψw)",294,"iota_N2",1.89599059
"Half-life indis (ϕn)",294,"phi_N1",0.07027105
"Half-life targeted (ϕw)",294,"phi_N2",2629.44376
"RBC replenishment (ρ)",295,"rho",0.27917767
"Burst size (β)",295,"burst",5.57931773
"Activation indis (ψn)",295,"iota_N1",16.1682304
"Activation targeted (ψw)",295,"iota_N2",0.85847572
"Half-life indis (ϕn)",295,"phi_N1",0.01647957
"Half-life targeted (ϕw)",295,"phi_N2",1371.37745
"RBC replenishment (ρ)",296,"rho",0.21718107
"Burst size (β)",296,"burst",4.03634932
"Activation indis (ψn)",296,"iota_N1",60.863204
"Activation targeted (ψw)",296,"iota_N2",0.9332074
"Half-life indis (ϕn)",296,"phi_N1",0.00884852
"Half-life targeted (ϕw)",296,"phi_N2",94.8553955
"RBC replenishment (ρ)",297,"rho",0.35996634
"Burst size (β)",297,"burst",3.95972607
"Activation indis (ψn)",297,"iota_N1",72.6108446
"Activation targeted (ψw)",297,"iota_N2",0.81990633
"Half-life indis (ϕn)",297,"phi_N1",0.00937932
"Half-life targeted (ϕw)",297,"phi_N2",314.626288
"RBC replenishment (ρ)",298,"rho",0.39308058
"Burst size (β)",298,"burst",4.852716
"Activation indis (ψn)",298,"iota_N1",65.5817846
"Activation targeted (ψw)",298,"iota_N2",0.4422649
"Half-life indis (ϕn)",298,"phi_N1",0.00510142
"Half-life targeted (ϕw)",298,"phi_N2",364.772305
"RBC replenishment (ρ)",299,"rho",0.28699644
"Burst size (β)",299,"burst",4.57570356
"Activation indis (ψn)",299,"iota_N1",110.619159
"Activation targeted (ψw)",299,"iota_N2",2.05192128
"Half-life indis (ϕn)",299,"phi_N1",0.02186002
"Half-life targeted (ϕw)",299,"phi_N2",370.416851
"RBC replenishment (ρ)",300,"rho",0.36789266
"Burst size (β)",300,"burst",6.00261191
"Activation indis (ψn)",300,"iota_N1",66.1529445
"Activation targeted (ψw)",300,"iota_N2",1.88847046
"Half-life indis (ϕn)",300,"phi_N1",0.01634086
"Half-life targeted (ϕw)",300,"phi_N2",122.711116
"RBC replenishment (ρ)",301,"rho",0.30865057
"Burst size (β)",301,"burst",5.53487306
"Activation indis (ψn)",301,"iota_N1",53.9161143
"Activation targeted (ψw)",301,"iota_N2",1.10353505
"Half-life indis (ϕn)",301,"phi_N1",0.0121277
"Half-life targeted (ϕw)",301,"phi_N2",62.8549542
"RBC replenishment (ρ)",302,"rho",0.19717749
"Burst size (β)",302,"burst",3.94352386
"Activation indis (ψn)",302,"iota_N1",11.3157889
"Activation targeted (ψw)",302,"iota_N2",0.77274881
"Half-life indis (ϕn)",302,"phi_N1",0.03795379
"Half-life targeted (ϕw)",302,"phi_N2",4337.91903
"RBC replenishment (ρ)",303,"rho",0.34670133
"Burst size (β)",303,"burst",3.95409046
"Activation indis (ψn)",303,"iota_N1",13.6606621
"Activation targeted (ψw)",303,"iota_N2",0.81520726
"Half-life indis (ϕn)",303,"phi_N1",0.04051421
"Half-life targeted (ϕw)",303,"phi_N2",1358.51324
"RBC replenishment (ρ)",304,"rho",0.34479687
"Burst size (β)",304,"burst",4.78522763
"Activation indis (ψn)",304,"iota_N1",7.00774555
"Activation targeted (ψw)",304,"iota_N2",0.38287874
"Half-life indis (ϕn)",304,"phi_N1",0.03963019
"Half-life targeted (ϕw)",304,"phi_N2",4606.52166
"RBC replenishment (ρ)",305,"rho",0.18651712
"Burst size (β)",305,"burst",4.59125076
"Activation indis (ψn)",305,"iota_N1",51.2140766
"Activation targeted (ψw)",305,"iota_N2",2.02448209
"Half-life indis (ϕn)",305,"phi_N1",0.03937045
"Half-life targeted (ϕw)",305,"phi_N2",6746.94007
"RBC replenishment (ρ)",306,"rho",0.433109
"Burst size (β)",306,"burst",6.05444724
"Activation indis (ψn)",306,"iota_N1",27.5737317
"Activation targeted (ψw)",306,"iota_N2",1.97375722
"Half-life indis (ϕn)",306,"phi_N1",0.04289905
"Half-life targeted (ϕw)",306,"phi_N2",138.830515
"RBC replenishment (ρ)",307,"rho",0.30152179
"Burst size (β)",307,"burst",5.52032241
"Activation indis (ψn)",307,"iota_N1",12.8710866
"Activation targeted (ψw)",307,"iota_N2",1.02411988
"Half-life indis (ϕn)",307,"phi_N1",0.04062134
"Half-life targeted (ϕw)",307,"phi_N2",16056.2747
"RBC replenishment (ρ)",308,"rho",0.35198541
"Burst size (β)",308,"burst",3.93742043
"Activation indis (ψn)",308,"iota_N1",27.7477126
"Activation targeted (ψw)",308,"iota_N2",0.72787925
"Half-life indis (ϕn)",308,"phi_N1",0.02766831
"Half-life targeted (ϕw)",308,"phi_N2",1005.74338
"RBC replenishment (ρ)",309,"rho",0.22386469
"Burst size (β)",309,"burst",3.88035124
"Activation indis (ψn)",309,"iota_N1",19.2835452
"Activation targeted (ψw)",309,"iota_N2",0.94995745
"Half-life indis (ϕn)",309,"phi_N1",0.01738484
"Half-life targeted (ϕw)",309,"phi_N2",10656.1482
"RBC replenishment (ρ)",310,"rho",0.36382179
"Burst size (β)",310,"burst",4.91949676
"Activation indis (ψn)",310,"iota_N1",21.1689269
"Activation targeted (ψw)",310,"iota_N2",0.48157543
"Half-life indis (ϕn)",310,"phi_N1",0.0115463
"Half-life targeted (ϕw)",310,"phi_N2",3719.78019
"RBC replenishment (ρ)",311,"rho",0.31361642
"Burst size (β)",311,"burst",4.45524569
"Activation indis (ψn)",311,"iota_N1",17.7073354
"Activation targeted (ψw)",311,"iota_N2",2.01932107
"Half-life indis (ϕn)",311,"phi_N1",0.22692333
"Half-life targeted (ϕw)",311,"phi_N2",1746.03046
"RBC replenishment (ρ)",312,"rho",0.39212891
"Burst size (β)",312,"burst",6.08975174
"Activation indis (ψn)",312,"iota_N1",20.4799659
"Activation targeted (ψw)",312,"iota_N2",1.91961233
"Half-life indis (ϕn)",312,"phi_N1",0.0356123
"Half-life targeted (ϕw)",312,"phi_N2",22258.523
"RBC replenishment (ρ)",313,"rho",0.37532756
"Burst size (β)",313,"burst",5.54517791
"Activation indis (ψn)",313,"iota_N1",24.9779299
"Activation targeted (ψw)",313,"iota_N2",0.87957857
"Half-life indis (ϕn)",313,"phi_N1",0.01526581
"Half-life targeted (ϕw)",313,"phi_N2",44836.58
"RBC replenishment (ρ)",314,"rho",0.31682153
"Burst size (β)",314,"burst",3.92362194
"Activation indis (ψn)",314,"iota_N1",13.7222897
"Activation targeted (ψw)",314,"iota_N2",0.79455402
"Half-life indis (ϕn)",314,"phi_N1",0.07385603
"Half-life targeted (ϕw)",314,"phi_N2",307.312616
"RBC replenishment (ρ)",315,"rho",0.42264013
"Burst size (β)",315,"burst",4.10708012
"Activation indis (ψn)",315,"iota_N1",12.9397132
"Activation targeted (ψw)",315,"iota_N2",0.69890994
"Half-life indis (ϕn)",315,"phi_N1",0.04035323
"Half-life targeted (ϕw)",315,"phi_N2",58.5164011
"RBC replenishment (ρ)",316,"rho",0.40866092
"Burst size (β)",316,"burst",4.90801026
"Activation indis (ψn)",316,"iota_N1",9.55928925
"Activation targeted (ψw)",316,"iota_N2",0.57453813
"Half-life indis (ϕn)",316,"phi_N1",0.01971989
"Half-life targeted (ϕw)",316,"phi_N2",28.4066416
"RBC replenishment (ρ)",317,"rho",0.18485352
"Burst size (β)",317,"burst",4.65070216
"Activation indis (ψn)",317,"iota_N1",31.770762
"Activation targeted (ψw)",317,"iota_N2",2.16286237
"Half-life indis (ϕn)",317,"phi_N1",0.05891206
"Half-life targeted (ϕw)",317,"phi_N2",54.1163932
"RBC replenishment (ρ)",318,"rho",0.3418172
"Burst size (β)",318,"burst",6.33646842
"Activation indis (ψn)",318,"iota_N1",37.083013
"Activation targeted (ψw)",318,"iota_N2",2.17639577
"Half-life indis (ϕn)",318,"phi_N1",0.03744456
"Half-life targeted (ϕw)",318,"phi_N2",65.4852206
"RBC replenishment (ρ)",319,"rho",0.30063716
"Burst size (β)",319,"burst",5.40021937
"Activation indis (ψn)",319,"iota_N1",29.3595202
"Activation targeted (ψw)",319,"iota_N2",0.956282
"Half-life indis (ϕn)",319,"phi_N1",0.02250802
"Half-life targeted (ϕw)",319,"phi_N2",125.338128
"RBC replenishment (ρ)",320,"rho",0.18405882
"Burst size (β)",320,"burst",4.00543688
"Activation indis (ψn)",320,"iota_N1",32.0931051
"Activation targeted (ψw)",320,"iota_N2",1.07524049
"Half-life indis (ϕn)",320,"phi_N1",0.01625102
"Half-life targeted (ϕw)",320,"phi_N2",1482.61275
"RBC replenishment (ρ)",321,"rho",0.34735135
"Burst size (β)",321,"burst",4.05365804
"Activation indis (ψn)",321,"iota_N1",43.8624364
"Activation targeted (ψw)",321,"iota_N2",0.75204093
"Half-life indis (ϕn)",321,"phi_N1",0.01189106
"Half-life targeted (ϕw)",321,"phi_N2",351.82612
"RBC replenishment (ρ)",322,"rho",0.31825989
"Burst size (β)",322,"burst",4.71444823
"Activation indis (ψn)",322,"iota_N1",42.5743032
"Activation targeted (ψw)",322,"iota_N2",0.46915752
"Half-life indis (ϕn)",322,"phi_N1",0.00672132
"Half-life targeted (ϕw)",322,"phi_N2",125.037012
"RBC replenishment (ρ)",323,"rho",0.23350331
"Burst size (β)",323,"burst",4.55343223
"Activation indis (ψn)",323,"iota_N1",46.6579077
"Activation targeted (ψw)",323,"iota_N2",2.14453792
"Half-life indis (ϕn)",323,"phi_N1",0.04337048
"Half-life targeted (ϕw)",323,"phi_N2",3605.85814
"RBC replenishment (ρ)",324,"rho",0.41018358
"Burst size (β)",324,"burst",6.08179211
"Activation indis (ψn)",324,"iota_N1",61.6369552
"Activation targeted (ψw)",324,"iota_N2",1.71761386
"Half-life indis (ϕn)",324,"phi_N1",0.01974999
"Half-life targeted (ϕw)",324,"phi_N2",1717.07929
"RBC replenishment (ρ)",325,"rho",0.36777229
"Burst size (β)",325,"burst",5.39423162
"Activation indis (ψn)",325,"iota_N1",57.3761535
"Activation targeted (ψw)",325,"iota_N2",1.28399233
"Half-life indis (ϕn)",325,"phi_N1",0.01592533
"Half-life targeted (ϕw)",325,"phi_N2",486.239513
"RBC replenishment (ρ)",326,"rho",0.32323996
"Burst size (β)",326,"burst",3.99360325
"Activation indis (ψn)",326,"iota_N1",5.18433636
"Activation targeted (ψw)",326,"iota_N2",0.84323199
"Half-life indis (ϕn)",326,"phi_N1",0.1386141
"Half-life targeted (ϕw)",326,"phi_N2",275.37387
"RBC replenishment (ρ)",327,"rho",0.42395113
"Burst size (β)",327,"burst",4.10709671
"Activation indis (ψn)",327,"iota_N1",17.6447321
"Activation targeted (ψw)",327,"iota_N2",0.67942326
"Half-life indis (ϕn)",327,"phi_N1",0.02836784
"Half-life targeted (ϕw)",327,"phi_N2",1004.76389
"RBC replenishment (ρ)",328,"rho",0.32294545
"Burst size (β)",328,"burst",4.8331209
"Activation indis (ψn)",328,"iota_N1",3.54352933
"Activation targeted (ψw)",328,"iota_N2",0.5133288
"Half-life indis (ϕn)",328,"phi_N1",0.0579814
"Half-life targeted (ϕw)",328,"phi_N2",243.444741
"RBC replenishment (ρ)",329,"rho",0.18394153
"Burst size (β)",329,"burst",4.6549795
"Activation indis (ψn)",329,"iota_N1",9.5185938
"Activation targeted (ψw)",329,"iota_N2",2.28751579
"Half-life indis (ϕn)",329,"phi_N1",0.21718911
"Half-life targeted (ϕw)",329,"phi_N2",841.157681
"RBC replenishment (ρ)",330,"rho",0.37689617
"Burst size (β)",330,"burst",6.19710231
"Activation indis (ψn)",330,"iota_N1",5.55900803
"Activation targeted (ψw)",330,"iota_N2",1.88564402
"Half-life indis (ϕn)",330,"phi_N1",0.15027773
"Half-life targeted (ϕw)",330,"phi_N2",601.391376
"RBC replenishment (ρ)",331,"rho",0.30176777
"Burst size (β)",331,"burst",5.41753602
"Activation indis (ψn)",331,"iota_N1",7.09792814
"Activation targeted (ψw)",331,"iota_N2",1.18781692
"Half-life indis (ϕn)",331,"phi_N1",0.08196132
"Half-life targeted (ϕw)",331,"phi_N2",640.491449
"RBC replenishment (ρ)",332,"rho",0.29478083
"Burst size (β)",332,"burst",4.05538407
"Activation indis (ψn)",332,"iota_N1",29.5072308
"Activation targeted (ψw)",332,"iota_N2",0.83313936
"Half-life indis (ϕn)",332,"phi_N1",0.02986499
"Half-life targeted (ϕw)",332,"phi_N2",1548.19881
"RBC replenishment (ρ)",333,"rho",0.34139477
"Burst size (β)",333,"burst",3.98714918
"Activation indis (ψn)",333,"iota_N1",25.1848836
"Activation targeted (ψw)",333,"iota_N2",0.99731845
"Half-life indis (ϕn)",333,"phi_N1",0.02708524
"Half-life targeted (ϕw)",333,"phi_N2",303.352008
"RBC replenishment (ρ)",334,"rho",0.36118245
"Burst size (β)",334,"burst",4.97125997
"Activation indis (ψn)",334,"iota_N1",9.19224573
"Activation targeted (ψw)",334,"iota_N2",0.47319831
"Half-life indis (ϕn)",334,"phi_N1",0.02632242
"Half-life targeted (ϕw)",334,"phi_N2",672.532627
"RBC replenishment (ρ)",335,"rho",0.22573905
"Burst size (β)",335,"burst",4.71834945
"Activation indis (ψn)",335,"iota_N1",62.928817
"Activation targeted (ψw)",335,"iota_N2",1.60177998
"Half-life indis (ϕn)",335,"phi_N1",0.02910723
"Half-life targeted (ϕw)",335,"phi_N2",4629.29037
"RBC replenishment (ρ)",336,"rho",0.52878922
"Burst size (β)",336,"burst",6.20463823
"Activation indis (ψn)",336,"iota_N1",28.3340455
"Activation targeted (ψw)",336,"iota_N2",1.68913373
"Half-life indis (ϕn)",336,"phi_N1",0.0339401
"Half-life targeted (ϕw)",336,"phi_N2",143.258519
"RBC replenishment (ρ)",337,"rho",0.3801956
"Burst size (β)",337,"burst",5.53294369
"Activation indis (ψn)",337,"iota_N1",15.9164469
"Activation targeted (ψw)",337,"iota_N2",0.96083232
"Half-life indis (ϕn)",337,"phi_N1",0.03650642
"Half-life targeted (ϕw)",337,"phi_N2",348.448862
"RBC replenishment (ρ)",338,"rho",0.38444751
"Burst size (β)",338,"burst",3.82910248
"Activation indis (ψn)",338,"iota_N1",16.8930495
"Activation targeted (ψw)",338,"iota_N2",0.81097048
"Half-life indis (ϕn)",338,"phi_N1",0.05752574
"Half-life targeted (ϕw)",338,"phi_N2",222.379117
"RBC replenishment (ρ)",339,"rho",0.30562659
"Burst size (β)",339,"burst",4.02586316
"Activation indis (ψn)",339,"iota_N1",13.8249143
"Activation targeted (ψw)",339,"iota_N2",0.72745577
"Half-life indis (ϕn)",339,"phi_N1",0.06336827
"Half-life targeted (ϕw)",339,"phi_N2",161.538366
"RBC replenishment (ρ)",340,"rho",0.39078376
"Burst size (β)",340,"burst",4.7665782
"Activation indis (ψn)",340,"iota_N1",4.21056641
"Activation targeted (ψw)",340,"iota_N2",0.41008828
"Half-life indis (ϕn)",340,"phi_N1",0.05483206
"Half-life targeted (ϕw)",340,"phi_N2",164.738519
"RBC replenishment (ρ)",341,"rho",0.15619126
"Burst size (β)",341,"burst",4.53198795
"Activation indis (ψn)",341,"iota_N1",28.9158917
"Activation targeted (ψw)",341,"iota_N2",2.26691544
"Half-life indis (ϕn)",341,"phi_N1",0.0695544
"Half-life targeted (ϕw)",341,"phi_N2",1160.93056
"RBC replenishment (ρ)",342,"rho",0.42028052
"Burst size (β)",342,"burst",6.12879792
"Activation indis (ψn)",342,"iota_N1",12.6959542
"Activation targeted (ψw)",342,"iota_N2",1.58256337
"Half-life indis (ϕn)",342,"phi_N1",0.05517182
"Half-life targeted (ϕw)",342,"phi_N2",300.320543
"RBC replenishment (ρ)",343,"rho",0.31524001
"Burst size (β)",343,"burst",5.39226668
"Activation indis (ψn)",343,"iota_N1",20.091015
"Activation targeted (ψw)",343,"iota_N2",1.06323316
"Half-life indis (ϕn)",343,"phi_N1",0.05537749
"Half-life targeted (ϕw)",343,"phi_N2",3611.60495
"RBC replenishment (ρ)",344,"rho",0.26475562
"Burst size (β)",344,"burst",4.02106043
"Activation indis (ψn)",344,"iota_N1",6.58170781
"Activation targeted (ψw)",344,"iota_N2",0.77384071
"Half-life indis (ϕn)",344,"phi_N1",0.07277741
"Half-life targeted (ϕw)",344,"phi_N2",964.581801
"RBC replenishment (ρ)",345,"rho",0.28459162
"Burst size (β)",345,"burst",3.84063276
"Activation indis (ψn)",345,"iota_N1",4.41884134
"Activation targeted (ψw)",345,"iota_N2",0.84397488
"Half-life indis (ϕn)",345,"phi_N1",0.14709495
"Half-life targeted (ϕw)",345,"phi_N2",601.235802
"RBC replenishment (ρ)",346,"rho",0.38920568
"Burst size (β)",346,"burst",4.89638693
"Activation indis (ψn)",346,"iota_N1",1.18111811
"Activation targeted (ψw)",346,"iota_N2",0.45197074
"Half-life indis (ϕn)",346,"phi_N1",0.24374285
"Half-life targeted (ϕw)",346,"phi_N2",701.933991
"RBC replenishment (ρ)",347,"rho",0.19083817
"Burst size (β)",347,"burst",4.59582585
"Activation indis (ψn)",347,"iota_N1",20.1016894
"Activation targeted (ψw)",347,"iota_N2",2.19012168
"Half-life indis (ϕn)",347,"phi_N1",0.12478001
"Half-life targeted (ϕw)",347,"phi_N2",330.765246
"RBC replenishment (ρ)",348,"rho",0.43852627
"Burst size (β)",348,"burst",6.03896179
"Activation indis (ψn)",348,"iota_N1",21.1726498
"Activation targeted (ψw)",348,"iota_N2",2.17724928
"Half-life indis (ϕn)",348,"phi_N1",0.07836299
"Half-life targeted (ϕw)",348,"phi_N2",368.807905
"RBC replenishment (ρ)",349,"rho",0.24949148
"Burst size (β)",349,"burst",5.43891029
"Activation indis (ψn)",349,"iota_N1",1.86882739
"Activation targeted (ψw)",349,"iota_N2",1.19505095
"Half-life indis (ϕn)",349,"phi_N1",0.23041904
"Half-life targeted (ϕw)",349,"phi_N2",1045.24033
"RBC replenishment (ρ)",350,"rho",0.20334755
"Burst size (β)",350,"burst",4.03050128
"Activation indis (ψn)",350,"iota_N1",25.0344378
"Activation targeted (ψw)",350,"iota_N2",0.99899508
"Half-life indis (ϕn)",350,"phi_N1",0.01927723
"Half-life targeted (ϕw)",350,"phi_N2",354.162112
"RBC replenishment (ρ)",351,"rho",0.40687439
"Burst size (β)",351,"burst",4.00454073
"Activation indis (ψn)",351,"iota_N1",19.4284359
"Activation targeted (ψw)",351,"iota_N2",0.83447348
"Half-life indis (ϕn)",351,"phi_N1",0.02859989
"Half-life targeted (ϕw)",351,"phi_N2",502.009253
"RBC replenishment (ρ)",352,"rho",0.38012008
"Burst size (β)",352,"burst",5.08868442
"Activation indis (ψn)",352,"iota_N1",7.69133596
"Activation targeted (ψw)",352,"iota_N2",0.48216063
"Half-life indis (ϕn)",352,"phi_N1",0.03903652
"Half-life targeted (ϕw)",352,"phi_N2",356.419476
"RBC replenishment (ρ)",353,"rho",0.3137356
"Burst size (β)",353,"burst",4.68206628
"Activation indis (ψn)",353,"iota_N1",28.9589099
"Activation targeted (ψw)",353,"iota_N2",1.93691616
"Half-life indis (ϕn)",353,"phi_N1",0.1164657
"Half-life targeted (ϕw)",353,"phi_N2",355.798063
"RBC replenishment (ρ)",354,"rho",0.29130654
"Burst size (β)",354,"burst",6.01430364
"Activation indis (ψn)",354,"iota_N1",16.7746774
"Activation targeted (ψw)",354,"iota_N2",1.75967341
"Half-life indis (ϕn)",354,"phi_N1",0.06312331
"Half-life targeted (ϕw)",354,"phi_N2",350.530358
"RBC replenishment (ρ)",355,"rho",0.26987102
"Burst size (β)",355,"burst",5.60040038
"Activation indis (ψn)",355,"iota_N1",5.4073133
"Activation targeted (ψw)",355,"iota_N2",1.13764716
"Half-life indis (ϕn)",355,"phi_N1",0.07512384
"Half-life targeted (ϕw)",355,"phi_N2",1580.30875
"RBC replenishment (ρ)",356,"rho",0.37738182
"Burst size (β)",356,"burst",3.96019777
"Activation indis (ψn)",356,"iota_N1",46.2455161
"Activation targeted (ψw)",356,"iota_N2",0.75812205
"Half-life indis (ϕn)",356,"phi_N1",0.02588042
"Half-life targeted (ϕw)",356,"phi_N2",113.969228
"RBC replenishment (ρ)",357,"rho",0.32268441
"Burst size (β)",357,"burst",3.91739537
"Activation indis (ψn)",357,"iota_N1",17.7770488
"Activation targeted (ψw)",357,"iota_N2",0.68319718
"Half-life indis (ϕn)",357,"phi_N1",0.04128351
"Half-life targeted (ϕw)",357,"phi_N2",28.3554822
"RBC replenishment (ρ)",358,"rho",0.32781301
"Burst size (β)",358,"burst",4.76021971
"Activation indis (ψn)",358,"iota_N1",12.8742665
"Activation targeted (ψw)",358,"iota_N2",0.68624255
"Half-life indis (ϕn)",358,"phi_N1",0.02113836
"Half-life targeted (ϕw)",358,"phi_N2",14.9874523
"RBC replenishment (ρ)",359,"rho",0.17835098
"Burst size (β)",359,"burst",4.48126065
"Activation indis (ψn)",359,"iota_N1",150.693499
"Activation targeted (ψw)",359,"iota_N2",2.85656622
"Half-life indis (ϕn)",359,"phi_N1",0.02795642
"Half-life targeted (ϕw)",359,"phi_N2",33.1329609
"RBC replenishment (ρ)",360,"rho",0.28602471
"Burst size (β)",360,"burst",6.03630296
"Activation indis (ψn)",360,"iota_N1",48.0079824
"Activation targeted (ψw)",360,"iota_N2",2.03589376
"Half-life indis (ϕn)",360,"phi_N1",0.02138833
"Half-life targeted (ϕw)",360,"phi_N2",59.1555275
"RBC replenishment (ρ)",361,"rho",0.23221255
"Burst size (β)",361,"burst",5.68263192
"Activation indis (ψn)",361,"iota_N1",37.9481167
"Activation targeted (ψw)",361,"iota_N2",1.17840321
"Half-life indis (ϕn)",361,"phi_N1",0.01277903
"Half-life targeted (ϕw)",361,"phi_N2",35.1645566
"RBC replenishment (ρ)",362,"rho",0.32642425
"Burst size (β)",362,"burst",3.92358309
"Activation indis (ψn)",362,"iota_N1",15.3700081
"Activation targeted (ψw)",362,"iota_N2",0.89051335
"Half-life indis (ϕn)",362,"phi_N1",0.06067234
"Half-life targeted (ϕw)",362,"phi_N2",3515.60519
"RBC replenishment (ρ)",363,"rho",0.37791815
"Burst size (β)",363,"burst",3.94162407
"Activation indis (ψn)",363,"iota_N1",6.29586141
"Activation targeted (ψw)",363,"iota_N2",0.84597498
"Half-life indis (ϕn)",363,"phi_N1",0.11483905
"Half-life targeted (ϕw)",363,"phi_N2",3916.06973
"RBC replenishment (ρ)",364,"rho",0.43017394
"Burst size (β)",364,"burst",4.77373429
"Activation indis (ψn)",364,"iota_N1",8.31748907
"Activation targeted (ψw)",364,"iota_N2",0.457498
"Half-life indis (ϕn)",364,"phi_N1",0.04558621
"Half-life targeted (ϕw)",364,"phi_N2",926.985276
"RBC replenishment (ρ)",365,"rho",0.25490559
"Burst size (β)",365,"burst",4.53758517
"Activation indis (ψn)",365,"iota_N1",10.8315451
"Activation targeted (ψw)",365,"iota_N2",1.77974044
"Half-life indis (ϕn)",365,"phi_N1",0.32094212
"Half-life targeted (ϕw)",365,"phi_N2",2304.19988
"RBC replenishment (ρ)",366,"rho",0.39666515
"Burst size (β)",366,"burst",6.09197469
"Activation indis (ψn)",366,"iota_N1",10.775789
"Activation targeted (ψw)",366,"iota_N2",1.85775789
"Half-life indis (ϕn)",366,"phi_N1",0.06299156
"Half-life targeted (ϕw)",366,"phi_N2",1529.48707
"RBC replenishment (ρ)",367,"rho",0.3241002
"Burst size (β)",367,"burst",5.44392719
"Activation indis (ψn)",367,"iota_N1",11.0559155
"Activation targeted (ψw)",367,"iota_N2",1.04936904
"Half-life indis (ϕn)",367,"phi_N1",0.02862606
"Half-life targeted (ϕw)",367,"phi_N2",4226.10966
"RBC replenishment (ρ)",368,"rho",0.27295586
"Burst size (β)",368,"burst",4.09407142
"Activation indis (ψn)",368,"iota_N1",12.9682297
"Activation targeted (ψw)",368,"iota_N2",0.84604456
"Half-life indis (ϕn)",368,"phi_N1",0.05329857
"Half-life targeted (ϕw)",368,"phi_N2",2743.57668
"RBC replenishment (ρ)",369,"rho",0.38886903
"Burst size (β)",369,"burst",3.86130948
"Activation indis (ψn)",369,"iota_N1",8.26852506
"Activation targeted (ψw)",369,"iota_N2",0.78969286
"Half-life indis (ϕn)",369,"phi_N1",0.11617612
"Half-life targeted (ϕw)",369,"phi_N2",1954.43709
"RBC replenishment (ρ)",370,"rho",0.39251548
"Burst size (β)",370,"burst",4.76108844
"Activation indis (ψn)",370,"iota_N1",7.28635594
"Activation targeted (ψw)",370,"iota_N2",0.49433394
"Half-life indis (ϕn)",370,"phi_N1",0.03750849
"Half-life targeted (ϕw)",370,"phi_N2",1835.70146
"RBC replenishment (ρ)",371,"rho",0.22290557
"Burst size (β)",371,"burst",4.60149024
"Activation indis (ψn)",371,"iota_N1",19.7130394
"Activation targeted (ψw)",371,"iota_N2",2.1318589
"Half-life indis (ϕn)",371,"phi_N1",0.18378513
"Half-life targeted (ϕw)",371,"phi_N2",318.803072
"RBC replenishment (ρ)",372,"rho",0.4954896
"Burst size (β)",372,"burst",6.26529986
"Activation indis (ψn)",372,"iota_N1",27.7640158
"Activation targeted (ψw)",372,"iota_N2",1.94351993
"Half-life indis (ϕn)",372,"phi_N1",0.06222764
"Half-life targeted (ϕw)",372,"phi_N2",383.237569
"RBC replenishment (ρ)",373,"rho",0.45000656
"Burst size (β)",373,"burst",5.57186909
"Activation indis (ψn)",373,"iota_N1",6.31937035
"Activation targeted (ψw)",373,"iota_N2",1.06592326
"Half-life indis (ϕn)",373,"phi_N1",0.08452653
"Half-life targeted (ϕw)",373,"phi_N2",1624.67891
"RBC replenishment (ρ)",374,"rho",0.27320623
"Burst size (β)",374,"burst",4.05644429
"Activation indis (ψn)",374,"iota_N1",12.1701775
"Activation targeted (ψw)",374,"iota_N2",0.70156083
"Half-life indis (ϕn)",374,"phi_N1",0.04133198
"Half-life targeted (ϕw)",374,"phi_N2",828.446728
"RBC replenishment (ρ)",375,"rho",0.36964795
"Burst size (β)",375,"burst",4.01320007
"Activation indis (ψn)",375,"iota_N1",11.6936392
"Activation targeted (ψw)",375,"iota_N2",0.71107563
"Half-life indis (ϕn)",375,"phi_N1",0.0313633
"Half-life targeted (ϕw)",375,"phi_N2",608.660863
"RBC replenishment (ρ)",376,"rho",0.2875317
"Burst size (β)",376,"burst",4.73491153
"Activation indis (ψn)",376,"iota_N1",5.90683867
"Activation targeted (ψw)",376,"iota_N2",0.48135897
"Half-life indis (ϕn)",376,"phi_N1",0.01851434
"Half-life targeted (ϕw)",376,"phi_N2",1144.97266
"RBC replenishment (ρ)",377,"rho",0.23702884
"Burst size (β)",377,"burst",4.73935866
"Activation indis (ψn)",377,"iota_N1",32.2784545
"Activation targeted (ψw)",377,"iota_N2",2.1498903
"Half-life indis (ϕn)",377,"phi_N1",0.07949134
"Half-life targeted (ϕw)",377,"phi_N2",3588.85063
"RBC replenishment (ρ)",378,"rho",0.4471255
"Burst size (β)",378,"burst",6.05813424
"Activation indis (ψn)",378,"iota_N1",29.5683696
"Activation targeted (ψw)",378,"iota_N2",2.0680137
"Half-life indis (ϕn)",378,"phi_N1",0.05835443
"Half-life targeted (ϕw)",378,"phi_N2",287.523768
"RBC replenishment (ρ)",379,"rho",0.27324838
"Burst size (β)",379,"burst",5.75349794
"Activation indis (ψn)",379,"iota_N1",18.0523494
"Activation targeted (ψw)",379,"iota_N2",1.16816852
"Half-life indis (ϕn)",379,"phi_N1",0.03235473
"Half-life targeted (ϕw)",379,"phi_N2",1331.04996
"RBC replenishment (ρ)",380,"rho",0.26562937
"Burst size (β)",380,"burst",3.89999384
"Activation indis (ψn)",380,"iota_N1",34.8094647
"Activation targeted (ψw)",380,"iota_N2",0.70191212
"Half-life indis (ϕn)",380,"phi_N1",0.02121215
"Half-life targeted (ϕw)",380,"phi_N2",187.22375
"RBC replenishment (ρ)",381,"rho",0.26988381
"Burst size (β)",381,"burst",3.94976974
"Activation indis (ψn)",381,"iota_N1",34.5273788
"Activation targeted (ψw)",381,"iota_N2",0.82947898
"Half-life indis (ϕn)",381,"phi_N1",0.01439243
"Half-life targeted (ϕw)",381,"phi_N2",1460.74304
"RBC replenishment (ρ)",382,"rho",0.28904549
"Burst size (β)",382,"burst",4.80259702
"Activation indis (ψn)",382,"iota_N1",17.9031339
"Activation targeted (ψw)",382,"iota_N2",0.5567678
"Half-life indis (ϕn)",382,"phi_N1",0.01695202
"Half-life targeted (ϕw)",382,"phi_N2",3885.5285
"RBC replenishment (ρ)",383,"rho",0.24018638
"Burst size (β)",383,"burst",4.50847823
"Activation indis (ψn)",383,"iota_N1",149.438008
"Activation targeted (ψw)",383,"iota_N2",1.91441164
"Half-life indis (ϕn)",383,"phi_N1",0.0194689
"Half-life targeted (ϕw)",383,"phi_N2",4340.84427
"RBC replenishment (ρ)",384,"rho",0.48344949
"Burst size (β)",384,"burst",6.3796391
"Activation indis (ψn)",384,"iota_N1",29.2214631
"Activation targeted (ψw)",384,"iota_N2",1.81928423
"Half-life indis (ϕn)",384,"phi_N1",0.03427613
"Half-life targeted (ϕw)",384,"phi_N2",2339.61558
"RBC replenishment (ρ)",385,"rho",0.29492707
"Burst size (β)",385,"burst",5.59623653
"Activation indis (ψn)",385,"iota_N1",11.6764962
"Activation targeted (ψw)",385,"iota_N2",1.08412893
"Half-life indis (ϕn)",385,"phi_N1",0.03974894
"Half-life targeted (ϕw)",385,"phi_N2",9859.83338
"RBC replenishment (ρ)",386,"rho",0.25155594
"Burst size (β)",386,"burst",4.00407419
"Activation indis (ψn)",386,"iota_N1",217.617521
"Activation targeted (ψw)",386,"iota_N2",1.05812506
"Half-life indis (ϕn)",386,"phi_N1",0.00499648
"Half-life targeted (ϕw)",386,"phi_N2",435.219944
"RBC replenishment (ρ)",387,"rho",0.3855383
"Burst size (β)",387,"burst",4.00961872
"Activation indis (ψn)",387,"iota_N1",222.369533
"Activation targeted (ψw)",387,"iota_N2",0.67041618
"Half-life indis (ϕn)",387,"phi_N1",0.00315758
"Half-life targeted (ϕw)",387,"phi_N2",1034.31467
"RBC replenishment (ρ)",388,"rho",0.42591144
"Burst size (β)",388,"burst",4.76844586
"Activation indis (ψn)",388,"iota_N1",155.606613
"Activation targeted (ψw)",388,"iota_N2",0.39768826
"Half-life indis (ϕn)",388,"phi_N1",0.00206653
"Half-life targeted (ϕw)",388,"phi_N2",260.628532
"RBC replenishment (ρ)",389,"rho",0.22371142
"Burst size (β)",389,"burst",4.47528868
"Activation indis (ψn)",389,"iota_N1",283.62996
"Activation targeted (ψw)",389,"iota_N2",2.53149817
"Half-life indis (ϕn)",389,"phi_N1",0.00996572
"Half-life targeted (ϕw)",389,"phi_N2",326.942224
"RBC replenishment (ρ)",390,"rho",0.37761212
"Burst size (β)",390,"burst",6.23256734
"Activation indis (ψn)",390,"iota_N1",199.007978
"Activation targeted (ψw)",390,"iota_N2",1.78226294
"Half-life indis (ϕn)",390,"phi_N1",0.0042871
"Half-life targeted (ϕw)",390,"phi_N2",626.271978
"RBC replenishment (ρ)",391,"rho",0.32413598
"Burst size (β)",391,"burst",5.50953945
"Activation indis (ψn)",391,"iota_N1",225.631792
"Activation targeted (ψw)",391,"iota_N2",1.0636161
"Half-life indis (ϕn)",391,"phi_N1",0.00257831
"Half-life targeted (ϕw)",391,"phi_N2",215.306436
"RBC replenishment (ρ)",392,"rho",0.25816617
"Burst size (β)",392,"burst",4.04291652
"Activation indis (ψn)",392,"iota_N1",135.962097
"Activation targeted (ψw)",392,"iota_N2",0.83182424
"Half-life indis (ϕn)",392,"phi_N1",0.00610174
"Half-life targeted (ϕw)",392,"phi_N2",20.4749259
"RBC replenishment (ρ)",393,"rho",0.32046014
"Burst size (β)",393,"burst",4.032362
"Activation indis (ψn)",393,"iota_N1",74.7170086
"Activation targeted (ψw)",393,"iota_N2",0.76560007
"Half-life indis (ϕn)",393,"phi_N1",0.00544518
"Half-life targeted (ϕw)",393,"phi_N2",171.013431
"RBC replenishment (ρ)",394,"rho",0.30133264
"Burst size (β)",394,"burst",4.82083008
"Activation indis (ψn)",394,"iota_N1",56.6515918
"Activation targeted (ψw)",394,"iota_N2",0.55606258
"Half-life indis (ϕn)",394,"phi_N1",0.00653091
"Half-life targeted (ϕw)",394,"phi_N2",16.0239131
"RBC replenishment (ρ)",395,"rho",0.22400691
"Burst size (β)",395,"burst",4.80943521
"Activation indis (ψn)",395,"iota_N1",167.629324
"Activation targeted (ψw)",395,"iota_N2",2.06577555
"Half-life indis (ϕn)",395,"phi_N1",0.00905691
"Half-life targeted (ϕw)",395,"phi_N2",1535.11105
"RBC replenishment (ρ)",396,"rho",0.43079388
"Burst size (β)",396,"burst",6.1326906
"Activation indis (ψn)",396,"iota_N1",102.000605
"Activation targeted (ψw)",396,"iota_N2",2.11474489
"Half-life indis (ϕn)",396,"phi_N1",0.01006703
"Half-life targeted (ϕw)",396,"phi_N2",517.592806
"RBC replenishment (ρ)",397,"rho",0.36972403
"Burst size (β)",397,"burst",5.55680163
"Activation indis (ψn)",397,"iota_N1",74.5909266
"Activation targeted (ψw)",397,"iota_N2",0.9235466
"Half-life indis (ϕn)",397,"phi_N1",0.0097289
"Half-life targeted (ϕw)",397,"phi_N2",243.439256
"RBC replenishment (ρ)",398,"rho",0.34521592
"Burst size (β)",398,"burst",4.15973579
"Activation indis (ψn)",398,"iota_N1",15.2976871
"Activation targeted (ψw)",398,"iota_N2",0.77610062
"Half-life indis (ϕn)",398,"phi_N1",0.03547997
"Half-life targeted (ϕw)",398,"phi_N2",215.096623
"RBC replenishment (ρ)",399,"rho",0.22165274
"Burst size (β)",399,"burst",3.98513583
"Activation indis (ψn)",399,"iota_N1",9.66173641
"Activation targeted (ψw)",399,"iota_N2",0.82441796
"Half-life indis (ϕn)",399,"phi_N1",0.03713025
"Half-life targeted (ϕw)",399,"phi_N2",63.4867774
"RBC replenishment (ρ)",400,"rho",0.47269957
"Burst size (β)",400,"burst",4.7378147
"Activation indis (ψn)",400,"iota_N1",15.1941304
"Activation targeted (ψw)",400,"iota_N2",0.45165723
"Half-life indis (ϕn)",400,"phi_N1",0.03497459
"Half-life targeted (ϕw)",400,"phi_N2",220.720539
"RBC replenishment (ρ)",401,"rho",0.24158452
"Burst size (β)",401,"burst",4.63293992
"Activation indis (ψn)",401,"iota_N1",25.7670127
"Activation targeted (ψw)",401,"iota_N2",2.00449427
"Half-life indis (ϕn)",401,"phi_N1",0.10651478
"Half-life targeted (ϕw)",401,"phi_N2",498.100536
"RBC replenishment (ρ)",402,"rho",0.41380606
"Burst size (β)",402,"burst",5.84716451
"Activation indis (ψn)",402,"iota_N1",14.6251143
"Activation targeted (ψw)",402,"iota_N2",1.91470672
"Half-life indis (ϕn)",402,"phi_N1",0.07192218
"Half-life targeted (ϕw)",402,"phi_N2",962.262577
"RBC replenishment (ρ)",403,"rho",0.21090574
"Burst size (β)",403,"burst",5.61239992
"Activation indis (ψn)",403,"iota_N1",3.73876057
"Activation targeted (ψw)",403,"iota_N2",1.27059439
"Half-life indis (ϕn)",403,"phi_N1",0.11235228
"Half-life targeted (ϕw)",403,"phi_N2",88.499396
"RBC replenishment (ρ)",404,"rho",0.24971946
"Burst size (β)",404,"burst",4.07258328
"Activation indis (ψn)",404,"iota_N1",30.0063568
"Activation targeted (ψw)",404,"iota_N2",0.62770549
"Half-life indis (ϕn)",404,"phi_N1",0.02573764
"Half-life targeted (ϕw)",404,"phi_N2",717.232919
"RBC replenishment (ρ)",405,"rho",0.22612819
"Burst size (β)",405,"burst",3.95239939
"Activation indis (ψn)",405,"iota_N1",33.058457
"Activation targeted (ψw)",405,"iota_N2",0.93091867
"Half-life indis (ϕn)",405,"phi_N1",0.0141529
"Half-life targeted (ϕw)",405,"phi_N2",2199.06792
"RBC replenishment (ρ)",406,"rho",0.37467144
"Burst size (β)",406,"burst",4.78788537
"Activation indis (ψn)",406,"iota_N1",17.9629174
"Activation targeted (ψw)",406,"iota_N2",0.53691733
"Half-life indis (ϕn)",406,"phi_N1",0.01326622
"Half-life targeted (ϕw)",406,"phi_N2",2698.69925
"RBC replenishment (ρ)",407,"rho",0.19220207
"Burst size (β)",407,"burst",4.59852546
"Activation indis (ψn)",407,"iota_N1",47.6800133
"Activation targeted (ψw)",407,"iota_N2",2.14333936
"Half-life indis (ϕn)",407,"phi_N1",0.04747491
"Half-life targeted (ϕw)",407,"phi_N2",5707.01805
"RBC replenishment (ρ)",408,"rho",0.30468652
"Burst size (β)",408,"burst",5.92300681
"Activation indis (ψn)",408,"iota_N1",54.7298941
"Activation targeted (ψw)",408,"iota_N2",1.73555892
"Half-life indis (ϕn)",408,"phi_N1",0.0139494
"Half-life targeted (ϕw)",408,"phi_N2",656.151271
"RBC replenishment (ρ)",409,"rho",0.29687002
"Burst size (β)",409,"burst",5.55368423
"Activation indis (ψn)",409,"iota_N1",19.2992575
"Activation targeted (ψw)",409,"iota_N2",0.92164095
"Half-life indis (ϕn)",409,"phi_N1",0.01589858
"Half-life targeted (ϕw)",409,"phi_N2",358.999759
"RBC replenishment (ρ)",410,"rho",0.25281169
"Burst size (β)",410,"burst",3.96312546
"Activation indis (ψn)",410,"iota_N1",361.398988
"Activation targeted (ψw)",410,"iota_N2",0.79017723
"Half-life indis (ϕn)",410,"phi_N1",0.00167232
"Half-life targeted (ϕw)",410,"phi_N2",1075.7729
"RBC replenishment (ρ)",411,"rho",0.40578996
"Burst size (β)",411,"burst",4.13066355
"Activation indis (ψn)",411,"iota_N1",246.923598
"Activation targeted (ψw)",411,"iota_N2",0.74212241
"Half-life indis (ϕn)",411,"phi_N1",0.0026793
"Half-life targeted (ϕw)",411,"phi_N2",1594.46246
"RBC replenishment (ρ)",412,"rho",0.42279411
"Burst size (β)",412,"burst",4.79701014
"Activation indis (ψn)",412,"iota_N1",93.788688
"Activation targeted (ψw)",412,"iota_N2",0.46447612
"Half-life indis (ϕn)",412,"phi_N1",0.00207438
"Half-life targeted (ϕw)",412,"phi_N2",2171.22539
"RBC replenishment (ρ)",413,"rho",0.2271458
"Burst size (β)",413,"burst",4.61932454
"Activation indis (ψn)",413,"iota_N1",476.860651
"Activation targeted (ψw)",413,"iota_N2",2.02316161
"Half-life indis (ϕn)",413,"phi_N1",0.00504559
"Half-life targeted (ϕw)",413,"phi_N2",1292.48395
"RBC replenishment (ρ)",414,"rho",0.35055381
"Burst size (β)",414,"burst",6.09513438
"Activation indis (ψn)",414,"iota_N1",231.283549
"Activation targeted (ψw)",414,"iota_N2",2.05546411
"Half-life indis (ϕn)",414,"phi_N1",0.00311683
"Half-life targeted (ϕw)",414,"phi_N2",3046.66568
"RBC replenishment (ρ)",415,"rho",0.32870935
"Burst size (β)",415,"burst",5.67565884
"Activation indis (ψn)",415,"iota_N1",214.394118
"Activation targeted (ψw)",415,"iota_N2",0.95880222
"Half-life indis (ϕn)",415,"phi_N1",0.00134955
"Half-life targeted (ϕw)",415,"phi_N2",1978.14316
"RBC replenishment (ρ)",416,"rho",0.25891639
"Burst size (β)",416,"burst",4.07699412
"Activation indis (ψn)",416,"iota_N1",29.7491454
"Activation targeted (ψw)",416,"iota_N2",0.86058065
"Half-life indis (ϕn)",416,"phi_N1",0.01937601
"Half-life targeted (ϕw)",416,"phi_N2",632.2796
"RBC replenishment (ρ)",417,"rho",0.30514264
"Burst size (β)",417,"burst",3.99997256
"Activation indis (ψn)",417,"iota_N1",23.7953728
"Activation targeted (ψw)",417,"iota_N2",1.0268521
"Half-life indis (ϕn)",417,"phi_N1",0.01593258
"Half-life targeted (ϕw)",417,"phi_N2",285.92043
"RBC replenishment (ρ)",418,"rho",0.3683848
"Burst size (β)",418,"burst",4.78703727
"Activation indis (ψn)",418,"iota_N1",28.0414014
"Activation targeted (ψw)",418,"iota_N2",0.49124877
"Half-life indis (ϕn)",418,"phi_N1",0.01543931
"Half-life targeted (ϕw)",418,"phi_N2",817.971329
"RBC replenishment (ρ)",419,"rho",0.16203202
"Burst size (β)",419,"burst",4.7366462
"Activation indis (ψn)",419,"iota_N1",64.6123773
"Activation targeted (ψw)",419,"iota_N2",2.21146955
"Half-life indis (ϕn)",419,"phi_N1",0.02077902
"Half-life targeted (ϕw)",419,"phi_N2",4962.85869
"RBC replenishment (ρ)",420,"rho",0.36392052
"Burst size (β)",420,"burst",6.11023454
"Activation indis (ψn)",420,"iota_N1",44.7993757
"Activation targeted (ψw)",420,"iota_N2",1.62558272
"Half-life indis (ϕn)",420,"phi_N1",0.01732795
"Half-life targeted (ϕw)",420,"phi_N2",1368.26867
"RBC replenishment (ρ)",421,"rho",0.41033083
"Burst size (β)",421,"burst",5.42517948
"Activation indis (ψn)",421,"iota_N1",44.1922899
"Activation targeted (ψw)",421,"iota_N2",0.96113647
"Half-life indis (ϕn)",421,"phi_N1",0.01777214
"Half-life targeted (ϕw)",421,"phi_N2",1106.20046
"RBC replenishment (ρ)",422,"rho",0.31696301
"Burst size (β)",422,"burst",4.00317175
"Activation indis (ψn)",422,"iota_N1",194.112839
"Activation targeted (ψw)",422,"iota_N2",0.76554077
"Half-life indis (ϕn)",422,"phi_N1",0.00416578
"Half-life targeted (ϕw)",422,"phi_N2",1106.33019
"RBC replenishment (ρ)",423,"rho",0.34113983
"Burst size (β)",423,"burst",3.90209061
"Activation indis (ψn)",423,"iota_N1",76.1207519
"Activation targeted (ψw)",423,"iota_N2",0.69343984
"Half-life indis (ϕn)",423,"phi_N1",0.00510369
"Half-life targeted (ϕw)",423,"phi_N2",8145.58996
"RBC replenishment (ρ)",424,"rho",0.32607657
"Burst size (β)",424,"burst",4.70064241
"Activation indis (ψn)",424,"iota_N1",73.767488
"Activation targeted (ψw)",424,"iota_N2",0.54575823
"Half-life indis (ϕn)",424,"phi_N1",0.00359433
"Half-life targeted (ϕw)",424,"phi_N2",857.560476
"RBC replenishment (ρ)",425,"rho",0.30180126
"Burst size (β)",425,"burst",4.63476792
"Activation indis (ψn)",425,"iota_N1",444.094854
"Activation targeted (ψw)",425,"iota_N2",1.98471235
"Half-life indis (ϕn)",425,"phi_N1",0.00614736
"Half-life targeted (ϕw)",425,"phi_N2",13013.3867
"RBC replenishment (ρ)",426,"rho",0.28564584
"Burst size (β)",426,"burst",5.99948082
"Activation indis (ψn)",426,"iota_N1",130.456993
"Activation targeted (ψw)",426,"iota_N2",1.86045743
"Half-life indis (ϕn)",426,"phi_N1",0.00394439
"Half-life targeted (ϕw)",426,"phi_N2",85102.5849
"RBC replenishment (ρ)",427,"rho",0.25659335
"Burst size (β)",427,"burst",5.5256168
"Activation indis (ψn)",427,"iota_N1",136.03808
"Activation targeted (ψw)",427,"iota_N2",1.04743506
"Half-life indis (ϕn)",427,"phi_N1",0.0033673
"Half-life targeted (ϕw)",427,"phi_N2",4127.89171
"RBC replenishment (ρ)",428,"rho",0.31889906
"Burst size (β)",428,"burst",4.02339663
"Activation indis (ψn)",428,"iota_N1",6.75168534
"Activation targeted (ψw)",428,"iota_N2",0.78709434
"Half-life indis (ϕn)",428,"phi_N1",0.1094206
"Half-life targeted (ϕw)",428,"phi_N2",246.556525
"RBC replenishment (ρ)",429,"rho",0.30324831
"Burst size (β)",429,"burst",3.88025728
"Activation indis (ψn)",429,"iota_N1",9.59036076
"Activation targeted (ψw)",429,"iota_N2",0.93709024
"Half-life indis (ϕn)",429,"phi_N1",0.05895336
"Half-life targeted (ϕw)",429,"phi_N2",2204.30901
"RBC replenishment (ρ)",430,"rho",0.38636009
"Burst size (β)",430,"burst",4.77103009
"Activation indis (ψn)",430,"iota_N1",5.87748589
"Activation targeted (ψw)",430,"iota_N2",0.49963047
"Half-life indis (ϕn)",430,"phi_N1",0.08125241
"Half-life targeted (ϕw)",430,"phi_N2",11428.7206
"RBC replenishment (ρ)",431,"rho",0.26654243
"Burst size (β)",431,"burst",4.57894573
"Activation indis (ψn)",431,"iota_N1",9.53057493
"Activation targeted (ψw)",431,"iota_N2",1.90558984
"Half-life indis (ϕn)",431,"phi_N1",0.27940422
"Half-life targeted (ϕw)",431,"phi_N2",314.876246
"RBC replenishment (ρ)",432,"rho",0.26348146
"Burst size (β)",432,"burst",5.95624939
"Activation indis (ψn)",432,"iota_N1",7.04389857
"Activation targeted (ψw)",432,"iota_N2",2.0083873
"Half-life indis (ϕn)",432,"phi_N1",0.09976924
"Half-life targeted (ϕw)",432,"phi_N2",227.049412
"RBC replenishment (ρ)",433,"rho",0.35122056
"Burst size (β)",433,"burst",5.39178974
"Activation indis (ψn)",433,"iota_N1",6.78676016
"Activation targeted (ψw)",433,"iota_N2",0.99051476
"Half-life indis (ϕn)",433,"phi_N1",0.07369621
"Half-life targeted (ϕw)",433,"phi_N2",901.086131
"RBC replenishment (ρ)",434,"rho",0.31368564
"Burst size (β)",434,"burst",4.03870982
"Activation indis (ψn)",434,"iota_N1",7.16302359
"Activation targeted (ψw)",434,"iota_N2",0.71896156
"Half-life indis (ϕn)",434,"phi_N1",0.12545116
"Half-life targeted (ϕw)",434,"phi_N2",115.785018
"RBC replenishment (ρ)",435,"rho",0.37082374
"Burst size (β)",435,"burst",4.04437866
"Activation indis (ψn)",435,"iota_N1",6.6953509
"Activation targeted (ψw)",435,"iota_N2",0.88680939
"Half-life indis (ϕn)",435,"phi_N1",0.07810204
"Half-life targeted (ϕw)",435,"phi_N2",534.374446
"RBC replenishment (ρ)",436,"rho",0.43082765
"Burst size (β)",436,"burst",4.89885706
"Activation indis (ψn)",436,"iota_N1",1.74799203
"Activation targeted (ψw)",436,"iota_N2",0.41599734
"Half-life indis (ϕn)",436,"phi_N1",0.09022798
"Half-life targeted (ϕw)",436,"phi_N2",150.568856
"RBC replenishment (ρ)",437,"rho",0.28946113
"Burst size (β)",437,"burst",4.57936272
"Activation indis (ψn)",437,"iota_N1",36.5792433
"Activation targeted (ψw)",437,"iota_N2",2.00793603
"Half-life indis (ϕn)",437,"phi_N1",0.07181974
"Half-life targeted (ϕw)",437,"phi_N2",651.704899
"RBC replenishment (ρ)",438,"rho",0.41986633
"Burst size (β)",438,"burst",6.18827802
"Activation indis (ψn)",438,"iota_N1",12.7162599
"Activation targeted (ψw)",438,"iota_N2",1.56762406
"Half-life indis (ϕn)",438,"phi_N1",0.06430067
"Half-life targeted (ϕw)",438,"phi_N2",338.244121
"RBC replenishment (ρ)",439,"rho",0.20766609
"Burst size (β)",439,"burst",5.67195752
"Activation indis (ψn)",439,"iota_N1",3.72652234
"Activation targeted (ψw)",439,"iota_N2",0.91157521
"Half-life indis (ϕn)",439,"phi_N1",0.1138414
"Half-life targeted (ϕw)",439,"phi_N2",203.997328
"RBC replenishment (ρ)",440,"rho",0.28204503
"Burst size (β)",440,"burst",3.97398628
"Activation indis (ψn)",440,"iota_N1",6.04171501
"Activation targeted (ψw)",440,"iota_N2",0.92734364
"Half-life indis (ϕn)",440,"phi_N1",0.1309275
"Half-life targeted (ϕw)",440,"phi_N2",440.756648
"RBC replenishment (ρ)",441,"rho",0.46247362
"Burst size (β)",441,"burst",3.85711993
"Activation indis (ψn)",441,"iota_N1",9.03579566
"Activation targeted (ψw)",441,"iota_N2",0.51924337
"Half-life indis (ϕn)",441,"phi_N1",0.10885385
"Half-life targeted (ϕw)",441,"phi_N2",362.261753
"RBC replenishment (ρ)",442,"rho",0.43059834
"Burst size (β)",442,"burst",4.78526019
"Activation indis (ψn)",442,"iota_N1",3.48005114
"Activation targeted (ψw)",442,"iota_N2",0.4033525
"Half-life indis (ϕn)",442,"phi_N1",0.08770982
"Half-life targeted (ϕw)",442,"phi_N2",2354.8133
"RBC replenishment (ρ)",443,"rho",0.19846205
"Burst size (β)",443,"burst",4.6417372
"Activation indis (ψn)",443,"iota_N1",15.5167132
"Activation targeted (ψw)",443,"iota_N2",2.12173599
"Half-life indis (ϕn)",443,"phi_N1",0.15460091
"Half-life targeted (ϕw)",443,"phi_N2",394.595127
"RBC replenishment (ρ)",444,"rho",0.65236238
"Burst size (β)",444,"burst",6.06412583
"Activation indis (ψn)",444,"iota_N1",10.814282
"Activation targeted (ψw)",444,"iota_N2",1.74865768
"Half-life indis (ϕn)",444,"phi_N1",0.16873807
"Half-life targeted (ϕw)",444,"phi_N2",7923.93595
"RBC replenishment (ρ)",445,"rho",0.28309269
"Burst size (β)",445,"burst",5.40450326
"Activation indis (ψn)",445,"iota_N1",5.13579477
"Activation targeted (ψw)",445,"iota_N2",1.14561217
"Half-life indis (ϕn)",445,"phi_N1",0.14385062
"Half-life targeted (ϕw)",445,"phi_N2",9044.85911
"RBC replenishment (ρ)",446,"rho",0.28242932
"Burst size (β)",446,"burst",4.06841877
"Activation indis (ψn)",446,"iota_N1",14.9766716
"Activation targeted (ψw)",446,"iota_N2",0.8202283
"Half-life indis (ϕn)",446,"phi_N1",0.04009121
"Half-life targeted (ϕw)",446,"phi_N2",149.155828
"RBC replenishment (ρ)",447,"rho",0.27353603
"Burst size (β)",447,"burst",3.87713627
"Activation indis (ψn)",447,"iota_N1",10.6614666
"Activation targeted (ψw)",447,"iota_N2",0.61119486
"Half-life indis (ϕn)",447,"phi_N1",0.08301096
"Half-life targeted (ϕw)",447,"phi_N2",225.136221
"RBC replenishment (ρ)",448,"rho",0.45048139
"Burst size (β)",448,"burst",4.88533899
"Activation indis (ψn)",448,"iota_N1",13.2526326
"Activation targeted (ψw)",448,"iota_N2",0.52391402
"Half-life indis (ϕn)",448,"phi_N1",0.02503244
"Half-life targeted (ϕw)",448,"phi_N2",857.712364
"RBC replenishment (ρ)",449,"rho",0.21513996
"Burst size (β)",449,"burst",4.60238475
"Activation indis (ψn)",449,"iota_N1",11.9012481
"Activation targeted (ψw)",449,"iota_N2",2.11014559
"Half-life indis (ϕn)",449,"phi_N1",0.15052072
"Half-life targeted (ϕw)",449,"phi_N2",172.288077
"RBC replenishment (ρ)",450,"rho",0.43016519
"Burst size (β)",450,"burst",6.28587623
"Activation indis (ψn)",450,"iota_N1",12.441878
"Activation targeted (ψw)",450,"iota_N2",1.56478263
"Half-life indis (ϕn)",450,"phi_N1",0.04004135
"Half-life targeted (ϕw)",450,"phi_N2",455.486281
"RBC replenishment (ρ)",451,"rho",0.24849853
"Burst size (β)",451,"burst",5.74053865
"Activation indis (ψn)",451,"iota_N1",12.4125166
"Activation targeted (ψw)",451,"iota_N2",1.18868981
"Half-life indis (ϕn)",451,"phi_N1",0.02975201
"Half-life targeted (ϕw)",451,"phi_N2",244.04332
"RBC replenishment (ρ)",452,"rho",0.27622735
"Burst size (β)",452,"burst",3.88897331
"Activation indis (ψn)",452,"iota_N1",41.5295906
"Activation targeted (ψw)",452,"iota_N2",0.56909071
"Half-life indis (ϕn)",452,"phi_N1",0.01864864
"Half-life targeted (ϕw)",452,"phi_N2",2246.38431
"RBC replenishment (ρ)",453,"rho",0.30901185
"Burst size (β)",453,"burst",3.94054453
"Activation indis (ψn)",453,"iota_N1",46.2251482
"Activation targeted (ψw)",453,"iota_N2",0.9399266
"Half-life indis (ϕn)",453,"phi_N1",0.00978578
"Half-life targeted (ϕw)",453,"phi_N2",819.797293
"RBC replenishment (ρ)",454,"rho",0.40367123
"Burst size (β)",454,"burst",4.82279332
"Activation indis (ψn)",454,"iota_N1",17.9487554
"Activation targeted (ψw)",454,"iota_N2",0.51452216
"Half-life indis (ϕn)",454,"phi_N1",0.01750754
"Half-life targeted (ϕw)",454,"phi_N2",158.82705
"RBC replenishment (ρ)",455,"rho",0.21451997
"Burst size (β)",455,"burst",4.56824361
"Activation indis (ψn)",455,"iota_N1",90.4898117
"Activation targeted (ψw)",455,"iota_N2",2.22679953
"Half-life indis (ϕn)",455,"phi_N1",0.02216518
"Half-life targeted (ϕw)",455,"phi_N2",1219.30516
"RBC replenishment (ρ)",456,"rho",0.4068861
"Burst size (β)",456,"burst",6.14367551
"Activation indis (ψn)",456,"iota_N1",69.2888024
"Activation targeted (ψw)",456,"iota_N2",1.71535317
"Half-life indis (ϕn)",456,"phi_N1",0.01500271
"Half-life targeted (ϕw)",456,"phi_N2",1512.738
"RBC replenishment (ρ)",457,"rho",0.31836517
"Burst size (β)",457,"burst",5.6298996
"Activation indis (ψn)",457,"iota_N1",81.6732522
"Activation targeted (ψw)",457,"iota_N2",0.98929021
"Half-life indis (ϕn)",457,"phi_N1",0.00484237
"Half-life targeted (ϕw)",457,"phi_N2",2024.88331
"RBC replenishment (ρ)",458,"rho",0.24865653
"Burst size (β)",458,"burst",4.14895369
"Activation indis (ψn)",458,"iota_N1",14.5985966
"Activation targeted (ψw)",458,"iota_N2",0.81627434
"Half-life indis (ϕn)",458,"phi_N1",0.02069053
"Half-life targeted (ϕw)",458,"phi_N2",143.50765
"RBC replenishment (ρ)",459,"rho",0.25200227
"Burst size (β)",459,"burst",3.99046203
"Activation indis (ψn)",459,"iota_N1",15.0891389
"Activation targeted (ψw)",459,"iota_N2",0.89646538
"Half-life indis (ϕn)",459,"phi_N1",0.01412991
"Half-life targeted (ϕw)",459,"phi_N2",539.69176
"RBC replenishment (ρ)",460,"rho",0.47633748
"Burst size (β)",460,"burst",4.61023545
"Activation indis (ψn)",460,"iota_N1",16.7641066
"Activation targeted (ψw)",460,"iota_N2",0.50582142
"Half-life indis (ϕn)",460,"phi_N1",0.01347101
"Half-life targeted (ϕw)",460,"phi_N2",733.250118
"RBC replenishment (ρ)",461,"rho",0.2118842
"Burst size (β)",461,"burst",4.47737801
"Activation indis (ψn)",461,"iota_N1",16.4132056
"Activation targeted (ψw)",461,"iota_N2",2.11868037
"Half-life indis (ϕn)",461,"phi_N1",0.19115904
"Half-life targeted (ϕw)",461,"phi_N2",605.522047
"RBC replenishment (ρ)",462,"rho",0.49199877
"Burst size (β)",462,"burst",6.13290236
"Activation indis (ψn)",462,"iota_N1",20.3398785
"Activation targeted (ψw)",462,"iota_N2",1.72495374
"Half-life indis (ϕn)",462,"phi_N1",0.05631239
"Half-life targeted (ϕw)",462,"phi_N2",1734.55988
"RBC replenishment (ρ)",463,"rho",0.37285288
"Burst size (β)",463,"burst",5.39955411
"Activation indis (ψn)",463,"iota_N1",15.4347129
"Activation targeted (ψw)",463,"iota_N2",1.17395901
"Half-life indis (ϕn)",463,"phi_N1",0.0424471
"Half-life targeted (ϕw)",463,"phi_N2",5571.02717
"RBC replenishment (ρ)",464,"rho",0.28196569
"Burst size (β)",464,"burst",4.08230888
"Activation indis (ψn)",464,"iota_N1",29.3037928
"Activation targeted (ψw)",464,"iota_N2",0.71567038
"Half-life indis (ϕn)",464,"phi_N1",0.02343799
"Half-life targeted (ϕw)",464,"phi_N2",589.859154
"RBC replenishment (ρ)",465,"rho",0.2810448
"Burst size (β)",465,"burst",3.93020733
"Activation indis (ψn)",465,"iota_N1",14.1577907
"Activation targeted (ψw)",465,"iota_N2",0.73963844
"Half-life indis (ϕn)",465,"phi_N1",0.02691166
"Half-life targeted (ϕw)",465,"phi_N2",326.174106
"RBC replenishment (ρ)",466,"rho",0.41426221
"Burst size (β)",466,"burst",4.74476169
"Activation indis (ψn)",466,"iota_N1",15.0364679
"Activation targeted (ψw)",466,"iota_N2",0.46630386
"Half-life indis (ϕn)",466,"phi_N1",0.01957602
"Half-life targeted (ϕw)",466,"phi_N2",657.692314
"RBC replenishment (ρ)",467,"rho",0.21669659
"Burst size (β)",467,"burst",4.6000375
"Activation indis (ψn)",467,"iota_N1",21.2745617
"Activation targeted (ψw)",467,"iota_N2",1.68361309
"Half-life indis (ϕn)",467,"phi_N1",0.09165743
"Half-life targeted (ϕw)",467,"phi_N2",653.268267
"RBC replenishment (ρ)",468,"rho",0.44039949
"Burst size (β)",468,"burst",6.03239207
"Activation indis (ψn)",468,"iota_N1",16.1234942
"Activation targeted (ψw)",468,"iota_N2",1.92789019
"Half-life indis (ϕn)",468,"phi_N1",0.06027486
"Half-life targeted (ϕw)",468,"phi_N2",259.471497
"RBC replenishment (ρ)",469,"rho",0.23997653
"Burst size (β)",469,"burst",5.56461807
"Activation indis (ψn)",469,"iota_N1",9.26231264
"Activation targeted (ψw)",469,"iota_N2",1.24464208
"Half-life indis (ϕn)",469,"phi_N1",0.02952114
"Half-life targeted (ϕw)",469,"phi_N2",289.550197
"RBC replenishment (ρ)",470,"rho",0.30175256
"Burst size (β)",470,"burst",4.00737665
"Activation indis (ψn)",470,"iota_N1",17.8627052
"Activation targeted (ψw)",470,"iota_N2",0.73410885
"Half-life indis (ϕn)",470,"phi_N1",0.02458244
"Half-life targeted (ϕw)",470,"phi_N2",1065.6819
"RBC replenishment (ρ)",471,"rho",0.24247145
"Burst size (β)",471,"burst",3.97711467
"Activation indis (ψn)",471,"iota_N1",10.1713151
"Activation targeted (ψw)",471,"iota_N2",0.87308681
"Half-life indis (ϕn)",471,"phi_N1",0.02946164
"Half-life targeted (ϕw)",471,"phi_N2",2227.5316
"RBC replenishment (ρ)",472,"rho",0.3579236
"Burst size (β)",472,"burst",4.76610803
"Activation indis (ψn)",472,"iota_N1",20.2897898
"Activation targeted (ψw)",472,"iota_N2",0.52602281
"Half-life indis (ϕn)",472,"phi_N1",0.01283166
"Half-life targeted (ϕw)",472,"phi_N2",565.847396
"RBC replenishment (ρ)",473,"rho",0.16300773
"Burst size (β)",473,"burst",4.52320594
"Activation indis (ψn)",473,"iota_N1",36.8707867
"Activation targeted (ψw)",473,"iota_N2",2.05657616
"Half-life indis (ϕn)",473,"phi_N1",0.05857323
"Half-life targeted (ϕw)",473,"phi_N2",888.271699
"RBC replenishment (ρ)",474,"rho",0.34856673
"Burst size (β)",474,"burst",5.96400937
"Activation indis (ψn)",474,"iota_N1",22.8149839
"Activation targeted (ψw)",474,"iota_N2",1.87408598
"Half-life indis (ϕn)",474,"phi_N1",0.03361546
"Half-life targeted (ϕw)",474,"phi_N2",3555.70802
"RBC replenishment (ρ)",475,"rho",0.30864295
"Burst size (β)",475,"burst",5.59996629
"Activation indis (ψn)",475,"iota_N1",11.7918478
"Activation targeted (ψw)",475,"iota_N2",1.00448675
"Half-life indis (ϕn)",475,"phi_N1",0.02856181
"Half-life targeted (ϕw)",475,"phi_N2",1126.64266
"RBC replenishment (ρ)",476,"rho",0.32534659
"Burst size (β)",476,"burst",4.1468584
"Activation indis (ψn)",476,"iota_N1",7.8293796
"Activation targeted (ψw)",476,"iota_N2",0.71130084
"Half-life indis (ϕn)",476,"phi_N1",0.11556082
"Half-life targeted (ϕw)",476,"phi_N2",178.163992
"RBC replenishment (ρ)",477,"rho",0.22920348
"Burst size (β)",477,"burst",3.88057502
"Activation indis (ψn)",477,"iota_N1",14.6679298
"Activation targeted (ψw)",477,"iota_N2",0.82322371
"Half-life indis (ϕn)",477,"phi_N1",0.03845419
"Half-life targeted (ϕw)",477,"phi_N2",240.160605
"RBC replenishment (ρ)",478,"rho",0.35980137
"Burst size (β)",478,"burst",4.6554545
"Activation indis (ψn)",478,"iota_N1",23.6898458
"Activation targeted (ψw)",478,"iota_N2",0.54507536
"Half-life indis (ϕn)",478,"phi_N1",0.01381493
"Half-life targeted (ϕw)",478,"phi_N2",65.690365
"RBC replenishment (ρ)",479,"rho",0.27319103
"Burst size (β)",479,"burst",4.73008288
"Activation indis (ψn)",479,"iota_N1",25.8126091
"Activation targeted (ψw)",479,"iota_N2",1.80407367
"Half-life indis (ϕn)",479,"phi_N1",0.10086604
"Half-life targeted (ϕw)",479,"phi_N2",96.3550157
"RBC replenishment (ρ)",480,"rho",0.35424063
"Burst size (β)",480,"burst",6.19359161
"Activation indis (ψn)",480,"iota_N1",32.8020385
"Activation targeted (ψw)",480,"iota_N2",1.96446989
"Half-life indis (ϕn)",480,"phi_N1",0.02261327
"Half-life targeted (ϕw)",480,"phi_N2",202.610172
"RBC replenishment (ρ)",481,"rho",0.31832245
"Burst size (β)",481,"burst",5.58810383
"Activation indis (ψn)",481,"iota_N1",32.6862681
"Activation targeted (ψw)",481,"iota_N2",1.01455979
"Half-life indis (ϕn)",481,"phi_N1",0.00881614
"Half-life targeted (ϕw)",481,"phi_N2",110.449125
"RBC replenishment (ρ)",482,"rho",0.23253642
"Burst size (β)",482,"burst",4.04824788
"Activation indis (ψn)",482,"iota_N1",34.4235084
"Activation targeted (ψw)",482,"iota_N2",0.92547698
"Half-life indis (ϕn)",482,"phi_N1",0.02658993
"Half-life targeted (ϕw)",482,"phi_N2",747.339406
"RBC replenishment (ρ)",483,"rho",0.52198355
"Burst size (β)",483,"burst",4.03095562
"Activation indis (ψn)",483,"iota_N1",34.6400053
"Activation targeted (ψw)",483,"iota_N2",0.66846147
"Half-life indis (ϕn)",483,"phi_N1",0.02557145
"Half-life targeted (ϕw)",483,"phi_N2",2129.47208
"RBC replenishment (ρ)",484,"rho",0.24144796
"Burst size (β)",484,"burst",4.75968489
"Activation indis (ψn)",484,"iota_N1",32.5082384
"Activation targeted (ψw)",484,"iota_N2",0.5172375
"Half-life indis (ϕn)",484,"phi_N1",0.00560051
"Half-life targeted (ϕw)",484,"phi_N2",4635.59835
"RBC replenishment (ρ)",485,"rho",0.09750066
"Burst size (β)",485,"burst",4.41262283
"Activation indis (ψn)",485,"iota_N1",37.6580915
"Activation targeted (ψw)",485,"iota_N2",2.66770448
"Half-life indis (ϕn)",485,"phi_N1",0.05488289
"Half-life targeted (ϕw)",485,"phi_N2",210.35789
"RBC replenishment (ρ)",486,"rho",0.47829404
"Burst size (β)",486,"burst",6.07846809
"Activation indis (ψn)",486,"iota_N1",34.4207911
"Activation targeted (ψw)",486,"iota_N2",2.2078044
"Half-life indis (ϕn)",486,"phi_N1",0.04242212
"Half-life targeted (ϕw)",486,"phi_N2",3506.77677
"RBC replenishment (ρ)",487,"rho",0.46839792
"Burst size (β)",487,"burst",5.61923168
"Activation indis (ψn)",487,"iota_N1",42.8876634
"Activation targeted (ψw)",487,"iota_N2",0.8851853
"Half-life indis (ϕn)",487,"phi_N1",0.00863689
"Half-life targeted (ϕw)",487,"phi_N2",1835.85617
"RBC replenishment (ρ)",488,"rho",0.39782114
"Burst size (β)",488,"burst",3.93887781
"Activation indis (ψn)",488,"iota_N1",12.9711822
"Activation targeted (ψw)",488,"iota_N2",0.61184187
"Half-life indis (ϕn)",488,"phi_N1",0.0809603
"Half-life targeted (ϕw)",488,"phi_N2",1386.38925
"RBC replenishment (ρ)",489,"rho",0.34403093
"Burst size (β)",489,"burst",4.05484275
"Activation indis (ψn)",489,"iota_N1",9.56464347
"Activation targeted (ψw)",489,"iota_N2",0.73825886
"Half-life indis (ϕn)",489,"phi_N1",0.03894246
"Half-life targeted (ϕw)",489,"phi_N2",1025.65684
"RBC replenishment (ρ)",490,"rho",0.41916249
"Burst size (β)",490,"burst",4.67007424
"Activation indis (ψn)",490,"iota_N1",8.41238555
"Activation targeted (ψw)",490,"iota_N2",0.57263322
"Half-life indis (ϕn)",490,"phi_N1",0.03735807
"Half-life targeted (ϕw)",490,"phi_N2",1234.16818
"RBC replenishment (ρ)",491,"rho",0.21349035
"Burst size (β)",491,"burst",4.60040065
"Activation indis (ψn)",491,"iota_N1",22.9608915
"Activation targeted (ψw)",491,"iota_N2",2.07892847
"Half-life indis (ϕn)",491,"phi_N1",0.06892885
"Half-life targeted (ϕw)",491,"phi_N2",726.13416
"RBC replenishment (ρ)",492,"rho",0.42410717
"Burst size (β)",492,"burst",6.10587984
"Activation indis (ψn)",492,"iota_N1",8.65776153
"Activation targeted (ψw)",492,"iota_N2",1.92480703
"Half-life indis (ϕn)",492,"phi_N1",0.08864032
"Half-life targeted (ϕw)",492,"phi_N2",1342.76827
"RBC replenishment (ρ)",493,"rho",0.29277638
"Burst size (β)",493,"burst",5.58275223
"Activation indis (ψn)",493,"iota_N1",10.0716457
"Activation targeted (ψw)",493,"iota_N2",1.15157344
"Half-life indis (ϕn)",493,"phi_N1",0.02871644
"Half-life targeted (ϕw)",493,"phi_N2",505.060669
"RBC replenishment (ρ)",494,"rho",0.20833261
"Burst size (β)",494,"burst",3.92925851
"Activation indis (ψn)",494,"iota_N1",28.2642023
"Activation targeted (ψw)",494,"iota_N2",0.87872707
"Half-life indis (ϕn)",494,"phi_N1",0.02556908
"Half-life targeted (ϕw)",494,"phi_N2",733.231579
"RBC replenishment (ρ)",495,"rho",0.32547601
"Burst size (β)",495,"burst",3.92564675
"Activation indis (ψn)",495,"iota_N1",23.6850217
"Activation targeted (ψw)",495,"iota_N2",0.6397886
"Half-life indis (ϕn)",495,"phi_N1",0.02599165
"Half-life targeted (ϕw)",495,"phi_N2",413.530033
"RBC replenishment (ρ)",496,"rho",0.33894234
"Burst size (β)",496,"burst",4.84132112
"Activation indis (ψn)",496,"iota_N1",25.9769052
"Activation targeted (ψw)",496,"iota_N2",0.44859432
"Half-life indis (ϕn)",496,"phi_N1",0.01362033
"Half-life targeted (ϕw)",496,"phi_N2",118.127873
"RBC replenishment (ρ)",497,"rho",0.16629246
"Burst size (β)",497,"burst",4.61545388
"Activation indis (ψn)",497,"iota_N1",25.8280802
"Activation targeted (ψw)",497,"iota_N2",2.09149044
"Half-life indis (ϕn)",497,"phi_N1",0.07550584
"Half-life targeted (ϕw)",497,"phi_N2",244.820825
"RBC replenishment (ρ)",498,"rho",0.39025487
"Burst size (β)",498,"burst",6.04465773
"Activation indis (ψn)",498,"iota_N1",31.412766
"Activation targeted (ψw)",498,"iota_N2",1.73755389
"Half-life indis (ϕn)",498,"phi_N1",0.01775148
"Half-life targeted (ϕw)",498,"phi_N2",1156.9059
"RBC replenishment (ρ)",499,"rho",0.35007299
"Burst size (β)",499,"burst",5.60349631
"Activation indis (ψn)",499,"iota_N1",23.353796
"Activation targeted (ψw)",499,"iota_N2",0.92338065
"Half-life indis (ϕn)",499,"phi_N1",0.02287913
"Half-life targeted (ϕw)",499,"phi_N2",104.316693
"RBC replenishment (ρ)",500,"rho",0.24790548
"Burst size (β)",500,"burst",3.96749861
"Activation indis (ψn)",500,"iota_N1",9.65090388
"Activation targeted (ψw)",500,"iota_N2",0.84476445
"Half-life indis (ϕn)",500,"phi_N1",0.06955471
"Half-life targeted (ϕw)",500,"phi_N2",2443.71782
"RBC replenishment (ρ)",501,"rho",0.35054379
"Burst size (β)",501,"burst",4.00708699
"Activation indis (ψn)",501,"iota_N1",10.3894422
"Activation targeted (ψw)",501,"iota_N2",0.60143422
"Half-life indis (ϕn)",501,"phi_N1",0.0526858
"Half-life targeted (ϕw)",501,"phi_N2",614.112647
"RBC replenishment (ρ)",502,"rho",0.32055873
"Burst size (β)",502,"burst",4.70954141
"Activation indis (ψn)",502,"iota_N1",5.88607563
"Activation targeted (ψw)",502,"iota_N2",0.48041463
"Half-life indis (ϕn)",502,"phi_N1",0.03740316
"Half-life targeted (ϕw)",502,"phi_N2",3497.61872
"RBC replenishment (ρ)",503,"rho",0.23981564
"Burst size (β)",503,"burst",4.74637358
"Activation indis (ψn)",503,"iota_N1",16.4918222
"Activation targeted (ψw)",503,"iota_N2",2.36812629
"Half-life indis (ϕn)",503,"phi_N1",0.14004634
"Half-life targeted (ϕw)",503,"phi_N2",75.0743096
"RBC replenishment (ρ)",504,"rho",0.29900689
"Burst size (β)",504,"burst",5.82794482
"Activation indis (ψn)",504,"iota_N1",12.6691547
"Activation targeted (ψw)",504,"iota_N2",2.07258893
"Half-life indis (ϕn)",504,"phi_N1",0.04067615
"Half-life targeted (ϕw)",504,"phi_N2",75.0042819
"RBC replenishment (ρ)",505,"rho",0.31861559
"Burst size (β)",505,"burst",5.57391688
"Activation indis (ψn)",505,"iota_N1",10.6047895
"Activation targeted (ψw)",505,"iota_N2",1.06087165
"Half-life indis (ϕn)",505,"phi_N1",0.05217677
"Half-life targeted (ϕw)",505,"phi_N2",417.528321
"RBC replenishment (ρ)",506,"rho",0.35200709
"Burst size (β)",506,"burst",4.01645187
"Activation indis (ψn)",506,"iota_N1",15.2615382
"Activation targeted (ψw)",506,"iota_N2",0.76054801
"Half-life indis (ϕn)",506,"phi_N1",0.0432522
"Half-life targeted (ϕw)",506,"phi_N2",3133.41809
"RBC replenishment (ρ)",507,"rho",0.36882226
"Burst size (β)",507,"burst",3.91742235
"Activation indis (ψn)",507,"iota_N1",11.3367063
"Activation targeted (ψw)",507,"iota_N2",0.63820219
"Half-life indis (ϕn)",507,"phi_N1",0.04891168
"Half-life targeted (ϕw)",507,"phi_N2",4291.46536
"RBC replenishment (ρ)",508,"rho",0.4247313
"Burst size (β)",508,"burst",4.92508134
"Activation indis (ψn)",508,"iota_N1",6.32321648
"Activation targeted (ψw)",508,"iota_N2",0.44193549
"Half-life indis (ϕn)",508,"phi_N1",0.03073119
"Half-life targeted (ϕw)",508,"phi_N2",3202.78341
"RBC replenishment (ρ)",509,"rho",0.20336722
"Burst size (β)",509,"burst",4.46115925
"Activation indis (ψn)",509,"iota_N1",65.2803255
"Activation targeted (ψw)",509,"iota_N2",1.99901139
"Half-life indis (ϕn)",509,"phi_N1",0.03312811
"Half-life targeted (ϕw)",509,"phi_N2",1283.19096
"RBC replenishment (ρ)",510,"rho",0.39569863
"Burst size (β)",510,"burst",6.07362766
"Activation indis (ψn)",510,"iota_N1",16.4200044
"Activation targeted (ψw)",510,"iota_N2",1.87698142
"Half-life indis (ϕn)",510,"phi_N1",0.0475097
"Half-life targeted (ϕw)",510,"phi_N2",3350.51208
"RBC replenishment (ρ)",511,"rho",0.30645524
"Burst size (β)",511,"burst",5.34320514
"Activation indis (ψn)",511,"iota_N1",17.4828524
"Activation targeted (ψw)",511,"iota_N2",1.01477261
"Half-life indis (ϕn)",511,"phi_N1",0.0454765
"Half-life targeted (ϕw)",511,"phi_N2",4319.34177
"RBC replenishment (ρ)",512,"rho",0.30084456
"Burst size (β)",512,"burst",4.02651824
"Activation indis (ψn)",512,"iota_N1",40.8564655
"Activation targeted (ψw)",512,"iota_N2",0.69073079
"Half-life indis (ϕn)",512,"phi_N1",0.0143164
"Half-life targeted (ϕw)",512,"phi_N2",2950.47526
"RBC replenishment (ρ)",513,"rho",0.34138136
"Burst size (β)",513,"burst",3.96010811
"Activation indis (ψn)",513,"iota_N1",38.8816731
"Activation targeted (ψw)",513,"iota_N2",0.78458958
"Half-life indis (ϕn)",513,"phi_N1",0.02165013
"Half-life targeted (ϕw)",513,"phi_N2",2291.17608
"RBC replenishment (ρ)",514,"rho",0.34616802
"Burst size (β)",514,"burst",4.58247788
"Activation indis (ψn)",514,"iota_N1",43.1036511
"Activation targeted (ψw)",514,"iota_N2",0.56665319
"Half-life indis (ϕn)",514,"phi_N1",0.00635296
"Half-life targeted (ϕw)",514,"phi_N2",5389.94531
"RBC replenishment (ρ)",515,"rho",0.21400351
"Burst size (β)",515,"burst",4.66604761
"Activation indis (ψn)",515,"iota_N1",48.3341854
"Activation targeted (ψw)",515,"iota_N2",1.72947228
"Half-life indis (ϕn)",515,"phi_N1",0.02888916
"Half-life targeted (ϕw)",515,"phi_N2",673.970738
"RBC replenishment (ρ)",516,"rho",0.40877071
"Burst size (β)",516,"burst",5.80094187
"Activation indis (ψn)",516,"iota_N1",84.6976573
"Activation targeted (ψw)",516,"iota_N2",1.90547689
"Half-life indis (ϕn)",516,"phi_N1",0.01070825
"Half-life targeted (ϕw)",516,"phi_N2",2057.03854
"RBC replenishment (ρ)",517,"rho",0.36495968
"Burst size (β)",517,"burst",5.54471608
"Activation indis (ψn)",517,"iota_N1",73.5228643
"Activation targeted (ψw)",517,"iota_N2",1.07336195
"Half-life indis (ϕn)",517,"phi_N1",0.00992821
"Half-life targeted (ϕw)",517,"phi_N2",1787.71824
"RBC replenishment (ρ)",518,"rho",0.24895477
"Burst size (β)",518,"burst",3.97275897
"Activation indis (ψn)",518,"iota_N1",6.04423309
"Activation targeted (ψw)",518,"iota_N2",0.64300797
"Half-life indis (ϕn)",518,"phi_N1",0.09723411
"Half-life targeted (ϕw)",518,"phi_N2",276.322453
"RBC replenishment (ρ)",519,"rho",0.27931924
"Burst size (β)",519,"burst",3.78997694
"Activation indis (ψn)",519,"iota_N1",6.91151052
"Activation targeted (ψw)",519,"iota_N2",0.76771754
"Half-life indis (ϕn)",519,"phi_N1",0.08759784
"Half-life targeted (ϕw)",519,"phi_N2",806.761222
"RBC replenishment (ρ)",520,"rho",0.35007774
"Burst size (β)",520,"burst",4.86384243
"Activation indis (ψn)",520,"iota_N1",4.28027249
"Activation targeted (ψw)",520,"iota_N2",0.40799846
"Half-life indis (ϕn)",520,"phi_N1",0.05787669
"Half-life targeted (ϕw)",520,"phi_N2",3179.91488
"RBC replenishment (ρ)",521,"rho",0.16204969
"Burst size (β)",521,"burst",4.71272655
"Activation indis (ψn)",521,"iota_N1",20.1311457
"Activation targeted (ψw)",521,"iota_N2",1.87614264
"Half-life indis (ϕn)",521,"phi_N1",0.06929554
"Half-life targeted (ϕw)",521,"phi_N2",491.149628
"RBC replenishment (ρ)",522,"rho",0.38377567
"Burst size (β)",522,"burst",6.46964216
"Activation indis (ψn)",522,"iota_N1",11.767723
"Activation targeted (ψw)",522,"iota_N2",1.48216623
"Half-life indis (ϕn)",522,"phi_N1",0.0617773
"Half-life targeted (ϕw)",522,"phi_N2",1837.68946
"RBC replenishment (ρ)",523,"rho",0.38935699
"Burst size (β)",523,"burst",5.42152256
"Activation indis (ψn)",523,"iota_N1",8.95183523
"Activation targeted (ψw)",523,"iota_N2",1.1209727
"Half-life indis (ϕn)",523,"phi_N1",0.05703408
"Half-life targeted (ϕw)",523,"phi_N2",173.475412
"RBC replenishment (ρ)",524,"rho",0.26787352
"Burst size (β)",524,"burst",4.08270216
"Activation indis (ψn)",524,"iota_N1",51.7369232
"Activation targeted (ψw)",524,"iota_N2",1.18160574
"Half-life indis (ϕn)",524,"phi_N1",0.0151029
"Half-life targeted (ϕw)",524,"phi_N2",24.6413811
"RBC replenishment (ρ)",525,"rho",0.21530075
"Burst size (β)",525,"burst",4.12147668
"Activation indis (ψn)",525,"iota_N1",24.8397959
"Activation targeted (ψw)",525,"iota_N2",0.92644746
"Half-life indis (ϕn)",525,"phi_N1",0.01061007
"Half-life targeted (ϕw)",525,"phi_N2",49.1223859
"RBC replenishment (ρ)",526,"rho",0.35143919
"Burst size (β)",526,"burst",4.71211241
"Activation indis (ψn)",526,"iota_N1",41.8423434
"Activation targeted (ψw)",526,"iota_N2",0.51455092
"Half-life indis (ϕn)",526,"phi_N1",0.00723522
"Half-life targeted (ϕw)",526,"phi_N2",98.7917808
"RBC replenishment (ρ)",527,"rho",0.1634383
"Burst size (β)",527,"burst",4.63822485
"Activation indis (ψn)",527,"iota_N1",86.424134
"Activation targeted (ψw)",527,"iota_N2",2.50700635
"Half-life indis (ϕn)",527,"phi_N1",0.02953551
"Half-life targeted (ϕw)",527,"phi_N2",244.506445
"RBC replenishment (ρ)",528,"rho",0.39387439
"Burst size (β)",528,"burst",6.14224237
"Activation indis (ψn)",528,"iota_N1",89.1484741
"Activation targeted (ψw)",528,"iota_N2",2.08418807
"Half-life indis (ϕn)",528,"phi_N1",0.01371296
"Half-life targeted (ϕw)",528,"phi_N2",118.70014
"RBC replenishment (ρ)",529,"rho",0.36118631
"Burst size (β)",529,"burst",5.48041837
"Activation indis (ψn)",529,"iota_N1",40.622699
"Activation targeted (ψw)",529,"iota_N2",0.93678592
"Half-life indis (ϕn)",529,"phi_N1",0.01079511
"Half-life targeted (ϕw)",529,"phi_N2",185.86903
"RBC replenishment (ρ)",530,"rho",0.26082521
"Burst size (β)",530,"burst",4.00429899
"Activation indis (ψn)",530,"iota_N1",52.7368492
"Activation targeted (ψw)",530,"iota_N2",0.79614991
"Half-life indis (ϕn)",530,"phi_N1",0.00949516
"Half-life targeted (ϕw)",530,"phi_N2",3027.4403
"RBC replenishment (ρ)",531,"rho",0.3372719
"Burst size (β)",531,"burst",3.9174034
"Activation indis (ψn)",531,"iota_N1",49.0086788
"Activation targeted (ψw)",531,"iota_N2",0.86464568
"Half-life indis (ϕn)",531,"phi_N1",0.01007635
"Half-life targeted (ϕw)",531,"phi_N2",1119.3159
"RBC replenishment (ρ)",532,"rho",0.39391432
"Burst size (β)",532,"burst",4.69406771
"Activation indis (ψn)",532,"iota_N1",38.2690601
"Activation targeted (ψw)",532,"iota_N2",0.39476892
"Half-life indis (ϕn)",532,"phi_N1",0.00609382
"Half-life targeted (ϕw)",532,"phi_N2",625.713165
"RBC replenishment (ρ)",533,"rho",0.32164259
"Burst size (β)",533,"burst",4.73669588
"Activation indis (ψn)",533,"iota_N1",63.7553316
"Activation targeted (ψw)",533,"iota_N2",1.72896252
"Half-life indis (ϕn)",533,"phi_N1",0.04049475
"Half-life targeted (ϕw)",533,"phi_N2",1966.4278
"RBC replenishment (ρ)",534,"rho",0.37705539
"Burst size (β)",534,"burst",6.06987434
"Activation indis (ψn)",534,"iota_N1",49.8689239
"Activation targeted (ψw)",534,"iota_N2",1.91388764
"Half-life indis (ϕn)",534,"phi_N1",0.02282331
"Half-life targeted (ϕw)",534,"phi_N2",1085.26137
"RBC replenishment (ρ)",535,"rho",0.29833387
"Burst size (β)",535,"burst",5.58638666
"Activation indis (ψn)",535,"iota_N1",36.5973165
"Activation targeted (ψw)",535,"iota_N2",1.07984476
"Half-life indis (ϕn)",535,"phi_N1",0.01416137
"Half-life targeted (ϕw)",535,"phi_N2",849.050594
"RBC replenishment (ρ)",536,"rho",0.30337195
"Burst size (β)",536,"burst",4.01675535
"Activation indis (ψn)",536,"iota_N1",6.06614663
"Activation targeted (ψw)",536,"iota_N2",0.74477561
"Half-life indis (ϕn)",536,"phi_N1",0.13087419
"Half-life targeted (ϕw)",536,"phi_N2",1018.12537
"RBC replenishment (ρ)",537,"rho",0.3629319
"Burst size (β)",537,"burst",3.98468121
"Activation indis (ψn)",537,"iota_N1",7.81290746
"Activation targeted (ψw)",537,"iota_N2",0.90551448
"Half-life indis (ϕn)",537,"phi_N1",0.05972115
"Half-life targeted (ϕw)",537,"phi_N2",1321.71019
"RBC replenishment (ρ)",538,"rho",0.33527299
"Burst size (β)",538,"burst",4.91822154
"Activation indis (ψn)",538,"iota_N1",7.52653093
"Activation targeted (ψw)",538,"iota_N2",0.45969962
"Half-life indis (ϕn)",538,"phi_N1",0.02970983
"Half-life targeted (ϕw)",538,"phi_N2",60.0308954
"RBC replenishment (ρ)",539,"rho",0.31771955
"Burst size (β)",539,"burst",4.51174323
"Activation indis (ψn)",539,"iota_N1",6.65909084
"Activation targeted (ψw)",539,"iota_N2",1.85080665
"Half-life indis (ϕn)",539,"phi_N1",0.4701594
"Half-life targeted (ϕw)",539,"phi_N2",5898.92131
"RBC replenishment (ρ)",540,"rho",0.44466702
"Burst size (β)",540,"burst",6.04200449
"Activation indis (ψn)",540,"iota_N1",8.19214812
"Activation targeted (ψw)",540,"iota_N2",2.03242316
"Half-life indis (ϕn)",540,"phi_N1",0.14263186
"Half-life targeted (ϕw)",540,"phi_N2",4147.37863
"RBC replenishment (ρ)",541,"rho",0.48868721
"Burst size (β)",541,"burst",5.46255996
"Activation indis (ψn)",541,"iota_N1",6.82175642
"Activation targeted (ψw)",541,"iota_N2",0.98359308
"Half-life indis (ϕn)",541,"phi_N1",0.15463667
"Half-life targeted (ϕw)",541,"phi_N2",425.258731
"RBC replenishment (ρ)",542,"rho",0.38129522
"Burst size (β)",542,"burst",3.91026549
"Activation indis (ψn)",542,"iota_N1",95.2540499
"Activation targeted (ψw)",542,"iota_N2",0.73039703
"Half-life indis (ϕn)",542,"phi_N1",0.00933323
"Half-life targeted (ϕw)",542,"phi_N2",300.607546
"RBC replenishment (ρ)",543,"rho",0.40661641
"Burst size (β)",543,"burst",4.09260828
"Activation indis (ψn)",543,"iota_N1",38.0446256
"Activation targeted (ψw)",543,"iota_N2",0.79151266
"Half-life indis (ϕn)",543,"phi_N1",0.0123163
"Half-life targeted (ϕw)",543,"phi_N2",257.941787
"RBC replenishment (ρ)",544,"rho",0.31951129
"Burst size (β)",544,"burst",4.76284335
"Activation indis (ψn)",544,"iota_N1",20.1125129
"Activation targeted (ψw)",544,"iota_N2",0.63826944
"Half-life indis (ϕn)",544,"phi_N1",0.01417973
"Half-life targeted (ϕw)",544,"phi_N2",36.4447397
"RBC replenishment (ρ)",545,"rho",0.12597646
"Burst size (β)",545,"burst",4.6326122
"Activation indis (ψn)",545,"iota_N1",103.734591
"Activation targeted (ψw)",545,"iota_N2",1.97642558
"Half-life indis (ϕn)",545,"phi_N1",0.01410101
"Half-life targeted (ϕw)",545,"phi_N2",328.074338
"RBC replenishment (ρ)",546,"rho",0.3121342
"Burst size (β)",546,"burst",5.9513886
"Activation indis (ψn)",546,"iota_N1",75.3051023
"Activation targeted (ψw)",546,"iota_N2",2.03807367
"Half-life indis (ϕn)",546,"phi_N1",0.01368142
"Half-life targeted (ϕw)",546,"phi_N2",493.620461
"RBC replenishment (ρ)",547,"rho",0.34974053
"Burst size (β)",547,"burst",5.58034945
"Activation indis (ψn)",547,"iota_N1",53.1374722
"Activation targeted (ψw)",547,"iota_N2",1.15260371
"Half-life indis (ϕn)",547,"phi_N1",0.01148222
"Half-life targeted (ϕw)",547,"phi_N2",158.45752
"RBC replenishment (ρ)",548,"rho",0.30860084
"Burst size (β)",548,"burst",3.96628252
"Activation indis (ψn)",548,"iota_N1",31.1060777
"Activation targeted (ψw)",548,"iota_N2",0.82122644
"Half-life indis (ϕn)",548,"phi_N1",0.02147338
"Half-life targeted (ϕw)",548,"phi_N2",125.95497
"RBC replenishment (ρ)",549,"rho",0.31141694
"Burst size (β)",549,"burst",3.98503815
"Activation indis (ψn)",549,"iota_N1",16.0302889
"Activation targeted (ψw)",549,"iota_N2",0.85307465
"Half-life indis (ϕn)",549,"phi_N1",0.01977135
"Half-life targeted (ϕw)",549,"phi_N2",94.750717
"RBC replenishment (ρ)",550,"rho",0.38987412
"Burst size (β)",550,"burst",4.85244532
"Activation indis (ψn)",550,"iota_N1",9.68795649
"Activation targeted (ψw)",550,"iota_N2",0.41652584
"Half-life indis (ϕn)",550,"phi_N1",0.01179363
"Half-life targeted (ϕw)",550,"phi_N2",131.388043
"RBC replenishment (ρ)",551,"rho",0.24068779
"Burst size (β)",551,"burst",4.68158934
"Activation indis (ψn)",551,"iota_N1",71.3621196
"Activation targeted (ψw)",551,"iota_N2",1.69879928
"Half-life indis (ϕn)",551,"phi_N1",0.044903
"Half-life targeted (ϕw)",551,"phi_N2",67.5075515
"RBC replenishment (ρ)",552,"rho",0.47763383
"Burst size (β)",552,"burst",6.18856993
"Activation indis (ψn)",552,"iota_N1",35.7901491
"Activation targeted (ψw)",552,"iota_N2",2.21221902
"Half-life indis (ϕn)",552,"phi_N1",0.02988566
"Half-life targeted (ϕw)",552,"phi_N2",242.914857
"RBC replenishment (ρ)",553,"rho",0.35489542
"Burst size (β)",553,"burst",5.22478854
"Activation indis (ψn)",553,"iota_N1",21.3127407
"Activation targeted (ψw)",553,"iota_N2",1.05480295
"Half-life indis (ϕn)",553,"phi_N1",0.04248659
"Half-life targeted (ϕw)",553,"phi_N2",348.110903
"RBC replenishment (ρ)",554,"rho",0.43280451
"Burst size (β)",554,"burst",3.96602119
"Activation indis (ψn)",554,"iota_N1",35.6704553
"Activation targeted (ψw)",554,"iota_N2",0.57153162
"Half-life indis (ϕn)",554,"phi_N1",0.0323402
"Half-life targeted (ϕw)",554,"phi_N2",420.658235
"RBC replenishment (ρ)",555,"rho",0.33815716
"Burst size (β)",555,"burst",4.04875557
"Activation indis (ψn)",555,"iota_N1",31.2172643
"Activation targeted (ψw)",555,"iota_N2",0.81726213
"Half-life indis (ϕn)",555,"phi_N1",0.01923354
"Half-life targeted (ϕw)",555,"phi_N2",424.169812
"RBC replenishment (ρ)",556,"rho",0.33000058
"Burst size (β)",556,"burst",4.97701443
"Activation indis (ψn)",556,"iota_N1",54.9758189
"Activation targeted (ψw)",556,"iota_N2",0.50683338
"Half-life indis (ϕn)",556,"phi_N1",0.00372377
"Half-life targeted (ϕw)",556,"phi_N2",2389.08793
"RBC replenishment (ρ)",557,"rho",0.30790393
"Burst size (β)",557,"burst",4.63926353
"Activation indis (ψn)",557,"iota_N1",35.3090142
"Activation targeted (ψw)",557,"iota_N2",2.04269236
"Half-life indis (ϕn)",557,"phi_N1",0.08373934
"Half-life targeted (ϕw)",557,"phi_N2",964.596888
"RBC replenishment (ρ)",558,"rho",0.40748189
"Burst size (β)",558,"burst",6.0721351
"Activation indis (ψn)",558,"iota_N1",46.1299403
"Activation targeted (ψw)",558,"iota_N2",2.19625271
"Half-life indis (ϕn)",558,"phi_N1",0.02615556
"Half-life targeted (ϕw)",558,"phi_N2",436.278795
"RBC replenishment (ρ)",559,"rho",0.20236309
"Burst size (β)",559,"burst",5.3952392
"Activation indis (ψn)",559,"iota_N1",36.4390683
"Activation targeted (ψw)",559,"iota_N2",1.21316881
"Half-life indis (ϕn)",559,"phi_N1",0.01091843
"Half-life targeted (ϕw)",559,"phi_N2",1112.72805
"RBC replenishment (ρ)",560,"rho",0.27380831
"Burst size (β)",560,"burst",3.99789811
"Activation indis (ψn)",560,"iota_N1",14.0011301
"Activation targeted (ψw)",560,"iota_N2",0.74074619
"Half-life indis (ϕn)",560,"phi_N1",0.05050694
"Half-life targeted (ϕw)",560,"phi_N2",1510.46161
"RBC replenishment (ρ)",561,"rho",0.30435877
"Burst size (β)",561,"burst",3.87555814
"Activation indis (ψn)",561,"iota_N1",12.1659699
"Activation targeted (ψw)",561,"iota_N2",0.86149527
"Half-life indis (ϕn)",561,"phi_N1",0.04418259
"Half-life targeted (ϕw)",561,"phi_N2",5079.84532
"RBC replenishment (ρ)",562,"rho",0.3457067
"Burst size (β)",562,"burst",4.80516759
"Activation indis (ψn)",562,"iota_N1",15.3952325
"Activation targeted (ψw)",562,"iota_N2",0.42949967
"Half-life indis (ϕn)",562,"phi_N1",0.01010042
"Half-life targeted (ϕw)",562,"phi_N2",2461.25633
"RBC replenishment (ρ)",563,"rho",0.23065465
"Burst size (β)",563,"burst",4.65408873
"Activation indis (ψn)",563,"iota_N1",24.5384107
"Activation targeted (ψw)",563,"iota_N2",1.88893221
"Half-life indis (ϕn)",563,"phi_N1",0.08747335
"Half-life targeted (ϕw)",563,"phi_N2",788.149823
"RBC replenishment (ρ)",564,"rho",0.45721051
"Burst size (β)",564,"burst",6.12416884
"Activation indis (ψn)",564,"iota_N1",14.4336489
"Activation targeted (ψw)",564,"iota_N2",2.11408623
"Half-life indis (ϕn)",564,"phi_N1",0.10532269
"Half-life targeted (ϕw)",564,"phi_N2",2647.78805
"RBC replenishment (ρ)",565,"rho",0.28503487
"Burst size (β)",565,"burst",5.5393889
"Activation indis (ψn)",565,"iota_N1",14.7149771
"Activation targeted (ψw)",565,"iota_N2",0.98598119
"Half-life indis (ϕn)",565,"phi_N1",0.03439255
"Half-life targeted (ϕw)",565,"phi_N2",1861.64477
"RBC replenishment (ρ)",566,"rho",0.31141399
"Burst size (β)",566,"burst",4.24424205
"Activation indis (ψn)",566,"iota_N1",5.51746779
"Activation targeted (ψw)",566,"iota_N2",0.70691284
"Half-life indis (ϕn)",566,"phi_N1",0.0915499
"Half-life targeted (ϕw)",566,"phi_N2",158.730382
"RBC replenishment (ρ)",567,"rho",0.35740746
"Burst size (β)",567,"burst",4.12193121
"Activation indis (ψn)",567,"iota_N1",4.65207089
"Activation targeted (ψw)",567,"iota_N2",0.80133569
"Half-life indis (ϕn)",567,"phi_N1",0.08044537
"Half-life targeted (ϕw)",567,"phi_N2",239.917567
"RBC replenishment (ρ)",568,"rho",0.38863432
"Burst size (β)",568,"burst",4.83136701
"Activation indis (ψn)",568,"iota_N1",3.95409919
"Activation targeted (ψw)",568,"iota_N2",0.48927456
"Half-life indis (ϕn)",568,"phi_N1",0.06065536
"Half-life targeted (ϕw)",568,"phi_N2",86.1413955
"RBC replenishment (ρ)",569,"rho",0.24219488
"Burst size (β)",569,"burst",4.50290322
"Activation indis (ψn)",569,"iota_N1",13.0789121
"Activation targeted (ψw)",569,"iota_N2",2.3971424
"Half-life indis (ϕn)",569,"phi_N1",0.22712585
"Half-life targeted (ϕw)",569,"phi_N2",2154.84764
"RBC replenishment (ρ)",570,"rho",0.45672273
"Burst size (β)",570,"burst",5.98902867
"Activation indis (ψn)",570,"iota_N1",5.76685522
"Activation targeted (ψw)",570,"iota_N2",2.00795457
"Half-life indis (ϕn)",570,"phi_N1",0.22805283
"Half-life targeted (ϕw)",570,"phi_N2",556.966831
"RBC replenishment (ρ)",571,"rho",0.4235853
"Burst size (β)",571,"burst",5.61011171
"Activation indis (ψn)",571,"iota_N1",4.00621152
"Activation targeted (ψw)",571,"iota_N2",0.97376758
"Half-life indis (ϕn)",571,"phi_N1",0.21889304
"Half-life targeted (ϕw)",571,"phi_N2",213.258477
"RBC replenishment (ρ)",572,"rho",0.24353545
"Burst size (β)",572,"burst",3.95316818
"Activation indis (ψn)",572,"iota_N1",34.9640566
"Activation targeted (ψw)",572,"iota_N2",0.95460544
"Half-life indis (ϕn)",572,"phi_N1",0.01632511
"Half-life targeted (ϕw)",572,"phi_N2",4607.63558
"RBC replenishment (ρ)",573,"rho",0.23563404
"Burst size (β)",573,"burst",3.87479799
"Activation indis (ψn)",573,"iota_N1",23.1041031
"Activation targeted (ψw)",573,"iota_N2",0.92815724
"Half-life indis (ϕn)",573,"phi_N1",0.01602788
"Half-life targeted (ϕw)",573,"phi_N2",660.943708
"RBC replenishment (ρ)",574,"rho",0.38833611
"Burst size (β)",574,"burst",4.75005973
"Activation indis (ψn)",574,"iota_N1",25.735001
"Activation targeted (ψw)",574,"iota_N2",0.59736689
"Half-life indis (ϕn)",574,"phi_N1",0.0176032
"Half-life targeted (ϕw)",574,"phi_N2",802.417978
"RBC replenishment (ρ)",575,"rho",0.19705761
"Burst size (β)",575,"burst",4.80620027
"Activation indis (ψn)",575,"iota_N1",41.6567203
"Activation targeted (ψw)",575,"iota_N2",1.94872261
"Half-life indis (ϕn)",575,"phi_N1",0.04915988
"Half-life targeted (ϕw)",575,"phi_N2",1819.76654
"RBC replenishment (ρ)",576,"rho",0.47491489
"Burst size (β)",576,"burst",6.01818569
"Activation indis (ψn)",576,"iota_N1",56.3834654
"Activation targeted (ψw)",576,"iota_N2",2.26860726
"Half-life indis (ϕn)",576,"phi_N1",0.02486085
"Half-life targeted (ϕw)",576,"phi_N2",3313.8894
"RBC replenishment (ρ)",577,"rho",0.35925884
"Burst size (β)",577,"burst",5.51736793
"Activation indis (ψn)",577,"iota_N1",27.1068777
"Activation targeted (ψw)",577,"iota_N2",1.20118438
"Half-life indis (ϕn)",577,"phi_N1",0.02098764
"Half-life targeted (ϕw)",577,"phi_N2",2988.02112
"RBC replenishment (ρ)",578,"rho",0.28637466
"Burst size (β)",578,"burst",4.06992304
"Activation indis (ψn)",578,"iota_N1",13.7080848
"Activation targeted (ψw)",578,"iota_N2",0.8243535
"Half-life indis (ϕn)",578,"phi_N1",0.03882608
"Half-life targeted (ϕw)",578,"phi_N2",2084.86279
"RBC replenishment (ρ)",579,"rho",0.31089973
"Burst size (β)",579,"burst",3.98204564
"Activation indis (ψn)",579,"iota_N1",15.366147
"Activation targeted (ψw)",579,"iota_N2",0.78649672
"Half-life indis (ϕn)",579,"phi_N1",0.03205993
"Half-life targeted (ϕw)",579,"phi_N2",2238.98818
"RBC replenishment (ρ)",580,"rho",0.38949769
"Burst size (β)",580,"burst",4.88877829
"Activation indis (ψn)",580,"iota_N1",10.7720514
"Activation targeted (ψw)",580,"iota_N2",0.43746684
"Half-life indis (ϕn)",580,"phi_N1",0.01562122
"Half-life targeted (ϕw)",580,"phi_N2",335.55058
"RBC replenishment (ρ)",581,"rho",0.18334292
"Burst size (β)",581,"burst",4.60083836
"Activation indis (ψn)",581,"iota_N1",18.0097233
"Activation targeted (ψw)",581,"iota_N2",2.06917723
"Half-life indis (ϕn)",581,"phi_N1",0.10370767
"Half-life targeted (ϕw)",581,"phi_N2",2791.68835
"RBC replenishment (ρ)",582,"rho",0.44552754
"Burst size (β)",582,"burst",6.25333075
"Activation indis (ψn)",582,"iota_N1",22.5267796
"Activation targeted (ψw)",582,"iota_N2",1.60011221
"Half-life indis (ϕn)",582,"phi_N1",0.03355711
"Half-life targeted (ϕw)",582,"phi_N2",2241.4693
"RBC replenishment (ρ)",583,"rho",0.29742925
"Burst size (β)",583,"burst",5.70350342
"Activation indis (ψn)",583,"iota_N1",14.2979591
"Activation targeted (ψw)",583,"iota_N2",0.78798102
"Half-life indis (ϕn)",583,"phi_N1",0.01858976
"Half-life targeted (ϕw)",583,"phi_N2",4887.983
"RBC replenishment (ρ)",584,"rho",0.2460119
"Burst size (β)",584,"burst",4.02916363
"Activation indis (ψn)",584,"iota_N1",10.6830887
"Activation targeted (ψw)",584,"iota_N2",0.93663886
"Half-life indis (ϕn)",584,"phi_N1",0.04536936
"Half-life targeted (ϕw)",584,"phi_N2",261.327651
"RBC replenishment (ρ)",585,"rho",0.33598444
"Burst size (β)",585,"burst",3.92750634
"Activation indis (ψn)",585,"iota_N1",14.5099062
"Activation targeted (ψw)",585,"iota_N2",0.65229342
"Half-life indis (ϕn)",585,"phi_N1",0.03148062
"Half-life targeted (ϕw)",585,"phi_N2",35.0443356
"RBC replenishment (ρ)",586,"rho",0.33333538
"Burst size (β)",586,"burst",4.63862552
"Activation indis (ψn)",586,"iota_N1",8.31817892
"Activation targeted (ψw)",586,"iota_N2",0.57327899
"Half-life indis (ϕn)",586,"phi_N1",0.02445681
"Half-life targeted (ϕw)",586,"phi_N2",96.3232082
"RBC replenishment (ρ)",587,"rho",0.22522873
"Burst size (β)",587,"burst",4.73453208
"Activation indis (ψn)",587,"iota_N1",13.1526473
"Activation targeted (ψw)",587,"iota_N2",2.30763107
"Half-life indis (ϕn)",587,"phi_N1",0.16343627
"Half-life targeted (ϕw)",587,"phi_N2",3280.77616
"RBC replenishment (ρ)",588,"rho",0.3672356
"Burst size (β)",588,"burst",6.02249979
"Activation indis (ψn)",588,"iota_N1",18.488646
"Activation targeted (ψw)",588,"iota_N2",1.68682733
"Half-life indis (ϕn)",588,"phi_N1",0.05246635
"Half-life targeted (ϕw)",588,"phi_N2",695.672736
"RBC replenishment (ρ)",589,"rho",0.37732858
"Burst size (β)",589,"burst",5.52383094
"Activation indis (ψn)",589,"iota_N1",13.3038848
"Activation targeted (ψw)",589,"iota_N2",0.87544965
"Half-life indis (ϕn)",589,"phi_N1",0.03614001
"Half-life targeted (ϕw)",589,"phi_N2",748.337694
"RBC replenishment (ρ)",590,"rho",0.2843034
"Burst size (β)",590,"burst",3.99822725
"Activation indis (ψn)",590,"iota_N1",159.120738
"Activation targeted (ψw)",590,"iota_N2",0.95464386
"Half-life indis (ϕn)",590,"phi_N1",0.00712239
"Half-life targeted (ϕw)",590,"phi_N2",322.246311
"RBC replenishment (ρ)",591,"rho",0.37470129
"Burst size (β)",591,"burst",3.99300724
"Activation indis (ψn)",591,"iota_N1",193.381818
"Activation targeted (ψw)",591,"iota_N2",0.69693902
"Half-life indis (ϕn)",591,"phi_N1",0.0031878
"Half-life targeted (ϕw)",591,"phi_N2",554.384141
"RBC replenishment (ρ)",592,"rho",0.45738471
"Burst size (β)",592,"burst",4.79275262
"Activation indis (ψn)",592,"iota_N1",172.255493
"Activation targeted (ψw)",592,"iota_N2",0.41632763
"Half-life indis (ϕn)",592,"phi_N1",0.00179358
"Half-life targeted (ϕw)",592,"phi_N2",179.291452
"RBC replenishment (ρ)",593,"rho",0.21806464
"Burst size (β)",593,"burst",4.7307588
"Activation indis (ψn)",593,"iota_N1",166.801994
"Activation targeted (ψw)",593,"iota_N2",2.15267511
"Half-life indis (ϕn)",593,"phi_N1",0.01810722
"Half-life targeted (ϕw)",593,"phi_N2",259.996469
"RBC replenishment (ρ)",594,"rho",0.47342466
"Burst size (β)",594,"burst",6.30674466
"Activation indis (ψn)",594,"iota_N1",140.869648
"Activation targeted (ψw)",594,"iota_N2",1.5563429
"Half-life indis (ϕn)",594,"phi_N1",0.00552729
"Half-life targeted (ϕw)",594,"phi_N2",167.248725
"RBC replenishment (ρ)",595,"rho",0.33028784
"Burst size (β)",595,"burst",5.46536192
"Activation indis (ψn)",595,"iota_N1",187.50084
"Activation targeted (ψw)",595,"iota_N2",1.18203843
"Half-life indis (ϕn)",595,"phi_N1",0.00272086
"Half-life targeted (ϕw)",595,"phi_N2",80.301706
"RBC replenishment (ρ)",596,"rho",0.24099032
"Burst size (β)",596,"burst",4.14120459
"Activation indis (ψn)",596,"iota_N1",111.115512
"Activation targeted (ψw)",596,"iota_N2",0.67015035
"Half-life indis (ϕn)",596,"phi_N1",0.00380278
"Half-life targeted (ϕw)",596,"phi_N2",953.838453
"RBC replenishment (ρ)",597,"rho",0.19162168
"Burst size (β)",597,"burst",3.9493976
"Activation indis (ψn)",597,"iota_N1",87.6014272
"Activation targeted (ψw)",597,"iota_N2",0.91687169
"Half-life indis (ϕn)",597,"phi_N1",0.00434489
"Half-life targeted (ϕw)",597,"phi_N2",216.270617
"RBC replenishment (ρ)",598,"rho",0.425229
"Burst size (β)",598,"burst",4.6701341
"Activation indis (ψn)",598,"iota_N1",95.0149023
"Activation targeted (ψw)",598,"iota_N2",0.38975321
"Half-life indis (ϕn)",598,"phi_N1",0.00411571
"Half-life targeted (ϕw)",598,"phi_N2",116.46419
"RBC replenishment (ρ)",599,"rho",0.40804953
"Burst size (β)",599,"burst",4.48076307
"Activation indis (ψn)",599,"iota_N1",165.009231
"Activation targeted (ψw)",599,"iota_N2",1.75633523
"Half-life indis (ϕn)",599,"phi_N1",0.02238434
"Half-life targeted (ϕw)",599,"phi_N2",331.093917
"RBC replenishment (ρ)",600,"rho",0.40425652
"Burst size (β)",600,"burst",6.25944378
"Activation indis (ψn)",600,"iota_N1",88.3856181
"Activation targeted (ψw)",600,"iota_N2",1.88099368
"Half-life indis (ϕn)",600,"phi_N1",0.01116181
"Half-life targeted (ϕw)",600,"phi_N2",365.625953
"RBC replenishment (ρ)",601,"rho",0.27430971
"Burst size (β)",601,"burst",5.42542186
"Activation indis (ψn)",601,"iota_N1",128.304552
"Activation targeted (ψw)",601,"iota_N2",1.14658229
"Half-life indis (ϕn)",601,"phi_N1",0.0061452
"Half-life targeted (ϕw)",601,"phi_N2",639.782942
"RBC replenishment (ρ)",602,"rho",0.26147476
"Burst size (β)",602,"burst",4.08449924
"Activation indis (ψn)",602,"iota_N1",24.9044376
"Activation targeted (ψw)",602,"iota_N2",0.90143416
"Half-life indis (ϕn)",602,"phi_N1",0.01580516
"Half-life targeted (ϕw)",602,"phi_N2",974.811975
"RBC replenishment (ρ)",603,"rho",0.33360913
"Burst size (β)",603,"burst",4.10989391
"Activation indis (ψn)",603,"iota_N1",35.3428409
"Activation targeted (ψw)",603,"iota_N2",0.90657412
"Half-life indis (ϕn)",603,"phi_N1",0.01440862
"Half-life targeted (ϕw)",603,"phi_N2",196.063958
"RBC replenishment (ρ)",604,"rho",0.45310026
"Burst size (β)",604,"burst",4.72836209
"Activation indis (ψn)",604,"iota_N1",30.731956
"Activation targeted (ψw)",604,"iota_N2",0.44866031
"Half-life indis (ϕn)",604,"phi_N1",0.01347379
"Half-life targeted (ϕw)",604,"phi_N2",262.50269
"RBC replenishment (ρ)",605,"rho",0.21385129
"Burst size (β)",605,"burst",4.67877687
"Activation indis (ψn)",605,"iota_N1",55.5242156
"Activation targeted (ψw)",605,"iota_N2",2.47224451
"Half-life indis (ϕn)",605,"phi_N1",0.04724745
"Half-life targeted (ϕw)",605,"phi_N2",78.9253727
"RBC replenishment (ρ)",606,"rho",0.37167128
"Burst size (β)",606,"burst",6.06982341
"Activation indis (ψn)",606,"iota_N1",49.5332911
"Activation targeted (ψw)",606,"iota_N2",1.67442326
"Half-life indis (ϕn)",606,"phi_N1",0.01618802
"Half-life targeted (ϕw)",606,"phi_N2",413.71553
"RBC replenishment (ρ)",607,"rho",0.34537413
"Burst size (β)",607,"burst",5.53515404
"Activation indis (ψn)",607,"iota_N1",39.1152429
"Activation targeted (ψw)",607,"iota_N2",1.19656723
"Half-life indis (ϕn)",607,"phi_N1",0.01224186
"Half-life targeted (ϕw)",607,"phi_N2",400.593375
"RBC replenishment (ρ)",608,"rho",0.2484377
"Burst size (β)",608,"burst",4.03183628
"Activation indis (ψn)",608,"iota_N1",409.575369
"Activation targeted (ψw)",608,"iota_N2",0.78568221
"Half-life indis (ϕn)",608,"phi_N1",0.00132981
"Half-life targeted (ϕw)",608,"phi_N2",6189.53097
"RBC replenishment (ρ)",609,"rho",0.26970995
"Burst size (β)",609,"burst",3.98719246
"Activation indis (ψn)",609,"iota_N1",348.182178
"Activation targeted (ψw)",609,"iota_N2",0.91827278
"Half-life indis (ϕn)",609,"phi_N1",0.00104911
"Half-life targeted (ϕw)",609,"phi_N2",3619.6205
"RBC replenishment (ρ)",610,"rho",0.43009874
"Burst size (β)",610,"burst",4.69528628
"Activation indis (ψn)",610,"iota_N1",292.547996
"Activation targeted (ψw)",610,"iota_N2",0.52938747
"Half-life indis (ϕn)",610,"phi_N1",0.00092203
"Half-life targeted (ϕw)",610,"phi_N2",4421.53613
"RBC replenishment (ρ)",611,"rho",0.20253268
"Burst size (β)",611,"burst",4.64728988
"Activation indis (ψn)",611,"iota_N1",1862.1735
"Activation targeted (ψw)",611,"iota_N2",2.23955215
"Half-life indis (ϕn)",611,"phi_N1",0.00105555
"Half-life targeted (ϕw)",611,"phi_N2",11927.7272
"RBC replenishment (ρ)",612,"rho",0.39502218
"Burst size (β)",612,"burst",6.0877626
"Activation indis (ψn)",612,"iota_N1",1615.08816
"Activation targeted (ψw)",612,"iota_N2",2.1569198
"Half-life indis (ϕn)",612,"phi_N1",0.00102017
"Half-life targeted (ϕw)",612,"phi_N2",18039.3472
"RBC replenishment (ρ)",613,"rho",0.3356371
"Burst size (β)",613,"burst",5.65070407
"Activation indis (ψn)",613,"iota_N1",170.275252
"Activation targeted (ψw)",613,"iota_N2",0.91222307
"Half-life indis (ϕn)",613,"phi_N1",0.00121251
"Half-life targeted (ϕw)",613,"phi_N2",3448.662
"RBC replenishment (ρ)",614,"rho",0.25073963
"Burst size (β)",614,"burst",3.89083235
"Activation indis (ψn)",614,"iota_N1",17.5563104
"Activation targeted (ψw)",614,"iota_N2",1.15955293
"Half-life indis (ϕn)",614,"phi_N1",0.04004028
"Half-life targeted (ϕw)",614,"phi_N2",253.856192
"RBC replenishment (ρ)",615,"rho",0.36449266
"Burst size (β)",615,"burst",3.94123977
"Activation indis (ψn)",615,"iota_N1",7.51910272
"Activation targeted (ψw)",615,"iota_N2",0.82583934
"Half-life indis (ϕn)",615,"phi_N1",0.05285987
"Half-life targeted (ϕw)",615,"phi_N2",206.58777
"RBC replenishment (ρ)",616,"rho",0.44179143
"Burst size (β)",616,"burst",4.75981648
"Activation indis (ψn)",616,"iota_N1",6.78771324
"Activation targeted (ψw)",616,"iota_N2",0.54507119
"Half-life indis (ϕn)",616,"phi_N1",0.05634068
"Half-life targeted (ϕw)",616,"phi_N2",488.001419
"RBC replenishment (ρ)",617,"rho",0.17394551
"Burst size (β)",617,"burst",4.68635045
"Activation indis (ψn)",617,"iota_N1",32.640854
"Activation targeted (ψw)",617,"iota_N2",2.72072318
"Half-life indis (ϕn)",617,"phi_N1",0.05104005
"Half-life targeted (ϕw)",617,"phi_N2",375.622287
"RBC replenishment (ρ)",618,"rho",0.43268495
"Burst size (β)",618,"burst",6.25813238
"Activation indis (ψn)",618,"iota_N1",20.0089748
"Activation targeted (ψw)",618,"iota_N2",1.95727822
"Half-life indis (ϕn)",618,"phi_N1",0.04835419
"Half-life targeted (ϕw)",618,"phi_N2",531.479226
"RBC replenishment (ρ)",619,"rho",0.32250757
"Burst size (β)",619,"burst",5.45861638
"Activation indis (ψn)",619,"iota_N1",16.8698005
"Activation targeted (ψw)",619,"iota_N2",1.17474768
"Half-life indis (ϕn)",619,"phi_N1",0.04279944
"Half-life targeted (ϕw)",619,"phi_N2",453.346972
"RBC replenishment (ρ)",620,"rho",0.39197354
"Burst size (β)",620,"burst",4.03406548
"Activation indis (ψn)",620,"iota_N1",13.8793544
"Activation targeted (ψw)",620,"iota_N2",0.73263218
"Half-life indis (ϕn)",620,"phi_N1",0.08299093
"Half-life targeted (ϕw)",620,"phi_N2",356.391726
"RBC replenishment (ρ)",621,"rho",0.38572823
"Burst size (β)",621,"burst",3.90778637
"Activation indis (ψn)",621,"iota_N1",6.83031375
"Activation targeted (ψw)",621,"iota_N2",0.92517989
"Half-life indis (ϕn)",621,"phi_N1",0.1071625
"Half-life targeted (ϕw)",621,"phi_N2",24.4978807
"RBC replenishment (ρ)",622,"rho",0.37398426
"Burst size (β)",622,"burst",4.90282002
"Activation indis (ψn)",622,"iota_N1",1.50450281
"Activation targeted (ψw)",622,"iota_N2",0.57796206
"Half-life indis (ϕn)",622,"phi_N1",0.13050266
"Half-life targeted (ϕw)",622,"phi_N2",22.7610819
"RBC replenishment (ρ)",623,"rho",0.18465738
"Burst size (β)",623,"burst",4.6392608
"Activation indis (ψn)",623,"iota_N1",25.4893628
"Activation targeted (ψw)",623,"iota_N2",2.06501808
"Half-life indis (ϕn)",623,"phi_N1",0.06140587
"Half-life targeted (ϕw)",623,"phi_N2",510.782057
"RBC replenishment (ρ)",624,"rho",0.36612314
"Burst size (β)",624,"burst",5.98037076
"Activation indis (ψn)",624,"iota_N1",8.81270934
"Activation targeted (ψw)",624,"iota_N2",2.21522784
"Half-life indis (ϕn)",624,"phi_N1",0.075524
"Half-life targeted (ϕw)",624,"phi_N2",78.2564596
"RBC replenishment (ρ)",625,"rho",0.32309459
"Burst size (β)",625,"burst",5.79886693
"Activation indis (ψn)",625,"iota_N1",3.55457994
"Activation targeted (ψw)",625,"iota_N2",0.95118071
"Half-life indis (ϕn)",625,"phi_N1",0.07930752
"Half-life targeted (ϕw)",625,"phi_N2",317.170532
"RBC replenishment (ρ)",626,"rho",0.27912405
"Burst size (β)",626,"burst",3.91071317
"Activation indis (ψn)",626,"iota_N1",112.672533
"Activation targeted (ψw)",626,"iota_N2",0.91347316
"Half-life indis (ϕn)",626,"phi_N1",0.00819681
"Half-life targeted (ϕw)",626,"phi_N2",426.690019
"RBC replenishment (ρ)",627,"rho",0.36827676
"Burst size (β)",627,"burst",3.88656946
"Activation indis (ψn)",627,"iota_N1",114.884635
"Activation targeted (ψw)",627,"iota_N2",0.64032933
"Half-life indis (ϕn)",627,"phi_N1",0.0057033
"Half-life targeted (ϕw)",627,"phi_N2",33.4494097
"RBC replenishment (ρ)",628,"rho",0.39994687
"Burst size (β)",628,"burst",4.68528086
"Activation indis (ψn)",628,"iota_N1",127.651114
"Activation targeted (ψw)",628,"iota_N2",0.47160216
"Half-life indis (ϕn)",628,"phi_N1",0.00176227
"Half-life targeted (ϕw)",628,"phi_N2",89.2992051
"RBC replenishment (ρ)",629,"rho",0.21098933
"Burst size (β)",629,"burst",4.66880802
"Activation indis (ψn)",629,"iota_N1",75.3936658
"Activation targeted (ψw)",629,"iota_N2",2.20560135
"Half-life indis (ϕn)",629,"phi_N1",0.02450458
"Half-life targeted (ϕw)",629,"phi_N2",3796.03481
"RBC replenishment (ρ)",630,"rho",0.2920235
"Burst size (β)",630,"burst",6.1746586
"Activation indis (ψn)",630,"iota_N1",69.7869029
"Activation targeted (ψw)",630,"iota_N2",1.94940713
"Half-life indis (ϕn)",630,"phi_N1",0.00881473
"Half-life targeted (ϕw)",630,"phi_N2",324.861459
"RBC replenishment (ρ)",631,"rho",0.28281977
"Burst size (β)",631,"burst",5.60338277
"Activation indis (ψn)",631,"iota_N1",124.031757
"Activation targeted (ψw)",631,"iota_N2",1.05424055
"Half-life indis (ϕn)",631,"phi_N1",0.003434
"Half-life targeted (ϕw)",631,"phi_N2",91.8461244
"RBC replenishment (ρ)",632,"rho",0.20409732
"Burst size (β)",632,"burst",4.07961058
"Activation indis (ψn)",632,"iota_N1",37.1609866
"Activation targeted (ψw)",632,"iota_N2",0.94777232
"Half-life indis (ϕn)",632,"phi_N1",0.01546778
"Half-life targeted (ϕw)",632,"phi_N2",386.852053
"RBC replenishment (ρ)",633,"rho",0.49808091
"Burst size (β)",633,"burst",3.97715812
"Activation indis (ψn)",633,"iota_N1",87.364859
"Activation targeted (ψw)",633,"iota_N2",0.58362358
"Half-life indis (ϕn)",633,"phi_N1",0.01111677
"Half-life targeted (ϕw)",633,"phi_N2",457.158373
"RBC replenishment (ρ)",634,"rho",0.2685651
"Burst size (β)",634,"burst",4.74165166
"Activation indis (ψn)",634,"iota_N1",14.5889344
"Activation targeted (ψw)",634,"iota_N2",0.5735826
"Half-life indis (ϕn)",634,"phi_N1",0.01580921
"Half-life targeted (ϕw)",634,"phi_N2",189.761221
"RBC replenishment (ρ)",635,"rho",0.17968638
"Burst size (β)",635,"burst",4.68799178
"Activation indis (ψn)",635,"iota_N1",141.502074
"Activation targeted (ψw)",635,"iota_N2",2.36525431
"Half-life indis (ϕn)",635,"phi_N1",0.01458061
"Half-life targeted (ϕw)",635,"phi_N2",810.41074
"RBC replenishment (ρ)",636,"rho",0.33399161
"Burst size (β)",636,"burst",6.06377592
"Activation indis (ψn)",636,"iota_N1",49.0426627
"Activation targeted (ψw)",636,"iota_N2",1.85161122
"Half-life indis (ϕn)",636,"phi_N1",0.01409132
"Half-life targeted (ϕw)",636,"phi_N2",858.373746
"RBC replenishment (ρ)",637,"rho",0.24356028
"Burst size (β)",637,"burst",5.57723579
"Activation indis (ψn)",637,"iota_N1",21.9245697
"Activation targeted (ψw)",637,"iota_N2",1.14212683
"Half-life indis (ϕn)",637,"phi_N1",0.01515372
"Half-life targeted (ϕw)",637,"phi_N2",259.1236
"RBC replenishment (ρ)",638,"rho",0.24239673
"Burst size (β)",638,"burst",3.99288796
"Activation indis (ψn)",638,"iota_N1",13.5034021
"Activation targeted (ψw)",638,"iota_N2",0.79210254
"Half-life indis (ϕn)",638,"phi_N1",0.05783232
"Half-life targeted (ϕw)",638,"phi_N2",1752.60691
"RBC replenishment (ρ)",639,"rho",0.3798559
"Burst size (β)",639,"burst",4.12340586
"Activation indis (ψn)",639,"iota_N1",8.5842317
"Activation targeted (ψw)",639,"iota_N2",0.6800015
"Half-life indis (ϕn)",639,"phi_N1",0.06026749
"Half-life targeted (ϕw)",639,"phi_N2",567.582899
"RBC replenishment (ρ)",640,"rho",0.47096751
"Burst size (β)",640,"burst",4.75543567
"Activation indis (ψn)",640,"iota_N1",4.24042897
"Activation targeted (ψw)",640,"iota_N2",0.39647186
"Half-life indis (ϕn)",640,"phi_N1",0.07027544
"Half-life targeted (ϕw)",640,"phi_N2",853.60415
"RBC replenishment (ρ)",641,"rho",0.19429067
"Burst size (β)",641,"burst",4.62494663
"Activation indis (ψn)",641,"iota_N1",32.728226
"Activation targeted (ψw)",641,"iota_N2",1.65997669
"Half-life indis (ϕn)",641,"phi_N1",0.07588884
"Half-life targeted (ϕw)",641,"phi_N2",5198.25961
"RBC replenishment (ρ)",642,"rho",0.48647434
"Burst size (β)",642,"burst",6.09231503
"Activation indis (ψn)",642,"iota_N1",12.6061599
"Activation targeted (ψw)",642,"iota_N2",1.61154239
"Half-life indis (ϕn)",642,"phi_N1",0.07469781
"Half-life targeted (ϕw)",642,"phi_N2",2782.77549
"RBC replenishment (ρ)",643,"rho",0.28488761
"Burst size (β)",643,"burst",5.46783336
"Activation indis (ψn)",643,"iota_N1",8.42228504
"Activation targeted (ψw)",643,"iota_N2",1.1769005
"Half-life indis (ϕn)",643,"phi_N1",0.06016719
"Half-life targeted (ϕw)",643,"phi_N2",453.974457
"RBC replenishment (ρ)",644,"rho",0.25368258
"Burst size (β)",644,"burst",3.99220475
"Activation indis (ψn)",644,"iota_N1",29.6040703
"Activation targeted (ψw)",644,"iota_N2",0.85131473
"Half-life indis (ϕn)",644,"phi_N1",0.0254118
"Half-life targeted (ϕw)",644,"phi_N2",154.437785
"RBC replenishment (ρ)",645,"rho",0.37754973
"Burst size (β)",645,"burst",3.86101857
"Activation indis (ψn)",645,"iota_N1",24.9435901
"Activation targeted (ψw)",645,"iota_N2",0.82539367
"Half-life indis (ϕn)",645,"phi_N1",0.03538746
"Half-life targeted (ϕw)",645,"phi_N2",93.8649601
"RBC replenishment (ρ)",646,"rho",0.40771511
"Burst size (β)",646,"burst",4.52160795
"Activation indis (ψn)",646,"iota_N1",12.7675672
"Activation targeted (ψw)",646,"iota_N2",0.42901476
"Half-life indis (ϕn)",646,"phi_N1",0.02648421
"Half-life targeted (ϕw)",646,"phi_N2",169.180104
"RBC replenishment (ρ)",647,"rho",0.25380417
"Burst size (β)",647,"burst",4.41184853
"Activation indis (ψn)",647,"iota_N1",24.3481875
"Activation targeted (ψw)",647,"iota_N2",2.03864599
"Half-life indis (ϕn)",647,"phi_N1",0.12645931
"Half-life targeted (ϕw)",647,"phi_N2",412.113902
"RBC replenishment (ρ)",648,"rho",0.28168866
"Burst size (β)",648,"burst",6.11117359
"Activation indis (ψn)",648,"iota_N1",9.4130306
"Activation targeted (ψw)",648,"iota_N2",1.89979771
"Half-life indis (ϕn)",648,"phi_N1",0.09222105
"Half-life targeted (ϕw)",648,"phi_N2",321.89876
"RBC replenishment (ρ)",649,"rho",0.32673305
"Burst size (β)",649,"burst",5.50979735
"Activation indis (ψn)",649,"iota_N1",12.2841701
"Activation targeted (ψw)",649,"iota_N2",0.9547823
"Half-life indis (ϕn)",649,"phi_N1",0.06129427
"Half-life targeted (ϕw)",649,"phi_N2",2184.01337
"RBC replenishment (ρ)",650,"rho",0.305793
"Burst size (β)",650,"burst",4.00402458
"Activation indis (ψn)",650,"iota_N1",587.731511
"Activation targeted (ψw)",650,"iota_N2",0.83713627
"Half-life indis (ϕn)",650,"phi_N1",0.00133882
"Half-life targeted (ϕw)",650,"phi_N2",783.341191
"RBC replenishment (ρ)",651,"rho",0.4081738
"Burst size (β)",651,"burst",4.08490859
"Activation indis (ψn)",651,"iota_N1",470.830269
"Activation targeted (ψw)",651,"iota_N2",0.70286111
"Half-life indis (ϕn)",651,"phi_N1",0.00146617
"Half-life targeted (ϕw)",651,"phi_N2",1976.67576
"RBC replenishment (ρ)",652,"rho",0.31562735
"Burst size (β)",652,"burst",4.76408431
"Activation indis (ψn)",652,"iota_N1",106.244641
"Activation targeted (ψw)",652,"iota_N2",0.41541099
"Half-life indis (ϕn)",652,"phi_N1",0.00166126
"Half-life targeted (ϕw)",652,"phi_N2",2491.3352
"RBC replenishment (ρ)",653,"rho",0.16447505
"Burst size (β)",653,"burst",4.57929933
"Activation indis (ψn)",653,"iota_N1",1006.59356
"Activation targeted (ψw)",653,"iota_N2",1.95700769
"Half-life indis (ϕn)",653,"phi_N1",0.0015966
"Half-life targeted (ϕw)",653,"phi_N2",723.712381
"RBC replenishment (ρ)",654,"rho",0.28868029
"Burst size (β)",654,"burst",6.17144256
"Activation indis (ψn)",654,"iota_N1",560.392018
"Activation targeted (ψw)",654,"iota_N2",1.95880348
"Half-life indis (ϕn)",654,"phi_N1",0.00222679
"Half-life targeted (ϕw)",654,"phi_N2",275.223059
"RBC replenishment (ρ)",655,"rho",0.35485308
"Burst size (β)",655,"burst",5.5261377
"Activation indis (ψn)",655,"iota_N1",405.682435
"Activation targeted (ψw)",655,"iota_N2",0.81128923
"Half-life indis (ϕn)",655,"phi_N1",0.00140794
"Half-life targeted (ϕw)",655,"phi_N2",577.793997
"RBC replenishment (ρ)",656,"rho",0.38104197
"Burst size (β)",656,"burst",3.99201909
"Activation indis (ψn)",656,"iota_N1",9.86782023
"Activation targeted (ψw)",656,"iota_N2",0.64929741
"Half-life indis (ϕn)",656,"phi_N1",0.08021385
"Half-life targeted (ϕw)",656,"phi_N2",13068.3948
"RBC replenishment (ρ)",657,"rho",0.3297235
"Burst size (β)",657,"burst",3.93148945
"Activation indis (ψn)",657,"iota_N1",5.99083172
"Activation targeted (ψw)",657,"iota_N2",0.8659251
"Half-life indis (ϕn)",657,"phi_N1",0.15308125
"Half-life targeted (ϕw)",657,"phi_N2",36442.8769
"RBC replenishment (ρ)",658,"rho",0.32518
"Burst size (β)",658,"burst",4.83590033
"Activation indis (ψn)",658,"iota_N1",5.59541322
"Activation targeted (ψw)",658,"iota_N2",0.59687137
"Half-life indis (ϕn)",658,"phi_N1",0.02746103
"Half-life targeted (ϕw)",658,"phi_N2",32.162641
"RBC replenishment (ρ)",659,"rho",0.34849114
"Burst size (β)",659,"burst",4.56005712
"Activation indis (ψn)",659,"iota_N1",29.8379633
"Activation targeted (ψw)",659,"iota_N2",1.76860006
"Half-life indis (ϕn)",659,"phi_N1",0.13716181
"Half-life targeted (ϕw)",659,"phi_N2",174.51114
"RBC replenishment (ρ)",660,"rho",0.34214222
"Burst size (β)",660,"burst",6.29368681
"Activation indis (ψn)",660,"iota_N1",16.6052958
"Activation targeted (ψw)",660,"iota_N2",1.69694774
"Half-life indis (ϕn)",660,"phi_N1",0.0431463
"Half-life targeted (ϕw)",660,"phi_N2",4198.50846
"RBC replenishment (ρ)",661,"rho",0.29870355
"Burst size (β)",661,"burst",5.63733902
"Activation indis (ψn)",661,"iota_N1",7.48931128
"Activation targeted (ψw)",661,"iota_N2",0.90888595
"Half-life indis (ϕn)",661,"phi_N1",0.03934115
"Half-life targeted (ϕw)",661,"phi_N2",1293.64551
"RBC replenishment (ρ)",662,"rho",0.27080917
"Burst size (β)",662,"burst",3.89375564
"Activation indis (ψn)",662,"iota_N1",94.0191331
"Activation targeted (ψw)",662,"iota_N2",0.83766016
"Half-life indis (ϕn)",662,"phi_N1",0.00751135
"Half-life targeted (ϕw)",662,"phi_N2",531.57831
"RBC replenishment (ρ)",663,"rho",0.39382238
"Burst size (β)",663,"burst",3.98470113
"Activation indis (ψn)",663,"iota_N1",35.8093595
"Activation targeted (ψw)",663,"iota_N2",0.69430456
"Half-life indis (ϕn)",663,"phi_N1",0.02077182
"Half-life targeted (ϕw)",663,"phi_N2",807.017567
"RBC replenishment (ρ)",664,"rho",0.39440607
"Burst size (β)",664,"burst",4.74399218
"Activation indis (ψn)",664,"iota_N1",23.7722589
"Activation targeted (ψw)",664,"iota_N2",0.54184573
"Half-life indis (ϕn)",664,"phi_N1",0.01265986
"Half-life targeted (ϕw)",664,"phi_N2",208.731799
"RBC replenishment (ρ)",665,"rho",0.15851297
"Burst size (β)",665,"burst",4.71695154
"Activation indis (ψn)",665,"iota_N1",61.3681953
"Activation targeted (ψw)",665,"iota_N2",2.0935477
"Half-life indis (ϕn)",665,"phi_N1",0.03275498
"Half-life targeted (ϕw)",665,"phi_N2",212.728298
"RBC replenishment (ρ)",666,"rho",0.35886824
"Burst size (β)",666,"burst",6.03050265
"Activation indis (ψn)",666,"iota_N1",17.8535188
"Activation targeted (ψw)",666,"iota_N2",2.27878074
"Half-life indis (ϕn)",666,"phi_N1",0.06869288
"Half-life targeted (ϕw)",666,"phi_N2",319.262715
"RBC replenishment (ρ)",667,"rho",0.29729249
"Burst size (β)",667,"burst",5.44836181
"Activation indis (ψn)",667,"iota_N1",55.5201802
"Activation targeted (ψw)",667,"iota_N2",1.19917195
"Half-life indis (ϕn)",667,"phi_N1",0.00929315
"Half-life targeted (ϕw)",667,"phi_N2",219.541781
"RBC replenishment (ρ)",668,"rho",0.30962511
"Burst size (β)",668,"burst",4.07453701
"Activation indis (ψn)",668,"iota_N1",36.5996747
"Activation targeted (ψw)",668,"iota_N2",0.83207247
"Half-life indis (ϕn)",668,"phi_N1",0.03212784
"Half-life targeted (ϕw)",668,"phi_N2",226.154524
"RBC replenishment (ρ)",669,"rho",0.24276517
"Burst size (β)",669,"burst",3.88259603
"Activation indis (ψn)",669,"iota_N1",28.2691066
"Activation targeted (ψw)",669,"iota_N2",0.84736017
"Half-life indis (ϕn)",669,"phi_N1",0.01494074
"Half-life targeted (ϕw)",669,"phi_N2",228.62257
"RBC replenishment (ρ)",670,"rho",0.32854323
"Burst size (β)",670,"burst",4.60958644
"Activation indis (ψn)",670,"iota_N1",26.6869181
"Activation targeted (ψw)",670,"iota_N2",0.43947882
"Half-life indis (ϕn)",670,"phi_N1",0.0123503
"Half-life targeted (ϕw)",670,"phi_N2",116.113863
"RBC replenishment (ρ)",671,"rho",0.35469465
"Burst size (β)",671,"burst",4.94730102
"Activation indis (ψn)",671,"iota_N1",95.8417709
"Activation targeted (ψw)",671,"iota_N2",1.91002945
"Half-life indis (ϕn)",671,"phi_N1",0.01936549
"Half-life targeted (ϕw)",671,"phi_N2",2067.86105
"RBC replenishment (ρ)",672,"rho",0.390935
"Burst size (β)",672,"burst",6.08107731
"Activation indis (ψn)",672,"iota_N1",36.0561985
"Activation targeted (ψw)",672,"iota_N2",1.95016695
"Half-life indis (ϕn)",672,"phi_N1",0.03330217
"Half-life targeted (ϕw)",672,"phi_N2",4854.51524
"RBC replenishment (ρ)",673,"rho",0.29928873
"Burst size (β)",673,"burst",5.62855417
"Activation indis (ψn)",673,"iota_N1",39.8763084
"Activation targeted (ψw)",673,"iota_N2",0.90258066
"Half-life indis (ϕn)",673,"phi_N1",0.00980885
"Half-life targeted (ϕw)",673,"phi_N2",1213.33987
"RBC replenishment (ρ)",674,"rho",0.2505995
"Burst size (β)",674,"burst",4.08744398
"Activation indis (ψn)",674,"iota_N1",19.1121528
"Activation targeted (ψw)",674,"iota_N2",0.9031258
"Half-life indis (ϕn)",674,"phi_N1",0.03198126
"Half-life targeted (ϕw)",674,"phi_N2",97.9358292
"RBC replenishment (ρ)",675,"rho",0.35443414
"Burst size (β)",675,"burst",3.90681303
"Activation indis (ψn)",675,"iota_N1",19.6522245
"Activation targeted (ψw)",675,"iota_N2",0.74233709
"Half-life indis (ϕn)",675,"phi_N1",0.0301198
"Half-life targeted (ϕw)",675,"phi_N2",888.298167
"RBC replenishment (ρ)",676,"rho",0.33886139
"Burst size (β)",676,"burst",4.8258839
"Activation indis (ψn)",676,"iota_N1",18.4159171
"Activation targeted (ψw)",676,"iota_N2",0.49653577
"Half-life indis (ϕn)",676,"phi_N1",0.01396274
"Half-life targeted (ϕw)",676,"phi_N2",34.5680813
"RBC replenishment (ρ)",677,"rho",0.28467217
"Burst size (β)",677,"burst",4.34878997
"Activation indis (ψn)",677,"iota_N1",18.8857173
"Activation targeted (ψw)",677,"iota_N2",2.25665262
"Half-life indis (ϕn)",677,"phi_N1",0.16442163
"Half-life targeted (ϕw)",677,"phi_N2",242.412342
"RBC replenishment (ρ)",678,"rho",0.41598865
"Burst size (β)",678,"burst",6.25576727
"Activation indis (ψn)",678,"iota_N1",18.0430837
"Activation targeted (ψw)",678,"iota_N2",2.16991078
"Half-life indis (ϕn)",678,"phi_N1",0.0663202
"Half-life targeted (ϕw)",678,"phi_N2",166.802683
"RBC replenishment (ρ)",679,"rho",0.40167902
"Burst size (β)",679,"burst",5.50072991
"Activation indis (ψn)",679,"iota_N1",17.7859579
"Activation targeted (ψw)",679,"iota_N2",0.9568951
"Half-life indis (ϕn)",679,"phi_N1",0.04976266
"Half-life targeted (ϕw)",679,"phi_N2",134.271598
"RBC replenishment (ρ)",680,"rho",0.28270292
"Burst size (β)",680,"burst",3.9498615
"Activation indis (ψn)",680,"iota_N1",31.6645666
"Activation targeted (ψw)",680,"iota_N2",0.81924055
"Half-life indis (ϕn)",680,"phi_N1",0.01932944
"Half-life targeted (ϕw)",680,"phi_N2",756.2844
"RBC replenishment (ρ)",681,"rho",0.45788276
"Burst size (β)",681,"burst",4.00739722
"Activation indis (ψn)",681,"iota_N1",32.7659567
"Activation targeted (ψw)",681,"iota_N2",0.75604359
"Half-life indis (ϕn)",681,"phi_N1",0.023142
"Half-life targeted (ϕw)",681,"phi_N2",923.672905
"RBC replenishment (ρ)",682,"rho",0.42567498
"Burst size (β)",682,"burst",4.7074628
"Activation indis (ψn)",682,"iota_N1",31.9607895
"Activation targeted (ψw)",682,"iota_N2",0.53416282
"Half-life indis (ϕn)",682,"phi_N1",0.01315335
"Half-life targeted (ϕw)",682,"phi_N2",18186.2779
"RBC replenishment (ρ)",683,"rho",0.21810443
"Burst size (β)",683,"burst",4.52106051
"Activation indis (ψn)",683,"iota_N1",74.8949381
"Activation targeted (ψw)",683,"iota_N2",2.3056588
"Half-life indis (ϕn)",683,"phi_N1",0.03978581
"Half-life targeted (ϕw)",683,"phi_N2",1131.15858
"RBC replenishment (ρ)",684,"rho",0.34846829
"Burst size (β)",684,"burst",6.03979282
"Activation indis (ψn)",684,"iota_N1",29.9672068
"Activation targeted (ψw)",684,"iota_N2",2.11308666
"Half-life indis (ϕn)",684,"phi_N1",0.01892459
"Half-life targeted (ϕw)",684,"phi_N2",665.032781
"RBC replenishment (ρ)",685,"rho",0.26733623
"Burst size (β)",685,"burst",5.56364834
"Activation indis (ψn)",685,"iota_N1",36.0329239
"Activation targeted (ψw)",685,"iota_N2",0.95522334
"Half-life indis (ϕn)",685,"phi_N1",0.00886301
"Half-life targeted (ϕw)",685,"phi_N2",266.879017
"RBC replenishment (ρ)",686,"rho",0.2487857
"Burst size (β)",686,"burst",3.9614082
"Activation indis (ψn)",686,"iota_N1",260.077388
"Activation targeted (ψw)",686,"iota_N2",0.83077587
"Half-life indis (ϕn)",686,"phi_N1",0.00209744
"Half-life targeted (ϕw)",686,"phi_N2",873.38691
"RBC replenishment (ρ)",687,"rho",0.29738739
"Burst size (β)",687,"burst",4.00815129
"Activation indis (ψn)",687,"iota_N1",234.75519
"Activation targeted (ψw)",687,"iota_N2",0.8316262
"Half-life indis (ϕn)",687,"phi_N1",0.00279892
"Half-life targeted (ϕw)",687,"phi_N2",24.1835078
"RBC replenishment (ρ)",688,"rho",0.35575669
"Burst size (β)",688,"burst",4.7522307
"Activation indis (ψn)",688,"iota_N1",88.371687
"Activation targeted (ψw)",688,"iota_N2",0.45418519
"Half-life indis (ϕn)",688,"phi_N1",0.00339899
"Half-life targeted (ϕw)",688,"phi_N2",30.4315008
"RBC replenishment (ρ)",689,"rho",0.23002285
"Burst size (β)",689,"burst",4.71853486
"Activation indis (ψn)",689,"iota_N1",186.90957
"Activation targeted (ψw)",689,"iota_N2",2.00148972
"Half-life indis (ϕn)",689,"phi_N1",0.01079716
"Half-life targeted (ϕw)",689,"phi_N2",134.762183
"RBC replenishment (ρ)",690,"rho",0.31330302
"Burst size (β)",690,"burst",6.1294753
"Activation indis (ψn)",690,"iota_N1",115.992983
"Activation targeted (ψw)",690,"iota_N2",1.72105311
"Half-life indis (ϕn)",690,"phi_N1",0.00525219
"Half-life targeted (ϕw)",690,"phi_N2",225.349857
"RBC replenishment (ρ)",691,"rho",0.30360365
"Burst size (β)",691,"burst",5.56320244
"Activation indis (ψn)",691,"iota_N1",147.378121
"Activation targeted (ψw)",691,"iota_N2",1.03663377
"Half-life indis (ϕn)",691,"phi_N1",0.00367087
"Half-life targeted (ϕw)",691,"phi_N2",337.160639
"RBC replenishment (ρ)",692,"rho",0.28682967
"Burst size (β)",692,"burst",3.94624219
"Activation indis (ψn)",692,"iota_N1",94.4453307
"Activation targeted (ψw)",692,"iota_N2",0.67249977
"Half-life indis (ϕn)",692,"phi_N1",0.00812395
"Half-life targeted (ϕw)",692,"phi_N2",367.4032
"RBC replenishment (ρ)",693,"rho",0.36388056
"Burst size (β)",693,"burst",4.04506298
"Activation indis (ψn)",693,"iota_N1",39.8010458
"Activation targeted (ψw)",693,"iota_N2",0.8089052
"Half-life indis (ϕn)",693,"phi_N1",0.01525327
"Half-life targeted (ϕw)",693,"phi_N2",126.269469
"RBC replenishment (ρ)",694,"rho",0.31941466
"Burst size (β)",694,"burst",4.80063408
"Activation indis (ψn)",694,"iota_N1",5.58938158
"Activation targeted (ψw)",694,"iota_N2",0.43354381
"Half-life indis (ϕn)",694,"phi_N1",0.01527607
"Half-life targeted (ϕw)",694,"phi_N2",216.338591
"RBC replenishment (ρ)",695,"rho",0.16379564
"Burst size (β)",695,"burst",4.53999903
"Activation indis (ψn)",695,"iota_N1",154.860705
"Activation targeted (ψw)",695,"iota_N2",2.18914386
"Half-life indis (ϕn)",695,"phi_N1",0.00957167
"Half-life targeted (ϕw)",695,"phi_N2",895.182982
"RBC replenishment (ρ)",696,"rho",0.3060631
"Burst size (β)",696,"burst",5.97167085
"Activation indis (ψn)",696,"iota_N1",60.7752604
"Activation targeted (ψw)",696,"iota_N2",1.81843694
"Half-life indis (ϕn)",696,"phi_N1",0.01672398
"Half-life targeted (ϕw)",696,"phi_N2",892.17012
"RBC replenishment (ρ)",697,"rho",0.27224395
"Burst size (β)",697,"burst",5.59352831
"Activation indis (ψn)",697,"iota_N1",47.5815713
"Activation targeted (ψw)",697,"iota_N2",1.10165404
"Half-life indis (ϕn)",697,"phi_N1",0.01073991
"Half-life targeted (ϕw)",697,"phi_N2",281.835168
"RBC replenishment (ρ)",698,"rho",0.30509059
"Burst size (β)",698,"burst",4.05366871
"Activation indis (ψn)",698,"iota_N1",8.09742131
"Activation targeted (ψw)",698,"iota_N2",0.68084344
"Half-life indis (ϕn)",698,"phi_N1",0.0801698
"Half-life targeted (ϕw)",698,"phi_N2",476.359117
"RBC replenishment (ρ)",699,"rho",0.29499534
"Burst size (β)",699,"burst",3.93177624
"Activation indis (ψn)",699,"iota_N1",5.1627896
"Activation targeted (ψw)",699,"iota_N2",0.66778158
"Half-life indis (ϕn)",699,"phi_N1",0.08396389
"Half-life targeted (ϕw)",699,"phi_N2",1792.10891
"RBC replenishment (ρ)",700,"rho",0.35742339
"Burst size (β)",700,"burst",4.75862701
"Activation indis (ψn)",700,"iota_N1",3.09823229
"Activation targeted (ψw)",700,"iota_N2",0.50509537
"Half-life indis (ϕn)",700,"phi_N1",0.08665306
"Half-life targeted (ϕw)",700,"phi_N2",275.405241
"RBC replenishment (ρ)",701,"rho",0.24739089
"Burst size (β)",701,"burst",4.51482539
"Activation indis (ψn)",701,"iota_N1",54.5278363
"Activation targeted (ψw)",701,"iota_N2",1.80154522
"Half-life indis (ϕn)",701,"phi_N1",0.07996038
"Half-life targeted (ϕw)",701,"phi_N2",1022.13086
"RBC replenishment (ρ)",702,"rho",0.33008214
"Burst size (β)",702,"burst",6.0194381
"Activation indis (ψn)",702,"iota_N1",15.0635962
"Activation targeted (ψw)",702,"iota_N2",2.07604349
"Half-life indis (ϕn)",702,"phi_N1",0.08729596
"Half-life targeted (ϕw)",702,"phi_N2",759.824308
"RBC replenishment (ρ)",703,"rho",0.41059248
"Burst size (β)",703,"burst",5.46117104
"Activation indis (ψn)",703,"iota_N1",6.82969112
"Activation targeted (ψw)",703,"iota_N2",1.06983986
"Half-life indis (ϕn)",703,"phi_N1",0.13744242
"Half-life targeted (ϕw)",703,"phi_N2",1662.72078
"RBC replenishment (ρ)",704,"rho",0.28102948
"Burst size (β)",704,"burst",4.11546885
"Activation indis (ψn)",704,"iota_N1",9.95363018
"Activation targeted (ψw)",704,"iota_N2",0.96813322
"Half-life indis (ϕn)",704,"phi_N1",0.0633075
"Half-life targeted (ϕw)",704,"phi_N2",444.383356
"RBC replenishment (ρ)",705,"rho",0.32836954
"Burst size (β)",705,"burst",3.90899187
"Activation indis (ψn)",705,"iota_N1",6.65852449
"Activation targeted (ψw)",705,"iota_N2",0.77838198
"Half-life indis (ϕn)",705,"phi_N1",0.04918549
"Half-life targeted (ϕw)",705,"phi_N2",743.167832
"RBC replenishment (ρ)",706,"rho",0.32085253
"Burst size (β)",706,"burst",4.85193718
"Activation indis (ψn)",706,"iota_N1",6.44398979
"Activation targeted (ψw)",706,"iota_N2",0.55325743
"Half-life indis (ϕn)",706,"phi_N1",0.04652598
"Half-life targeted (ϕw)",706,"phi_N2",3555.64259
"RBC replenishment (ρ)",707,"rho",0.2500301
"Burst size (β)",707,"burst",4.63253691
"Activation indis (ψn)",707,"iota_N1",16.681723
"Activation targeted (ψw)",707,"iota_N2",2.25177867
"Half-life indis (ϕn)",707,"phi_N1",0.14821071
"Half-life targeted (ϕw)",707,"phi_N2",943.367994
"RBC replenishment (ρ)",708,"rho",0.4416776
"Burst size (β)",708,"burst",6.2098246
"Activation indis (ψn)",708,"iota_N1",13.5767369
"Activation targeted (ψw)",708,"iota_N2",1.75085478
"Half-life indis (ϕn)",708,"phi_N1",0.05929038
"Half-life targeted (ϕw)",708,"phi_N2",1048.34325
"RBC replenishment (ρ)",709,"rho",0.33056536
"Burst size (β)",709,"burst",5.648849
"Activation indis (ψn)",709,"iota_N1",6.15962959
"Activation targeted (ψw)",709,"iota_N2",1.02793909
"Half-life indis (ϕn)",709,"phi_N1",0.0817456
"Half-life targeted (ϕw)",709,"phi_N2",994.715325
"RBC replenishment (ρ)",710,"rho",0.24271275
"Burst size (β)",710,"burst",4.0588994
"Activation indis (ψn)",710,"iota_N1",28.2689377
"Activation targeted (ψw)",710,"iota_N2",0.89974957
"Half-life indis (ϕn)",710,"phi_N1",0.01910326
"Half-life targeted (ϕw)",710,"phi_N2",249.234319
"RBC replenishment (ρ)",711,"rho",0.40705812
"Burst size (β)",711,"burst",4.04620988
"Activation indis (ψn)",711,"iota_N1",28.8584366
"Activation targeted (ψw)",711,"iota_N2",0.83478699
"Half-life indis (ϕn)",711,"phi_N1",0.01397447
"Half-life targeted (ϕw)",711,"phi_N2",176.579645
"RBC replenishment (ρ)",712,"rho",0.35462357
"Burst size (β)",712,"burst",4.63074122
"Activation indis (ψn)",712,"iota_N1",24.4152248
"Activation targeted (ψw)",712,"iota_N2",0.55562928
"Half-life indis (ϕn)",712,"phi_N1",0.00982276
"Half-life targeted (ϕw)",712,"phi_N2",1343.89356
"RBC replenishment (ρ)",713,"rho",0.22192847
"Burst size (β)",713,"burst",4.47855894
"Activation indis (ψn)",713,"iota_N1",43.0937376
"Activation targeted (ψw)",713,"iota_N2",2.08061252
"Half-life indis (ϕn)",713,"phi_N1",0.0594919
"Half-life targeted (ϕw)",713,"phi_N2",2059.24245
"RBC replenishment (ρ)",714,"rho",0.45548665
"Burst size (β)",714,"burst",6.19123666
"Activation indis (ψn)",714,"iota_N1",33.2952166
"Activation targeted (ψw)",714,"iota_N2",1.95032598
"Half-life indis (ϕn)",714,"phi_N1",0.03094565
"Half-life targeted (ϕw)",714,"phi_N2",143.52748
"RBC replenishment (ρ)",715,"rho",0.40362382
"Burst size (β)",715,"burst",5.53866304
"Activation indis (ψn)",715,"iota_N1",27.3192457
"Activation targeted (ψw)",715,"iota_N2",1.01349882
"Half-life indis (ϕn)",715,"phi_N1",0.01975163
"Half-life targeted (ϕw)",715,"phi_N2",230.650773
"RBC replenishment (ρ)",716,"rho",0.29307588
"Burst size (β)",716,"burst",3.9204429
"Activation indis (ψn)",716,"iota_N1",13.3748436
"Activation targeted (ψw)",716,"iota_N2",0.73832541
"Half-life indis (ϕn)",716,"phi_N1",0.04464319
"Half-life targeted (ϕw)",716,"phi_N2",1350.88737
"RBC replenishment (ρ)",717,"rho",0.37202392
"Burst size (β)",717,"burst",3.95551536
"Activation indis (ψn)",717,"iota_N1",12.2956648
"Activation targeted (ψw)",717,"iota_N2",0.86858563
"Half-life indis (ϕn)",717,"phi_N1",0.03350412
"Half-life targeted (ϕw)",717,"phi_N2",83.8495884
"RBC replenishment (ρ)",718,"rho",0.32712366
"Burst size (β)",718,"burst",4.81562184
"Activation indis (ψn)",718,"iota_N1",27.9377024
"Activation targeted (ψw)",718,"iota_N2",0.45377954
"Half-life indis (ϕn)",718,"phi_N1",0.00535005
"Half-life targeted (ϕw)",718,"phi_N2",3229.474
"RBC replenishment (ρ)",719,"rho",0.23784262
"Burst size (β)",719,"burst",4.39442122
"Activation indis (ψn)",719,"iota_N1",22.8052849
"Activation targeted (ψw)",719,"iota_N2",2.57955745
"Half-life indis (ϕn)",719,"phi_N1",0.11685337
"Half-life targeted (ϕw)",719,"phi_N2",12867.9543
"RBC replenishment (ρ)",720,"rho",0.39394699
"Burst size (β)",720,"burst",6.1157807
"Activation indis (ψn)",720,"iota_N1",25.5425409
"Activation targeted (ψw)",720,"iota_N2",1.65043202
"Half-life indis (ϕn)",720,"phi_N1",0.02084396
"Half-life targeted (ϕw)",720,"phi_N2",41129.8029
"RBC replenishment (ρ)",721,"rho",0.27905002
"Burst size (β)",721,"burst",5.49301318
"Activation indis (ψn)",721,"iota_N1",32.217661
"Activation targeted (ψw)",721,"iota_N2",0.9485306
"Half-life indis (ϕn)",721,"phi_N1",0.02094573
"Half-life targeted (ϕw)",721,"phi_N2",19989.8184
"RBC replenishment (ρ)",722,"rho",0.23757391
"Burst size (β)",722,"burst",4.04216933
"Activation indis (ψn)",722,"iota_N1",11.2741058
"Activation targeted (ψw)",722,"iota_N2",0.76814229
"Half-life indis (ϕn)",722,"phi_N1",0.06028746
"Half-life targeted (ϕw)",722,"phi_N2",4945.36347
"RBC replenishment (ρ)",723,"rho",0.39129576
"Burst size (β)",723,"burst",3.98328508
"Activation indis (ψn)",723,"iota_N1",5.81704105
"Activation targeted (ψw)",723,"iota_N2",0.76840491
"Half-life indis (ϕn)",723,"phi_N1",0.10486563
"Half-life targeted (ϕw)",723,"phi_N2",2923.38993
"RBC replenishment (ρ)",724,"rho",0.34797944
"Burst size (β)",724,"burst",4.95020153
"Activation indis (ψn)",724,"iota_N1",4.72601098
"Activation targeted (ψw)",724,"iota_N2",0.54327489
"Half-life indis (ϕn)",724,"phi_N1",0.06257751
"Half-life targeted (ϕw)",724,"phi_N2",1437.18215
"RBC replenishment (ρ)",725,"rho",0.18826585
"Burst size (β)",725,"burst",4.76398211
"Activation indis (ψn)",725,"iota_N1",21.4903337
"Activation targeted (ψw)",725,"iota_N2",1.76823358
"Half-life indis (ϕn)",725,"phi_N1",0.09420406
"Half-life targeted (ϕw)",725,"phi_N2",4531.90556
"RBC replenishment (ρ)",726,"rho",0.30179302
"Burst size (β)",726,"burst",5.96922416
"Activation indis (ψn)",726,"iota_N1",10.9558093
"Activation targeted (ψw)",726,"iota_N2",1.85840739
"Half-life indis (ϕn)",726,"phi_N1",0.06339706
"Half-life targeted (ϕw)",726,"phi_N2",1626.14785
"RBC replenishment (ρ)",727,"rho",0.28797512
"Burst size (β)",727,"burst",5.50296455
"Activation indis (ψn)",727,"iota_N1",6.3184185
"Activation targeted (ψw)",727,"iota_N2",0.87264934
"Half-life indis (ϕn)",727,"phi_N1",0.06652922
"Half-life targeted (ϕw)",727,"phi_N2",635.823445
"RBC replenishment (ρ)",728,"rho",0.31007085
"Burst size (β)",728,"burst",3.96575716
"Activation indis (ψn)",728,"iota_N1",13.4137771
"Activation targeted (ψw)",728,"iota_N2",0.83698205
"Half-life indis (ϕn)",728,"phi_N1",0.07488661
"Half-life targeted (ϕw)",728,"phi_N2",1726.41813
"RBC replenishment (ρ)",729,"rho",0.34878287
"Burst size (β)",729,"burst",4.06408348
"Activation indis (ψn)",729,"iota_N1",8.81835091
"Activation targeted (ψw)",729,"iota_N2",0.66888166
"Half-life indis (ϕn)",729,"phi_N1",0.06365606
"Half-life targeted (ϕw)",729,"phi_N2",2063.81114
"RBC replenishment (ρ)",730,"rho",0.36231954
"Burst size (β)",730,"burst",4.77975748
"Activation indis (ψn)",730,"iota_N1",3.22923801
"Activation targeted (ψw)",730,"iota_N2",0.39548778
"Half-life indis (ϕn)",730,"phi_N1",0.06286428
"Half-life targeted (ϕw)",730,"phi_N2",740.220147
"RBC replenishment (ρ)",731,"rho",0.14070567
"Burst size (β)",731,"burst",4.51388905
"Activation indis (ψn)",731,"iota_N1",15.9720715
"Activation targeted (ψw)",731,"iota_N2",1.99463079
"Half-life indis (ϕn)",731,"phi_N1",0.0700065
"Half-life targeted (ϕw)",731,"phi_N2",2533.59053
"RBC replenishment (ρ)",732,"rho",0.42495924
"Burst size (β)",732,"burst",5.97106866
"Activation indis (ψn)",732,"iota_N1",30.5887357
"Activation targeted (ψw)",732,"iota_N2",2.0984661
"Half-life indis (ϕn)",732,"phi_N1",0.04681603
"Half-life targeted (ϕw)",732,"phi_N2",1632.97047
"RBC replenishment (ρ)",733,"rho",0.37032221
"Burst size (β)",733,"burst",5.45592599
"Activation indis (ψn)",733,"iota_N1",17.2337373
"Activation targeted (ψw)",733,"iota_N2",1.02931376
"Half-life indis (ϕn)",733,"phi_N1",0.0511713
"Half-life targeted (ϕw)",733,"phi_N2",2890.84591
"RBC replenishment (ρ)",734,"rho",0.1897641
"Burst size (β)",734,"burst",3.85459513
"Activation indis (ψn)",734,"iota_N1",11.5296372
"Activation targeted (ψw)",734,"iota_N2",1.12216988
"Half-life indis (ϕn)",734,"phi_N1",0.0759018
"Half-life targeted (ϕw)",734,"phi_N2",257.077332
"RBC replenishment (ρ)",735,"rho",0.25616683
"Burst size (β)",735,"burst",3.96981009
"Activation indis (ψn)",735,"iota_N1",13.2574623
"Activation targeted (ψw)",735,"iota_N2",0.8445644
"Half-life indis (ϕn)",735,"phi_N1",0.03580807
"Half-life targeted (ϕw)",735,"phi_N2",229.792495
"RBC replenishment (ρ)",736,"rho",0.32497001
"Burst size (β)",736,"burst",4.74916211
"Activation indis (ψn)",736,"iota_N1",2.90216342
"Activation targeted (ψw)",736,"iota_N2",0.45494424
"Half-life indis (ϕn)",736,"phi_N1",0.14798068
"Half-life targeted (ϕw)",736,"phi_N2",353.088415
"RBC replenishment (ρ)",737,"rho",0.26665883
"Burst size (β)",737,"burst",4.6435178
"Activation indis (ψn)",737,"iota_N1",16.6276202
"Activation targeted (ψw)",737,"iota_N2",1.91547357
"Half-life indis (ϕn)",737,"phi_N1",0.18802001
"Half-life targeted (ϕw)",737,"phi_N2",71.9701945
"RBC replenishment (ρ)",738,"rho",0.39685071
"Burst size (β)",738,"burst",6.12616538
"Activation indis (ψn)",738,"iota_N1",5.16263191
"Activation targeted (ψw)",738,"iota_N2",1.87772357
"Half-life indis (ϕn)",738,"phi_N1",0.20219647
"Half-life targeted (ϕw)",738,"phi_N2",867.905812
"RBC replenishment (ρ)",739,"rho",0.31531566
"Burst size (β)",739,"burst",5.50059888
"Activation indis (ψn)",739,"iota_N1",3.7778584
"Activation targeted (ψw)",739,"iota_N2",1.15032346
"Half-life indis (ϕn)",739,"phi_N1",0.09173227
"Half-life targeted (ϕw)",739,"phi_N2",122.368844
"RBC replenishment (ρ)",740,"rho",0.44020081
"Burst size (β)",740,"burst",4.00071445
"Activation indis (ψn)",740,"iota_N1",4.9296883
"Activation targeted (ψw)",740,"iota_N2",0.61330317
"Half-life indis (ϕn)",740,"phi_N1",0.22124943
"Half-life targeted (ϕw)",740,"phi_N2",45.8507972
"RBC replenishment (ρ)",741,"rho",0.50190469
"Burst size (β)",741,"burst",3.92432309
"Activation indis (ψn)",741,"iota_N1",5.57613702
"Activation targeted (ψw)",741,"iota_N2",0.52859825
"Half-life indis (ϕn)",741,"phi_N1",0.14214482
"Half-life targeted (ϕw)",741,"phi_N2",96.8371259
"RBC replenishment (ρ)",742,"rho",0.37024317
"Burst size (β)",742,"burst",4.82909556
"Activation indis (ψn)",742,"iota_N1",5.68540076
"Activation targeted (ψw)",742,"iota_N2",0.61471051
"Half-life indis (ϕn)",742,"phi_N1",0.03166839
"Half-life targeted (ϕw)",742,"phi_N2",12.6485058
"RBC replenishment (ρ)",743,"rho",0.22739875
"Burst size (β)",743,"burst",4.39498217
"Activation indis (ψn)",743,"iota_N1",21.1085712
"Activation targeted (ψw)",743,"iota_N2",1.99840967
"Half-life indis (ϕn)",743,"phi_N1",0.11140183
"Half-life targeted (ϕw)",743,"phi_N2",402.865154
"RBC replenishment (ρ)",744,"rho",0.35913065
"Burst size (β)",744,"burst",5.93324751
"Activation indis (ψn)",744,"iota_N1",5.53653325
"Activation targeted (ψw)",744,"iota_N2",2.14167271
"Half-life indis (ϕn)",744,"phi_N1",0.17668537
"Half-life targeted (ϕw)",744,"phi_N2",36.2984889
"RBC replenishment (ρ)",745,"rho",0.36593174
"Burst size (β)",745,"burst",5.77102712
"Activation indis (ψn)",745,"iota_N1",17.1841123
"Activation targeted (ψw)",745,"iota_N2",1.05823272
"Half-life indis (ϕn)",745,"phi_N1",0.03974658
"Half-life targeted (ϕw)",745,"phi_N2",17.424962
"RBC replenishment (ρ)",746,"rho",0.33171332
"Burst size (β)",746,"burst",4.06082843
"Activation indis (ψn)",746,"iota_N1",44.4299363
"Activation targeted (ψw)",746,"iota_N2",0.85118519
"Half-life indis (ϕn)",746,"phi_N1",0.00988632
"Half-life targeted (ϕw)",746,"phi_N2",5234.39006
"RBC replenishment (ρ)",747,"rho",0.29947765
"Burst size (β)",747,"burst",3.88733463
"Activation indis (ψn)",747,"iota_N1",59.5884601
"Activation targeted (ψw)",747,"iota_N2",0.90786349
"Half-life indis (ϕn)",747,"phi_N1",0.01117036
"Half-life targeted (ϕw)",747,"phi_N2",16320.564
"RBC replenishment (ρ)",748,"rho",0.34145623
"Burst size (β)",748,"burst",4.71911153
"Activation indis (ψn)",748,"iota_N1",36.5983487
"Activation targeted (ψw)",748,"iota_N2",0.49512355
"Half-life indis (ϕn)",748,"phi_N1",0.01121976
"Half-life targeted (ϕw)",748,"phi_N2",1349.70971
"RBC replenishment (ρ)",749,"rho",0.17128675
"Burst size (β)",749,"burst",4.6087336
"Activation indis (ψn)",749,"iota_N1",49.1715456
"Activation targeted (ψw)",749,"iota_N2",2.10419707
"Half-life indis (ϕn)",749,"phi_N1",0.03875957
"Half-life targeted (ϕw)",749,"phi_N2",2374.9269
"RBC replenishment (ρ)",750,"rho",0.26530097
"Burst size (β)",750,"burst",6.02324685
"Activation indis (ψn)",750,"iota_N1",79.0958187
"Activation targeted (ψw)",750,"iota_N2",2.16403657
"Half-life indis (ϕn)",750,"phi_N1",0.01143662
"Half-life targeted (ϕw)",750,"phi_N2",7881.85415
"RBC replenishment (ρ)",751,"rho",0.27013862
"Burst size (β)",751,"burst",5.56958702
"Activation indis (ψn)",751,"iota_N1",35.7881364
"Activation targeted (ψw)",751,"iota_N2",1.06003888
"Half-life indis (ϕn)",751,"phi_N1",0.01530318
"Half-life targeted (ϕw)",751,"phi_N2",2195.0394
"RBC replenishment (ρ)",752,"rho",0.33211656
"Burst size (β)",752,"burst",3.94209711
"Activation indis (ψn)",752,"iota_N1",41.5148136
"Activation targeted (ψw)",752,"iota_N2",0.71433508
"Half-life indis (ϕn)",752,"phi_N1",0.01868945
"Half-life targeted (ϕw)",752,"phi_N2",2231.85307
"RBC replenishment (ρ)",753,"rho",0.31584473
"Burst size (β)",753,"burst",3.98474369
"Activation indis (ψn)",753,"iota_N1",55.4626184
"Activation targeted (ψw)",753,"iota_N2",0.76340619
"Half-life indis (ϕn)",753,"phi_N1",0.00944717
"Half-life targeted (ϕw)",753,"phi_N2",483.881362
"RBC replenishment (ρ)",754,"rho",0.48909061
"Burst size (β)",754,"burst",4.77261212
"Activation indis (ψn)",754,"iota_N1",34.4585064
"Activation targeted (ψw)",754,"iota_N2",0.44721744
"Half-life indis (ϕn)",754,"phi_N1",0.00752293
"Half-life targeted (ϕw)",754,"phi_N2",682.420941
"RBC replenishment (ρ)",755,"rho",0.21702389
"Burst size (β)",755,"burst",4.60112717
"Activation indis (ψn)",755,"iota_N1",82.5805073
"Activation targeted (ψw)",755,"iota_N2",2.22444093
"Half-life indis (ϕn)",755,"phi_N1",0.02642216
"Half-life targeted (ϕw)",755,"phi_N2",505.209718
"RBC replenishment (ρ)",756,"rho",0.67163357
"Burst size (β)",756,"burst",6.17359286
"Activation indis (ψn)",756,"iota_N1",20.2927681
"Activation targeted (ψw)",756,"iota_N2",1.62156108
"Half-life indis (ϕn)",756,"phi_N1",0.05943639
"Half-life targeted (ϕw)",756,"phi_N2",1137.92555
"RBC replenishment (ρ)",757,"rho",0.38739834
"Burst size (β)",757,"burst",5.58974797
"Activation indis (ψn)",757,"iota_N1",31.2930916
"Activation targeted (ψw)",757,"iota_N2",0.99168238
"Half-life indis (ϕn)",757,"phi_N1",0.01302596
"Half-life targeted (ϕw)",757,"phi_N2",1139.7194
"RBC replenishment (ρ)",758,"rho",0.29566498
"Burst size (β)",758,"burst",3.91685251
"Activation indis (ψn)",758,"iota_N1",13.604808
"Activation targeted (ψw)",758,"iota_N2",0.81709057
"Half-life indis (ϕn)",758,"phi_N1",0.05972189
"Half-life targeted (ϕw)",758,"phi_N2",1158.00598
"RBC replenishment (ρ)",759,"rho",0.35766576
"Burst size (β)",759,"burst",3.82681853
"Activation indis (ψn)",759,"iota_N1",17.2236495
"Activation targeted (ψw)",759,"iota_N2",0.75703197
"Half-life indis (ϕn)",759,"phi_N1",0.04830665
"Half-life targeted (ϕw)",759,"phi_N2",441.553522
"RBC replenishment (ρ)",760,"rho",0.32246972
"Burst size (β)",760,"burst",4.66360029
"Activation indis (ψn)",760,"iota_N1",9.38180259
"Activation targeted (ψw)",760,"iota_N2",0.41752848
"Half-life indis (ϕn)",760,"phi_N1",0.04688176
"Half-life targeted (ϕw)",760,"phi_N2",446.369673
"RBC replenishment (ρ)",761,"rho",0.16430968
"Burst size (β)",761,"burst",4.78666243
"Activation indis (ψn)",761,"iota_N1",39.716471
"Activation targeted (ψw)",761,"iota_N2",1.97540539
"Half-life indis (ϕn)",761,"phi_N1",0.04441364
"Half-life targeted (ϕw)",761,"phi_N2",210.75542
"RBC replenishment (ρ)",762,"rho",0.44818351
"Burst size (β)",762,"burst",6.28620504
"Activation indis (ψn)",762,"iota_N1",16.1499479
"Activation targeted (ψw)",762,"iota_N2",2.08689333
"Half-life indis (ϕn)",762,"phi_N1",0.06237635
"Half-life targeted (ϕw)",762,"phi_N2",521.788416
"RBC replenishment (ρ)",763,"rho",0.28765817
"Burst size (β)",763,"burst",5.46292625
"Activation indis (ψn)",763,"iota_N1",12.2427428
"Activation targeted (ψw)",763,"iota_N2",1.08154212
"Half-life indis (ϕn)",763,"phi_N1",0.04977884
"Half-life targeted (ϕw)",763,"phi_N2",171.184164
"RBC replenishment (ρ)",764,"rho",0.23790084
"Burst size (β)",764,"burst",3.97388822
"Activation indis (ψn)",764,"iota_N1",230.878421
"Activation targeted (ψw)",764,"iota_N2",0.98481306
"Half-life indis (ϕn)",764,"phi_N1",0.00371641
"Half-life targeted (ϕw)",764,"phi_N2",1866.50651
"RBC replenishment (ρ)",765,"rho",0.20642931
"Burst size (β)",765,"burst",3.92500389
"Activation indis (ψn)",765,"iota_N1",82.0953661
"Activation targeted (ψw)",765,"iota_N2",0.987229
"Half-life indis (ϕn)",765,"phi_N1",0.00292158
"Half-life targeted (ϕw)",765,"phi_N2",3650.51515
"RBC replenishment (ρ)",766,"rho",0.40432648
"Burst size (β)",766,"burst",4.773748
"Activation indis (ψn)",766,"iota_N1",50.6285833
"Activation targeted (ψw)",766,"iota_N2",0.44357361
"Half-life indis (ϕn)",766,"phi_N1",0.00299482
"Half-life targeted (ϕw)",766,"phi_N2",754.079664
"RBC replenishment (ρ)",767,"rho",0.21699827
"Burst size (β)",767,"burst",4.7326471
"Activation indis (ψn)",767,"iota_N1",65.8549273
"Activation targeted (ψw)",767,"iota_N2",1.85766584
"Half-life indis (ϕn)",767,"phi_N1",0.03029178
"Half-life targeted (ϕw)",767,"phi_N2",571.053172
"RBC replenishment (ρ)",768,"rho",0.45907277
"Burst size (β)",768,"burst",6.26740067
"Activation indis (ψn)",768,"iota_N1",129.803853
"Activation targeted (ψw)",768,"iota_N2",1.59591789
"Half-life indis (ϕn)",768,"phi_N1",0.00730895
"Half-life targeted (ϕw)",768,"phi_N2",2079.81946
"RBC replenishment (ρ)",769,"rho",0.39424106
"Burst size (β)",769,"burst",5.65936463
"Activation indis (ψn)",769,"iota_N1",54.6664002
"Activation targeted (ψw)",769,"iota_N2",1.05594353
"Half-life indis (ϕn)",769,"phi_N1",0.00643636
"Half-life targeted (ϕw)",769,"phi_N2",1180.44291
"RBC replenishment (ρ)",770,"rho",0.29973217
"Burst size (β)",770,"burst",3.88631715
"Activation indis (ψn)",770,"iota_N1",15.9309663
"Activation targeted (ψw)",770,"iota_N2",0.66292474
"Half-life indis (ϕn)",770,"phi_N1",0.06456449
"Half-life targeted (ϕw)",770,"phi_N2",4012.34969
"RBC replenishment (ρ)",771,"rho",0.32227005
"Burst size (β)",771,"burst",3.863522
"Activation indis (ψn)",771,"iota_N1",18.1059252
"Activation targeted (ψw)",771,"iota_N2",0.91191116
"Half-life indis (ϕn)",771,"phi_N1",0.04528508
"Half-life targeted (ϕw)",771,"phi_N2",3465.53734
"RBC replenishment (ρ)",772,"rho",0.44898841
"Burst size (β)",772,"burst",4.77454066
"Activation indis (ψn)",772,"iota_N1",16.3502641
"Activation targeted (ψw)",772,"iota_N2",0.4712816
"Half-life indis (ϕn)",772,"phi_N1",0.01194468
"Half-life targeted (ϕw)",772,"phi_N2",2363.06588
"RBC replenishment (ρ)",773,"rho",0.21804426
"Burst size (β)",773,"burst",4.67990024
"Activation indis (ψn)",773,"iota_N1",17.9490227
"Activation targeted (ψw)",773,"iota_N2",2.20087007
"Half-life indis (ϕn)",773,"phi_N1",0.12203176
"Half-life targeted (ϕw)",773,"phi_N2",2025.66697
"RBC replenishment (ρ)",774,"rho",0.41252719
"Burst size (β)",774,"burst",6.05626021
"Activation indis (ψn)",774,"iota_N1",16.8442435
"Activation targeted (ψw)",774,"iota_N2",2.09174002
"Half-life indis (ϕn)",774,"phi_N1",0.09135378
"Half-life targeted (ϕw)",774,"phi_N2",3347.89695
"RBC replenishment (ρ)",775,"rho",0.28227761
"Burst size (β)",775,"burst",5.58354109
"Activation indis (ψn)",775,"iota_N1",15.5274393
"Activation targeted (ψw)",775,"iota_N2",0.84685049
"Half-life indis (ϕn)",775,"phi_N1",0.01793479
"Half-life targeted (ϕw)",775,"phi_N2",14390.3102
"RBC replenishment (ρ)",776,"rho",0.28836251
"Burst size (β)",776,"burst",4.01532454
"Activation indis (ψn)",776,"iota_N1",39.3419539
"Activation targeted (ψw)",776,"iota_N2",0.811866
"Half-life indis (ϕn)",776,"phi_N1",0.01559287
"Half-life targeted (ϕw)",776,"phi_N2",242.654696
"RBC replenishment (ρ)",777,"rho",0.25478715
"Burst size (β)",777,"burst",4.03831611
"Activation indis (ψn)",777,"iota_N1",23.096258
"Activation targeted (ψw)",777,"iota_N2",0.82479575
"Half-life indis (ϕn)",777,"phi_N1",0.01387723
"Half-life targeted (ϕw)",777,"phi_N2",2681.60011
"RBC replenishment (ρ)",778,"rho",0.35671189
"Burst size (β)",778,"burst",4.74642357
"Activation indis (ψn)",778,"iota_N1",14.9832034
"Activation targeted (ψw)",778,"iota_N2",0.44177564
"Half-life indis (ϕn)",778,"phi_N1",0.01236787
"Half-life targeted (ϕw)",778,"phi_N2",310.333484
"RBC replenishment (ρ)",779,"rho",0.16814135
"Burst size (β)",779,"burst",4.55746724
"Activation indis (ψn)",779,"iota_N1",112.315008
"Activation targeted (ψw)",779,"iota_N2",1.98339902
"Half-life indis (ϕn)",779,"phi_N1",0.01678985
"Half-life targeted (ϕw)",779,"phi_N2",590.150666
"RBC replenishment (ρ)",780,"rho",0.43081016
"Burst size (β)",780,"burst",5.99345336
"Activation indis (ψn)",780,"iota_N1",34.0595563
"Activation targeted (ψw)",780,"iota_N2",2.06866777
"Half-life indis (ϕn)",780,"phi_N1",0.02930442
"Half-life targeted (ϕw)",780,"phi_N2",637.38842
"RBC replenishment (ρ)",781,"rho",0.26660948
"Burst size (β)",781,"burst",5.71519678
"Activation indis (ψn)",781,"iota_N1",30.895553
"Activation targeted (ψw)",781,"iota_N2",0.98867616
"Half-life indis (ϕn)",781,"phi_N1",0.01120034
"Half-life targeted (ϕw)",781,"phi_N2",574.577609
"RBC replenishment (ρ)",782,"rho",0.32305725
"Burst size (β)",782,"burst",4.00802717
"Activation indis (ψn)",782,"iota_N1",8.71129111
"Activation targeted (ψw)",782,"iota_N2",0.68853478
"Half-life indis (ϕn)",782,"phi_N1",0.08542492
"Half-life targeted (ϕw)",782,"phi_N2",7689.96405
"RBC replenishment (ρ)",783,"rho",0.27776631
"Burst size (β)",783,"burst",3.98580856
"Activation indis (ψn)",783,"iota_N1",16.7532245
"Activation targeted (ψw)",783,"iota_N2",0.72235676
"Half-life indis (ϕn)",783,"phi_N1",0.01051505
"Half-life targeted (ϕw)",783,"phi_N2",122.223456
"RBC replenishment (ρ)",784,"rho",0.43901771
"Burst size (β)",784,"burst",4.73817024
"Activation indis (ψn)",784,"iota_N1",12.3156449
"Activation targeted (ψw)",784,"iota_N2",0.45601285
"Half-life indis (ϕn)",784,"phi_N1",0.02265807
"Half-life targeted (ϕw)",784,"phi_N2",69.0688082
"RBC replenishment (ρ)",785,"rho",0.2417335
"Burst size (β)",785,"burst",4.52848755
"Activation indis (ψn)",785,"iota_N1",9.74477562
"Activation targeted (ψw)",785,"iota_N2",1.94266822
"Half-life indis (ϕn)",785,"phi_N1",0.25329652
"Half-life targeted (ϕw)",785,"phi_N2",2057.33507
"RBC replenishment (ρ)",786,"rho",0.35623384
"Burst size (β)",786,"burst",6.03772047
"Activation indis (ψn)",786,"iota_N1",10.120463
"Activation targeted (ψw)",786,"iota_N2",1.97056551
"Half-life indis (ϕn)",786,"phi_N1",0.07337896
"Half-life targeted (ϕw)",786,"phi_N2",2163.63191
"RBC replenishment (ρ)",787,"rho",0.30240539
"Burst size (β)",787,"burst",5.49087008
"Activation indis (ψn)",787,"iota_N1",14.226375
"Activation targeted (ψw)",787,"iota_N2",1.26894794
"Half-life indis (ϕn)",787,"phi_N1",0.0375412
"Half-life targeted (ϕw)",787,"phi_N2",3910.25969
"RBC replenishment (ρ)",788,"rho",0.25434936
"Burst size (β)",788,"burst",4.0147822
"Activation indis (ψn)",788,"iota_N1",9.51786597
"Activation targeted (ψw)",788,"iota_N2",0.83911269
"Half-life indis (ϕn)",788,"phi_N1",0.06662202
"Half-life targeted (ϕw)",788,"phi_N2",176.638128
"RBC replenishment (ρ)",789,"rho",0.46482026
"Burst size (β)",789,"burst",3.98591581
"Activation indis (ψn)",789,"iota_N1",15.5876264
"Activation targeted (ψw)",789,"iota_N2",0.60862898
"Half-life indis (ϕn)",789,"phi_N1",0.06522928
"Half-life targeted (ϕw)",789,"phi_N2",105.892741
"RBC replenishment (ρ)",790,"rho",0.31785389
"Burst size (β)",790,"burst",4.85442733
"Activation indis (ψn)",790,"iota_N1",8.32250232
"Activation targeted (ψw)",790,"iota_N2",0.45167408
"Half-life indis (ϕn)",790,"phi_N1",0.02405069
"Half-life targeted (ϕw)",790,"phi_N2",384.317936
"RBC replenishment (ρ)",791,"rho",0.16434829
"Burst size (β)",791,"burst",4.61117489
"Activation indis (ψn)",791,"iota_N1",8.83440861
"Activation targeted (ψw)",791,"iota_N2",2.00091502
"Half-life indis (ϕn)",791,"phi_N1",0.1933203
"Half-life targeted (ϕw)",791,"phi_N2",324.99241
"RBC replenishment (ρ)",792,"rho",0.37052451
"Burst size (β)",792,"burst",6.16775212
"Activation indis (ψn)",792,"iota_N1",16.7842549
"Activation targeted (ψw)",792,"iota_N2",1.74526254
"Half-life indis (ϕn)",792,"phi_N1",0.05315808
"Half-life targeted (ϕw)",792,"phi_N2",465.716108
"RBC replenishment (ρ)",793,"rho",0.26404162
"Burst size (β)",793,"burst",5.49186444
"Activation indis (ψn)",793,"iota_N1",12.8300285
"Activation targeted (ψw)",793,"iota_N2",1.31254922
"Half-life indis (ϕn)",793,"phi_N1",0.03893565
"Half-life targeted (ϕw)",793,"phi_N2",379.674396
"RBC replenishment (ρ)",794,"rho",0.26675962
"Burst size (β)",794,"burst",4.09078184
"Activation indis (ψn)",794,"iota_N1",4.23459209
"Activation targeted (ψw)",794,"iota_N2",0.81796907
"Half-life indis (ϕn)",794,"phi_N1",0.10672285
"Half-life targeted (ϕw)",794,"phi_N2",1406.98365
"RBC replenishment (ρ)",795,"rho",0.26714326
"Burst size (β)",795,"burst",3.86169951
"Activation indis (ψn)",795,"iota_N1",5.50077866
"Activation targeted (ψw)",795,"iota_N2",0.84510374
"Half-life indis (ϕn)",795,"phi_N1",0.10222054
"Half-life targeted (ϕw)",795,"phi_N2",1423.27589
"RBC replenishment (ρ)",796,"rho",0.32363718
"Burst size (β)",796,"burst",4.71859983
"Activation indis (ψn)",796,"iota_N1",4.72146726
"Activation targeted (ψw)",796,"iota_N2",0.50794478
"Half-life indis (ϕn)",796,"phi_N1",0.04691943
"Half-life targeted (ϕw)",796,"phi_N2",97.6379775
"RBC replenishment (ρ)",797,"rho",0.21522912
"Burst size (β)",797,"burst",4.54947372
"Activation indis (ψn)",797,"iota_N1",14.5223845
"Activation targeted (ψw)",797,"iota_N2",2.27564038
"Half-life indis (ϕn)",797,"phi_N1",0.1457809
"Half-life targeted (ϕw)",797,"phi_N2",131.487938
"RBC replenishment (ρ)",798,"rho",0.24099925
"Burst size (β)",798,"burst",5.93977443
"Activation indis (ψn)",798,"iota_N1",8.70645212
"Activation targeted (ψw)",798,"iota_N2",1.9793131
"Half-life indis (ϕn)",798,"phi_N1",0.05928853
"Half-life targeted (ϕw)",798,"phi_N2",201.017904
"RBC replenishment (ρ)",799,"rho",0.27787303
"Burst size (β)",799,"burst",5.53969285
"Activation indis (ψn)",799,"iota_N1",3.72893375
"Activation targeted (ψw)",799,"iota_N2",0.99516188
"Half-life indis (ϕn)",799,"phi_N1",0.11239182
"Half-life targeted (ϕw)",799,"phi_N2",160.551464
"RBC replenishment (ρ)",800,"rho",0.24089846
"Burst size (β)",800,"burst",3.91843046
"Activation indis (ψn)",800,"iota_N1",122.649456
"Activation targeted (ψw)",800,"iota_N2",0.80559192
"Half-life indis (ϕn)",800,"phi_N1",0.00324877
"Half-life targeted (ϕw)",800,"phi_N2",130098.202
"RBC replenishment (ρ)",801,"rho",0.5070264
"Burst size (β)",801,"burst",3.8595762
"Activation indis (ψn)",801,"iota_N1",129.955919
"Activation targeted (ψw)",801,"iota_N2",0.63854717
"Half-life indis (ϕn)",801,"phi_N1",0.00671385
"Half-life targeted (ϕw)",801,"phi_N2",233706.967
"RBC replenishment (ρ)",802,"rho",0.36405562
"Burst size (β)",802,"burst",4.76419948
"Activation indis (ψn)",802,"iota_N1",152.156264
"Activation targeted (ψw)",802,"iota_N2",0.49742594
"Half-life indis (ϕn)",802,"phi_N1",0.00271596
"Half-life targeted (ϕw)",802,"phi_N2",240723.181
"RBC replenishment (ρ)",803,"rho",0.38815378
"Burst size (β)",803,"burst",4.58243008
"Activation indis (ψn)",803,"iota_N1",438.866165
"Activation targeted (ψw)",803,"iota_N2",1.59143754
"Half-life indis (ϕn)",803,"phi_N1",0.00809613
"Half-life targeted (ϕw)",803,"phi_N2",933.851632
"RBC replenishment (ρ)",804,"rho",0.26846805
"Burst size (β)",804,"burst",6.08830739
"Activation indis (ψn)",804,"iota_N1",103.058499
"Activation targeted (ψw)",804,"iota_N2",1.92198583
"Half-life indis (ϕn)",804,"phi_N1",0.00722243
"Half-life targeted (ϕw)",804,"phi_N2",9695.66635
"RBC replenishment (ρ)",805,"rho",0.37121794
"Burst size (β)",805,"burst",5.60369002
"Activation indis (ψn)",805,"iota_N1",240.139361
"Activation targeted (ψw)",805,"iota_N2",1.15480021
"Half-life indis (ϕn)",805,"phi_N1",0.0028759
"Half-life targeted (ϕw)",805,"phi_N2",45391.8616
"RBC replenishment (ρ)",806,"rho",0.29722878
"Burst size (β)",806,"burst",4.06313338
"Activation indis (ψn)",806,"iota_N1",17.6814881
"Activation targeted (ψw)",806,"iota_N2",0.81722666
"Half-life indis (ϕn)",806,"phi_N1",0.03242224
"Half-life targeted (ϕw)",806,"phi_N2",243.737975
"RBC replenishment (ρ)",807,"rho",0.30097137
"Burst size (β)",807,"burst",4.00763817
"Activation indis (ψn)",807,"iota_N1",15.8149762
"Activation targeted (ψw)",807,"iota_N2",0.74657026
"Half-life indis (ϕn)",807,"phi_N1",0.03730752
"Half-life targeted (ϕw)",807,"phi_N2",1185.70732
"RBC replenishment (ρ)",808,"rho",0.26971098
"Burst size (β)",808,"burst",4.75710931
"Activation indis (ψn)",808,"iota_N1",20.6458424
"Activation targeted (ψw)",808,"iota_N2",0.72052092
"Half-life indis (ϕn)",808,"phi_N1",0.01444979
"Half-life targeted (ϕw)",808,"phi_N2",12.7227263
"RBC replenishment (ρ)",809,"rho",0.24890171
"Burst size (β)",809,"burst",4.55898524
"Activation indis (ψn)",809,"iota_N1",20.2143406
"Activation targeted (ψw)",809,"iota_N2",2.29253687
"Half-life indis (ϕn)",809,"phi_N1",0.17128276
"Half-life targeted (ϕw)",809,"phi_N2",684.235424
"RBC replenishment (ρ)",810,"rho",0.36207495
"Burst size (β)",810,"burst",6.22667846
"Activation indis (ψn)",810,"iota_N1",19.0186249
"Activation targeted (ψw)",810,"iota_N2",2.0410683
"Half-life indis (ϕn)",810,"phi_N1",0.06122162
"Half-life targeted (ϕw)",810,"phi_N2",271.579333
"RBC replenishment (ρ)",811,"rho",0.35975076
"Burst size (β)",811,"burst",5.3892728
"Activation indis (ψn)",811,"iota_N1",13.432026
"Activation targeted (ψw)",811,"iota_N2",0.99318138
"Half-life indis (ϕn)",811,"phi_N1",0.04230622
"Half-life targeted (ϕw)",811,"phi_N2",1315.17077
"RBC replenishment (ρ)",812,"rho",0.33159644
"Burst size (β)",812,"burst",4.01203085
"Activation indis (ψn)",812,"iota_N1",23.1780459
"Activation targeted (ψw)",812,"iota_N2",0.85222225
"Half-life indis (ϕn)",812,"phi_N1",0.03329138
"Half-life targeted (ϕw)",812,"phi_N2",672.017306
"RBC replenishment (ρ)",813,"rho",0.33144046
"Burst size (β)",813,"burst",3.9661812
"Activation indis (ψn)",813,"iota_N1",12.785729
"Activation targeted (ψw)",813,"iota_N2",0.79244603
"Half-life indis (ϕn)",813,"phi_N1",0.03088499
"Half-life targeted (ϕw)",813,"phi_N2",694.990182
"RBC replenishment (ρ)",814,"rho",0.31697281
"Burst size (β)",814,"burst",4.76433379
"Activation indis (ψn)",814,"iota_N1",6.33794308
"Activation targeted (ψw)",814,"iota_N2",0.5127228
"Half-life indis (ϕn)",814,"phi_N1",0.03125987
"Half-life targeted (ϕw)",814,"phi_N2",778.844067
"RBC replenishment (ρ)",815,"rho",0.21351573
"Burst size (β)",815,"burst",4.6100726
"Activation indis (ψn)",815,"iota_N1",70.2094311
"Activation targeted (ψw)",815,"iota_N2",2.15630114
"Half-life indis (ϕn)",815,"phi_N1",0.03448364
"Half-life targeted (ϕw)",815,"phi_N2",470.26116
"RBC replenishment (ρ)",816,"rho",0.44027485
"Burst size (β)",816,"burst",6.13686652
"Activation indis (ψn)",816,"iota_N1",36.6737956
"Activation targeted (ψw)",816,"iota_N2",2.09376287
"Half-life indis (ϕn)",816,"phi_N1",0.03003096
"Half-life targeted (ϕw)",816,"phi_N2",453.027365
"RBC replenishment (ρ)",817,"rho",0.29479876
"Burst size (β)",817,"burst",5.51917971
"Activation indis (ψn)",817,"iota_N1",18.8819995
"Activation targeted (ψw)",817,"iota_N2",1.28704089
"Half-life indis (ϕn)",817,"phi_N1",0.03429652
"Half-life targeted (ϕw)",817,"phi_N2",1046.47581
"RBC replenishment (ρ)",818,"rho",0.22842138
"Burst size (β)",818,"burst",4.03113458
"Activation indis (ψn)",818,"iota_N1",9.96422749
"Activation targeted (ψw)",818,"iota_N2",0.76976204
"Half-life indis (ϕn)",818,"phi_N1",0.05213495
"Half-life targeted (ϕw)",818,"phi_N2",128.088203
"RBC replenishment (ρ)",819,"rho",0.33749952
"Burst size (β)",819,"burst",3.9432227
"Activation indis (ψn)",819,"iota_N1",13.0832385
"Activation targeted (ψw)",819,"iota_N2",0.73118889
"Half-life indis (ϕn)",819,"phi_N1",0.0642685
"Half-life targeted (ϕw)",819,"phi_N2",91.7539284
"RBC replenishment (ρ)",820,"rho",0.34216038
"Burst size (β)",820,"burst",4.84618132
"Activation indis (ψn)",820,"iota_N1",16.2421196
"Activation targeted (ψw)",820,"iota_N2",0.51577819
"Half-life indis (ϕn)",820,"phi_N1",0.00671927
"Half-life targeted (ϕw)",820,"phi_N2",115.084326
"RBC replenishment (ρ)",821,"rho",0.25513376
"Burst size (β)",821,"burst",4.63586654
"Activation indis (ψn)",821,"iota_N1",16.2098202
"Activation targeted (ψw)",821,"iota_N2",1.64914229
"Half-life indis (ϕn)",821,"phi_N1",0.13116881
"Half-life targeted (ϕw)",821,"phi_N2",294.783174
"RBC replenishment (ρ)",822,"rho",0.35437996
"Burst size (β)",822,"burst",6.20713558
"Activation indis (ψn)",822,"iota_N1",18.5685886
"Activation targeted (ψw)",822,"iota_N2",1.93218269
"Half-life indis (ϕn)",822,"phi_N1",0.05343967
"Half-life targeted (ϕw)",822,"phi_N2",751.239183
"RBC replenishment (ρ)",823,"rho",0.33745259
"Burst size (β)",823,"burst",5.56765137
"Activation indis (ψn)",823,"iota_N1",12.7767879
"Activation targeted (ψw)",823,"iota_N2",0.9620856
"Half-life indis (ϕn)",823,"phi_N1",0.05884851
"Half-life targeted (ϕw)",823,"phi_N2",316.81401
"RBC replenishment (ρ)",824,"rho",0.28446084
"Burst size (β)",824,"burst",3.95450995
"Activation indis (ψn)",824,"iota_N1",10.6727395
"Activation targeted (ψw)",824,"iota_N2",0.75953385
"Half-life indis (ϕn)",824,"phi_N1",0.065921
"Half-life targeted (ϕw)",824,"phi_N2",396.65745
"RBC replenishment (ρ)",825,"rho",0.32823351
"Burst size (β)",825,"burst",4.00536272
"Activation indis (ψn)",825,"iota_N1",9.77372175
"Activation targeted (ψw)",825,"iota_N2",0.66582104
"Half-life indis (ϕn)",825,"phi_N1",0.04539784
"Half-life targeted (ϕw)",825,"phi_N2",616.953634
"RBC replenishment (ρ)",826,"rho",0.43766383
"Burst size (β)",826,"burst",4.8729108
"Activation indis (ψn)",826,"iota_N1",5.7406743
"Activation targeted (ψw)",826,"iota_N2",0.43208918
"Half-life indis (ϕn)",826,"phi_N1",0.06660997
"Half-life targeted (ϕw)",826,"phi_N2",127.14335
"RBC replenishment (ρ)",827,"rho",0.17708111
"Burst size (β)",827,"burst",4.73808492
"Activation indis (ψn)",827,"iota_N1",16.4169817
"Activation targeted (ψw)",827,"iota_N2",1.82855579
"Half-life indis (ϕn)",827,"phi_N1",0.08568412
"Half-life targeted (ϕw)",827,"phi_N2",1254.82877
"RBC replenishment (ρ)",828,"rho",0.29807304
"Burst size (β)",828,"burst",6.04777395
"Activation indis (ψn)",828,"iota_N1",10.4668696
"Activation targeted (ψw)",828,"iota_N2",1.99250632
"Half-life indis (ϕn)",828,"phi_N1",0.07944989
"Half-life targeted (ϕw)",828,"phi_N2",2608.01885
"RBC replenishment (ρ)",829,"rho",0.34309538
"Burst size (β)",829,"burst",5.7057625
"Activation indis (ψn)",829,"iota_N1",4.5499769
"Activation targeted (ψw)",829,"iota_N2",1.00055096
"Half-life indis (ϕn)",829,"phi_N1",0.06814109
"Half-life targeted (ϕw)",829,"phi_N2",1029.14106
"RBC replenishment (ρ)",830,"rho",0.36081713
"Burst size (β)",830,"burst",3.90425832
"Activation indis (ψn)",830,"iota_N1",15.6846954
"Activation targeted (ψw)",830,"iota_N2",0.76520235
"Half-life indis (ϕn)",830,"phi_N1",0.05426093
"Half-life targeted (ϕw)",830,"phi_N2",725.052412
"RBC replenishment (ρ)",831,"rho",0.30129343
"Burst size (β)",831,"burst",4.0242087
"Activation indis (ψn)",831,"iota_N1",11.4980912
"Activation targeted (ψw)",831,"iota_N2",0.93775668
"Half-life indis (ϕn)",831,"phi_N1",0.03952559
"Half-life targeted (ϕw)",831,"phi_N2",196.711626
"RBC replenishment (ρ)",832,"rho",0.33756522
"Burst size (β)",832,"burst",4.78844196
"Activation indis (ψn)",832,"iota_N1",10.0693096
"Activation targeted (ψw)",832,"iota_N2",0.69768339
"Half-life indis (ϕn)",832,"phi_N1",0.02778277
"Half-life targeted (ϕw)",832,"phi_N2",56.6197527
"RBC replenishment (ρ)",833,"rho",0.13903402
"Burst size (β)",833,"burst",4.56691522
"Activation indis (ψn)",833,"iota_N1",13.5806358
"Activation targeted (ψw)",833,"iota_N2",2.7337681
"Half-life indis (ϕn)",833,"phi_N1",0.17774467
"Half-life targeted (ϕw)",833,"phi_N2",128.665543
"RBC replenishment (ρ)",834,"rho",0.36915424
"Burst size (β)",834,"burst",6.15960047
"Activation indis (ψn)",834,"iota_N1",22.4418123
"Activation targeted (ψw)",834,"iota_N2",2.1649491
"Half-life indis (ϕn)",834,"phi_N1",0.04024395
"Half-life targeted (ϕw)",834,"phi_N2",120.231189
"RBC replenishment (ρ)",835,"rho",0.25312521
"Burst size (β)",835,"burst",5.566849
"Activation indis (ψn)",835,"iota_N1",11.0029413
"Activation targeted (ψw)",835,"iota_N2",1.04314023
"Half-life indis (ϕn)",835,"phi_N1",0.01792053
"Half-life targeted (ϕw)",835,"phi_N2",146.874895
"RBC replenishment (ρ)",836,"rho",0.32162275
"Burst size (β)",836,"burst",4.07776416
"Activation indis (ψn)",836,"iota_N1",14.2233088
"Activation targeted (ψw)",836,"iota_N2",0.67535654
"Half-life indis (ϕn)",836,"phi_N1",0.05298176
"Half-life targeted (ϕw)",836,"phi_N2",328.038243
"RBC replenishment (ρ)",837,"rho",0.30897436
"Burst size (β)",837,"burst",4.04830731
"Activation indis (ψn)",837,"iota_N1",10.7317232
"Activation targeted (ψw)",837,"iota_N2",0.79660711
"Half-life indis (ϕn)",837,"phi_N1",0.05847683
"Half-life targeted (ϕw)",837,"phi_N2",123.254323
"RBC replenishment (ρ)",838,"rho",0.39208841
"Burst size (β)",838,"burst",4.86583356
"Activation indis (ψn)",838,"iota_N1",6.66793032
"Activation targeted (ψw)",838,"iota_N2",0.41684306
"Half-life indis (ϕn)",838,"phi_N1",0.05422062
"Half-life targeted (ϕw)",838,"phi_N2",445.208537
"RBC replenishment (ρ)",839,"rho",0.20631281
"Burst size (β)",839,"burst",4.60223737
"Activation indis (ψn)",839,"iota_N1",15.1817003
"Activation targeted (ψw)",839,"iota_N2",2.24235573
"Half-life indis (ϕn)",839,"phi_N1",0.14783101
"Half-life targeted (ϕw)",839,"phi_N2",475.723856
"RBC replenishment (ρ)",840,"rho",0.50390743
"Burst size (β)",840,"burst",6.20752468
"Activation indis (ψn)",840,"iota_N1",29.8331925
"Activation targeted (ψw)",840,"iota_N2",1.64900595
"Half-life indis (ϕn)",840,"phi_N1",0.03732335
"Half-life targeted (ϕw)",840,"phi_N2",118.186452
"RBC replenishment (ρ)",841,"rho",0.30746043
"Burst size (β)",841,"burst",5.52415113
"Activation indis (ψn)",841,"iota_N1",9.30797357
"Activation targeted (ψw)",841,"iota_N2",1.05301512
"Half-life indis (ϕn)",841,"phi_N1",0.05290618
"Half-life targeted (ϕw)",841,"phi_N2",82.4838196
"RBC replenishment (ρ)",842,"rho",0.2297308
"Burst size (β)",842,"burst",4.1492255
"Activation indis (ψn)",842,"iota_N1",35.6322629
"Activation targeted (ψw)",842,"iota_N2",1.03009388
"Half-life indis (ϕn)",842,"phi_N1",0.00790437
"Half-life targeted (ϕw)",842,"phi_N2",34.0428665
"RBC replenishment (ρ)",843,"rho",0.21803662
"Burst size (β)",843,"burst",3.84075651
"Activation indis (ψn)",843,"iota_N1",46.4564863
"Activation targeted (ψw)",843,"iota_N2",0.93288125
"Half-life indis (ϕn)",843,"phi_N1",0.01017636
"Half-life targeted (ϕw)",843,"phi_N2",459.472423
"RBC replenishment (ρ)",844,"rho",0.36428445
"Burst size (β)",844,"burst",4.82560738
"Activation indis (ψn)",844,"iota_N1",13.7471546
"Activation targeted (ψw)",844,"iota_N2",0.48825052
"Half-life indis (ϕn)",844,"phi_N1",0.0110145
"Half-life targeted (ϕw)",844,"phi_N2",1089.22012
"RBC replenishment (ρ)",845,"rho",0.23619367
"Burst size (β)",845,"burst",4.72706102
"Activation indis (ψn)",845,"iota_N1",97.912467
"Activation targeted (ψw)",845,"iota_N2",1.96567347
"Half-life indis (ϕn)",845,"phi_N1",0.01756898
"Half-life targeted (ϕw)",845,"phi_N2",641.689654
"RBC replenishment (ρ)",846,"rho",0.43662196
"Burst size (β)",846,"burst",6.28895462
"Activation indis (ψn)",846,"iota_N1",67.3175603
"Activation targeted (ψw)",846,"iota_N2",1.84758035
"Half-life indis (ϕn)",846,"phi_N1",0.00951532
"Half-life targeted (ϕw)",846,"phi_N2",135.732499
"RBC replenishment (ρ)",847,"rho",0.32965903
"Burst size (β)",847,"burst",5.29562994
"Activation indis (ψn)",847,"iota_N1",64.1051752
"Activation targeted (ψw)",847,"iota_N2",1.09256014
"Half-life indis (ϕn)",847,"phi_N1",0.00633556
"Half-life targeted (ϕw)",847,"phi_N2",443.310363
"RBC replenishment (ρ)",848,"rho",0.29299483
"Burst size (β)",848,"burst",4.04002987
"Activation indis (ψn)",848,"iota_N1",11.871111
"Activation targeted (ψw)",848,"iota_N2",1.04498442
"Half-life indis (ϕn)",848,"phi_N1",0.05702728
"Half-life targeted (ϕw)",848,"phi_N2",102.460722
"RBC replenishment (ρ)",849,"rho",0.26475654
"Burst size (β)",849,"burst",3.90303898
"Activation indis (ψn)",849,"iota_N1",11.682681
"Activation targeted (ψw)",849,"iota_N2",0.8408206
"Half-life indis (ϕn)",849,"phi_N1",0.03976254
"Half-life targeted (ϕw)",849,"phi_N2",13236.3473
"RBC replenishment (ρ)",850,"rho",0.4383626
"Burst size (β)",850,"burst",4.82532474
"Activation indis (ψn)",850,"iota_N1",11.6265286
"Activation targeted (ψw)",850,"iota_N2",0.45349726
"Half-life indis (ϕn)",850,"phi_N1",0.01728306
"Half-life targeted (ϕw)",850,"phi_N2",169.706656
"RBC replenishment (ρ)",851,"rho",0.22034442
"Burst size (β)",851,"burst",4.82470684
"Activation indis (ψn)",851,"iota_N1",12.4717861
"Activation targeted (ψw)",851,"iota_N2",1.92146948
"Half-life indis (ϕn)",851,"phi_N1",0.16149621
"Half-life targeted (ϕw)",851,"phi_N2",1012.48855
"RBC replenishment (ρ)",852,"rho",0.38286501
"Burst size (β)",852,"burst",6.29798051
"Activation indis (ψn)",852,"iota_N1",9.10183113
"Activation targeted (ψw)",852,"iota_N2",1.87789012
"Half-life indis (ϕn)",852,"phi_N1",0.08286205
"Half-life targeted (ϕw)",852,"phi_N2",315.779793
"RBC replenishment (ρ)",853,"rho",0.35784339
"Burst size (β)",853,"burst",5.78508646
"Activation indis (ψn)",853,"iota_N1",11.45073
"Activation targeted (ψw)",853,"iota_N2",0.88722017
"Half-life indis (ϕn)",853,"phi_N1",0.02861372
"Half-life targeted (ϕw)",853,"phi_N2",282.011055
"RBC replenishment (ρ)",854,"rho",0.27384312
"Burst size (β)",854,"burst",4.06228588
"Activation indis (ψn)",854,"iota_N1",6.30310723
"Activation targeted (ψw)",854,"iota_N2",0.92442656
"Half-life indis (ϕn)",854,"phi_N1",0.0965048
"Half-life targeted (ϕw)",854,"phi_N2",35.6124256
"RBC replenishment (ρ)",855,"rho",0.29540308
"Burst size (β)",855,"burst",3.89551285
"Activation indis (ψn)",855,"iota_N1",6.77701964
"Activation targeted (ψw)",855,"iota_N2",0.83335131
"Half-life indis (ϕn)",855,"phi_N1",0.11043645
"Half-life targeted (ϕw)",855,"phi_N2",1336.86611
"RBC replenishment (ρ)",856,"rho",0.3407844
"Burst size (β)",856,"burst",4.80016271
"Activation indis (ψn)",856,"iota_N1",4.11457213
"Activation targeted (ψw)",856,"iota_N2",0.52933431
"Half-life indis (ϕn)",856,"phi_N1",0.09867606
"Half-life targeted (ϕw)",856,"phi_N2",219.532835
"RBC replenishment (ρ)",857,"rho",0.26697521
"Burst size (β)",857,"burst",4.5446333
"Activation indis (ψn)",857,"iota_N1",9.95979082
"Activation targeted (ψw)",857,"iota_N2",1.64319888
"Half-life indis (ϕn)",857,"phi_N1",0.31542881
"Half-life targeted (ϕw)",857,"phi_N2",5566.35165
"RBC replenishment (ρ)",858,"rho",0.47245268
"Burst size (β)",858,"burst",6.16564062
"Activation indis (ψn)",858,"iota_N1",4.74803979
"Activation targeted (ψw)",858,"iota_N2",1.78541373
"Half-life indis (ϕn)",858,"phi_N1",0.25569026
"Half-life targeted (ϕw)",858,"phi_N2",253.348483
"RBC replenishment (ρ)",859,"rho",0.32936655
"Burst size (β)",859,"burst",5.51380659
"Activation indis (ψn)",859,"iota_N1",5.78156449
"Activation targeted (ψw)",859,"iota_N2",0.90780682
"Half-life indis (ϕn)",859,"phi_N1",0.09905052
"Half-life targeted (ϕw)",859,"phi_N2",1090.01129
"RBC replenishment (ρ)",860,"rho",0.24293796
"Burst size (β)",860,"burst",3.93815931
"Activation indis (ψn)",860,"iota_N1",3.57384587
"Activation targeted (ψw)",860,"iota_N2",0.80780171
"Half-life indis (ϕn)",860,"phi_N1",0.14633769
"Half-life targeted (ϕw)",860,"phi_N2",223.831128
"RBC replenishment (ρ)",861,"rho",0.29779915
"Burst size (β)",861,"burst",3.7989068
"Activation indis (ψn)",861,"iota_N1",2.46926675
"Activation targeted (ψw)",861,"iota_N2",0.68971173
"Half-life indis (ϕn)",861,"phi_N1",0.19044254
"Half-life targeted (ϕw)",861,"phi_N2",255.765063
"RBC replenishment (ρ)",862,"rho",0.34913632
"Burst size (β)",862,"burst",4.63677488
"Activation indis (ψn)",862,"iota_N1",3.32430156
"Activation targeted (ψw)",862,"iota_N2",0.5051407
"Half-life indis (ϕn)",862,"phi_N1",0.09496073
"Half-life targeted (ϕw)",862,"phi_N2",640.855073
"RBC replenishment (ρ)",863,"rho",0.17580809
"Burst size (β)",863,"burst",4.55225157
"Activation indis (ψn)",863,"iota_N1",4.69180096
"Activation targeted (ψw)",863,"iota_N2",2.01069183
"Half-life indis (ϕn)",863,"phi_N1",0.44942419
"Half-life targeted (ϕw)",863,"phi_N2",368.556363
"RBC replenishment (ρ)",864,"rho",0.4554759
"Burst size (β)",864,"burst",5.92340982
"Activation indis (ψn)",864,"iota_N1",3.62721587
"Activation targeted (ψw)",864,"iota_N2",1.92225451
"Half-life indis (ϕn)",864,"phi_N1",0.2893386
"Half-life targeted (ϕw)",864,"phi_N2",334.806877
"RBC replenishment (ρ)",865,"rho",0.32025501
"Burst size (β)",865,"burst",5.4834375
"Activation indis (ψn)",865,"iota_N1",2.35770309
"Activation targeted (ψw)",865,"iota_N2",0.98182922
"Half-life indis (ϕn)",865,"phi_N1",0.14061401
"Half-life targeted (ϕw)",865,"phi_N2",392.247466
"RBC replenishment (ρ)",866,"rho",0.31105338
"Burst size (β)",866,"burst",3.87154218
"Activation indis (ψn)",866,"iota_N1",18.2067003
"Activation targeted (ψw)",866,"iota_N2",0.90261848
"Half-life indis (ϕn)",866,"phi_N1",0.06337823
"Half-life targeted (ϕw)",866,"phi_N2",3753.07093
"RBC replenishment (ρ)",867,"rho",0.38369969
"Burst size (β)",867,"burst",3.96726987
"Activation indis (ψn)",867,"iota_N1",12.6209656
"Activation targeted (ψw)",867,"iota_N2",0.79243808
"Half-life indis (ϕn)",867,"phi_N1",0.03609334
"Half-life targeted (ϕw)",867,"phi_N2",11998.9081
"RBC replenishment (ρ)",868,"rho",0.30632862
"Burst size (β)",868,"burst",4.77736899
"Activation indis (ψn)",868,"iota_N1",12.3550003
"Activation targeted (ψw)",868,"iota_N2",0.45377414
"Half-life indis (ϕn)",868,"phi_N1",0.01874217
"Half-life targeted (ϕw)",868,"phi_N2",61365.6107
"RBC replenishment (ρ)",869,"rho",0.19828768
"Burst size (β)",869,"burst",4.82169388
"Activation indis (ψn)",869,"iota_N1",19.6595056
"Activation targeted (ψw)",869,"iota_N2",1.99504905
"Half-life indis (ϕn)",869,"phi_N1",0.09904516
"Half-life targeted (ϕw)",869,"phi_N2",6901.52279
"RBC replenishment (ρ)",870,"rho",0.35751739
"Burst size (β)",870,"burst",6.1537246
"Activation indis (ψn)",870,"iota_N1",13.9243383
"Activation targeted (ψw)",870,"iota_N2",2.07673722
"Half-life indis (ϕn)",870,"phi_N1",0.07338678
"Half-life targeted (ϕw)",870,"phi_N2",12511.2263
"RBC replenishment (ρ)",871,"rho",0.29710355
"Burst size (β)",871,"burst",5.58145699
"Activation indis (ψn)",871,"iota_N1",9.43905103
"Activation targeted (ψw)",871,"iota_N2",0.96857281
"Half-life indis (ϕn)",871,"phi_N1",0.02582423
"Half-life targeted (ϕw)",871,"phi_N2",38987.4467
"RBC replenishment (ρ)",872,"rho",0.207592
"Burst size (β)",872,"burst",3.9555515
"Activation indis (ψn)",872,"iota_N1",11.7551973
"Activation targeted (ψw)",872,"iota_N2",0.8652406
"Half-life indis (ϕn)",872,"phi_N1",0.0483479
"Half-life targeted (ϕw)",872,"phi_N2",3400.3856
"RBC replenishment (ρ)",873,"rho",0.25466825
"Burst size (β)",873,"burst",3.8252291
"Activation indis (ψn)",873,"iota_N1",57.8269351
"Activation targeted (ψw)",873,"iota_N2",0.87741375
"Half-life indis (ϕn)",873,"phi_N1",0.01307144
"Half-life targeted (ϕw)",873,"phi_N2",870.435631
"RBC replenishment (ρ)",874,"rho",0.40011336
"Burst size (β)",874,"burst",4.87007005
"Activation indis (ψn)",874,"iota_N1",4.70239311
"Activation targeted (ψw)",874,"iota_N2",0.52705942
"Half-life indis (ϕn)",874,"phi_N1",0.05638981
"Half-life targeted (ϕw)",874,"phi_N2",1746.87689
"RBC replenishment (ρ)",875,"rho",0.25020497
"Burst size (β)",875,"burst",4.68552698
"Activation indis (ψn)",875,"iota_N1",16.5885228
"Activation targeted (ψw)",875,"iota_N2",1.70509873
"Half-life indis (ϕn)",875,"phi_N1",0.10009454
"Half-life targeted (ϕw)",875,"phi_N2",429.616839
"RBC replenishment (ρ)",876,"rho",0.40977372
"Burst size (β)",876,"burst",6.00861437
"Activation indis (ψn)",876,"iota_N1",30.0738362
"Activation targeted (ψw)",876,"iota_N2",1.90062437
"Half-life indis (ϕn)",876,"phi_N1",0.035762
"Half-life targeted (ϕw)",876,"phi_N2",438.055357
"RBC replenishment (ρ)",877,"rho",0.39073112
"Burst size (β)",877,"burst",5.37957107
"Activation indis (ψn)",877,"iota_N1",35.206059
"Activation targeted (ψw)",877,"iota_N2",1.17980794
"Half-life indis (ϕn)",877,"phi_N1",0.02644171
"Half-life targeted (ϕw)",877,"phi_N2",1357.74541
"RBC replenishment (ρ)",878,"rho",0.27616906
"Burst size (β)",878,"burst",4.02648359
"Activation indis (ψn)",878,"iota_N1",25.0946454
"Activation targeted (ψw)",878,"iota_N2",0.84324711
"Half-life indis (ϕn)",878,"phi_N1",0.02386375
"Half-life targeted (ϕw)",878,"phi_N2",803.705793
"RBC replenishment (ρ)",879,"rho",0.3181961
"Burst size (β)",879,"burst",3.9492463
"Activation indis (ψn)",879,"iota_N1",5.09289934
"Activation targeted (ψw)",879,"iota_N2",0.81710307
"Half-life indis (ϕn)",879,"phi_N1",0.08794439
"Half-life targeted (ϕw)",879,"phi_N2",254.319201
"RBC replenishment (ρ)",880,"rho",0.36255165
"Burst size (β)",880,"burst",4.73418194
"Activation indis (ψn)",880,"iota_N1",9.94375098
"Activation targeted (ψw)",880,"iota_N2",0.40282529
"Half-life indis (ϕn)",880,"phi_N1",0.01635008
"Half-life targeted (ϕw)",880,"phi_N2",276.431369
"RBC replenishment (ρ)",881,"rho",0.22289165
"Burst size (β)",881,"burst",4.57226619
"Activation indis (ψn)",881,"iota_N1",7.25087202
"Activation targeted (ψw)",881,"iota_N2",2.02871427
"Half-life indis (ϕn)",881,"phi_N1",0.31086679
"Half-life targeted (ϕw)",881,"phi_N2",357.918604
"RBC replenishment (ρ)",882,"rho",0.23356948
"Burst size (β)",882,"burst",6.00941493
"Activation indis (ψn)",882,"iota_N1",7.62910629
"Activation targeted (ψw)",882,"iota_N2",2.34551424
"Half-life indis (ϕn)",882,"phi_N1",0.0953526
"Half-life targeted (ϕw)",882,"phi_N2",73.7558048
"RBC replenishment (ρ)",883,"rho",0.23456997
"Burst size (β)",883,"burst",5.54878399
"Activation indis (ψn)",883,"iota_N1",5.08705608
"Activation targeted (ψw)",883,"iota_N2",1.20437441
"Half-life indis (ϕn)",883,"phi_N1",0.07491639
"Half-life targeted (ϕw)",883,"phi_N2",264.735877
"RBC replenishment (ρ)",884,"rho",0.29095945
"Burst size (β)",884,"burst",4.06473798
"Activation indis (ψn)",884,"iota_N1",27.3233824
"Activation targeted (ψw)",884,"iota_N2",0.81024817
"Half-life indis (ϕn)",884,"phi_N1",0.02718773
"Half-life targeted (ϕw)",884,"phi_N2",678.992336
"RBC replenishment (ρ)",885,"rho",0.35697853
"Burst size (β)",885,"burst",3.90764056
"Activation indis (ψn)",885,"iota_N1",19.4171248
"Activation targeted (ψw)",885,"iota_N2",0.7571156
"Half-life indis (ϕn)",885,"phi_N1",0.02830386
"Half-life targeted (ϕw)",885,"phi_N2",575.790467
"RBC replenishment (ρ)",886,"rho",0.31191809
"Burst size (β)",886,"burst",4.66409911
"Activation indis (ψn)",886,"iota_N1",21.9979366
"Activation targeted (ψw)",886,"iota_N2",0.47763513
"Half-life indis (ϕn)",886,"phi_N1",0.01286177
"Half-life targeted (ϕw)",886,"phi_N2",3990.96955
"RBC replenishment (ρ)",887,"rho",0.27874864
"Burst size (β)",887,"burst",4.51743169
"Activation indis (ψn)",887,"iota_N1",27.5117294
"Activation targeted (ψw)",887,"iota_N2",2.52726176
"Half-life indis (ϕn)",887,"phi_N1",0.09926275
"Half-life targeted (ϕw)",887,"phi_N2",1976.97958
"RBC replenishment (ρ)",888,"rho",0.54806609
"Burst size (β)",888,"burst",6.21231824
"Activation indis (ψn)",888,"iota_N1",24.459759
"Activation targeted (ψw)",888,"iota_N2",2.12053275
"Half-life indis (ϕn)",888,"phi_N1",0.06094715
"Half-life targeted (ϕw)",888,"phi_N2",733.646581
"RBC replenishment (ρ)",889,"rho",0.30839375
"Burst size (β)",889,"burst",5.45454955
"Activation indis (ψn)",889,"iota_N1",19.3000368
"Activation targeted (ψw)",889,"iota_N2",1.2151511
"Half-life indis (ϕn)",889,"phi_N1",0.03864211
"Half-life targeted (ϕw)",889,"phi_N2",766.248928
"RBC replenishment (ρ)",890,"rho",0.22787829
"Burst size (β)",890,"burst",4.0766039
"Activation indis (ψn)",890,"iota_N1",23.9477556
"Activation targeted (ψw)",890,"iota_N2",1.00328611
"Half-life indis (ϕn)",890,"phi_N1",0.03203961
"Half-life targeted (ϕw)",890,"phi_N2",280.463566
"RBC replenishment (ρ)",891,"rho",0.26358514
"Burst size (β)",891,"burst",3.95350812
"Activation indis (ψn)",891,"iota_N1",16.669901
"Activation targeted (ψw)",891,"iota_N2",0.84875227
"Half-life indis (ϕn)",891,"phi_N1",0.02118635
"Half-life targeted (ϕw)",891,"phi_N2",383.445012
"RBC replenishment (ρ)",892,"rho",0.3898895
"Burst size (β)",892,"burst",4.64250792
"Activation indis (ψn)",892,"iota_N1",23.0311077
"Activation targeted (ψw)",892,"iota_N2",0.49229923
"Half-life indis (ϕn)",892,"phi_N1",0.01586254
"Half-life targeted (ϕw)",892,"phi_N2",515.374669
"RBC replenishment (ρ)",893,"rho",0.3038765
"Burst size (β)",893,"burst",4.63341492
"Activation indis (ψn)",893,"iota_N1",39.5513012
"Activation targeted (ψw)",893,"iota_N2",2.41310769
"Half-life indis (ϕn)",893,"phi_N1",0.09028313
"Half-life targeted (ϕw)",893,"phi_N2",143.503016
"RBC replenishment (ρ)",894,"rho",0.31004878
"Burst size (β)",894,"burst",6.19107887
"Activation indis (ψn)",894,"iota_N1",33.9507777
"Activation targeted (ψw)",894,"iota_N2",2.07897771
"Half-life indis (ϕn)",894,"phi_N1",0.01956283
"Half-life targeted (ϕw)",894,"phi_N2",440.483739
"RBC replenishment (ρ)",895,"rho",0.32557745
"Burst size (β)",895,"burst",5.50584017
"Activation indis (ψn)",895,"iota_N1",16.5760904
"Activation targeted (ψw)",895,"iota_N2",0.98836021
"Half-life indis (ϕn)",895,"phi_N1",0.02858603
"Half-life targeted (ϕw)",895,"phi_N2",941.345005
"RBC replenishment (ρ)",896,"rho",0.25375497
"Burst size (β)",896,"burst",4.0862535
"Activation indis (ψn)",896,"iota_N1",8.3371095
"Activation targeted (ψw)",896,"iota_N2",0.81562459
"Half-life indis (ϕn)",896,"phi_N1",0.06315416
"Half-life targeted (ϕw)",896,"phi_N2",285.136254
"RBC replenishment (ρ)",897,"rho",0.28422007
"Burst size (β)",897,"burst",3.92401532
"Activation indis (ψn)",897,"iota_N1",11.4363374
"Activation targeted (ψw)",897,"iota_N2",1.02705293
"Half-life indis (ϕn)",897,"phi_N1",0.06213599
"Half-life targeted (ϕw)",897,"phi_N2",156.479065
"RBC replenishment (ρ)",898,"rho",0.41193331
"Burst size (β)",898,"burst",4.78406539
"Activation indis (ψn)",898,"iota_N1",4.34648957
"Activation targeted (ψw)",898,"iota_N2",0.48428254
"Half-life indis (ϕn)",898,"phi_N1",0.06993458
"Half-life targeted (ϕw)",898,"phi_N2",359.435097
"RBC replenishment (ρ)",899,"rho",0.24905886
"Burst size (β)",899,"burst",4.50617422
"Activation indis (ψn)",899,"iota_N1",13.9967531
"Activation targeted (ψw)",899,"iota_N2",2.32496253
"Half-life indis (ϕn)",899,"phi_N1",0.28005031
"Half-life targeted (ϕw)",899,"phi_N2",1708.76544
"RBC replenishment (ρ)",900,"rho",0.34575921
"Burst size (β)",900,"burst",6.15405045
"Activation indis (ψn)",900,"iota_N1",23.1342373
"Activation targeted (ψw)",900,"iota_N2",2.12136623
"Half-life indis (ϕn)",900,"phi_N1",0.03648381
"Half-life targeted (ϕw)",900,"phi_N2",3218.9067
"RBC replenishment (ρ)",901,"rho",0.24843891
"Burst size (β)",901,"burst",5.56679415
"Activation indis (ψn)",901,"iota_N1",8.35880007
"Activation targeted (ψw)",901,"iota_N2",1.04548867
"Half-life indis (ϕn)",901,"phi_N1",0.04879126
"Half-life targeted (ϕw)",901,"phi_N2",6229.6777
"RBC replenishment (ρ)",902,"rho",0.2730467
"Burst size (β)",902,"burst",3.94935963
"Activation indis (ψn)",902,"iota_N1",100.927037
"Activation targeted (ψw)",902,"iota_N2",0.85388137
"Half-life indis (ϕn)",902,"phi_N1",0.0072778
"Half-life targeted (ϕw)",902,"phi_N2",650.618101
"RBC replenishment (ρ)",903,"rho",0.34426824
"Burst size (β)",903,"burst",4.02089454
"Activation indis (ψn)",903,"iota_N1",76.8606536
"Activation targeted (ψw)",903,"iota_N2",0.89437462
"Half-life indis (ϕn)",903,"phi_N1",0.00734948
"Half-life targeted (ϕw)",903,"phi_N2",767.107578
"RBC replenishment (ρ)",904,"rho",0.26698239
"Burst size (β)",904,"burst",4.72295434
"Activation indis (ψn)",904,"iota_N1",70.7032692
"Activation targeted (ψw)",904,"iota_N2",0.55932169
"Half-life indis (ϕn)",904,"phi_N1",0.00566613
"Half-life targeted (ϕw)",904,"phi_N2",1915.93052
"RBC replenishment (ρ)",905,"rho",0.21482434
"Burst size (β)",905,"burst",4.71521333
"Activation indis (ψn)",905,"iota_N1",106.510409
"Activation targeted (ψw)",905,"iota_N2",1.84466367
"Half-life indis (ϕn)",905,"phi_N1",0.02497996
"Half-life targeted (ϕw)",905,"phi_N2",735.652736
"RBC replenishment (ρ)",906,"rho",0.55592527
"Burst size (β)",906,"burst",6.33340214
"Activation indis (ψn)",906,"iota_N1",180.892554
"Activation targeted (ψw)",906,"iota_N2",1.64947152
"Half-life indis (ϕn)",906,"phi_N1",0.00901167
"Half-life targeted (ϕw)",906,"phi_N2",21798.4864
"RBC replenishment (ρ)",907,"rho",0.34668428
"Burst size (β)",907,"burst",5.58007252
"Activation indis (ψn)",907,"iota_N1",173.094415
"Activation targeted (ψw)",907,"iota_N2",1.03852527
"Half-life indis (ϕn)",907,"phi_N1",0.0042257
"Half-life targeted (ϕw)",907,"phi_N2",10272.4127
"RBC replenishment (ρ)",908,"rho",0.36455534
"Burst size (β)",908,"burst",4.13945196
"Activation indis (ψn)",908,"iota_N1",22.0369464
"Activation targeted (ψw)",908,"iota_N2",0.74665407
"Half-life indis (ϕn)",908,"phi_N1",0.03023272
"Half-life targeted (ϕw)",908,"phi_N2",1025.29608
"RBC replenishment (ρ)",909,"rho",0.39817192
"Burst size (β)",909,"burst",3.94874708
"Activation indis (ψn)",909,"iota_N1",33.4062476
"Activation targeted (ψw)",909,"iota_N2",0.68406662
"Half-life indis (ϕn)",909,"phi_N1",0.02765477
"Half-life targeted (ϕw)",909,"phi_N2",457.863319
"RBC replenishment (ρ)",910,"rho",0.37446121
"Burst size (β)",910,"burst",4.62148372
"Activation indis (ψn)",910,"iota_N1",11.1546423
"Activation targeted (ψw)",910,"iota_N2",0.50325848
"Half-life indis (ϕn)",910,"phi_N1",0.02447248
"Half-life targeted (ϕw)",910,"phi_N2",440.405455
"RBC replenishment (ρ)",911,"rho",0.12182282
"Burst size (β)",911,"burst",4.61320034
"Activation indis (ψn)",911,"iota_N1",21.7198848
"Activation targeted (ψw)",911,"iota_N2",2.4119869
"Half-life indis (ϕn)",911,"phi_N1",0.070354
"Half-life targeted (ϕw)",911,"phi_N2",988.259316
"RBC replenishment (ρ)",912,"rho",0.31527855
"Burst size (β)",912,"burst",5.83994436
"Activation indis (ψn)",912,"iota_N1",33.6127757
"Activation targeted (ψw)",912,"iota_N2",1.9825426
"Half-life indis (ϕn)",912,"phi_N1",0.02409559
"Half-life targeted (ϕw)",912,"phi_N2",491.096445
"RBC replenishment (ρ)",913,"rho",0.26052609
"Burst size (β)",913,"burst",5.63762913
"Activation indis (ψn)",913,"iota_N1",11.2532261
"Activation targeted (ψw)",913,"iota_N2",1.0552451
"Half-life indis (ϕn)",913,"phi_N1",0.02244517
"Half-life targeted (ϕw)",913,"phi_N2",669.020938
"RBC replenishment (ρ)",914,"rho",0.31544737
"Burst size (β)",914,"burst",4.04603243
"Activation indis (ψn)",914,"iota_N1",18.4215296
"Activation targeted (ψw)",914,"iota_N2",0.72826984
"Half-life indis (ϕn)",914,"phi_N1",0.02276708
"Half-life targeted (ϕw)",914,"phi_N2",2711.53469
"RBC replenishment (ρ)",915,"rho",0.33092939
"Burst size (β)",915,"burst",3.83995617
"Activation indis (ψn)",915,"iota_N1",16.625766
"Activation targeted (ψw)",915,"iota_N2",0.82464134
"Half-life indis (ϕn)",915,"phi_N1",0.05494052
"Half-life targeted (ϕw)",915,"phi_N2",7655.69499
"RBC replenishment (ρ)",916,"rho",0.43800204
"Burst size (β)",916,"burst",4.76256145
"Activation indis (ψn)",916,"iota_N1",18.3364616
"Activation targeted (ψw)",916,"iota_N2",0.48417422
"Half-life indis (ϕn)",916,"phi_N1",0.01622553
"Half-life targeted (ϕw)",916,"phi_N2",53066.8645
"RBC replenishment (ρ)",917,"rho",0.29972836
"Burst size (β)",917,"burst",4.51676149
"Activation indis (ψn)",917,"iota_N1",15.4593317
"Activation targeted (ψw)",917,"iota_N2",1.96044651
"Half-life indis (ϕn)",917,"phi_N1",0.23608137
"Half-life targeted (ϕw)",917,"phi_N2",43762.0623
"RBC replenishment (ρ)",918,"rho",0.40921275
"Burst size (β)",918,"burst",5.99352938
"Activation indis (ψn)",918,"iota_N1",19.4987939
"Activation targeted (ψw)",918,"iota_N2",2.24004252
"Half-life indis (ϕn)",918,"phi_N1",0.05892368
"Half-life targeted (ϕw)",918,"phi_N2",1938.676
"RBC replenishment (ρ)",919,"rho",0.32195019
"Burst size (β)",919,"burst",5.52433889
"Activation indis (ψn)",919,"iota_N1",17.7313308
"Activation targeted (ψw)",919,"iota_N2",1.0695598
"Half-life indis (ϕn)",919,"phi_N1",0.02454728
"Half-life targeted (ϕw)",919,"phi_N2",2288.37331
"RBC replenishment (ρ)",920,"rho",0.37943405
"Burst size (β)",920,"burst",4.00070895
"Activation indis (ψn)",920,"iota_N1",21.9798861
"Activation targeted (ψw)",920,"iota_N2",0.79938502
"Half-life indis (ϕn)",920,"phi_N1",0.0520293
"Half-life targeted (ϕw)",920,"phi_N2",176.594086
"RBC replenishment (ρ)",921,"rho",0.32113396
"Burst size (β)",921,"burst",3.93909075
"Activation indis (ψn)",921,"iota_N1",17.1671518
"Activation targeted (ψw)",921,"iota_N2",0.87435114
"Half-life indis (ϕn)",921,"phi_N1",0.02810223
"Half-life targeted (ϕw)",921,"phi_N2",66.0686545
"RBC replenishment (ρ)",922,"rho",0.39425157
"Burst size (β)",922,"burst",4.77087576
"Activation indis (ψn)",922,"iota_N1",24.2857652
"Activation targeted (ψw)",922,"iota_N2",0.51420198
"Half-life indis (ϕn)",922,"phi_N1",0.02353842
"Half-life targeted (ϕw)",922,"phi_N2",690.344852
"RBC replenishment (ρ)",923,"rho",0.18116777
"Burst size (β)",923,"burst",4.83378335
"Activation indis (ψn)",923,"iota_N1",20.3149787
"Activation targeted (ψw)",923,"iota_N2",2.39524485
"Half-life indis (ϕn)",923,"phi_N1",0.0956155
"Half-life targeted (ϕw)",923,"phi_N2",32.1209169
"RBC replenishment (ρ)",924,"rho",0.3517289
"Burst size (β)",924,"burst",5.98481039
"Activation indis (ψn)",924,"iota_N1",13.8518743
"Activation targeted (ψw)",924,"iota_N2",1.8784747
"Half-life indis (ϕn)",924,"phi_N1",0.08425521
"Half-life targeted (ϕw)",924,"phi_N2",256.052474
"RBC replenishment (ρ)",925,"rho",0.25754467
"Burst size (β)",925,"burst",5.62707169
"Activation indis (ψn)",925,"iota_N1",21.5344696
"Activation targeted (ψw)",925,"iota_N2",1.39541052
"Half-life indis (ϕn)",925,"phi_N1",0.02962948
"Half-life targeted (ϕw)",925,"phi_N2",466.77835
"RBC replenishment (ρ)",926,"rho",0.3385966
"Burst size (β)",926,"burst",3.86649228
"Activation indis (ψn)",926,"iota_N1",12.1747061
"Activation targeted (ψw)",926,"iota_N2",1.09831527
"Half-life indis (ϕn)",926,"phi_N1",0.09292166
"Half-life targeted (ϕw)",926,"phi_N2",545.352599
"RBC replenishment (ρ)",927,"rho",0.30117298
"Burst size (β)",927,"burst",3.92561666
"Activation indis (ψn)",927,"iota_N1",8.32550277
"Activation targeted (ψw)",927,"iota_N2",0.69868695
"Half-life indis (ϕn)",927,"phi_N1",0.05327511
"Half-life targeted (ϕw)",927,"phi_N2",1500.97398
"RBC replenishment (ρ)",928,"rho",0.33569256
"Burst size (β)",928,"burst",4.64492263
"Activation indis (ψn)",928,"iota_N1",7.33347887
"Activation targeted (ψw)",928,"iota_N2",0.6094485
"Half-life indis (ϕn)",928,"phi_N1",0.03896636
"Half-life targeted (ϕw)",928,"phi_N2",31.5871784
"RBC replenishment (ρ)",929,"rho",0.25647877
"Burst size (β)",929,"burst",4.52205024
"Activation indis (ψn)",929,"iota_N1",22.2908676
"Activation targeted (ψw)",929,"iota_N2",1.93465509
"Half-life indis (ϕn)",929,"phi_N1",0.10287004
"Half-life targeted (ϕw)",929,"phi_N2",604.20436
"RBC replenishment (ρ)",930,"rho",0.42105335
"Burst size (β)",930,"burst",6.40774835
"Activation indis (ψn)",930,"iota_N1",18.4724258
"Activation targeted (ψw)",930,"iota_N2",1.80688153
"Half-life indis (ϕn)",930,"phi_N1",0.0553454
"Half-life targeted (ϕw)",930,"phi_N2",1710.30132
"RBC replenishment (ρ)",931,"rho",0.25368047
"Burst size (β)",931,"burst",5.56240997
"Activation indis (ψn)",931,"iota_N1",7.76625776
"Activation targeted (ψw)",931,"iota_N2",1.33733663
"Half-life indis (ϕn)",931,"phi_N1",0.08759882
"Half-life targeted (ϕw)",931,"phi_N2",119.468827
"RBC replenishment (ρ)",932,"rho",0.31305118
"Burst size (β)",932,"burst",4.00670965
"Activation indis (ψn)",932,"iota_N1",17.5340269
"Activation targeted (ψw)",932,"iota_N2",0.74495653
"Half-life indis (ϕn)",932,"phi_N1",0.03148278
"Half-life targeted (ϕw)",932,"phi_N2",264.747996
"RBC replenishment (ρ)",933,"rho",0.29283922
"Burst size (β)",933,"burst",3.93831335
"Activation indis (ψn)",933,"iota_N1",13.6038001
"Activation targeted (ψw)",933,"iota_N2",0.72806765
"Half-life indis (ϕn)",933,"phi_N1",0.04771209
"Half-life targeted (ϕw)",933,"phi_N2",224.420446
"RBC replenishment (ρ)",934,"rho",0.26800217
"Burst size (β)",934,"burst",4.79680124
"Activation indis (ψn)",934,"iota_N1",6.45857434
"Activation targeted (ψw)",934,"iota_N2",0.48615584
"Half-life indis (ϕn)",934,"phi_N1",0.04857331
"Half-life targeted (ϕw)",934,"phi_N2",4638.0205
"RBC replenishment (ρ)",935,"rho",0.20838451
"Burst size (β)",935,"burst",4.68683953
"Activation indis (ψn)",935,"iota_N1",53.0904291
"Activation targeted (ψw)",935,"iota_N2",2.04122168
"Half-life indis (ϕn)",935,"phi_N1",0.04422341
"Half-life targeted (ϕw)",935,"phi_N2",2092.34761
"RBC replenishment (ρ)",936,"rho",0.52411045
"Burst size (β)",936,"burst",6.10248604
"Activation indis (ψn)",936,"iota_N1",37.416384
"Activation targeted (ψw)",936,"iota_N2",2.17498911
"Half-life indis (ϕn)",936,"phi_N1",0.04801624
"Half-life targeted (ϕw)",936,"phi_N2",1007.76478
"RBC replenishment (ρ)",937,"rho",0.3845121
"Burst size (β)",937,"burst",5.65764772
"Activation indis (ψn)",937,"iota_N1",14.92231
"Activation targeted (ψw)",937,"iota_N2",0.91219403
"Half-life indis (ϕn)",937,"phi_N1",0.0355529
"Half-life targeted (ϕw)",937,"phi_N2",1662.80795
"RBC replenishment (ρ)",938,"rho",0.25947112
"Burst size (β)",938,"burst",3.97876985
"Activation indis (ψn)",938,"iota_N1",129.5652
"Activation targeted (ψw)",938,"iota_N2",1.10376706
"Half-life indis (ϕn)",938,"phi_N1",0.00529912
"Half-life targeted (ϕw)",938,"phi_N2",911.330377
"RBC replenishment (ρ)",939,"rho",0.27758681
"Burst size (β)",939,"burst",4.14229908
"Activation indis (ψn)",939,"iota_N1",99.9093798
"Activation targeted (ψw)",939,"iota_N2",0.66935109
"Half-life indis (ϕn)",939,"phi_N1",0.00370678
"Half-life targeted (ϕw)",939,"phi_N2",218.017354
"RBC replenishment (ρ)",940,"rho",0.35081638
"Burst size (β)",940,"burst",4.72969583
"Activation indis (ψn)",940,"iota_N1",61.127651
"Activation targeted (ψw)",940,"iota_N2",0.58143867
"Half-life indis (ϕn)",940,"phi_N1",0.0048438
"Half-life targeted (ϕw)",940,"phi_N2",68.4655973
"RBC replenishment (ρ)",941,"rho",0.22650294
"Burst size (β)",941,"burst",4.49926781
"Activation indis (ψn)",941,"iota_N1",563.897348
"Activation targeted (ψw)",941,"iota_N2",1.92494111
"Half-life indis (ϕn)",941,"phi_N1",0.00453783
"Half-life targeted (ϕw)",941,"phi_N2",2504.075
"RBC replenishment (ρ)",942,"rho",0.36446042
"Burst size (β)",942,"burst",5.95802471
"Activation indis (ψn)",942,"iota_N1",200.606038
"Activation targeted (ψw)",942,"iota_N2",2.17117591
"Half-life indis (ϕn)",942,"phi_N1",0.00487291
"Half-life targeted (ϕw)",942,"phi_N2",630.099654
"RBC replenishment (ρ)",943,"rho",0.40394971
"Burst size (β)",943,"burst",5.6754233
"Activation indis (ψn)",943,"iota_N1",75.7951567
"Activation targeted (ψw)",943,"iota_N2",0.98221265
"Half-life indis (ϕn)",943,"phi_N1",0.00621742
"Half-life targeted (ϕw)",943,"phi_N2",283.96335
"RBC replenishment (ρ)",944,"rho",0.27324121
"Burst size (β)",944,"burst",4.0881021
"Activation indis (ψn)",944,"iota_N1",39.9820842
"Activation targeted (ψw)",944,"iota_N2",0.7811049
"Half-life indis (ϕn)",944,"phi_N1",0.01480412
"Half-life targeted (ϕw)",944,"phi_N2",2558.45216
"RBC replenishment (ρ)",945,"rho",0.41628129
"Burst size (β)",945,"burst",4.01564981
"Activation indis (ψn)",945,"iota_N1",27.4368063
"Activation targeted (ψw)",945,"iota_N2",0.85322141
"Half-life indis (ϕn)",945,"phi_N1",0.0230687
"Half-life targeted (ϕw)",945,"phi_N2",5586.02523
"RBC replenishment (ρ)",946,"rho",0.36416189
"Burst size (β)",946,"burst",4.72792133
"Activation indis (ψn)",946,"iota_N1",12.0179094
"Activation targeted (ψw)",946,"iota_N2",0.51558584
"Half-life indis (ϕn)",946,"phi_N1",0.03629534
"Half-life targeted (ϕw)",946,"phi_N2",1893.88483
"RBC replenishment (ρ)",947,"rho",0.25524574
"Burst size (β)",947,"burst",4.55454735
"Activation indis (ψn)",947,"iota_N1",24.9257665
"Activation targeted (ψw)",947,"iota_N2",2.13268437
"Half-life indis (ϕn)",947,"phi_N1",0.10598316
"Half-life targeted (ϕw)",947,"phi_N2",211.463109
"RBC replenishment (ρ)",948,"rho",0.38444879
"Burst size (β)",948,"burst",6.06065092
"Activation indis (ψn)",948,"iota_N1",6.24812051
"Activation targeted (ψw)",948,"iota_N2",2.24115537
"Half-life indis (ϕn)",948,"phi_N1",0.24694376
"Half-life targeted (ϕw)",948,"phi_N2",545.230688
"RBC replenishment (ρ)",949,"rho",0.36217131
"Burst size (β)",949,"burst",5.40486633
"Activation indis (ψn)",949,"iota_N1",14.9700765
"Activation targeted (ψw)",949,"iota_N2",1.06299146
"Half-life indis (ϕn)",949,"phi_N1",0.05533518
"Half-life targeted (ϕw)",949,"phi_N2",1961.49843
"RBC replenishment (ρ)",950,"rho",0.30523297
"Burst size (β)",950,"burst",3.95429494
"Activation indis (ψn)",950,"iota_N1",13.673992
"Activation targeted (ψw)",950,"iota_N2",0.6219141
"Half-life indis (ϕn)",950,"phi_N1",0.054118
"Half-life targeted (ϕw)",950,"phi_N2",163.514928
"RBC replenishment (ρ)",951,"rho",0.30839703
"Burst size (β)",951,"burst",3.91143456
"Activation indis (ψn)",951,"iota_N1",5.55298441
"Activation targeted (ψw)",951,"iota_N2",0.79132526
"Half-life indis (ϕn)",951,"phi_N1",0.06430692
"Half-life targeted (ϕw)",951,"phi_N2",173.418057
"RBC replenishment (ρ)",952,"rho",0.39576269
"Burst size (β)",952,"burst",4.7455487
"Activation indis (ψn)",952,"iota_N1",3.93656119
"Activation targeted (ψw)",952,"iota_N2",0.46047404
"Half-life indis (ϕn)",952,"phi_N1",0.07140348
"Half-life targeted (ϕw)",952,"phi_N2",159.111709
"RBC replenishment (ρ)",953,"rho",0.21541538
"Burst size (β)",953,"burst",4.75619779
"Activation indis (ψn)",953,"iota_N1",16.5457033
"Activation targeted (ψw)",953,"iota_N2",1.98199073
"Half-life indis (ϕn)",953,"phi_N1",0.08429053
"Half-life targeted (ϕw)",953,"phi_N2",305.432243
"RBC replenishment (ρ)",954,"rho",0.35474427
"Burst size (β)",954,"burst",6.10830883
"Activation indis (ψn)",954,"iota_N1",15.8071391
"Activation targeted (ψw)",954,"iota_N2",2.21025356
"Half-life indis (ϕn)",954,"phi_N1",0.06851425
"Half-life targeted (ϕw)",954,"phi_N2",68.4939848
"RBC replenishment (ρ)",955,"rho",0.25608248
"Burst size (β)",955,"burst",5.59874294
"Activation indis (ψn)",955,"iota_N1",12.5459258
"Activation targeted (ψw)",955,"iota_N2",1.24136218
"Half-life indis (ϕn)",955,"phi_N1",0.04190177
"Half-life targeted (ϕw)",955,"phi_N2",29.3886074
"RBC replenishment (ρ)",956,"rho",0.329013
"Burst size (β)",956,"burst",4.00228889
"Activation indis (ψn)",956,"iota_N1",5.94691109
"Activation targeted (ψw)",956,"iota_N2",0.67264866
"Half-life indis (ϕn)",956,"phi_N1",0.13680185
"Half-life targeted (ϕw)",956,"phi_N2",273.999023
"RBC replenishment (ρ)",957,"rho",0.27006484
"Burst size (β)",957,"burst",3.88659164
"Activation indis (ψn)",957,"iota_N1",8.95087949
"Activation targeted (ψw)",957,"iota_N2",0.85413112
"Half-life indis (ϕn)",957,"phi_N1",0.0689625
"Half-life targeted (ϕw)",957,"phi_N2",851.595371
"RBC replenishment (ρ)",958,"rho",0.34761936
"Burst size (β)",958,"burst",4.75354005
"Activation indis (ψn)",958,"iota_N1",4.21789738
"Activation targeted (ψw)",958,"iota_N2",0.44651906
"Half-life indis (ϕn)",958,"phi_N1",0.09484342
"Half-life targeted (ϕw)",958,"phi_N2",1677.10265
"RBC replenishment (ρ)",959,"rho",0.31152483
"Burst size (β)",959,"burst",4.48467221
"Activation indis (ψn)",959,"iota_N1",39.0656513
"Activation targeted (ψw)",959,"iota_N2",2.53290573
"Half-life indis (ϕn)",959,"phi_N1",0.11069118
"Half-life targeted (ϕw)",959,"phi_N2",91.5709942
"RBC replenishment (ρ)",960,"rho",0.49653988
"Burst size (β)",960,"burst",6.16120774
"Activation indis (ψn)",960,"iota_N1",14.1599675
"Activation targeted (ψw)",960,"iota_N2",2.25346028
"Half-life indis (ϕn)",960,"phi_N1",0.13346372
"Half-life targeted (ϕw)",960,"phi_N2",152.183403
"RBC replenishment (ρ)",961,"rho",0.28884814
"Burst size (β)",961,"burst",5.45788176
"Activation indis (ψn)",961,"iota_N1",4.9210555
"Activation targeted (ψw)",961,"iota_N2",0.9645655
"Half-life indis (ϕn)",961,"phi_N1",0.07476189
"Half-life targeted (ϕw)",961,"phi_N2",3482.27596
"RBC replenishment (ρ)",962,"rho",0.32171821
"Burst size (β)",962,"burst",4.07986927
"Activation indis (ψn)",962,"iota_N1",10.116498
"Activation targeted (ψw)",962,"iota_N2",0.63111999
"Half-life indis (ϕn)",962,"phi_N1",0.07955687
"Half-life targeted (ϕw)",962,"phi_N2",4181.20405
"RBC replenishment (ρ)",963,"rho",0.3803062
"Burst size (β)",963,"burst",3.97509334
"Activation indis (ψn)",963,"iota_N1",7.34481835
"Activation targeted (ψw)",963,"iota_N2",0.74651584
"Half-life indis (ϕn)",963,"phi_N1",0.087451
"Half-life targeted (ϕw)",963,"phi_N2",60.5421281
"RBC replenishment (ρ)",964,"rho",0.32119089
"Burst size (β)",964,"burst",4.71642998
"Activation indis (ψn)",964,"iota_N1",5.22168929
"Activation targeted (ψw)",964,"iota_N2",0.53985098
"Half-life indis (ϕn)",964,"phi_N1",0.06479689
"Half-life targeted (ϕw)",964,"phi_N2",1565.06276
"RBC replenishment (ρ)",965,"rho",0.21553281
"Burst size (β)",965,"burst",4.56440255
"Activation indis (ψn)",965,"iota_N1",25.803863
"Activation targeted (ψw)",965,"iota_N2",1.79022586
"Half-life indis (ϕn)",965,"phi_N1",0.10504963
"Half-life targeted (ϕw)",965,"phi_N2",6059.55949
"RBC replenishment (ρ)",966,"rho",0.35765344
"Burst size (β)",966,"burst",6.11086682
"Activation indis (ψn)",966,"iota_N1",12.4812522
"Activation targeted (ψw)",966,"iota_N2",2.17903384
"Half-life indis (ϕn)",966,"phi_N1",0.09079362
"Half-life targeted (ϕw)",966,"phi_N2",6949.00145
"RBC replenishment (ρ)",967,"rho",0.30547391
"Burst size (β)",967,"burst",5.50859163
"Activation indis (ψn)",967,"iota_N1",5.76904881
"Activation targeted (ψw)",967,"iota_N2",1.10136181
"Half-life indis (ϕn)",967,"phi_N1",0.08699711
"Half-life targeted (ϕw)",967,"phi_N2",3728.6125
"RBC replenishment (ρ)",968,"rho",0.36241357
"Burst size (β)",968,"burst",3.92351192
"Activation indis (ψn)",968,"iota_N1",9.91821375
"Activation targeted (ψw)",968,"iota_N2",0.61467511
"Half-life indis (ϕn)",968,"phi_N1",0.10592386
"Half-life targeted (ϕw)",968,"phi_N2",1344.51838
"RBC replenishment (ρ)",969,"rho",0.39519215
"Burst size (β)",969,"burst",3.94886484
"Activation indis (ψn)",969,"iota_N1",6.11807276
"Activation targeted (ψw)",969,"iota_N2",0.70055216
"Half-life indis (ϕn)",969,"phi_N1",0.1105181
"Half-life targeted (ϕw)",969,"phi_N2",3678.20528
"RBC replenishment (ρ)",970,"rho",0.34829667
"Burst size (β)",970,"burst",4.63714262
"Activation indis (ψn)",970,"iota_N1",3.31820949
"Activation targeted (ψw)",970,"iota_N2",0.49335593
"Half-life indis (ϕn)",970,"phi_N1",0.09676886
"Half-life targeted (ϕw)",970,"phi_N2",2249.58107
"RBC replenishment (ρ)",971,"rho",0.28731287
"Burst size (β)",971,"burst",4.6307197
"Activation indis (ψn)",971,"iota_N1",23.8767229
"Activation targeted (ψw)",971,"iota_N2",1.95598021
"Half-life indis (ϕn)",971,"phi_N1",0.17063507
"Half-life targeted (ϕw)",971,"phi_N2",686.518676
"RBC replenishment (ρ)",972,"rho",0.34173917
"Burst size (β)",972,"burst",5.98657912
"Activation indis (ψn)",972,"iota_N1",8.23636006
"Activation targeted (ψw)",972,"iota_N2",2.2488743
"Half-life indis (ϕn)",972,"phi_N1",0.11823955
"Half-life targeted (ϕw)",972,"phi_N2",552.230692
"RBC replenishment (ρ)",973,"rho",0.34955758
"Burst size (β)",973,"burst",5.3862584
"Activation indis (ψn)",973,"iota_N1",5.22696142
"Activation targeted (ψw)",973,"iota_N2",0.87952243
"Half-life indis (ϕn)",973,"phi_N1",0.09348923
"Half-life targeted (ϕw)",973,"phi_N2",3647.57137
"RBC replenishment (ρ)",974,"rho",0.24565402
"Burst size (β)",974,"burst",4.00802136
"Activation indis (ψn)",974,"iota_N1",27.7026727
"Activation targeted (ψw)",974,"iota_N2",0.95572773
"Half-life indis (ϕn)",974,"phi_N1",0.02265491
"Half-life targeted (ϕw)",974,"phi_N2",573.204735
"RBC replenishment (ρ)",975,"rho",0.34032639
"Burst size (β)",975,"burst",4.02751719
"Activation indis (ψn)",975,"iota_N1",31.3194244
"Activation targeted (ψw)",975,"iota_N2",0.86815934
"Half-life indis (ϕn)",975,"phi_N1",0.01748846
"Half-life targeted (ϕw)",975,"phi_N2",26.712727
"RBC replenishment (ρ)",976,"rho",0.47997916
"Burst size (β)",976,"burst",4.82442798
"Activation indis (ψn)",976,"iota_N1",38.2290842
"Activation targeted (ψw)",976,"iota_N2",0.40158495
"Half-life indis (ϕn)",976,"phi_N1",0.01258366
"Half-life targeted (ϕw)",976,"phi_N2",185.637932
"RBC replenishment (ρ)",977,"rho",0.13274756
"Burst size (β)",977,"burst",4.56679095
"Activation indis (ψn)",977,"iota_N1",32.8519661
"Activation targeted (ψw)",977,"iota_N2",2.48435865
"Half-life indis (ϕn)",977,"phi_N1",0.04927776
"Half-life targeted (ϕw)",977,"phi_N2",1649.65299
"RBC replenishment (ρ)",978,"rho",0.39314434
"Burst size (β)",978,"burst",5.85716601
"Activation indis (ψn)",978,"iota_N1",45.1688345
"Activation targeted (ψw)",978,"iota_N2",2.20956392
"Half-life indis (ϕn)",978,"phi_N1",0.03682184
"Half-life targeted (ϕw)",978,"phi_N2",1776.54212
"RBC replenishment (ρ)",979,"rho",0.27130788
"Burst size (β)",979,"burst",5.79211478
"Activation indis (ψn)",979,"iota_N1",34.6760753
"Activation targeted (ψw)",979,"iota_N2",1.17066571
"Half-life indis (ϕn)",979,"phi_N1",0.0105129
"Half-life targeted (ϕw)",979,"phi_N2",113.707945
"RBC replenishment (ρ)",980,"rho",0.27777835
"Burst size (β)",980,"burst",3.98431382
"Activation indis (ψn)",980,"iota_N1",26.1473305
"Activation targeted (ψw)",980,"iota_N2",0.64852506
"Half-life indis (ϕn)",980,"phi_N1",0.03458475
"Half-life targeted (ϕw)",980,"phi_N2",914.996823
"RBC replenishment (ρ)",981,"rho",0.34980693
"Burst size (β)",981,"burst",3.9189339
"Activation indis (ψn)",981,"iota_N1",42.2455259
"Activation targeted (ψw)",981,"iota_N2",0.86041451
"Half-life indis (ϕn)",981,"phi_N1",0.01352513
"Half-life targeted (ϕw)",981,"phi_N2",288.607438
"RBC replenishment (ρ)",982,"rho",0.38872448
"Burst size (β)",982,"burst",4.92747957
"Activation indis (ψn)",982,"iota_N1",17.4581524
"Activation targeted (ψw)",982,"iota_N2",0.37734232
"Half-life indis (ϕn)",982,"phi_N1",0.01266897
"Half-life targeted (ϕw)",982,"phi_N2",799.264254
"RBC replenishment (ρ)",983,"rho",0.2177795
"Burst size (β)",983,"burst",4.60125628
"Activation indis (ψn)",983,"iota_N1",37.1796657
"Activation targeted (ψw)",983,"iota_N2",2.2340527
"Half-life indis (ϕn)",983,"phi_N1",0.07659159
"Half-life targeted (ϕw)",983,"phi_N2",203.679291
"RBC replenishment (ρ)",984,"rho",0.41176734
"Burst size (β)",984,"burst",6.29897808
"Activation indis (ψn)",984,"iota_N1",15.8941216
"Activation targeted (ψw)",984,"iota_N2",2.2039221
"Half-life indis (ϕn)",984,"phi_N1",0.05882105
"Half-life targeted (ϕw)",984,"phi_N2",1078.85518
"RBC replenishment (ρ)",985,"rho",0.30364045
"Burst size (β)",985,"burst",5.58817123
"Activation indis (ψn)",985,"iota_N1",19.5777722
"Activation targeted (ψw)",985,"iota_N2",0.88934421
"Half-life indis (ϕn)",985,"phi_N1",0.01493752
"Half-life targeted (ϕw)",985,"phi_N2",586.953811
"RBC replenishment (ρ)",986,"rho",0.29856619
"Burst size (β)",986,"burst",4.00116524
"Activation indis (ψn)",986,"iota_N1",15.187927
"Activation targeted (ψw)",986,"iota_N2",0.78898188
"Half-life indis (ϕn)",986,"phi_N1",0.06286982
"Half-life targeted (ϕw)",986,"phi_N2",465.321024
"RBC replenishment (ρ)",987,"rho",0.27964796
"Burst size (β)",987,"burst",3.87881784
"Activation indis (ψn)",987,"iota_N1",10.0480995
"Activation targeted (ψw)",987,"iota_N2",0.67086985
"Half-life indis (ϕn)",987,"phi_N1",0.08549646
"Half-life targeted (ϕw)",987,"phi_N2",740.027023
"RBC replenishment (ρ)",988,"rho",0.33004738
"Burst size (β)",988,"burst",4.76259382
"Activation indis (ψn)",988,"iota_N1",3.56853361
"Activation targeted (ψw)",988,"iota_N2",0.53833368
"Half-life indis (ϕn)",988,"phi_N1",0.09446476
"Half-life targeted (ϕw)",988,"phi_N2",44.434274
"RBC replenishment (ρ)",989,"rho",0.28257358
"Burst size (β)",989,"burst",4.66698756
"Activation indis (ψn)",989,"iota_N1",45.2884255
"Activation targeted (ψw)",989,"iota_N2",1.64255415
"Half-life indis (ϕn)",989,"phi_N1",0.06335225
"Half-life targeted (ϕw)",989,"phi_N2",1267.04826
"RBC replenishment (ρ)",990,"rho",0.40283259
"Burst size (β)",990,"burst",6.18558078
"Activation indis (ψn)",990,"iota_N1",17.2658351
"Activation targeted (ψw)",990,"iota_N2",1.93461911
"Half-life indis (ϕn)",990,"phi_N1",0.05566436
"Half-life targeted (ϕw)",990,"phi_N2",1032.70165
"RBC replenishment (ρ)",991,"rho",0.33080421
"Burst size (β)",991,"burst",5.7611419
"Activation indis (ψn)",991,"iota_N1",7.75882549
"Activation targeted (ψw)",991,"iota_N2",0.86116894
"Half-life indis (ϕn)",991,"phi_N1",0.04474416
"Half-life targeted (ϕw)",991,"phi_N2",118.001266
"RBC replenishment (ρ)",992,"rho",0.22779207
"Burst size (β)",992,"burst",4.0170201
"Activation indis (ψn)",992,"iota_N1",45.8563493
"Activation targeted (ψw)",992,"iota_N2",0.75063456
"Half-life indis (ϕn)",992,"phi_N1",0.01335021
"Half-life targeted (ϕw)",992,"phi_N2",632.093977
"RBC replenishment (ρ)",993,"rho",0.340597
"Burst size (β)",993,"burst",3.85450276
"Activation indis (ψn)",993,"iota_N1",32.3319989
"Activation targeted (ψw)",993,"iota_N2",0.83727003
"Half-life indis (ϕn)",993,"phi_N1",0.01591298
"Half-life targeted (ϕw)",993,"phi_N2",782.227184
"RBC replenishment (ρ)",994,"rho",0.3856182
"Burst size (β)",994,"burst",4.59988585
"Activation indis (ψn)",994,"iota_N1",26.1701181
"Activation targeted (ψw)",994,"iota_N2",0.35128183
"Half-life indis (ϕn)",994,"phi_N1",0.01716397
"Half-life targeted (ϕw)",994,"phi_N2",7578.15838
"RBC replenishment (ρ)",995,"rho",0.21003127
"Burst size (β)",995,"burst",4.79659873
"Activation indis (ψn)",995,"iota_N1",17.1006501
"Activation targeted (ψw)",995,"iota_N2",2.32920823
"Half-life indis (ϕn)",995,"phi_N1",0.12311158
"Half-life targeted (ϕw)",995,"phi_N2",1377.33213
"RBC replenishment (ρ)",996,"rho",0.30962305
"Burst size (β)",996,"burst",5.96983456
"Activation indis (ψn)",996,"iota_N1",28.2216759
"Activation targeted (ψw)",996,"iota_N2",1.99601924
"Half-life indis (ϕn)",996,"phi_N1",0.0235553
"Half-life targeted (ϕw)",996,"phi_N2",1732.18009
"RBC replenishment (ρ)",997,"rho",0.34381239
"Burst size (β)",997,"burst",5.52039328
"Activation indis (ψn)",997,"iota_N1",39.9093527
"Activation targeted (ψw)",997,"iota_N2",0.89225187
"Half-life indis (ϕn)",997,"phi_N1",0.00805626
"Half-life targeted (ϕw)",997,"phi_N2",3175.22832
"RBC replenishment (ρ)",998,"rho",0.30363669
"Burst size (β)",998,"burst",4.10635843
"Activation indis (ψn)",998,"iota_N1",17.9354579
"Activation targeted (ψw)",998,"iota_N2",0.81596371
"Half-life indis (ϕn)",998,"phi_N1",0.03720068
"Half-life targeted (ϕw)",998,"phi_N2",735.844768
"RBC replenishment (ρ)",999,"rho",0.34269017
"Burst size (β)",999,"burst",3.919468
"Activation indis (ψn)",999,"iota_N1",16.9205282
"Activation targeted (ψw)",999,"iota_N2",0.7989827
"Half-life indis (ϕn)",999,"phi_N1",0.03266487
"Half-life targeted (ϕw)",999,"phi_N2",232.362093
"RBC replenishment (ρ)",1000,"rho",0.36346476
"Burst size (β)",1000,"burst",4.9137808
"Activation indis (ψn)",1000,"iota_N1",25.7699985
"Activation targeted (ψw)",1000,"iota_N2",0.45142649
"Half-life indis (ϕn)",1000,"phi_N1",0.01708192
"Half-life targeted (ϕw)",1000,"phi_N2",327.345813
