"","cue","log","id","rho","burst","iota_N1","iota_N2","phi_N1","phi_N2","fitness_rho","fitness_beta","fitness_psin","fitness_psiw","fitness_phin","fitness_phiw"
"4218","G","log10",4218,0.37227353,6.03083933,9.12118421,2.22119777,0.14515884,50199.5913,9.60748149932808,9.69959878326022,9.77145103577968,5.39650735244902,8.18984370507235,9.53758032696408
