"","cue","log","id","rho","burst","iota_N1","iota_N2","phi_N1","phi_N2","fitness_rho","fitness_beta","fitness_psin","fitness_psiw","fitness_phin","fitness_phiw"
"4438","G","log10",4438,0.303998,4.62701958,16.0259625,0.64911289,0.02142383,260.454429,9.58242937000628,4.80635425280189,9.58175870149634,10.2165798586845,9.74298200003065,9.59185639035696
