"","cue","log","id","rho","burst","iota_N1","iota_N2","phi_N1","phi_N2","fitness_rho","fitness_beta","fitness_psin","fitness_psiw","fitness_phin","fitness_phiw"
"1440","G","log10",1440,0.36933949,6.0144478,24.1350209,1.6908576,0.03115345,852.140153,9.60653368063259,9.69925358081787,9.35836347459237,6.72100393464191,9.61626642425185,9.55423165710158
