"","cue","log","id","rho","burst","iota_N1","iota_N2","phi_N1","phi_N2","fitness_rho","fitness_beta","fitness_psin","fitness_psiw","fitness_phin","fitness_phiw"
"2581","G","log10",2581,0.31906006,5.59876907,7.66828421,0.99209476,0.02691688,1374.05706,9.58856887148963,9.41623165433875,9.81110985189461,9.03592298553005,9.67150403172126,9.54782133191849
