"","cue","log","id","rho","burst","iota_N1","iota_N2","phi_N1","phi_N2","fitness_rho","fitness_beta","fitness_psin","fitness_psiw","fitness_phin","fitness_phiw"
"1297","G","log10",1297,0.31611471,5.28255246,70.4635253,1.14597322,0.01974601,68.9691808,9.58739777789923,8.69145155482826,8.13550219201329,8.48858655732242,9.76476855576771,9.73110992624035
