"","cue","log","id","rho","burst","iota_N1","iota_N2","phi_N1","phi_N2","fitness_rho","fitness_beta","fitness_psin","fitness_psiw","fitness_phin","fitness_phiw"
"1748","G","log10",1748,0.21386052,3.90746263,9.33071482,0.66037213,0.08958311,143.358247,9.53559022074501,0.778304821341239,9.76572001776698,10.1804497922478,8.86406028146909,9.63464646994559
