"","cue","log","id","rho","burst","iota_N1","iota_N2","phi_N1","phi_N2","fitness_rho","fitness_beta","fitness_psin","fitness_psiw","fitness_phin","fitness_phiw"
"2311","G","log10",2311,0.25489331,5.723943,35.5034624,0.9665714,0.01214962,199.243581,9.55937463954193,9.5661899562691,9.04763857242318,9.12696513209806,9.86293596823326,9.60813393406965
