"","cue","log","id","rho","burst","iota_N1","iota_N2","phi_N1","phi_N2","fitness_rho","fitness_beta","fitness_psin","fitness_psiw","fitness_phin","fitness_phiw"
"3387","G","log10",3387,0.26420192,4.04971922,18.114653,0.8264022,0.01429364,160.445975,9.56414564364499,1.14422831835354,9.52419430310039,9.62189447450459,9.83532122211564,9.62464876622658
