"","cue","log","id","rho","burst","iota_N1","iota_N2","phi_N1","phi_N2","fitness_rho","fitness_beta","fitness_psin","fitness_psiw","fitness_phin","fitness_phiw"
"2657","G","log10",2657,0.28761141,4.82755142,74.4462638,2.51231644,0.04550408,2787.10199,9.57529024798303,6.38683319150946,8.03687692493369,4.82733105240474,9.42914999809068,9.54249635385584
