"","cue","log","id","rho","burst","iota_N1","iota_N2","phi_N1","phi_N2","fitness_rho","fitness_beta","fitness_psin","fitness_psiw","fitness_phin","fitness_phiw"
"2044","G","log10",2044,0.47899966,4.73800383,10.9106873,0.47177998,0.03800534,473.999742,9.63584992973108,5.71511468934089,9.72244515577608,10.7443536481169,9.52687843451058,9.56757888258078
