"","cue","log","id","rho","burst","iota_N1","iota_N2","phi_N1","phi_N2","fitness_rho","fitness_beta","fitness_psin","fitness_psiw","fitness_phin","fitness_phiw"
"4580","G","log10",4580,0.26230936,4.04315068,14.2427046,0.84347443,0.03883348,174.426268,9.5631913600132,1.12381340100857,9.63087358593984,9.56236491354583,9.51607496227398,9.61787878993859
