"","cue","log","id","rho","burst","iota_N1","iota_N2","phi_N1","phi_N2","fitness_rho","fitness_beta","fitness_psin","fitness_psiw","fitness_phin","fitness_phiw"
"341","G","log10",341,0.15619126,4.53198795,28.9158917,2.26691544,0.0695544,1160.93056,9.49230311101931,4.00328737675283,9.22715613713862,5.30036063610073,9.11823302731947,9.54974817657037
