"","cue","log","id","rho","burst","iota_N1","iota_N2","phi_N1","phi_N2","fitness_rho","fitness_beta","fitness_psin","fitness_psiw","fitness_phin","fitness_phiw"
"3874","G","log10",3874,0.35552311,4.84871269,213.219624,0.45956183,0.00065909,2975.78847,9.60194974600104,6.53535529631579,5.33854953550907,10.7774392085931,10.0089711047365,9.54216547861428
