"","cue","log","id","rho","burst","iota_N1","iota_N2","phi_N1","phi_N2","fitness_rho","fitness_beta","fitness_psin","fitness_psiw","fitness_phin","fitness_phiw"
"2026","G","log10",2026,0.46296215,4.85397945,9.45927613,0.36251294,0.02218226,215.739375,9.63221714589193,6.57167484805404,9.76220346334114,11.0229812543754,9.733127151351,9.60286299866934
