"","cue","log","id","rho","burst","iota_N1","iota_N2","phi_N1","phi_N2","fitness_rho","fitness_beta","fitness_psin","fitness_psiw","fitness_phin","fitness_phiw"
"1742","G","log10",1742,0.23043271,4.15638094,2.22453554,0.76873888,0.0633948,416.4476,9.54577531514799,1.53576606769851,9.95815401470263,9.8205625334736,9.19736204181292,9.57170289534856
