"","cue","log","id","rho","burst","iota_N1","iota_N2","phi_N1","phi_N2","fitness_rho","fitness_beta","fitness_psin","fitness_psiw","fitness_phin","fitness_phiw"
"800","G","log10",800,0.24089846,3.91843046,122.649456,0.80559192,0.00324877,130098.202,9.55179078538599,0.801502558160537,6.93979659056271,9.69404631835297,9.97642258979464,9.53740274274731
