"","cue","log","id","rho","burst","iota_N1","iota_N2","phi_N1","phi_N2","fitness_rho","fitness_beta","fitness_psin","fitness_psiw","fitness_phin","fitness_phiw"
"3201","G","log10",3201,0.21987523,3.83174484,7.63767678,0.87520099,0.03642753,193.283538,9.539385912643,0.636309696284349,9.8119443556862,9.45104155948981,9.54746011867272,9.61025475075628
