"","cue","log","id","rho","burst","iota_N1","iota_N2","phi_N1","phi_N2","fitness_rho","fitness_beta","fitness_psin","fitness_psiw","fitness_phin","fitness_phiw"
"3885","G","log10",3885,0.25044028,3.91480402,35.8004452,0.81075256,0.01183374,79.8948338,9.55701368364507,0.793751930954664,9.03958776458801,9.67620028808307,9.8669962623734,9.70650462366868
