"","iter","rho","burst","iota_N1","iota_N2","phi_N1","phi_N2","max_fitness_rho","max_fitness_beta","max_fitness_psin","max_fitness_psiw","max_fitness_phin","max_fitness_phiw","id"
"948",948,0.38444879,6.06065092,6.24812051,2.24115537,0.24694376,545.230688,9.61128690578303,9.69862409137431,9.84973736874384,5.3542101680303,7.09088572974788,9.56366382905203,"G_log"
