"","cue","log","id","rho","burst","iota_N1","iota_N2","phi_N1","phi_N2","fitness_rho","fitness_beta","fitness_psin","fitness_psiw","fitness_phin","fitness_phiw"
"1746","G","log10",1746,0.37959959,6.31400046,4.20663207,1.58658465,0.15258934,743.436071,9.60978853837998,9.62078285379415,9.90496084402063,7.02942587965657,8.10354264980657,9.5566874294792
