"","cue","log","id","rho","burst","iota_N1","iota_N2","phi_N1","phi_N2","fitness_rho","fitness_beta","fitness_psin","fitness_psiw","fitness_phin","fitness_phiw"
"2883","G","log10",2883,0.34714066,3.83191809,12.5932353,0.56344012,0.04326132,311.455183,9.59904343213778,0.636601663087057,9.67624734302811,10.4819729088684,9.45835638298852,9.58308811648663
