"","cue","log","id","rho","burst","iota_N1","iota_N2","phi_N1","phi_N2","fitness_rho","fitness_beta","fitness_psin","fitness_psiw","fitness_phin","fitness_phiw"
"1918","G","log10",1918,0.37004757,4.79051098,6.15003858,0.48076492,0.01392808,218.432552,9.60676373286998,6.11715212029647,9.85240040856266,10.7197284036238,9.84003420473744,9.60207472678641
