"","iter","rho","burst","iota_N1","iota_N2","phi_N1","phi_N2","max_fitness_rho","max_fitness_beta","max_fitness_psin","max_fitness_psiw","max_fitness_phin","max_fitness_phiw","id"
"186",186,0.41281603,6.03280858,15.8163112,2.03858488,0.06760747,1419.94967,9.6195194110434,9.69959971458356,9.58753573728111,5.80782905466707,9.14319978262878,9.54748457878195,"G_log"
