"","cue","log","id","rho","burst","iota_N1","iota_N2","phi_N1","phi_N2","fitness_rho","fitness_beta","fitness_psin","fitness_psiw","fitness_phin","fitness_phiw"
"4886","G","log10",4886,0.26396875,3.85738097,9.45274951,0.8768257,0.0834825,4726.95601,9.56402941981815,0.681054056725027,9.76238365650037,9.44532046428082,8.94093152703617,9.54036273427684
