"","cue","log","id","rho","burst","iota_N1","iota_N2","phi_N1","phi_N2","fitness_rho","fitness_beta","fitness_psin","fitness_psiw","fitness_phin","fitness_phiw"
"1679","G","log10",1679,0.26910172,4.46269862,50.9225886,1.81301483,0.05341533,184.24312,9.56657671010778,3.43496298369398,8.63578629429146,6.38006027593323,9.32635029355918,9.61372274388158
