"","cue","log","id","rho","burst","iota_N1","iota_N2","phi_N1","phi_N2","fitness_rho","fitness_beta","fitness_psin","fitness_psiw","fitness_phin","fitness_phiw"
"4585","G","log10",4585,0.37920718,5.43878397,9.95400735,1.34261225,0.06980936,486.050162,9.60966871335054,9.1192135824724,9.74866521859794,7.81013486141029,9.1149653655412,9.56683379766765
