"","cue","log","id","rho","burst","iota_N1","iota_N2","phi_N1","phi_N2","fitness_rho","fitness_beta","fitness_psin","fitness_psiw","fitness_phin","fitness_phiw"
"1550","G","log10",1550,0.29535381,4.00059293,14.8307279,0.89615233,0.05646529,3499.85177,9.57872719172043,1.00055867541356,9.61468446865103,9.37711194033745,9.28683617053998,9.54143731893948
