"","cue","log","id","rho","burst","iota_N1","iota_N2","phi_N1","phi_N2","fitness_rho","fitness_beta","fitness_psin","fitness_psiw","fitness_phin","fitness_phiw"
"2344","G","log10",2344,0.33505504,4.72404352,18.6343793,0.55670031,0.02334423,239.013045,9.59467931561232,5.60469285571222,9.50986826498132,10.5020725997022,9.71801752308915,9.59663244093472
