"","cue","log","id","rho","burst","iota_N1","iota_N2","phi_N1","phi_N2","fitness_rho","fitness_beta","fitness_psin","fitness_psiw","fitness_phin","fitness_phiw"
"3552","G","log10",3552,0.50694713,6.15595981,37.5414163,2.14656358,0.04888668,77.6425138,9.64175669604212,9.68273639393727,8.99247877860132,5.55923689787113,9.38514694218703,9.71105374187129
