"","cue","log","id","rho","burst","iota_N1","iota_N2","phi_N1","phi_N2","fitness_rho","fitness_beta","fitness_psin","fitness_psiw","fitness_phin","fitness_phiw"
"4921","G","log10",4921,0.35000124,5.84393125,17.9396647,0.92048853,0.02809855,195.424582,9.60004182148923,9.65329578709785,9.52901768348495,9.29090574166033,9.65610219117273,9.60948133755994
