"","cue","log","id","rho","burst","iota_N1","iota_N2","phi_N1","phi_N2","fitness_rho","fitness_beta","fitness_psin","fitness_psiw","fitness_phin","fitness_phiw"
"2560","G","log10",2560,0.46242757,4.70795904,42.6089128,0.47239777,0.00821657,91.8386838,9.63209002917301,5.47582031452748,8.85621507678749,10.7426670283475,9.91334326612529,9.6858762469443
