"","cue","log","id","rho","burst","iota_N1","iota_N2","phi_N1","phi_N2","fitness_rho","fitness_beta","fitness_psin","fitness_psiw","fitness_phin","fitness_phiw"
"382","G","log10",382,0.28904549,4.80259702,17.9031339,0.5567678,0.01695202,3885.5285,9.57593325093031,6.20648120217822,9.53002361076202,10.5018722742159,9.8009717649448,9.54102740032438
