"","cue","log","id","rho","burst","iota_N1","iota_N2","phi_N1","phi_N2","fitness_rho","fitness_beta","fitness_psin","fitness_psiw","fitness_phin","fitness_phiw"
"217","G","log10",217,0.35678777,5.57981772,60.1755881,1.39679814,0.0104189,29.7506957,9.6023780463247,9.38760766086294,8.3955989103179,7.63010058103808,9.88516142215249,9.94145267069828
