"","iter","rho","burst","iota_N1","iota_N2","phi_N1","phi_N2","max_fitness_rho","max_fitness_beta","max_fitness_psin","max_fitness_psiw","max_fitness_phin","max_fitness_phiw","id"
"880",880,0.36255165,4.73418194,9.94375098,0.40282529,0.01635008,276.431369,9.60431153531058,5.68502068225844,9.74894290754826,10.9247969368523,9.80875911595086,9.58876747120011,"G_log"
