"","iter","rho","burst","iota_N1","iota_N2","phi_N1","phi_N2","max_fitness_rho","max_fitness_beta","max_fitness_psin","max_fitness_psiw","max_fitness_phin","max_fitness_phiw","id"
"68",68,0.25409129,4.10687777,20.3658151,1.06151163,0.0323207,122.378172,9.55895071358966,1.33921538814945,9.46214452562142,8.78826319820594,9.60104006565516,9.65055053220067,"G_log"
