"","cue","log","id","rho","burst","iota_N1","iota_N2","phi_N1","phi_N2","fitness_rho","fitness_beta","fitness_psin","fitness_psiw","fitness_phin","fitness_phiw"
"960","G","log10",960,0.49653988,6.16120774,14.1599675,2.25346028,0.13346372,152.183403,9.63961902398439,9.68134090745596,9.63315232520761,5.32838735402343,8.32756827997469,9.62921398791245
