"","cue","log","id","rho","burst","iota_N1","iota_N2","phi_N1","phi_N2","fitness_rho","fitness_beta","fitness_psin","fitness_psiw","fitness_phin","fitness_phiw"
"479","G","log10",479,0.27319103,4.73008288,25.8126091,1.80407367,0.10086604,96.3550157,9.56856463725087,5.65263626826284,9.31225314640661,6.40426905976322,8.72327675049944,9.67932827714992
