"","cue","log","id","rho","burst","iota_N1","iota_N2","phi_N1","phi_N2","fitness_rho","fitness_beta","fitness_psin","fitness_psiw","fitness_phin","fitness_phiw"
"2153","G","log10",2153,0.20781192,4.50655211,35.0718951,2.2027364,0.06717171,53.2805398,9.53165294711344,3.79150101348234,9.05934787802865,5.43608648588601,9.14879264730075,9.78219441036149
