"","cue","log","id","rho","burst","iota_N1","iota_N2","phi_N1","phi_N2","fitness_rho","fitness_beta","fitness_psin","fitness_psiw","fitness_phin","fitness_phiw"
"2935","G","log10",2935,0.28844435,5.40397282,23.468986,1.11674538,0.01834053,242.761758,9.57566518016488,9.03665092647233,9.37668330091555,8.59194240929582,9.78299245910445,9.59573631391486
