"","iter","rho","burst","iota_N1","iota_N2","phi_N1","phi_N2","max_fitness_rho","max_fitness_beta","max_fitness_psin","max_fitness_psiw","max_fitness_phin","max_fitness_phiw","id"
"529",529,0.36118631,5.48041837,40.622699,0.93678592,0.01079511,185.86903,9.60385756600865,9.20911670137923,8.90946261992803,9.23301337316604,9.88033463348711,9.61307555121428,"G_log"
