"","iter","rho","burst","iota_N1","iota_N2","phi_N1","phi_N2","max_fitness_rho","max_fitness_beta","max_fitness_psin","max_fitness_psiw","max_fitness_phin","max_fitness_phiw","id"
"289",289,0.37603588,5.55019905,6.37548055,0.90469313,0.05071314,391.686338,9.60867577864934,9.33950457161944,9.84628057811647,9.34689520375757,9.36141728338242,9.57385009423317,"G_log"
