"","iter","rho","burst","iota_N1","iota_N2","phi_N1","phi_N2","max_fitness_rho","max_fitness_beta","max_fitness_psin","max_fitness_psiw","max_fitness_phin","max_fitness_phiw","id"
"182",182,0.24734857,4.13859013,15.1466546,0.79637284,0.02500073,105.059519,9.55534848622004,1.46195911220921,9.60598421831612,9.72585640094504,9.69646055327569,9.66820207530983,"G_log"
