"","cue","log","id","rho","burst","iota_N1","iota_N2","phi_N1","phi_N2","fitness_rho","fitness_beta","fitness_psin","fitness_psiw","fitness_phin","fitness_phiw"
"3499","G","log10",3499,0.34136834,5.40108636,13.3747935,1.03224181,0.05992093,175.700457,9.5969847793213,9.02949351278678,9.65475716262714,8.89263718523153,9.24216290579368,9.61731624830242
