"","cue","log","id","rho","burst","iota_N1","iota_N2","phi_N1","phi_N2","fitness_rho","fitness_beta","fitness_psin","fitness_psiw","fitness_phin","fitness_phiw"
"2150","G","log10",2150,0.31405035,4.07828539,34.981476,0.69039382,0.02598019,113.801291,9.58656879585267,1.2376678018979,9.0618011577209,10.0828463774106,9.68370659709405,9.65865459352172
