"","iter","rho","burst","iota_N1","iota_N2","phi_N1","phi_N2","max_fitness_rho","max_fitness_beta","max_fitness_psin","max_fitness_psiw","max_fitness_phin","max_fitness_phiw","id"
"301",301,0.30865057,5.53487306,53.9161143,1.10353505,0.0121277,62.8549542,9.58436875703514,9.31296305650452,8.55746356407994,8.63879148157421,9.86321905467108,9.74826714755953,"G_log"
