"","cue","log","id","rho","burst","iota_N1","iota_N2","phi_N1","phi_N2","fitness_rho","fitness_beta","fitness_psin","fitness_psiw","fitness_phin","fitness_phiw"
"951","G","log10",951,0.30839703,3.91143456,5.55298441,0.79132526,0.06430692,173.418057,9.58426338038369,0.786622060725253,9.86858600637605,9.74322837195664,9.18562182858469,9.61833562309251
