"","cue","log","id","rho","burst","iota_N1","iota_N2","phi_N1","phi_N2","fitness_rho","fitness_beta","fitness_psin","fitness_psiw","fitness_phin","fitness_phiw"
"4243","G","log10",4243,0.28799248,5.50356675,0.87602307,0.95739171,0.5378559,216.538819,9.57546095929749,9.25511311938904,9.9940462935612,9.15967415882912,4.83474434547692,9.60262749000179
