"","cue","log","id","rho","burst","iota_N1","iota_N2","phi_N1","phi_N2","fitness_rho","fitness_beta","fitness_psin","fitness_psiw","fitness_phin","fitness_phiw"
"3887","G","log10",3887,0.1993323,4.61260531,45.6361455,1.78384156,0.04213476,471.156792,9.52592472450926,4.68467334098836,8.77548051216091,6.45947897574718,9.47303465547638,9.56775859984198
