"","iter","rho","burst","iota_N1","iota_N2","phi_N1","phi_N2","max_fitness_rho","max_fitness_beta","max_fitness_psin","max_fitness_psiw","max_fitness_phin","max_fitness_phiw","id"
"843",843,0.21803662,3.84075651,46.4564863,0.93288125,0.01017636,459.472423,9.53823928925842,0.651677155321868,8.75369189133338,9.24689453695854,9.88826820859657,9.56852160537833,"G_log"
