"","cue","log","id","rho","burst","iota_N1","iota_N2","phi_N1","phi_N2","fitness_rho","fitness_beta","fitness_psin","fitness_psiw","fitness_phin","fitness_phiw"
"738","G","log10",738,0.39685071,6.12616538,5.16263191,1.87772357,0.20219647,867.905812,9.61498748849289,9.68966770285086,9.87915047680162,6.20837910503779,7.55189156492523,9.55392333512808
