"","cue","log","id","rho","burst","iota_N1","iota_N2","phi_N1","phi_N2","fitness_rho","fitness_beta","fitness_psin","fitness_psiw","fitness_phin","fitness_phiw"
"4334","G","log10",4334,0.24530902,3.97338846,10.8826984,0.87478271,0.06959164,931.833383,9.55423548329917,0.929368958906395,9.72321305689358,9.45251634089673,9.11775459687879,9.55279151693939
