"","cue","log","id","rho","burst","iota_N1","iota_N2","phi_N1","phi_N2","fitness_rho","fitness_beta","fitness_psin","fitness_psiw","fitness_phin","fitness_phiw"
"2795","G","log10",2795,0.20498244,4.74142064,16.1054513,2.08861944,0.12899655,4580.59948,9.5297711773758,5.74193064463151,9.57957077964828,5.69066492850607,8.38077643657932,9.54046388426102
