"","cue","log","id","rho","burst","iota_N1","iota_N2","phi_N1","phi_N2","fitness_rho","fitness_beta","fitness_psin","fitness_psiw","fitness_phin","fitness_phiw"
"1027","G","log10",1027,0.28587914,5.47117664,96.3028498,1.16809489,0.00610942,859.952594,9.57450240279137,9.18996827429515,7.51712336632987,8.41068711103799,9.94019166217821,9.55407761536613
