"","cue","log","id","rho","burst","iota_N1","iota_N2","phi_N1","phi_N2","fitness_rho","fitness_beta","fitness_psin","fitness_psiw","fitness_phin","fitness_phiw"
"4869","G","log10",4869,0.23996288,4.00363191,10.0356296,0.73661281,0.02971339,988.137466,9.55126303657826,1.00886358867234,9.74642864344019,9.92931954793805,9.63504874024325,9.55191276960913
