"","iter","rho","burst","iota_N1","iota_N2","phi_N1","phi_N2","max_fitness_rho","max_fitness_beta","max_fitness_psin","max_fitness_psiw","max_fitness_phin","max_fitness_phiw","id"
"793",793,0.26404162,5.49186444,12.8300285,1.31254922,0.03893565,379.674396,9.56406673361824,9.23221065697319,9.66973864497139,7.91147825342324,9.5147413748132,9.57498726827596,"G_log"
