"","cue","log","id","rho","burst","iota_N1","iota_N2","phi_N1","phi_N2","fitness_rho","fitness_beta","fitness_psin","fitness_psiw","fitness_phin","fitness_phiw"
"3884","G","log10",3884,0.27339571,4.19876101,22.5616475,0.6935123,0.01695049,410.099519,9.56866427118931,1.72681410592624,9.40165582307666,10.072606272292,9.80099219175839,9.57222826200083
