"","cue","log","id","rho","burst","iota_N1","iota_N2","phi_N1","phi_N2","fitness_rho","fitness_beta","fitness_psin","fitness_psiw","fitness_phin","fitness_phiw"
"2931","G","log10",2931,0.28232414,3.7978526,16.1898033,0.76798308,0.04384513,413.741654,9.5728745451042,0.581816695423148,9.577245260205,9.8231374331573,9.45074877432241,9.57192333938857
