"","cue","log","id","rho","burst","iota_N1","iota_N2","phi_N1","phi_N2","fitness_rho","fitness_beta","fitness_psin","fitness_psiw","fitness_phin","fitness_phiw"
"2591","G","log10",2591,0.16480487,4.60872384,32.3656836,2.39542029,0.06689358,197.519312,9.49968027347932,4.65184849985262,9.13293243338902,5.04390404614269,9.15236632076738,9.60873548958279
