"","cue","log","id","rho","burst","iota_N1","iota_N2","phi_N1","phi_N2","fitness_rho","fitness_beta","fitness_psin","fitness_psiw","fitness_phin","fitness_phiw"
"2332","G","log10",2332,0.27726366,4.52247676,27.3287815,0.53369259,0.011434,209.421449,9.57050996798191,3.92376578144685,9.27064479322007,10.5697601506652,9.87213520414064,9.60478533142946
