"","cue","log","id","rho","burst","iota_N1","iota_N2","phi_N1","phi_N2","fitness_rho","fitness_beta","fitness_psin","fitness_psiw","fitness_phin","fitness_phiw"
"2073","G","log10",2073,0.45431143,4.05348437,24.6755312,0.68789092,0.02746249,275.55328,9.63017795113221,1.15611112855663,9.34349786614893,10.0910515123106,9.66439321707909,9.58893169346177
