"","cue","log","id","rho","burst","iota_N1","iota_N2","phi_N1","phi_N2","fitness_rho","fitness_beta","fitness_psin","fitness_psiw","fitness_phin","fitness_phiw"
"1431","G","log10",1431,0.25037342,3.98445075,25.3580982,0.66074237,0.01184163,3912.54269,9.55697802176093,0.957642385686069,9.32474166117944,10.179256272813,9.86689352381799,9.54099957357872
