"","cue","log","id","rho","burst","iota_N1","iota_N2","phi_N1","phi_N2","fitness_rho","fitness_beta","fitness_psin","fitness_psiw","fitness_phin","fitness_phiw"
"132","G","log10",132,0.34618312,6.26302687,61.4808241,1.85630057,0.01859779,516.139548,9.59870374778265,9.64495899901034,8.36218584255762,6.2645375456778,9.77965706621964,9.56513227901979
