"","cue","log","id","rho","burst","iota_N1","iota_N2","phi_N1","phi_N2","fitness_rho","fitness_beta","fitness_psin","fitness_psiw","fitness_phin","fitness_phiw"
"902","G","log10",902,0.2730467,3.94935963,100.927037,0.85388137,0.0072778,650.618101,9.5684958623181,0.87097306206072,7.41189482304547,9.52594201908623,9.92532135042432,9.55943029211159
