"","cue","log","id","rho","burst","iota_N1","iota_N2","phi_N1","phi_N2","fitness_rho","fitness_beta","fitness_psin","fitness_psiw","fitness_phin","fitness_phiw"
"1339","G","log10",1339,0.34447754,5.34414074,9.27317565,0.89948702,0.06192411,461.952376,9.5980975562445,8.87811070521583,9.7672951567992,9.36531863132481,9.21631482629375,9.56835764736332
