"","cue","log","id","rho","burst","iota_N1","iota_N2","phi_N1","phi_N2","fitness_rho","fitness_beta","fitness_psin","fitness_psiw","fitness_phin","fitness_phiw"
"4466","G","log10",4466,0.38209266,3.91430465,32.6177573,0.78872863,0.03191324,273.100238,9.61056097003086,0.792690074534318,9.12606344935144,9.7521522142112,9.606354102628,9.58938457684673
