"","cue","log","id","rho","burst","iota_N1","iota_N2","phi_N1","phi_N2","fitness_rho","fitness_beta","fitness_psin","fitness_psiw","fitness_phin","fitness_phiw"
"4267","G","log10",4267,0.2578475,5.53557676,6.05386136,1.11753512,0.08376406,1251.64923,9.56091036701272,9.31420472041791,9.85500660014285,8.58913616971761,8.93737072631794,9.54884995089552
