"","cue","log","id","rho","burst","iota_N1","iota_N2","phi_N1","phi_N2","fitness_rho","fitness_beta","fitness_psin","fitness_psiw","fitness_phin","fitness_phiw"
"610","G","log10",610,0.43009874,4.69528628,292.547996,0.52938747,0.00092203,4421.53613,9.62414377687654,5.373135924592,4.33156084380126,10.5822627917691,10.0056783454623,9.54057194634029
