"","cue","log","id","rho","burst","iota_N1","iota_N2","phi_N1","phi_N2","fitness_rho","fitness_beta","fitness_psin","fitness_psiw","fitness_phin","fitness_phiw"
"3958","G","log10",3958,0.26334416,4.86105514,12.6823539,0.74514412,0.01926101,18.89174,9.5637127725505,6.6200673130018,9.67379699435798,9.90059098249627,9.77106308368185,10.1127902032679
