"","cue","log","id","rho","burst","iota_N1","iota_N2","phi_N1","phi_N2","fitness_rho","fitness_beta","fitness_psin","fitness_psiw","fitness_phin","fitness_phiw"
"506","G","log10",506,0.35200709,4.01645187,15.2615382,0.76054801,0.0432522,3133.41809,9.60074029654892,1.04471908891639,9.60281976666455,9.84843440484855,9.45847345162438,9.54192240089133
