"","cue","log","id","rho","burst","iota_N1","iota_N2","phi_N1","phi_N2","fitness_rho","fitness_beta","fitness_psin","fitness_psiw","fitness_phin","fitness_phiw"
"2902","G","log10",2902,0.4379362,4.88802196,18.8605197,0.44660958,0.0139265,2008.65416,9.6261486231766,6.80017490094467,9.50363231134348,10.8119987570914,9.84005523398547,9.54450442049157
