"","cue","log","id","rho","burst","iota_N1","iota_N2","phi_N1","phi_N2","fitness_rho","fitness_beta","fitness_psin","fitness_psiw","fitness_phin","fitness_phiw"
"1916","G","log10",1916,0.21959418,4.03497575,14.5708216,0.91054143,0.02894709,98.1099299,9.53921052950919,1.09894123799799,9.62184331478625,9.32618073051461,9.64504036754645,9.67693470821763
