"","cue","log","id","rho","burst","iota_N1","iota_N2","phi_N1","phi_N2","fitness_rho","fitness_beta","fitness_psin","fitness_psiw","fitness_phin","fitness_phiw"
"1620","G","log10",1620,0.39505893,6.20068667,24.3471412,2.08002033,0.0556425,320.750645,9.61446538604167,9.66927873898259,9.35252863899806,5.71055840708019,9.29748715063154,9.58178776328274
