"","cue","log","id","rho","burst","iota_N1","iota_N2","phi_N1","phi_N2","fitness_rho","fitness_beta","fitness_psin","fitness_psiw","fitness_phin","fitness_phiw"
"2848","G","log10",2848,0.35785377,4.60304944,9.69891463,0.54960015,0.06029669,732.623285,9.60273933309135,4.60380909404933,9.75564692247832,10.5231170264746,9.23730865964993,9.55697119346173
