"","cue","log","id","rho","burst","iota_N1","iota_N2","phi_N1","phi_N2","fitness_rho","fitness_beta","fitness_psin","fitness_psiw","fitness_phin","fitness_phiw"
"3946","G","log10",3946,0.30071526,4.72483603,23.5579038,0.46678885,0.01266369,942.581686,9.58104187347069,5.61099713920458,9.37423757321466,10.7579246944468,9.85632260955257,9.55261451175571
