"","cue","log","id","rho","burst","iota_N1","iota_N2","phi_N1","phi_N2","fitness_rho","fitness_beta","fitness_psin","fitness_psiw","fitness_phin","fitness_phiw"
"102","G","log10",102,0.2654701,5.96106572,42.1523922,2.56373399,0.03426106,2141.6238,9.564778671865,9.69350591918819,8.86843678810371,4.73681942432366,9.5757234826385,9.54405883544021
