"","cue","log","id","rho","burst","iota_N1","iota_N2","phi_N1","phi_N2","fitness_rho","fitness_beta","fitness_psin","fitness_psiw","fitness_phin","fitness_phiw"
"1952","G","log10",1952,0.28614597,4.01236576,21.6167546,0.75977921,0.02803281,2415.11832,9.57462521091212,1.03314685976067,9.42767824474897,9.85104713933079,9.65695906765755,9.54329404694567
