"","cue","log","id","rho","burst","iota_N1","iota_N2","phi_N1","phi_N2","fitness_rho","fitness_beta","fitness_psin","fitness_psiw","fitness_phin","fitness_phiw"
"4289","G","log10",4289,0.20970708,4.52493075,54.4123005,1.92448452,0.05107286,1632.69153,9.53290104511107,3.9442526404319,8.54453946141917,6.08812048689596,9.35674634348596,9.54616381359594
