"","cue","log","id","rho","burst","iota_N1","iota_N2","phi_N1","phi_N2","fitness_rho","fitness_beta","fitness_psin","fitness_psiw","fitness_phin","fitness_phiw"
"1458","G","log10",1458,0.4501985,6.04559634,11.613502,2.31449858,0.10784055,177.307588,9.6291849426121,9.69937109323958,9.70316049557642,5.20306598638167,8.63719837870734,9.61661291844115
