"","cue","log","id","rho","burst","iota_N1","iota_N2","phi_N1","phi_N2","fitness_rho","fitness_beta","fitness_psin","fitness_psiw","fitness_phin","fitness_phiw"
"3855","G","log10",3855,0.18803398,3.83887201,42.2698116,0.98118753,0.00875502,452.334686,9.51787736803755,0.648431314583866,8.86529120403998,9.07483760205605,9.90646351528385,9.569009563308
