"","cue","log","id","rho","burst","iota_N1","iota_N2","phi_N1","phi_N2","fitness_rho","fitness_beta","fitness_psin","fitness_psiw","fitness_phin","fitness_phiw"
"3458","G","log10",3458,0.32947352,3.99081358,17.9865773,0.62894441,0.0377383,486.127196,9.59259316318238,0.97432009290522,9.52772419764236,10.280614806221,9.53036075636752,9.56683362218395
