"","cue","log","id","rho","burst","iota_N1","iota_N2","phi_N1","phi_N2","fitness_rho","fitness_beta","fitness_psin","fitness_psiw","fitness_phin","fitness_phiw"
"4095","G","log10",4095,0.49530241,4.05526879,31.509609,0.75227057,0.02407122,2297.83319,9.63935659138329,1.1617819387085,9.15627134215641,9.87650637640494,9.7085586112517,9.54360053764263
