"","cue","log","id","rho","burst","iota_N1","iota_N2","phi_N1","phi_N2","fitness_rho","fitness_beta","fitness_psin","fitness_psiw","fitness_phin","fitness_phiw"
"1060","G","log10",1060,0.34197568,4.71900033,29.2515412,0.46238611,0.00770712,14816.0905,9.5972036733036,5.56446681638381,9.21797136020468,10.769832226458,9.91984749011157,9.53827341415711
