"","cue","log","id","rho","burst","iota_N1","iota_N2","phi_N1","phi_N2","fitness_rho","fitness_beta","fitness_psin","fitness_psiw","fitness_phin","fitness_phiw"
"228","G","log10",228,0.37573881,6.08325429,13.2405721,1.98416908,0.08171897,1999.959,9.60858228439544,9.69655719224776,9.65844972816596,5.9391967125256,8.96324507188052,9.54453824172773
