"","cue","log","id","rho","burst","iota_N1","iota_N2","phi_N1","phi_N2","fitness_rho","fitness_beta","fitness_psin","fitness_psiw","fitness_phin","fitness_phiw"
"1913","G","log10",1913,0.17335696,4.57850554,16.3123833,1.94930399,0.10530315,439.253334,9.50665637634954,4.39581767771288,9.57386726417303,6.02557160956453,8.66843076514679,9.56994460747746
