"","cue","log","id","rho","burst","iota_N1","iota_N2","phi_N1","phi_N2","fitness_rho","fitness_beta","fitness_psin","fitness_psiw","fitness_phin","fitness_phiw"
"4144","G","log10",4144,0.32192346,4.79624509,19.7866714,0.44107687,0.01455935,1098.82032,9.58969314332447,6.15969377812763,9.47810334075027,10.826597015994,9.8318928813418,9.55044786786626
