"","cue","log","id","rho","burst","iota_N1","iota_N2","phi_N1","phi_N2","fitness_rho","fitness_beta","fitness_psin","fitness_psiw","fitness_phin","fitness_phiw"
"1944","G","log10",1944,0.39103408,6.06730256,39.291299,2.077427,0.03433186,9738.75421,9.61327326185753,9.69813160335024,8.94527194195321,5.7165735458788,9.57480256203314,9.53878388187766
