"","cue","log","id","rho","burst","iota_N1","iota_N2","phi_N1","phi_N2","fitness_rho","fitness_beta","fitness_psin","fitness_psiw","fitness_phin","fitness_phiw"
"2222","G","log10",2222,0.25236242,3.98641204,9.33848491,0.70312448,0.07466672,1640.14199,9.55803697856434,0.962749083954726,9.76550921548054,10.0409342744913,9.05287827892951,9.54612238822978
