"","cue","log","id","rho","burst","iota_N1","iota_N2","phi_N1","phi_N2","fitness_rho","fitness_beta","fitness_psin","fitness_psiw","fitness_phin","fitness_phiw"
"3646","G","log10",3646,0.35852134,4.75076176,13.2872944,0.35454085,0.01819024,2275.14351,9.60296590264637,5.81479583608518,9.65716253442732,11.0417374483823,9.78493771206011,9.54366354516494
