"","cue","log","id","rho","burst","iota_N1","iota_N2","phi_N1","phi_N2","fitness_rho","fitness_beta","fitness_psin","fitness_psiw","fitness_phin","fitness_phiw"
"1050","G","log10",1050,0.4162581,6.0605076,16.826541,2.07426579,0.05025771,1180.23259,9.62046348629506,9.69863353166747,9.5596991996918,5.7239245876571,9.36733211283414,9.54954674050816
