"","cue","log","id","rho","burst","iota_N1","iota_N2","phi_N1","phi_N2","fitness_rho","fitness_beta","fitness_psin","fitness_psiw","fitness_phin","fitness_phiw"
"80","G","log10",80,0.3377515,3.99807923,9.68247597,0.69233754,0.08173773,377.596861,9.59567068515419,0.993743449688423,9.75609716438018,10.0764667947841,8.96300722377054,9.57518802459876
