"","cue","log","id","rho","burst","iota_N1","iota_N2","phi_N1","phi_N2","fitness_rho","fitness_beta","fitness_psin","fitness_psiw","fitness_phin","fitness_phiw"
"3679","G","log10",3679,0.35762883,5.52816188,111.902122,0.87637649,0.00460661,1759.21854,9.60266051377357,9.3009722833727,7.16880236001383,9.4469020646105,9.95926046745394,9.54552366441082
