"","cue","log","id","rho","burst","iota_N1","iota_N2","phi_N1","phi_N2","fitness_rho","fitness_beta","fitness_psin","fitness_psiw","fitness_phin","fitness_phiw"
"3036","G","log10",3036,0.37253416,6.15268499,13.1050726,1.99196891,0.06959305,5851.72355,9.60756244774261,9.6835783851208,9.6621776663261,5.920111240477,9.11773629738314,9.53977166046763
