"","cue","log","id","rho","burst","iota_N1","iota_N2","phi_N1","phi_N2","fitness_rho","fitness_beta","fitness_psin","fitness_psiw","fitness_phin","fitness_phiw"
"1046","G","log10",1046,0.25574206,4.03212017,22.41829,0.80859604,0.03475467,110.879282,9.55981705856213,1.09039023240197,9.4056050894384,9.6836615471376,9.56928441478508,9.6616905205248
