"","cue","log","id","rho","burst","iota_N1","iota_N2","phi_N1","phi_N2","fitness_rho","fitness_beta","fitness_psin","fitness_psiw","fitness_phin","fitness_phiw"
"2215","G","log10",2215,0.36218828,5.49586738,11.403932,0.89176882,0.04303327,227.46838,9.60419122566685,9.24012403652995,9.708912767532,9.39260620218964,9.4613255242637,9.59956996065629
