"","cue","log","id","rho","burst","iota_N1","iota_N2","phi_N1","phi_N2","fitness_rho","fitness_beta","fitness_psin","fitness_psiw","fitness_phin","fitness_phiw"
"197","G","log10",197,0.16286263,4.75833752,23.5995791,2.18283878,0.08234466,54300.3769,9.49804955494423,5.87340493763361,9.37309309498465,5.47923717437607,8.95532422827792,9.53755899000454
