"","cue","log","id","rho","burst","iota_N1","iota_N2","phi_N1","phi_N2","fitness_rho","fitness_beta","fitness_psin","fitness_psiw","fitness_phin","fitness_phiw"
"727","G","log10",727,0.28797512,5.50296455,6.3184185,0.87264934,0.06652922,635.823445,9.57545623263336,9.25395275205482,9.84782761655117,9.46002665955427,9.15704699538187,9.55993897122164
