"","iter","rho","burst","iota_N1","iota_N2","phi_N1","phi_N2","max_fitness_rho","max_fitness_beta","max_fitness_psin","max_fitness_psiw","max_fitness_phin","max_fitness_phiw","id"
"917",917,0.29972836,4.51676149,15.4593317,1.96044651,0.23608137,43762.0623,9.58061999459055,3.87616015173706,9.597372528854,5.99777838399506,7.19963938528075,9.53762273861446,"G_log"
