"","cue","log","id","rho","burst","iota_N1","iota_N2","phi_N1","phi_N2","fitness_rho","fitness_beta","fitness_psin","fitness_psiw","fitness_phin","fitness_phiw"
"2123","G","log10",2123,0.18888061,4.65619153,23.207231,2.24004632,0.10037537,186.002237,9.51849698644221,5.05090575519855,9.38388969975384,5.35654664432827,8.72936104771238,9.61302084489196
