"","cue","log","id","rho","burst","iota_N1","iota_N2","phi_N1","phi_N2","fitness_rho","fitness_beta","fitness_psin","fitness_psiw","fitness_phin","fitness_phiw"
"41","G","log10",41,0.21734962,4.61959123,23.7013947,2.01393037,0.14440592,1072.75535,9.53780424544653,4.7436975273144,9.37029036179169,5.86683293219872,8.19863569452909,9.55076454734596
