"","cue","log","id","rho","burst","iota_N1","iota_N2","phi_N1","phi_N2","fitness_rho","fitness_beta","fitness_psin","fitness_psiw","fitness_phin","fitness_phiw"
"4490","G","log10",4490,0.34072233,4.01175309,18.0106107,0.82772187,0.05007321,74.287098,9.59675208652002,1.03142546580172,9.52705961658384,9.61730203227671,9.36972634919868,9.71830058758249
