"","cue","log","id","rho","burst","iota_N1","iota_N2","phi_N1","phi_N2","fitness_rho","fitness_beta","fitness_psin","fitness_psiw","fitness_phin","fitness_phiw"
"2891","G","log10",2891,0.11862086,4.56221591,561.366958,2.17175092,0.00272259,4354.49187,9.45527625729932,4.25790378408228,2.44808778878419,5.5035054625363,9.98305838132319,9.54062533596134
