"","cue","log","id","rho","burst","iota_N1","iota_N2","phi_N1","phi_N2","fitness_rho","fitness_beta","fitness_psin","fitness_psiw","fitness_phin","fitness_phiw"
"4230","G","log10",4230,0.45169683,6.00058589,30.1750448,1.7563799,0.0327881,438.051629,9.62954876330278,9.69845510336018,9.19271683492666,6.53538828873927,9.59494363491062,9.57003062538315
