"","cue","log","id","rho","burst","iota_N1","iota_N2","phi_N1","phi_N2","fitness_rho","fitness_beta","fitness_psin","fitness_psiw","fitness_phin","fitness_phiw"
"2350","G","log10",2350,0.3750407,4.74126753,3.24827362,0.51008362,0.09511094,1979.28172,9.60835734466991,5.74072920687364,9.93074136028458,10.6376728521046,8.79485538561778,9.54461117353896
