"","cue","log","id","rho","burst","iota_N1","iota_N2","phi_N1","phi_N2","fitness_rho","fitness_beta","fitness_psin","fitness_psiw","fitness_phin","fitness_phiw"
"4539","G","log10",4539,0.28701917,3.97451657,84.2094565,0.69302605,0.00776942,430.259985,9.57502292563015,0.932209705454939,7.80017672968933,10.074204775488,9.91905199433234,9.57061478886103
