"","iter","rho","burst","iota_N1","iota_N2","phi_N1","phi_N2","max_fitness_rho","max_fitness_beta","max_fitness_psin","max_fitness_psiw","max_fitness_phin","max_fitness_phiw","id"
"281",281,0.19053332,4.85484908,515.530477,2.07309146,0.0033692,868.963629,9.51969930102678,6.5776497431245,2.66372973283477,5.72665757286287,9.9749017077587,9.55390233661957,"G_log"
