"","cue","log","id","rho","burst","iota_N1","iota_N2","phi_N1","phi_N2","fitness_rho","fitness_beta","fitness_psin","fitness_psiw","fitness_phin","fitness_phiw"
"1884","G","log10",1884,0.41940782,6.00193346,5.5628346,2.02061793,0.23298449,1737.44514,9.62131463145713,9.69855166864544,9.86831787612153,5.85074494931365,7.23101614528955,9.54562872776259
