"","cue","log","id","rho","burst","iota_N1","iota_N2","phi_N1","phi_N2","fitness_rho","fitness_beta","fitness_psin","fitness_psiw","fitness_phin","fitness_phiw"
"1583","G","log10",1583,0.1842558,4.51812335,8.12736142,2.27929489,0.30447599,544.502183,9.51507327670444,3.88749438017863,9.79859123068694,5.27478007494809,6.54762743327805,9.56370030839727
