"","cue","log","id","rho","burst","iota_N1","iota_N2","phi_N1","phi_N2","fitness_rho","fitness_beta","fitness_psin","fitness_psiw","fitness_phin","fitness_phiw"
"3800","G","log10",3800,0.33433307,3.94189519,49.8193768,0.91029343,0.02013926,1151.11795,9.59441234631606,0.85364090058237,8.66480049400742,9.32705972687728,9.75966452452217,9.54985284808515
