"","cue","log","id","rho","burst","iota_N1","iota_N2","phi_N1","phi_N2","fitness_rho","fitness_beta","fitness_psin","fitness_psiw","fitness_phin","fitness_phiw"
"1888","G","log10",1888,0.40540377,4.85460038,4.48423695,0.47696726,0.05522661,4359.59494,9.6174490086094,6.57593693528415,9.89747598689521,10.7301661095455,9.30287095538223,9.54062306628264
