"","cue","log","id","rho","burst","iota_N1","iota_N2","phi_N1","phi_N2","fitness_rho","fitness_beta","fitness_psin","fitness_psiw","fitness_phin","fitness_phiw"
"229","G","log10",229,0.30293878,5.51538741,7.37237898,1.16344282,0.10487646,729.938129,9.58198366457564,9.27753515389433,9.81917078614862,8.42704384839661,8.67369160306164,9.55704419859854
