"","cue","log","id","rho","burst","iota_N1","iota_N2","phi_N1","phi_N2","fitness_rho","fitness_beta","fitness_psin","fitness_psiw","fitness_phin","fitness_phiw"
"1502","G","log10",1502,0.25643419,3.93778037,4.60915938,0.74633919,0.21598463,14284.2758,9.56017714297989,0.844243622627139,9.89410489847376,9.89655461793694,7.40615996402959,9.53830663683317
