"","cue","log","id","rho","burst","iota_N1","iota_N2","phi_N1","phi_N2","fitness_rho","fitness_beta","fitness_psin","fitness_psiw","fitness_phin","fitness_phiw"
"2050","G","log10",2050,0.37376864,4.75426843,2.04956091,0.56842993,0.09702961,16.9358763,9.60795747063732,5.84197929228644,9.96282648162799,10.4670153034952,8.77093613280564,10.1600063186464
