"","cue","log","id","rho","burst","iota_N1","iota_N2","phi_N1","phi_N2","fitness_rho","fitness_beta","fitness_psin","fitness_psiw","fitness_phin","fitness_phiw"
"706","G","log10",706,0.32085253,4.85193718,6.44398979,0.55325743,0.04652598,3555.64259,9.58927601780945,6.55762748548361,9.8444175293952,10.5122919722954,9.41585003522888,9.54137582848839
