"","cue","log","id","rho","burst","iota_N1","iota_N2","phi_N1","phi_N2","fitness_rho","fitness_beta","fitness_psin","fitness_psiw","fitness_phin","fitness_phiw"
"3283","G","log10",3283,0.33399532,5.4915448,30.7722607,1.09013543,0.02410343,238.514375,9.59428736347213,9.23157464422923,9.1764014917688,8.68638547230836,9.70813899669711,9.59675503185601
