"","cue","log","id","rho","burst","iota_N1","iota_N2","phi_N1","phi_N2","fitness_rho","fitness_beta","fitness_psin","fitness_psiw","fitness_phin","fitness_phiw"
"6","G","log10",6,0.36816398,5.77949156,42.5090478,2.00371825,0.02653977,4063.64227,9.60615294993184,9.61283389817604,8.85888968686096,5.89152553362623,9.67641730120937,9.5408617887242
