"","cue","log","id","rho","burst","iota_N1","iota_N2","phi_N1","phi_N2","fitness_rho","fitness_beta","fitness_psin","fitness_psiw","fitness_phin","fitness_phiw"
"3869","G","log10",3869,0.21325664,4.47556574,16.0818868,2.19327801,0.17792095,762.349123,9.53520207407731,3.53820664062843,9.58021820995359,5.45653093862185,7.81649786939172,9.55621055733051
