"","cue","log","id","rho","burst","iota_N1","iota_N2","phi_N1","phi_N2","fitness_rho","fitness_beta","fitness_psin","fitness_psiw","fitness_phin","fitness_phiw"
"1361","G","log10",1361,0.21137758,4.65940758,79.9083386,2.2595716,0.0332571,237.550182,9.53399047957921,5.07767750653205,7.90356405738972,5.31562732861429,9.58882314096759,9.59699169666956
