"","cue","log","id","rho","burst","iota_N1","iota_N2","phi_N1","phi_N2","fitness_rho","fitness_beta","fitness_psin","fitness_psiw","fitness_phin","fitness_phiw"
"4261","G","log10",4261,0.44826676,5.51231207,3.75691058,0.85294593,0.15453613,160.648502,9.62871696046902,9.27177020676373,9.91706967352385,9.52921720397657,8.08109040439643,9.62454374403427
