"","cue","log","id","rho","burst","iota_N1","iota_N2","phi_N1","phi_N2","fitness_rho","fitness_beta","fitness_psin","fitness_psiw","fitness_phin","fitness_phiw"
"4889","G","log10",4889,0.17197467,4.57965712,15.3775506,1.87978838,0.15691078,2122.77816,9.50555111999427,4.4055824928492,9.59962452174009,6.20299913294402,8.05379041310595,9.54411887734763
