"","iter","rho","burst","iota_N1","iota_N2","phi_N1","phi_N2","max_fitness_rho","max_fitness_beta","max_fitness_psin","max_fitness_psiw","max_fitness_phin","max_fitness_phiw","id"
"720",720,0.39394699,6.1157807,25.5425409,1.65043202,0.02084396,41129.8029,9.61413728945552,9.69167740293927,9.31967148162503,6.83868949954361,9.75051562283399,9.53764390957742,"G_log"
