"","iter","rho","burst","iota_N1","iota_N2","phi_N1","phi_N2","max_fitness_rho","max_fitness_beta","max_fitness_psin","max_fitness_psiw","max_fitness_phin","max_fitness_phiw","id"
"941",941,0.22650294,4.49926781,563.897348,1.92494111,0.00453783,2504.075,9.54343707695211,3.73143349421357,2.43701950072406,6.08696230208677,9.96012810414677,9.54308244478266,"G_log"
