"","cue","log","id","rho","burst","iota_N1","iota_N2","phi_N1","phi_N2","fitness_rho","fitness_beta","fitness_psin","fitness_psiw","fitness_phin","fitness_phiw"
"3271","G","log10",3271,0.35403886,5.51398736,20.8229373,0.91177925,0.02055836,1626.14332,9.60144096330214,9.27491687667093,9.44954546229052,9.32179588519784,9.75422364368939,9.54619498429975
