"","cue","log","id","rho","burst","iota_N1","iota_N2","phi_N1","phi_N2","fitness_rho","fitness_beta","fitness_psin","fitness_psiw","fitness_phin","fitness_phiw"
"1636","G","log10",1636,0.29043332,4.72853184,13.1090442,0.51247705,0.02872088,718.564492,9.57655493954719,5.64033669640301,9.6620662052071,10.6308592157923,9.64798927300862,9.5573520242016
