"","iter","rho","burst","iota_N1","iota_N2","phi_N1","phi_N2","max_fitness_rho","max_fitness_beta","max_fitness_psin","max_fitness_psiw","max_fitness_phin","max_fitness_phiw","id"
"604",604,0.45310026,4.72836209,30.731956,0.44866031,0.01347379,262.50269,9.629887074056,5.63899945108994,9.17750013409291,10.8065599436412,9.8458909401114,9.59144248451872,"G_log"
