"","cue","log","id","rho","burst","iota_N1","iota_N2","phi_N1","phi_N2","fitness_rho","fitness_beta","fitness_psin","fitness_psiw","fitness_phin","fitness_phiw"
"293","G","log10",293,0.1926189,4.5192185,16.661869,2.12712063,0.11145897,829.634914,9.52119994815782,3.89660724130312,9.56423801609918,5.60283974835839,8.59283924943567,9.55468670917711
