"","cue","log","id","rho","burst","iota_N1","iota_N2","phi_N1","phi_N2","fitness_rho","fitness_beta","fitness_psin","fitness_psiw","fitness_phin","fitness_phiw"
"4094","G","log10",4094,0.27670286,4.05866675,20.6067606,0.89380516,0.02453507,170.466073,9.57024300613556,1.17266922852261,9.45550515314236,9.38540843661929,9.70252168052868,9.61969135918478
