"","cue","log","id","rho","burst","iota_N1","iota_N2","phi_N1","phi_N2","fitness_rho","fitness_beta","fitness_psin","fitness_psiw","fitness_phin","fitness_phiw"
"645","G","log10",645,0.37754973,3.86101857,24.9435901,0.82539367,0.03538746,93.8649601,9.60914846965682,0.68766678356684,9.33612893119627,9.62539831539162,9.56102859191988,9.6828633762299
