"","cue","log","id","rho","burst","iota_N1","iota_N2","phi_N1","phi_N2","fitness_rho","fitness_beta","fitness_psin","fitness_psiw","fitness_phin","fitness_phiw"
"3702","G","log10",3702,0.30127536,5.87000898,11.6920948,2.31712826,0.05691079,435.594286,9.58128049879951,9.66579691961083,9.70100324590403,5.19777018922174,9.28106980411636,9.57021256435553
