"","cue","log","id","rho","burst","iota_N1","iota_N2","phi_N1","phi_N2","fitness_rho","fitness_beta","fitness_psin","fitness_psiw","fitness_phin","fitness_phiw"
"1779","G","log10",1779,0.24571357,3.86521735,1.56617804,1.01767276,0.28807142,482.295643,9.55445823235759,0.695383390434837,9.97571091502353,8.94463000079166,6.69702795433198,9.56706340354746
