"","cue","log","id","rho","burst","iota_N1","iota_N2","phi_N1","phi_N2","fitness_rho","fitness_beta","fitness_psin","fitness_psiw","fitness_phin","fitness_phiw"
"4290","G","log10",4290,0.58356862,6.18483064,18.9879623,1.84738199,0.08805867,817.928489,9.6556197804061,9.67444963026447,9.50011983321949,6.28811553818804,8.88322264445373,9.55493230061196
