"","cue","log","id","rho","burst","iota_N1","iota_N2","phi_N1","phi_N2","fitness_rho","fitness_beta","fitness_psin","fitness_psiw","fitness_phin","fitness_phiw"
"2477","G","log10",2477,0.23729073,4.73250141,12.4451472,1.95577363,0.20046544,294.826614,9.54975083698337,5.67175775027986,9.68031859583178,6.00940916335268,7.57041679418474,9.58562314467968
