"","cue","log","id","rho","burst","iota_N1","iota_N2","phi_N1","phi_N2","fitness_rho","fitness_beta","fitness_psin","fitness_psiw","fitness_phin","fitness_phiw"
"1518","G","log10",1518,0.34909449,6.09482429,378.475011,1.90730983,0.00251441,2845.84551,9.59973160638002,9.69507314682959,3.53276307334906,6.13191770240654,9.98567779767389,9.54238834853703
