"","cue","log","id","rho","burst","iota_N1","iota_N2","phi_N1","phi_N2","fitness_rho","fitness_beta","fitness_psin","fitness_psiw","fitness_phin","fitness_phiw"
"4032","G","log10",4032,0.35055064,6.33512228,7.52406559,2.00145109,0.11046704,2400.67012,9.60023544432984,9.60974615180339,9.81503986960339,5.89702612176321,8.60497462314633,9.54332918457244
