"","cue","log","id","rho","burst","iota_N1","iota_N2","phi_N1","phi_N2","fitness_rho","fitness_beta","fitness_psin","fitness_psiw","fitness_phin","fitness_phiw"
"322","G","log10",322,0.31825989,4.71444823,42.5743032,0.46915752,0.00672132,125.037012,9.5882516353325,5.52801309631665,8.85714205070799,10.7514947924107,9.93240865787151,9.64825391848249
