"","cue","log","id","rho","burst","iota_N1","iota_N2","phi_N1","phi_N2","fitness_rho","fitness_beta","fitness_psin","fitness_psiw","fitness_phin","fitness_phiw"
"1304","G","log10",1304,0.24758109,3.87901435,3.77371002,0.75103006,0.12256392,993.510748,9.55547411062613,0.721387215580641,9.91661780494923,9.88070203947263,8.45797949410806,9.55183431761126
