"","iter","rho","burst","iota_N1","iota_N2","phi_N1","phi_N2","max_fitness_rho","max_fitness_beta","max_fitness_psin","max_fitness_psiw","max_fitness_phin","max_fitness_phiw","id"
"926",926,0.3385966,3.86649228,12.1747061,1.09831527,0.09292166,545.352599,9.59597844255749,0.697744075558184,9.68774684207161,8.65732326763769,8.82221252581061,9.56365641606155,"G_log"
