"","cue","log","id","rho","burst","iota_N1","iota_N2","phi_N1","phi_N2","fitness_rho","fitness_beta","fitness_psin","fitness_psiw","fitness_phin","fitness_phiw"
"2114","G","log10",2114,0.32832767,4.07327328,75.7302403,0.76267984,0.00869804,324.289724,9.59215969402067,1.22071212653341,8.00533882054123,9.8411913947993,9.9071925508285,9.58130878534773
