"","cue","log","id","rho","burst","iota_N1","iota_N2","phi_N1","phi_N2","fitness_rho","fitness_beta","fitness_psin","fitness_psiw","fitness_phin","fitness_phiw"
"2642","G","log10",2642,0.28558123,3.95427251,55.9672258,0.82648138,0.01213896,425.976039,9.57436499790322,0.882586659172911,8.50413240216851,9.62161755180457,9.86307352298392,9.57094571651339
