"","cue","log","id","rho","burst","iota_N1","iota_N2","phi_N1","phi_N2","fitness_rho","fitness_beta","fitness_psin","fitness_psiw","fitness_phin","fitness_phiw"
"3773","G","log10",3773,0.25224509,4.34550985,13.0940427,2.46776112,0.28246815,3082.17489,9.55797707953387,2.56886579776568,9.66248197861932,4.90807021482176,6.74904705618232,9.54199888066897
