"","cue","log","id","rho","burst","iota_N1","iota_N2","phi_N1","phi_N2","fitness_rho","fitness_beta","fitness_psin","fitness_psiw","fitness_phin","fitness_phiw"
"1655","G","log10",1655,0.21079591,4.72593241,50.0479255,1.91501325,0.04479932,15757.7441,9.53360998942991,5.61970753255991,8.65878336562069,6.11222061246912,9.43832429405812,9.53821384933145
