"","cue","log","id","rho","burst","iota_N1","iota_N2","phi_N1","phi_N2","fitness_rho","fitness_beta","fitness_psin","fitness_psiw","fitness_phin","fitness_phiw"
"3209","G","log10",3209,0.19166866,4.56737806,17.619573,2.11100879,0.14659846,393.771336,9.52051802154822,4.30157513857214,9.53784080680142,5.63934492312258,8.17304905251029,9.57365591920941
