"","cue","log","id","rho","burst","iota_N1","iota_N2","phi_N1","phi_N2","fitness_rho","fitness_beta","fitness_psin","fitness_psiw","fitness_phin","fitness_phiw"
"516","G","log10",516,0.40877071,5.80094187,84.6976573,1.90547689,0.01070825,2057.03854,9.61839376007414,9.62787346247064,7.78852869483167,6.13661868492851,9.88144989662254,9.54433723526569
