"","cue","log","id","rho","burst","iota_N1","iota_N2","phi_N1","phi_N2","fitness_rho","fitness_beta","fitness_psin","fitness_psiw","fitness_phin","fitness_phiw"
"3101","G","log10",3101,0.13221226,4.45656615,94.1012949,2.38912706,0.02178191,2045.54426,9.46966909962517,3.38620855291789,7.56781313434536,5.05600184573299,9.73833227250683,9.54437559921474
