"","cue","log","id","rho","burst","iota_N1","iota_N2","phi_N1","phi_N2","fitness_rho","fitness_beta","fitness_psin","fitness_psiw","fitness_phin","fitness_phiw"
"2573","G","log10",2573,0.38306859,4.53415186,61.4913622,1.95177847,0.09344243,392.789926,9.61086002220039,4.02143367906239,8.36191462138006,6.01938541918838,8.81569892566589,9.57374606328455
