"","cue","log","id","rho","burst","iota_N1","iota_N2","phi_N1","phi_N2","fitness_rho","fitness_beta","fitness_psin","fitness_psiw","fitness_phin","fitness_phiw"
"2331","G","log10",2331,0.42154055,4.03749471,15.4256665,0.8263533,0.02081003,132.235133,9.62189027925581,1.10654427641792,9.59829980821727,9.62206215656083,9.75095598135259,9.64247648648248
