"","cue","log","id","rho","burst","iota_N1","iota_N2","phi_N1","phi_N2","fitness_rho","fitness_beta","fitness_psin","fitness_psiw","fitness_phin","fitness_phiw"
"2183","G","log10",2183,0.19380203,4.70427664,209.338442,2.29646584,0.0101846,8533.21328,9.52204476246373,5.44608318989879,5.39624170216355,5.23961425629171,9.88816569549955,9.53899509393533
