"","cue","log","id","rho","burst","iota_N1","iota_N2","phi_N1","phi_N2","fitness_rho","fitness_beta","fitness_psin","fitness_psiw","fitness_phin","fitness_phiw"
"556","G","log10",556,0.33000058,4.97701443,54.9758189,0.50683338,0.00372377,2389.08793,9.59279122985353,7.34565422451229,8.52987868546266,10.6468944309695,9.97042700931971,9.54336041271269
