"","cue","log","id","rho","burst","iota_N1","iota_N2","phi_N1","phi_N2","fitness_rho","fitness_beta","fitness_psin","fitness_psiw","fitness_phin","fitness_phiw"
"2086","G","log10",2086,0.38203521,4.79073805,6.83580618,0.50513238,0.03624007,96.0460069,9.61054305907799,6.11884612343395,9.8337716088087,10.6517077139482,9.54990519465499,9.67975595210799
