"","cue","log","id","rho","burst","iota_N1","iota_N2","phi_N1","phi_N2","fitness_rho","fitness_beta","fitness_psin","fitness_psiw","fitness_phin","fitness_phiw"
"4009","G","log10",4009,0.2144115,5.50661319,5.65358671,1.32084803,0.0440103,81.9216949,9.53594343491819,9.26095845163661,9.86585919302938,7.88340433958235,9.4486009589143,9.70261254958851
