"","cue","log","id","rho","burst","iota_N1","iota_N2","phi_N1","phi_N2","fitness_rho","fitness_beta","fitness_psin","fitness_psiw","fitness_phin","fitness_phiw"
"541","G","log10",541,0.48868721,5.46255996,6.82175642,0.98359308,0.15463667,425.258731,9.63795701896945,9.17170425181199,9.83415218173859,9.06626010998578,8.07993213090032,9.57100041187705
