"","cue","log","id","rho","burst","iota_N1","iota_N2","phi_N1","phi_N2","fitness_rho","fitness_beta","fitness_psin","fitness_psiw","fitness_phin","fitness_phiw"
"524","G","log10",524,0.26787352,4.08270216,51.7369232,1.18160574,0.0151029,24.6413811,9.56597450069397,1.25281613578547,8.61442726338862,8.36326662461291,9.82487799843387,10.0074800084555
