"","cue","log","id","rho","burst","iota_N1","iota_N2","phi_N1","phi_N2","fitness_rho","fitness_beta","fitness_psin","fitness_psiw","fitness_phin","fitness_phiw"
"4481","G","log10",4481,0.28642046,4.68673663,40.7710712,2.05506449,0.07390323,197.886353,9.57475004883542,5.30332877305775,8.90547606818715,5.76885631415924,9.06261756650372,9.6086081037007
