"","cue","log","id","rho","burst","iota_N1","iota_N2","phi_N1","phi_N2","fitness_rho","fitness_beta","fitness_psin","fitness_psiw","fitness_phin","fitness_phiw"
"2047","G","log10",2047,0.37724057,5.43440265,23.8727249,1.05371831,0.04625996,684.823718,9.60905349350315,9.10919956423735,9.36557689306495,8.81603490853616,9.41930979474991,9.55833343333016
