"","cue","log","id","rho","burst","iota_N1","iota_N2","phi_N1","phi_N2","fitness_rho","fitness_beta","fitness_psin","fitness_psiw","fitness_phin","fitness_phiw"
"3186","G","log10",3186,0.35740151,5.99494835,30.3577616,1.97466605,0.02297424,592.991644,9.60258653564792,9.69799012829315,9.18772225114518,5.96256852142389,9.72282967162302,9.56155984956644
