"","cue","log","id","rho","burst","iota_N1","iota_N2","phi_N1","phi_N2","fitness_rho","fitness_beta","fitness_psin","fitness_psiw","fitness_phin","fitness_phiw"
"2543","G","log10",2543,0.19230396,4.39168831,38.0361181,2.06802862,0.06759109,2023.2714,9.52097505561556,2.89206109251071,8.97911572894452,5.73846366651273,9.14340751873777,9.54445172722393
