"","cue","log","id","rho","burst","iota_N1","iota_N2","phi_N1","phi_N2","fitness_rho","fitness_beta","fitness_psin","fitness_psiw","fitness_phin","fitness_phiw"
"2230","G","log10",2230,0.32798835,4.69557137,3.03535337,0.57068083,0.09344565,4630.59726,9.59203002071611,5.37544966238311,9.93645361409541,10.4602456005081,8.81565659986888,9.54042615428533
