"","cue","log","id","rho","burst","iota_N1","iota_N2","phi_N1","phi_N2","fitness_rho","fitness_beta","fitness_psin","fitness_psiw","fitness_phin","fitness_phiw"
"3419","G","log10",3419,0.35526552,4.5627021,32.6435658,1.86936943,0.13617962,142.911733,9.60185873574685,4.26201814463669,9.125362299842,6.23019885116823,8.29537678902991,9.63493526751636
