"","cue","log","id","rho","burst","iota_N1","iota_N2","phi_N1","phi_N2","fitness_rho","fitness_beta","fitness_psin","fitness_psiw","fitness_phin","fitness_phiw"
"1366","G","log10",1366,0.29044762,4.63007658,197.438136,0.65738802,0.00222948,517.177561,9.57656084525306,4.83210057167121,5.57870653250628,10.1900508778051,9.98926586974265,9.56507639788291
