"","cue","log","id","rho","burst","iota_N1","iota_N2","phi_N1","phi_N2","fitness_rho","fitness_beta","fitness_psin","fitness_psiw","fitness_phin","fitness_phiw"
"3813","G","log10",3813,0.31842541,3.90033649,3.70544616,0.829705,0.10335848,91.9189106,9.5883172127759,0.763614904274614,9.91845545534413,9.61039729831022,8.69243433682252,9.68575556738923
