"","cue","log","id","rho","burst","iota_N1","iota_N2","phi_N1","phi_N2","fitness_rho","fitness_beta","fitness_psin","fitness_psiw","fitness_phin","fitness_phiw"
"43","G","log10",43,0.28336518,5.54303179,7.00623756,1.02710473,0.05960943,306.419521,9.57335447326377,9.32723674940002,9.82913653255814,8.91096857406546,9.24618424715535,9.58382622752385
