"","cue","log","id","rho","burst","iota_N1","iota_N2","phi_N1","phi_N2","fitness_rho","fitness_beta","fitness_psin","fitness_psiw","fitness_phin","fitness_phiw"
"3207","G","log10",3207,0.27522456,3.99021209,13.0368841,0.7629541,0.0369997,323.553202,9.56953716483972,0.972729012213511,9.66405076848689,9.84025741661828,9.53999575011004,9.58140623124801
