"","cue","log","id","rho","burst","iota_N1","iota_N2","phi_N1","phi_N2","fitness_rho","fitness_beta","fitness_psin","fitness_psiw","fitness_phin","fitness_phiw"
"2307","G","log10",2307,0.23358271,4.05788831,38.3159727,0.78097615,0.00706993,271.799217,9.54762178196576,1.17016592602546,8.97156630184804,9.77874684910531,9.92797039740609,9.58962847641566
