"","cue","log","id","rho","burst","iota_N1","iota_N2","phi_N1","phi_N2","fitness_rho","fitness_beta","fitness_psin","fitness_psiw","fitness_phin","fitness_phiw"
"65","G","log10",65,0.28252889,4.7379066,15.0387359,2.2863089,0.14450533,565.057811,9.57296920638931,5.71435403262721,9.60895983821484,5.2603721493113,8.19747356821197,9.56274818128752
