"","cue","log","id","rho","burst","iota_N1","iota_N2","phi_N1","phi_N2","fitness_rho","fitness_beta","fitness_psin","fitness_psiw","fitness_phin","fitness_phiw"
"2661","G","log10",2661,0.40723495,3.93049721,5.29786827,0.60294613,0.17696528,56.1452753,9.61796419748407,0.827876936581054,9.87549079100379,10.3617932754396,7.82712254498828,9.77095762511814
