"","cue","log","id","rho","burst","iota_N1","iota_N2","phi_N1","phi_N2","fitness_rho","fitness_beta","fitness_psin","fitness_psiw","fitness_phin","fitness_phiw"
"3539","G","log10",3539,0.24722349,4.7460533,20.074319,1.85343632,0.09276564,453.256537,9.55527845527289,5.77815032692683,9.4701768840382,6.27209797546536,8.82416613222778,9.56894643739271
