"","cue","log","id","rho","burst","iota_N1","iota_N2","phi_N1","phi_N2","fitness_rho","fitness_beta","fitness_psin","fitness_psiw","fitness_phin","fitness_phiw"
"557","G","log10",557,0.30790393,4.63926353,35.3090142,2.04269236,0.08373934,964.596888,9.58405792496144,4.90932363746719,9.05291279715154,5.79807791416227,8.93768685467778,9.5522660587625
