"","cue","log","id","rho","burst","iota_N1","iota_N2","phi_N1","phi_N2","fitness_rho","fitness_beta","fitness_psin","fitness_psiw","fitness_phin","fitness_phiw"
"2282","G","log10",2282,0.35263909,4.04626416,22.9388413,0.96179795,0.03288472,138.72523,9.60095809387616,1.13344197091784,9.39127342370526,9.14397614096654,9.59368146694378,9.63775808647111
