"","cue","log","id","rho","burst","iota_N1","iota_N2","phi_N1","phi_N2","fitness_rho","fitness_beta","fitness_psin","fitness_psiw","fitness_phin","fitness_phiw"
"2329","G","log10",2329,0.37607795,5.64817988,11.0817082,1.03869318,0.04344055,202.019626,9.6086866865594,9.48329897651326,9.71775290343103,8.86961982969948,9.45602117980415,9.60718878398418
