"","iter","rho","burst","iota_N1","iota_N2","phi_N1","phi_N2","max_fitness_rho","max_fitness_beta","max_fitness_psin","max_fitness_psiw","max_fitness_phin","max_fitness_phiw","id"
"980",980,0.27777835,3.98431382,26.1473305,0.64852506,0.03458475,914.996823,9.57074910233179,0.957286758284337,9.30306049590845,10.2184573137943,9.57150012310367,9.55307409267614,"G_log"
