"","cue","log","id","rho","burst","iota_N1","iota_N2","phi_N1","phi_N2","fitness_rho","fitness_beta","fitness_psin","fitness_psiw","fitness_phin","fitness_phiw"
"4982","G","log10",4982,0.33091603,4.0478118,6.44062537,0.89897272,0.11698833,311.88841,9.59313394956191,1.13826200359907,9.84450775676051,9.36713923317478,8.52544149408997,9.58302602486032
