"","cue","log","id","rho","burst","iota_N1","iota_N2","phi_N1","phi_N2","fitness_rho","fitness_beta","fitness_psin","fitness_psiw","fitness_phin","fitness_phiw"
"2835","G","log10",2835,0.39749855,3.98741266,5.6001137,1.05614097,0.18529715,369.700967,9.61517722161308,0.965369006983232,9.86730942505089,8.80740111471725,7.73500949937837,9.57598770965975
