"","cue","log","id","rho","burst","iota_N1","iota_N2","phi_N1","phi_N2","fitness_rho","fitness_beta","fitness_psin","fitness_psiw","fitness_phin","fitness_phiw"
"3849","G","log10",3849,0.45305455,3.92586819,6.60279174,0.70783118,0.10521808,299.479068,9.62987388951606,0.817650977554661,9.84010630991209,10.0253640592806,8.66947898279481,9.58488644719735
