"","cue","log","id","rho","burst","iota_N1","iota_N2","phi_N1","phi_N2","fitness_rho","fitness_beta","fitness_psin","fitness_psiw","fitness_phin","fitness_phiw"
"1157","G","log10",1157,0.2364369,4.72517244,174.019776,2.23521032,0.01409402,630.13971,9.54926382971016,5.61366788855636,5.96355535571877,5.3667538243048,9.83789483226489,9.56014164318428
