"","cue","log","id","rho","burst","iota_N1","iota_N2","phi_N1","phi_N2","fitness_rho","fitness_beta","fitness_psin","fitness_psiw","fitness_phin","fitness_phiw"
"3194","G","log10",3194,0.28772507,3.97918005,41.5482667,0.96364729,0.02302376,600.268858,9.5753414255942,0.944057774248018,8.8846244468651,9.1373835946822,9.7221874425253,9.56126728639111
