"","cue","log","id","rho","burst","iota_N1","iota_N2","phi_N1","phi_N2","fitness_rho","fitness_beta","fitness_psin","fitness_psiw","fitness_phin","fitness_phiw"
"2266","G","log10",2266,0.40869236,4.84020925,19.7082269,0.42009688,0.00816299,313.816142,9.61837263929934,6.4761715060978,9.48026692245563,10.8810531613623,9.91402927099495,9.58274987540925
