"","cue","log","id","rho","burst","iota_N1","iota_N2","phi_N1","phi_N2","fitness_rho","fitness_beta","fitness_psin","fitness_psiw","fitness_phin","fitness_phiw"
"3902","G","log10",3902,0.24468,4.03450866,9.9397526,0.79457018,0.10437783,143.419269,9.55389121608701,1.09753799961649,9.74905369038908,9.73206375766859,8.67984471136355,9.63460318359706
