"","cue","log","id","rho","burst","iota_N1","iota_N2","phi_N1","phi_N2","fitness_rho","fitness_beta","fitness_psin","fitness_psiw","fitness_phin","fitness_phiw"
"4110","G","log10",4110,0.38640472,6.08764114,99.9921501,1.84192674,0.01375576,419.605191,9.6118801883385,9.69602709814058,7.43303741047008,6.30259494676897,9.84225633275669,9.57144803346432
