"","cue","log","id","rho","burst","iota_N1","iota_N2","phi_N1","phi_N2","fitness_rho","fitness_beta","fitness_psin","fitness_psiw","fitness_phin","fitness_phiw"
"1191","G","log10",1191,0.24523712,3.92359444,10.2524843,0.81767392,0.06141894,244.403338,9.55419618631512,0.812678539757749,9.74049071453117,9.65221359886355,9.22282867169646,9.59535624985684
