"","cue","log","id","rho","burst","iota_N1","iota_N2","phi_N1","phi_N2","fitness_rho","fitness_beta","fitness_psin","fitness_psiw","fitness_phin","fitness_phiw"
"1632","G","log10",1632,0.34970361,6.0451951,16.9890742,2.18855449,0.05563421,793.85837,9.59994131658539,9.69938570111776,9.55521893428348,5.46678478339241,9.29759640481196,9.5554647822316
