"","iter","rho","burst","iota_N1","iota_N2","phi_N1","phi_N2","max_fitness_rho","max_fitness_beta","max_fitness_psin","max_fitness_psiw","max_fitness_phin","max_fitness_phiw","id"
"324",324,0.41018358,6.08179211,61.6369552,1.71761386,0.01974999,1717.07929,9.61878939180579,9.69672479525118,8.35819022603011,6.64444282314427,9.76471621116524,9.54572640698075,"G_log"
