"","cue","log","id","rho","burst","iota_N1","iota_N2","phi_N1","phi_N2","fitness_rho","fitness_beta","fitness_psin","fitness_psiw","fitness_phin","fitness_phiw"
"3839","G","log10",3839,0.15584664,4.65940665,12.7335866,2.15688515,0.14841668,1185.78554,9.49199932708866,5.07767993960579,9.67239104304842,5.53629733499877,8.15188858616438,9.5494884484131
