"","iter","rho","burst","iota_N1","iota_N2","phi_N1","phi_N2","max_fitness_rho","max_fitness_beta","max_fitness_psin","max_fitness_psiw","max_fitness_phin","max_fitness_phiw","id"
"418",418,0.3683848,4.78703727,28.0414014,0.49124877,0.01543931,817.971329,9.60622582054907,6.09125540840609,9.25110913356431,10.6906813703487,9.82053214843164,9.55492992721376,"G_log"
