"","cue","log","id","rho","burst","iota_N1","iota_N2","phi_N1","phi_N2","fitness_rho","fitness_beta","fitness_psin","fitness_psiw","fitness_phin","fitness_phiw"
"2721","G","log10",2721,0.26327068,3.99364785,8.96844619,0.70529446,0.02298766,3779.5888,9.56367847146832,0.981848087319714,9.77562680955729,10.033759317185,9.72265594709756,9.54113109092647
