"","iter","rho","burst","iota_N1","iota_N2","phi_N1","phi_N2","max_fitness_rho","max_fitness_beta","max_fitness_psin","max_fitness_psiw","max_fitness_phin","max_fitness_phiw","id"
"174",174,0.40900626,6.07348925,100.332687,1.81282343,0.00927695,401.871836,9.61846263582565,9.69758506915801,7.42533344559329,6.38058098726793,9.89979015244539,9.57293543207159,"G_log"
