"","iter","rho","burst","iota_N1","iota_N2","phi_N1","phi_N2","max_fitness_rho","max_fitness_beta","max_fitness_psin","max_fitness_psiw","max_fitness_phin","max_fitness_phiw","id"
"693",693,0.36388056,4.04506298,39.8010458,0.8089052,0.01525327,126.269469,9.60475110445315,1.12971852928034,8.93155006089929,9.68259151844849,9.82293327197218,9.64721738520511,"G_log"
