"","cue","log","id","rho","burst","iota_N1","iota_N2","phi_N1","phi_N2","fitness_rho","fitness_beta","fitness_psin","fitness_psiw","fitness_phin","fitness_phiw"
"4751","G","log10",4751,0.13378032,4.69731709,10.1677281,2.29771069,0.14381835,2992.60551,9.4712510870104,5.38965166831808,9.74281063014691,5.23707572140571,8.20550936515751,9.54213839650113
