"","iter","rho","burst","iota_N1","iota_N2","phi_N1","phi_N2","max_fitness_rho","max_fitness_beta","max_fitness_psin","max_fitness_psiw","max_fitness_phin","max_fitness_phiw","id"
"515",515,0.21400351,4.66604761,48.3341854,1.72947228,0.02888916,673.970738,9.53568124202694,5.13282915068297,8.70397388278657,6.6108456943401,9.64579731796285,9.55866889134198,"G_log"
