"","cue","log","id","rho","burst","iota_N1","iota_N2","phi_N1","phi_N2","fitness_rho","fitness_beta","fitness_psin","fitness_psiw","fitness_phin","fitness_phiw"
"4682","G","log10",4682,0.28118108,4.02828507,4.60375653,0.77659053,0.10610056,976.416212,9.572342999741,1.07902144801984,9.89425022322468,9.79375515560257,8.65860763950203,9.55208645808548
