"","cue","log","id","rho","burst","iota_N1","iota_N2","phi_N1","phi_N2","fitness_rho","fitness_beta","fitness_psin","fitness_psiw","fitness_phin","fitness_phiw"
"2447","G","log10",2447,0.25041685,4.69462789,35.6317104,2.28549246,0.08791972,6645.36802,9.55700109060471,5.36777226162072,9.0441619977766,5.26204841793481,8.88497128319722,9.53947420955537
