"","cue","log","id","rho","burst","iota_N1","iota_N2","phi_N1","phi_N2","fitness_rho","fitness_beta","fitness_psin","fitness_psiw","fitness_phin","fitness_phiw"
"1379","G","log10",1379,0.20446717,4.65169655,15.6946058,1.97477613,0.12245244,1125.83713,9.52942293649259,5.01341545145486,9.59089233681105,5.96229420337224,8.45932614772829,9.55013326309935
