"","cue","log","id","rho","burst","iota_N1","iota_N2","phi_N1","phi_N2","fitness_rho","fitness_beta","fitness_psin","fitness_psiw","fitness_phin","fitness_phiw"
"57","G","log10",57,0.29337658,3.92570037,12.7494584,0.68378413,0.03888775,676.177749,9.57785928410687,0.817284596997945,9.67195391355649,10.1044845464231,9.515368038895,9.55860055995597
