"","cue","log","id","rho","burst","iota_N1","iota_N2","phi_N1","phi_N2","fitness_rho","fitness_beta","fitness_psin","fitness_psiw","fitness_phin","fitness_phiw"
"4714","G","log10",4714,0.39989411,4.84909713,4.69466347,0.50725979,0.04759284,74.0644479,9.61587187833451,6.53801475069428,9.89179688466534,10.6456850257803,9.40197074376973,9.71880395087172
