"","iter","rho","burst","iota_N1","iota_N2","phi_N1","phi_N2","max_fitness_rho","max_fitness_beta","max_fitness_psin","max_fitness_psiw","max_fitness_phin","max_fitness_phiw","id"
"190",190,0.33127728,4.82732374,10.4857106,0.6095968,0.03406399,21.9638482,9.59327197783509,6.38521379038361,9.73409790781741,10.341177217045,9.57830150733544,10.0513592842151,"G_log"
