"","cue","log","id","rho","burst","iota_N1","iota_N2","phi_N1","phi_N2","fitness_rho","fitness_beta","fitness_psin","fitness_psiw","fitness_phin","fitness_phiw"
"4208","G","log10",4208,0.31271215,3.91180743,94.8545139,0.71560624,0.01000492,124.279881,9.58602998190387,0.787407031421097,7.55042573034457,9.99955661124879,9.8904662094023,9.64889906602089
