"","cue","log","id","rho","burst","iota_N1","iota_N2","phi_N1","phi_N2","fitness_rho","fitness_beta","fitness_psin","fitness_psiw","fitness_phin","fitness_phiw"
"2270","G","log10",2270,0.219868,4.11435909,40.610088,0.95414776,0.01625689,1166.30834,9.53938264908637,1.36718646708055,8.90980219713046,9.17122888753884,9.80996416597429,9.54968761965709
