"","cue","log","id","rho","burst","iota_N1","iota_N2","phi_N1","phi_N2","fitness_rho","fitness_beta","fitness_psin","fitness_psiw","fitness_phin","fitness_phiw"
"2507","G","log10",2507,0.21984387,4.44791053,14.4840518,2.34452573,0.18162778,1909.05587,9.53936708487792,3.31793895470298,9.62422990885599,5.14309480212119,7.77542335817039,9.54488014738177
