"","cue","log","id","rho","burst","iota_N1","iota_N2","phi_N1","phi_N2","fitness_rho","fitness_beta","fitness_psin","fitness_psiw","fitness_phin","fitness_phiw"
"1071","G","log10",1071,0.44316414,4.05389237,5.39902762,0.71504337,0.12969703,10331.1797,9.62745998987454,1.15740055226198,9.87275229660304,10.0014311637817,8.37241087712479,9.53869797855844
