"","iter","rho","burst","iota_N1","iota_N2","phi_N1","phi_N2","max_fitness_rho","max_fitness_beta","max_fitness_psin","max_fitness_psiw","max_fitness_phin","max_fitness_phiw","id"
"238",238,0.36750804,4.65998789,17.7793319,0.57475787,0.03240733,7483.93489,9.60594248075958,5.08251243767999,9.53343821016654,10.4479514227365,9.59991111120374,9.5392323653735,"G_log"
