"","iter","rho","burst","iota_N1","iota_N2","phi_N1","phi_N2","max_fitness_rho","max_fitness_beta","max_fitness_psin","max_fitness_psiw","max_fitness_phin","max_fitness_phiw","id"
"457",457,0.31836517,5.6298996,81.6732522,0.98929021,0.00484237,2024.88331,9.58829386664375,9.45973600715428,7.86096664071685,9.04593297997922,9.95627213136875,9.5444469031803,"G_log"
