"","cue","log","id","rho","burst","iota_N1","iota_N2","phi_N1","phi_N2","fitness_rho","fitness_beta","fitness_psin","fitness_psiw","fitness_phin","fitness_phiw"
"4334","G","none",4334,0.24530902,3.97338846,10.8826984,0.87478271,0.06959164,931.833383,8.5835249875353,2.3789360358849,8.67436340241872,8.49983835580656,8.18991772450494,8.58287368411891
