"","cue","log","id","rho","burst","iota_N1","iota_N2","phi_N1","phi_N2","fitness_rho","fitness_beta","fitness_psin","fitness_psiw","fitness_phin","fitness_phiw"
"745","G","none",745,0.36593174,5.77102712,17.1841123,1.05823272,0.03974658,17.424962,8.62400763037639,8.63002746479429,8.5802254953222,7.91178498936788,8.54231558062328,8.99471102685721
