"","cue","log","id","rho","burst","iota_N1","iota_N2","phi_N1","phi_N2","fitness_rho","fitness_beta","fitness_psin","fitness_psiw","fitness_phin","fitness_phiw"
"624","G","none",624,0.36612314,5.98037076,8.81270934,2.21522784,0.075524,78.2564596,8.62405907245227,8.67050849885175,8.67840236817033,4.7275684416994,8.12105842197509,8.69895261343933
