"","cue","log","id","rho","burst","iota_N1","iota_N2","phi_N1","phi_N2","fitness_rho","fitness_beta","fitness_psin","fitness_psiw","fitness_phin","fitness_phiw"
"2138","G","none",2138,0.29412232,4.02081296,10.9127971,0.7159084,0.05782417,2975.87893,8.60258345225356,2.63841905284117,8.67420063203381,8.86119301580118,8.32848248541081,8.57488539570967
