"","iter","rho","burst","iota_N1","iota_N2","phi_N1","phi_N2","max_fitness_rho","max_fitness_beta","max_fitness_psin","max_fitness_psiw","max_fitness_phin","max_fitness_phiw","id"
"509",509,0.20336722,4.46115925,65.2803255,1.99901139,0.03312811,1283.19096,8.56307330747914,4.70189493928498,7.37419423508309,5.12499920445612,8.61094044389645,8.57969898256697,"G_none"
