"","cue","log","id","rho","burst","iota_N1","iota_N2","phi_N1","phi_N2","fitness_rho","fitness_beta","fitness_psin","fitness_psiw","fitness_phin","fitness_phiw"
"1849","G","none",1849,0.36649014,5.51863082,18.614889,0.97299808,0.02771101,816.596735,8.62415077445407,8.30971037043089,8.54768634770323,8.19153109783731,8.65358698671887,8.58450273324372
