"","cue","log","id","rho","burst","iota_N1","iota_N2","phi_N1","phi_N2","fitness_rho","fitness_beta","fitness_psin","fitness_psiw","fitness_phin","fitness_phiw"
"3217","G","none",3217,0.3383997,5.40088692,11.2680434,1.13953022,0.08721087,1439.03343,8.61656264414134,8.08022032940733,8.67202653697609,7.64148250673266,7.9860549449863,8.57878381222189
