"","cue","log","id","rho","burst","iota_N1","iota_N2","phi_N1","phi_N2","fitness_rho","fitness_beta","fitness_psin","fitness_psiw","fitness_phin","fitness_phiw"
"4348","G","none",4348,0.36796814,4.68031031,16.7300946,0.56138639,0.02442877,99.1590564,8.62452947217142,5.58721268548852,8.59003055048643,9.10455111295862,8.67014555817016,8.67397223061163
