"","cue","log","id","rho","burst","iota_N1","iota_N2","phi_N1","phi_N2","fitness_rho","fitness_beta","fitness_psin","fitness_psiw","fitness_phin","fitness_phiw"
"2590","G","none",2590,0.38587795,4.83902981,23.0285241,0.47233842,0.01413834,271.60403,8.62890246646044,6.2455627276071,8.43887063207044,9.13853084361547,8.67268478091548,8.61047453933799
