"","cue","log","id","rho","burst","iota_N1","iota_N2","phi_N1","phi_N2","fitness_rho","fitness_beta","fitness_psin","fitness_psiw","fitness_phin","fitness_phiw"
"518","G","none",518,0.24895477,3.97275897,6.04423309,0.64300797,0.09723411,276.322453,8.58510594962863,2.37547420876643,8.66836453533525,8.98738342195881,7.8696118942497,8.6098248881351
