"","cue","log","id","rho","burst","iota_N1","iota_N2","phi_N1","phi_N2","fitness_rho","fitness_beta","fitness_psin","fitness_psiw","fitness_phin","fitness_phiw"
"1239","G","none",1239,0.2870818,3.94058307,4.96917459,0.86396049,0.1107141,1529.3853,8.60009692646732,2.19855206105353,8.66126658675522,8.53168773777003,7.71038668149862,8.57833893748677
