"","cue","log","id","rho","burst","iota_N1","iota_N2","phi_N1","phi_N2","fitness_rho","fitness_beta","fitness_psin","fitness_psiw","fitness_phin","fitness_phiw"
"3578","G","none",3578,0.19282783,3.99489961,10.8374021,1.0210389,0.05022546,705.804589,8.55719302244417,2.49698238998519,8.67460592300481,8.03449992657127,8.41938806116653,8.5865671431143
