"","cue","log","id","rho","burst","iota_N1","iota_N2","phi_N1","phi_N2","fitness_rho","fitness_beta","fitness_psin","fitness_psiw","fitness_phin","fitness_phiw"
"3835","G","none",3835,0.320343,5.51875211,59.6245884,1.2741664,0.01452854,1108.38346,8.61118903735385,8.30992156212479,7.5229708580618,7.19021250247955,8.67352042915619,8.58102656836003
