"","cue","log","id","rho","burst","iota_N1","iota_N2","phi_N1","phi_N2","fitness_rho","fitness_beta","fitness_psin","fitness_psiw","fitness_phin","fitness_phiw"
"4394","G","none",4394,0.28081089,3.98241443,8.27436286,0.87491762,0.08854359,3083.46948,8.59780955952132,2.42851628479335,8.67744658411747,8.49943694419212,7.97063858239161,8.57475523327449
