"","iter","rho","burst","iota_N1","iota_N2","phi_N1","phi_N2","max_fitness_rho","max_fitness_beta","max_fitness_psin","max_fitness_psiw","max_fitness_phin","max_fitness_phiw","id"
"805",805,0.37121794,5.60369002,240.139361,1.15480021,0.0028759,45391.8616,8.62534631091014,8.44638979240747,4.33037529890455,7.59047380634297,8.58203610759193,8.57145452051014,"G_none"
