"","cue","log","id","rho","burst","iota_N1","iota_N2","phi_N1","phi_N2","fitness_rho","fitness_beta","fitness_psin","fitness_psiw","fitness_phin","fitness_phiw"
"2699","G","none",2699,0.29088157,4.46287916,61.7569054,1.66716952,0.06672476,176.758861,8.60144679428936,4.70885404809795,7.46715783035762,5.93834233679726,8.22339609234219,8.63070258123587
