"","cue","log","id","rho","burst","iota_N1","iota_N2","phi_N1","phi_N2","fitness_rho","fitness_beta","fitness_psin","fitness_psiw","fitness_phin","fitness_phiw"
"1909","G","none",1909,0.25994701,5.43715158,23.1636383,1.17900292,0.02571292,142.288961,8.58971090517595,8.15618472910669,8.4354515134969,7.50950421773077,8.66463225662857,8.64439551372686
