"","cue","log","id","rho","burst","iota_N1","iota_N2","phi_N1","phi_N2","fitness_rho","fitness_beta","fitness_psin","fitness_psiw","fitness_phin","fitness_phiw"
"3757","G","none",3757,0.33342715,5.44665028,14.7703451,0.90687897,0.04168918,1775.31062,8.61512493062188,8.17528310930208,8.62830587282271,8.40215989932909,8.52026958590378,8.57735626262716
