"","cue","log","id","rho","burst","iota_N1","iota_N2","phi_N1","phi_N2","fitness_rho","fitness_beta","fitness_psin","fitness_psiw","fitness_phin","fitness_phiw"
"1115","G","none",1115,0.16303525,4.77360548,29.3363884,2.68388567,0.06785028,196.704322,8.53860908199873,5.9736089399966,8.27961548012779,4.09611166013095,8.21023408477345,8.62489033009183
