"","cue","log","id","rho","burst","iota_N1","iota_N2","phi_N1","phi_N2","fitness_rho","fitness_beta","fitness_psin","fitness_psiw","fitness_phin","fitness_phiw"
"2216","G","none",2216,0.30806057,3.97043612,40.0003703,0.78979244,0.01854211,416.352436,8.60728018997327,2.36270746135676,8.01715449106812,8.72595534715067,8.67922183789988,8.59706115355213
