"","iter","rho","burst","iota_N1","iota_N2","phi_N1","phi_N2","max_fitness_rho","max_fitness_beta","max_fitness_psin","max_fitness_psiw","max_fitness_phin","max_fitness_phiw","id"
"636",636,0.33399161,6.06377592,49.0426627,1.85161122,0.01409132,858.373746,8.61528724471885,8.61791013985143,7.79368913891952,5.45298677362086,8.67257827988744,8.58386389793771,"G_none"
