"","iter","rho","burst","iota_N1","iota_N2","phi_N1","phi_N2","max_fitness_rho","max_fitness_beta","max_fitness_psin","max_fitness_psiw","max_fitness_phin","max_fitness_phiw","id"
"255",255,0.24388092,3.75992167,26.483826,0.94479584,0.01693333,41.5796979,8.58289608140232,1.25577443762628,8.35133527849156,8.28245100038269,8.67772385528801,8.79323877657082,"G_none"
