"","cue","log","id","rho","burst","iota_N1","iota_N2","phi_N1","phi_N2","fitness_rho","fitness_beta","fitness_psin","fitness_psiw","fitness_phin","fitness_phiw"
"3702","G","none",3702,0.30127536,5.87000898,11.6920948,2.31712826,0.05691079,435.594286,8.60503245189407,8.66659722658573,8.66885315861357,4.56811636779175,8.3393687520171,8.59593826773448
