"","cue","log","id","rho","burst","iota_N1","iota_N2","phi_N1","phi_N2","fitness_rho","fitness_beta","fitness_psin","fitness_psiw","fitness_phin","fitness_phiw"
"3032","G","none",3032,0.26282027,4.00295117,14.6966163,0.86844538,0.03334219,7113.65113,8.59087294375768,2.54104018705305,8.62958804992136,8.51856631488715,8.60894646255275,8.57275188842506
