"","cue","log","id","rho","burst","iota_N1","iota_N2","phi_N1","phi_N2","fitness_rho","fitness_beta","fitness_psin","fitness_psiw","fitness_phin","fitness_phiw"
"343","G","none",343,0.31524001,5.39226668,20.091015,1.06323316,0.05537749,3611.60495,8.6095897650592,8.06232551635377,8.5122450354196,7.89523231471503,8.35767784998556,8.57424030055545
