"","cue","log","id","rho","burst","iota_N1","iota_N2","phi_N1","phi_N2","fitness_rho","fitness_beta","fitness_psin","fitness_psiw","fitness_phin","fitness_phiw"
"5010","G","none",5010,0.41388035,5.7355441,21.3040505,2.08891821,0.06359895,77.1563166,8.63515555807757,8.6038678538988,8.48224427692577,4.94881133961757,8.2600955114062,8.70060582960776
