"","iter","rho","burst","iota_N1","iota_N2","phi_N1","phi_N2","max_fitness_rho","max_fitness_beta","max_fitness_psin","max_fitness_psiw","max_fitness_phin","max_fitness_phiw","id"
"847",847,0.32965903,5.29562994,64.1051752,1.09256014,0.00633556,443.310363,8.6140149393328,7.83120503328481,7.40528921187674,7.79794216559754,8.63291111326157,8.59551239926697,"G_none"
