"","cue","log","id","rho","burst","iota_N1","iota_N2","phi_N1","phi_N2","fitness_rho","fitness_beta","fitness_psin","fitness_psiw","fitness_phin","fitness_phiw"
"1506","G","none",1506,0.30143023,6.1256968,4.527042,2.19568288,0.2227125,1833.94124,8.60508610568622,8.52632949567346,8.65714617857538,4.75998120563221,6.33995565686847,8.57715922612475
