"","iter","rho","burst","iota_N1","iota_N2","phi_N1","phi_N2","max_fitness_rho","max_fitness_beta","max_fitness_psin","max_fitness_psiw","max_fitness_phin","max_fitness_phiw","id"
"765",765,0.20642931,3.92500389,82.0953661,0.987229,0.00292158,3650.51515,8.56472000270866,2.11304714656591,6.92586492884985,8.14524248770928,8.58281502002915,8.57420653841154,"G_none"
