"","cue","log","id","rho","burst","iota_N1","iota_N2","phi_N1","phi_N2","fitness_rho","fitness_beta","fitness_psin","fitness_psiw","fitness_phin","fitness_phiw"
"3753","G","none",3753,0.16645157,3.91640668,16.2858447,0.80993712,0.00929472,342.143441,8.54090470955162,2.06597848275265,8.59932519626312,8.6783249457586,8.65697929904325,8.60254915167334
