"","iter","rho","burst","iota_N1","iota_N2","phi_N1","phi_N2","max_fitness_rho","max_fitness_beta","max_fitness_psin","max_fitness_psiw","max_fitness_phin","max_fitness_phiw","id"
"676",676,0.33886139,4.8258839,18.4159171,0.49653577,0.01396274,34.5680813,8.61669397284098,6.1910812913895,8.55233730272272,9.1571772404044,8.67229176586526,8.82932058204482,"G_none"
