"","cue","log","id","rho","burst","iota_N1","iota_N2","phi_N1","phi_N2","fitness_rho","fitness_beta","fitness_psin","fitness_psiw","fitness_phin","fitness_phiw"
"4117","G","none",4117,0.39558707,5.38507416,10.7170401,0.97368195,0.06156383,1694.71395,8.63115024504699,8.04555396343921,8.67520840446587,8.18931208533235,8.28410664947276,8.57764710656803
