"","iter","rho","burst","iota_N1","iota_N2","phi_N1","phi_N2","max_fitness_rho","max_fitness_beta","max_fitness_psin","max_fitness_psiw","max_fitness_phin","max_fitness_phiw","id"
"600",600,0.40425652,6.25944378,88.3856181,1.88099368,0.01116181,365.625953,8.63308251417552,8.16405256931122,6.76052847283916,5.38346444970461,8.66479528778495,8.60057929347821,"G_none"
