"","cue","log","id","rho","burst","iota_N1","iota_N2","phi_N1","phi_N2","fitness_rho","fitness_beta","fitness_psin","fitness_psiw","fitness_phin","fitness_phiw"
"691","G","none",691,0.30360365,5.56320244,147.378121,1.03663377,0.00367087,337.160639,8.60581088774745,8.38425374006779,5.4805158949731,7.98313841779354,8.59531391515278,8.60300458040774
