"","cue","log","id","rho","burst","iota_N1","iota_N2","phi_N1","phi_N2","fitness_rho","fitness_beta","fitness_psin","fitness_psiw","fitness_phin","fitness_phiw"
"2592","G","none",2592,0.33967656,6.15255148,17.103197,1.84147901,0.06091441,818.74276,8.61692751592491,8.47291803678037,8.5819922713903,5.47744996136717,8.29178976282498,8.58447075959204
