"","iter","rho","burst","iota_N1","iota_N2","phi_N1","phi_N2","max_fitness_rho","max_fitness_beta","max_fitness_psin","max_fitness_psiw","max_fitness_phin","max_fitness_phiw","id"
"463",463,0.37285288,5.39955411,15.4347129,1.17395901,0.0424471,5571.02717,8.62575431794892,8.07733332503585,8.61617485448216,7.52638593523179,8.51152896934391,8.57317880140148,"G_none"
