"","cue","log","id","rho","burst","iota_N1","iota_N2","phi_N1","phi_N2","fitness_rho","fitness_beta","fitness_psin","fitness_psiw","fitness_phin","fitness_phiw"
"2445","G","none",2445,0.29974602,3.98642544,12.2627621,0.67248983,0.0604706,966.58872,8.60451714453043,2.45053134582601,8.66359291301292,8.93054666261481,8.29704517934625,8.58245612763181
