"","cue","log","id","rho","burst","iota_N1","iota_N2","phi_N1","phi_N2","fitness_rho","fitness_beta","fitness_psin","fitness_psiw","fitness_phin","fitness_phiw"
"2130","G","none",2130,0.52083341,6.06297759,22.1630073,1.97794893,0.07174432,589.387888,8.65386640780988,8.61879523728905,8.46071236564906,5.16877250532465,8.16487593497986,8.58956647105527
