"","cue","log","id","rho","burst","iota_N1","iota_N2","phi_N1","phi_N2","fitness_rho","fitness_beta","fitness_psin","fitness_psiw","fitness_phin","fitness_phiw"
"4603","G","none",4603,0.41132666,5.56825358,27.3548297,0.87651149,0.03811947,230.677857,8.63461000657542,8.39229554095574,8.32935379056491,8.49469414413098,8.56027481860698,8.61722687136028
