"","cue","log","id","rho","burst","iota_N1","iota_N2","phi_N1","phi_N2","fitness_rho","fitness_beta","fitness_psin","fitness_psiw","fitness_phin","fitness_phiw"
"1812","G","none",1812,0.38134195,6.07289628,31.6168904,1.93876618,0.04144301,430.760581,8.62782565735391,8.60720205485505,8.22287109679755,5.25287891823882,8.52309512535114,8.59621029004765
