"","cue","log","id","rho","burst","iota_N1","iota_N2","phi_N1","phi_N2","fitness_rho","fitness_beta","fitness_psin","fitness_psiw","fitness_phin","fitness_phiw"
"4721","G","none",4721,0.1966837,4.49782567,15.5736731,2.03789273,0.27058717,136.840213,8.55938452411456,4.84972404017528,8.61351716205487,5.04673472041482,5.83730082332474,8.6471592618861
