"","cue","log","id","rho","burst","iota_N1","iota_N2","phi_N1","phi_N2","fitness_rho","fitness_beta","fitness_psin","fitness_psiw","fitness_phin","fitness_phiw"
"753","G","none",753,0.31584473,3.98474369,55.4626184,0.76340619,0.00944717,483.881362,8.60978177452665,2.44130168851991,7.63075507495658,8.78109635277091,8.65776975820263,8.59350574175456
