"","cue","log","id","rho","burst","iota_N1","iota_N2","phi_N1","phi_N2","fitness_rho","fitness_beta","fitness_psin","fitness_psiw","fitness_phin","fitness_phiw"
"4382","G","none",4382,0.35629097,3.9561714,14.6276285,0.81453012,0.06879073,911.68286,8.62149764543016,2.28426248169526,8.63078105504819,8.66684995213762,8.1992554395275,8.58312628345656
