"","iter","rho","burst","iota_N1","iota_N2","phi_N1","phi_N2","max_fitness_rho","max_fitness_beta","max_fitness_psin","max_fitness_psiw","max_fitness_phin","max_fitness_phiw","id"
"497",497,0.16629246,4.61545388,25.8280802,2.09149044,0.07550584,244.820825,8.54079386706986,5.32273664591662,8.36792284275075,4.94401315885733,8.1212687395487,8.61464719653697,"G_none"
