"","cue","log","id","rho","burst","iota_N1","iota_N2","phi_N1","phi_N2","fitness_rho","fitness_beta","fitness_psin","fitness_psiw","fitness_phin","fitness_phiw"
"4172","G","none",4172,0.32788902,4.07432704,9.77506303,0.62544158,0.07028448,133780.32,8.61348306711044,2.92592303755075,8.67821139177908,9.01971106602418,8.18184977787882,8.57129713259797
