"","iter","rho","burst","iota_N1","iota_N2","phi_N1","phi_N2","max_fitness_rho","max_fitness_beta","max_fitness_psin","max_fitness_psiw","max_fitness_phin","max_fitness_phiw","id"
"457",457,0.31836517,5.6298996,81.6732522,0.98929021,0.00484237,2024.88331,8.61057092225525,8.48366786211649,6.93705545311071,8.1385164412643,8.61345438703218,8.57660298021875,"G_none"
