"","cue","log","id","rho","burst","iota_N1","iota_N2","phi_N1","phi_N2","fitness_rho","fitness_beta","fitness_psin","fitness_psiw","fitness_phin","fitness_phiw"
"4630","G","none",4630,0.41722401,4.64354292,21.414258,0.57832788,0.01641542,152.007543,8.63585988274701,5.43681227710623,8.47949116451643,9.08192771697734,8.67698474101912,8.63993483173014
