"","cue","log","id","rho","burst","iota_N1","iota_N2","phi_N1","phi_N2","fitness_rho","fitness_beta","fitness_psin","fitness_psiw","fitness_phin","fitness_phiw"
"53","G","none",53,0.22138235,4.64363094,21.1222469,2.3901298,0.0943903,119.996197,8.57239774354209,5.43716928493473,8.48677525504726,4.4627220209321,7.90278198389698,8.65719130340645
