"","cue","log","id","rho","burst","iota_N1","iota_N2","phi_N1","phi_N2","fitness_rho","fitness_beta","fitness_psin","fitness_psiw","fitness_phin","fitness_phiw"
"3568","G","none",3568,0.37564639,4.83351917,4.97234277,0.46708699,0.05829138,246.875389,8.62644335558045,6.22274207148629,8.66129217406859,9.13145593148525,8.32292163256139,8.61429511642709
