"","cue","log","id","rho","burst","iota_N1","iota_N2","phi_N1","phi_N2","fitness_rho","fitness_beta","fitness_psin","fitness_psiw","fitness_phin","fitness_phiw"
"1100","G","none",1100,0.42703391,4.07334419,11.7227409,0.76380186,0.0678024,97.8809281,8.63786716565623,2.92071484574247,8.66859812220334,8.78033237938192,8.21079182722883,8.67521738530556
