"","cue","log","id","rho","burst","iota_N1","iota_N2","phi_N1","phi_N2","fitness_rho","fitness_beta","fitness_psin","fitness_psiw","fitness_phin","fitness_phiw"
"1866","G","none",1866,0.43297632,6.12958524,9.44433927,1.76844516,0.07704348,561.343424,8.63904873780591,8.51914141144662,8.67858860083578,5.66139350282673,8.10349063271566,8.59047033880482
