"","cue","log","id","rho","burst","iota_N1","iota_N2","phi_N1","phi_N2","fitness_rho","fitness_beta","fitness_psin","fitness_psiw","fitness_phin","fitness_phiw"
"1205","G","none",1205,0.31489155,4.58365687,38.5802819,1.89590121,0.08149066,104.120873,8.60947894349473,5.19436577682164,8.05189042724049,5.34900163829765,8.0521296318376,8.66940954037308
