"","cue","log","id","rho","burst","iota_N1","iota_N2","phi_N1","phi_N2","fitness_rho","fitness_beta","fitness_psin","fitness_psiw","fitness_phin","fitness_phiw"
"4430","G","none",4430,0.2351477,4.1191531,12.4220534,0.85840658,0.01417493,211.190876,8.5789638879441,3.16005325728627,8.6619218952732,8.54777220795588,8.67276385891838,8.62133242499115
