"","cue","log","id","rho","burst","iota_N1","iota_N2","phi_N1","phi_N2","fitness_rho","fitness_beta","fitness_psin","fitness_psiw","fitness_phin","fitness_phiw"
"1597","G","none",1597,0.29542806,5.41054124,4.96642689,1.24216946,0.09400588,527.722083,8.60303776927472,8.10091904207215,8.66124392532002,7.29764430728514,7.90725826033408,8.59167998368829
