"","cue","log","id","rho","burst","iota_N1","iota_N2","phi_N1","phi_N2","fitness_rho","fitness_beta","fitness_psin","fitness_psiw","fitness_phin","fitness_phiw"
"827","G","none",827,0.17708111,4.73808492,16.4169817,1.82855579,0.08568412,1254.82877,8.54775729272053,5.82589451702985,8.59661391898941,5.50902628086941,8.00370407192624,8.57988764563518
