"","cue","log","id","rho","burst","iota_N1","iota_N2","phi_N1","phi_N2","fitness_rho","fitness_beta","fitness_psin","fitness_psiw","fitness_phin","fitness_phiw"
"132","G","none",132,0.34618312,6.26302687,61.4808241,1.85630057,0.01859779,516.139548,8.61875525453092,8.15228475171203,7.47440132934606,5.44174733175926,8.67924923921559,8.59213280686688
