"","cue","log","id","rho","burst","iota_N1","iota_N2","phi_N1","phi_N2","fitness_rho","fitness_beta","fitness_psin","fitness_psiw","fitness_phin","fitness_phiw"
"2734","G","none",2734,0.48306087,4.67122489,12.5822397,0.46508961,0.04557997,136.634734,8.64804932893227,5.54993196823835,8.66016260550824,9.12851860927279,8.47480088414766,8.6472685446553
