"","cue","log","id","rho","burst","iota_N1","iota_N2","phi_N1","phi_N2","fitness_rho","fitness_beta","fitness_psin","fitness_psiw","fitness_phin","fitness_phiw"
"2372","G","none",2372,0.41789051,4.06474309,31.3809681,0.64054862,0.0308339,31104.5351,8.63599714489432,2.87500468535454,8.22871725424543,8.99218088724458,8.63098154763877,8.57156579797706
