"","cue","log","id","rho","burst","iota_N1","iota_N2","phi_N1","phi_N2","fitness_rho","fitness_beta","fitness_psin","fitness_psiw","fitness_phin","fitness_phiw"
"2658","G","none",2658,0.58494234,6.16034493,42.7231339,1.78493063,0.02576697,848.004481,8.66220820141411,8.45563235592167,7.95040005923795,5.61870577485137,8.66437079672862,8.58401513316677
