"","cue","log","id","rho","burst","iota_N1","iota_N2","phi_N1","phi_N2","fitness_rho","fitness_beta","fitness_psin","fitness_psiw","fitness_phin","fitness_phiw"
"3745","G","none",3745,0.26284316,5.46801431,9.65858477,1.24541685,0.02381821,2099.54225,8.59088341698874,8.2170593617036,8.67838009091002,7.28674194951528,8.67231732259759,8.57640901342668
