"","cue","log","id","rho","burst","iota_N1","iota_N2","phi_N1","phi_N2","fitness_rho","fitness_beta","fitness_psin","fitness_psiw","fitness_phin","fitness_phiw"
"4350","G","none",4350,0.3843759,6.17454354,17.6671178,1.78898461,0.03786261,2782.28016,8.62854847718955,8.4218333754338,8.56949279943297,5.60831391601472,8.56306051215662,8.57514455748541
