"","cue","log","id","rho","burst","iota_N1","iota_N2","phi_N1","phi_N2","fitness_rho","fitness_beta","fitness_psin","fitness_psiw","fitness_phin","fitness_phiw"
"1947","G","none",1947,0.49622337,3.75908236,33.5325753,0.58533364,0.02597358,205.926213,8.65016436473422,1.25181853804241,8.17557674661618,9.07309873260503,8.6633568354811,8.62256829678026
