"","cue","log","id","rho","burst","iota_N1","iota_N2","phi_N1","phi_N2","fitness_rho","fitness_beta","fitness_psin","fitness_psiw","fitness_phin","fitness_phiw"
"2711","G","none",2711,0.19390787,4.62878276,21.6376725,1.90868136,0.08845197,65.9738333,8.55781051157871,5.37678290688473,8.47390395431579,5.31988446676439,7.97170158558226,8.72020083195518
