"","cue","log","id","rho","burst","iota_N1","iota_N2","phi_N1","phi_N2","fitness_rho","fitness_beta","fitness_psin","fitness_psiw","fitness_phin","fitness_phiw"
"4593","G","none",4593,0.32205523,3.98597072,38.2193461,0.66639019,0.00907835,1610.39811,8.61171175190314,2.44803218294033,8.06071652769792,8.94172018121362,8.65578977571572,8.57797890428244
