"","cue","log","id","rho","burst","iota_N1","iota_N2","phi_N1","phi_N2","fitness_rho","fitness_beta","fitness_psin","fitness_psiw","fitness_phin","fitness_phiw"
"884","G","none",884,0.29095945,4.06473798,27.3233824,0.81024817,0.02718773,678.992336,8.60147540324613,2.87497682774209,8.33014569757031,8.67755426811952,8.65675896792458,8.58716678167589
