"","cue","log","id","rho","burst","iota_N1","iota_N2","phi_N1","phi_N2","fitness_rho","fitness_beta","fitness_psin","fitness_psiw","fitness_phin","fitness_phiw"
"4177","G","none",4177,0.31154765,5.61443071,7.76142274,1.06941668,0.07170512,16323.4502,8.60841114751126,8.46195561790571,8.67596789011361,7.87474927410574,8.1653313313771,8.57188278147699
