"","cue","log","id","rho","burst","iota_N1","iota_N2","phi_N1","phi_N2","fitness_rho","fitness_beta","fitness_psin","fitness_psiw","fitness_phin","fitness_phiw"
"1103","G","none",1103,0.153911,4.68559945,9.45532719,2.37770063,0.20656782,168.771437,8.53226322045891,5.60894992902793,8.67857384899292,4.48019158665431,6.52717362071537,8.63339868482089
