"","cue","log","id","rho","burst","iota_N1","iota_N2","phi_N1","phi_N2","fitness_rho","fitness_beta","fitness_psin","fitness_psiw","fitness_phin","fitness_phiw"
"4776","G","none",4776,0.28575799,5.92745215,28.2093375,2.35356161,0.03953027,1025.38118,8.59962187072695,8.67383413856069,8.30785434205229,4.51466593045784,8.5447343517335,8.5818172429035
