"","iter","rho","burst","iota_N1","iota_N2","phi_N1","phi_N2","max_fitness_rho","max_fitness_beta","max_fitness_psin","max_fitness_psiw","max_fitness_phin","max_fitness_phiw","id"
"313",313,0.37532756,5.54517791,24.9779299,0.87957857,0.01526581,44836.58,8.62636371441118,8.35488333413979,8.38946473678071,8.48552761944251,8.67500034895511,8.57145900206274,"G_none"
