"","cue","log","id","rho","burst","iota_N1","iota_N2","phi_N1","phi_N2","fitness_rho","fitness_beta","fitness_psin","fitness_psiw","fitness_phin","fitness_phiw"
"397","G","none",397,0.36972403,5.55680163,74.5909266,0.9235466,0.0097289,243.439256,8.62497125643292,8.37394411308104,7.12588942463482,8.34999001977474,8.65914816243158,8.61488597664697
