"","iter","rho","burst","iota_N1","iota_N2","phi_N1","phi_N2","max_fitness_rho","max_fitness_beta","max_fitness_psin","max_fitness_psiw","max_fitness_phin","max_fitness_phiw","id"
"109",109,0.26356188,5.68396991,31.3072652,1.09209889,0.01802771,470.269937,8.59117250230217,8.55210223974277,8.23054837079557,7.79947328713159,8.67889114260734,8.5941425236495,"G_none"
