"","cue","log","id","rho","burst","iota_N1","iota_N2","phi_N1","phi_N2","fitness_rho","fitness_beta","fitness_psin","fitness_psiw","fitness_phin","fitness_phiw"
"1517","G","none",1517,0.16913632,4.50068424,740.848946,2.75284163,0.0030197,1742.16677,8.54267226738451,4.86121068883506,2.01648930989622,4.02052285414066,8.58447043477834,8.57747366546442
