"","iter","rho","burst","iota_N1","iota_N2","phi_N1","phi_N2","max_fitness_rho","max_fitness_beta","max_fitness_psin","max_fitness_psiw","max_fitness_phin","max_fitness_phiw","id"
"503",503,0.23981564,4.74637358,16.4918222,2.36812629,0.14004634,75.0743096,8.5810853939632,5.86032388669109,8.59505446051503,4.4937775554719,7.35132275348561,8.7038568062323,"G_none"
