"","cue","log","id","rho","burst","iota_N1","iota_N2","phi_N1","phi_N2","fitness_rho","fitness_beta","fitness_psin","fitness_psiw","fitness_phin","fitness_phiw"
"1750","G","none",1750,0.37256726,4.83338569,10.2157362,0.48061868,0.02558018,65.7940161,8.6256798831833,6.22218989546416,8.67717955281369,9.14763129519162,8.66526336664368,8.72056358470818
