"","cue","log","id","rho","burst","iota_N1","iota_N2","phi_N1","phi_N2","fitness_rho","fitness_beta","fitness_psin","fitness_psiw","fitness_phin","fitness_phiw"
"807","G","none",807,0.30097137,4.00763817,15.8149762,0.74657026,0.03730752,1185.70732,8.60492920739082,2.56664560255712,8.60881376322199,8.81191568179738,8.56901912871253,8.58038777273437
