"","cue","log","id","rho","burst","iota_N1","iota_N2","phi_N1","phi_N2","fitness_rho","fitness_beta","fitness_psin","fitness_psiw","fitness_phin","fitness_phiw"
"336","G","none",336,0.52878922,6.20463823,28.3340455,1.68913373,0.0339401,143.258519,8.65499912684568,8.33965504164315,8.30472375313439,5.87617038293209,8.60327567885791,8.64392504783061
