"","cue","log","id","rho","burst","iota_N1","iota_N2","phi_N1","phi_N2","fitness_rho","fitness_beta","fitness_psin","fitness_psiw","fitness_phin","fitness_phiw"
"3216","G","none",3216,0.31209498,6.11688326,25.5889085,2.04728975,0.03589201,201.193776,8.60858772574427,8.54200313798672,8.37398042689859,5.02830266207948,8.5838561195644,8.62373472343546
