"","cue","log","id","rho","burst","iota_N1","iota_N2","phi_N1","phi_N2","fitness_rho","fitness_beta","fitness_psin","fitness_psiw","fitness_phin","fitness_phiw"
"1484","G","none",1484,0.32289007,4.09081858,8.53773314,0.76233602,0.07208906,341.661884,8.61196909530058,3.01286827855206,8.67799612193078,8.78315440561219,8.16087174772728,8.60259146774869
