"","cue","log","id","rho","burst","iota_N1","iota_N2","phi_N1","phi_N2","fitness_rho","fitness_beta","fitness_psin","fitness_psiw","fitness_phin","fitness_phiw"
"407","G","none",407,0.19220207,4.59852546,47.6800133,2.14333936,0.04747491,5707.01805,8.55683370957529,5.25430820331069,7.82775965052314,4.84998126407492,8.45228007373785,8.57312683753948
