"","cue","log","id","rho","burst","iota_N1","iota_N2","phi_N1","phi_N2","fitness_rho","fitness_beta","fitness_psin","fitness_psiw","fitness_phin","fitness_phiw"
"915","G","none",915,0.33092939,3.83995617,16.625766,0.82464134,0.05494052,7655.69499,8.61439009358327,1.65546879086146,8.59224016612614,8.6408579981265,8.36290128807059,8.57264145435005
