"","cue","log","id","rho","burst","iota_N1","iota_N2","phi_N1","phi_N2","fitness_rho","fitness_beta","fitness_psin","fitness_psiw","fitness_phin","fitness_phiw"
"2794","G","none",2794,0.43656532,4.83776205,1.713307,0.41396215,0.11229046,560.488578,8.63975027894729,6.24031584473137,8.59338489548622,9.0134466505943,7.69152139138423,8.59049986300689
