"","cue","log","id","rho","burst","iota_N1","iota_N2","phi_N1","phi_N2","fitness_rho","fitness_beta","fitness_psin","fitness_psiw","fitness_phin","fitness_phiw"
"4458","G","none",4458,0.43320204,6.26233506,8.52401231,1.84058917,0.0781261,1552.21377,8.63909410166568,8.15454306854129,8.67797098674142,5.47961167864967,8.09097640007974,8.57823322956005
