"","cue","log","id","rho","burst","iota_N1","iota_N2","phi_N1","phi_N2","fitness_rho","fitness_beta","fitness_psin","fitness_psiw","fitness_phin","fitness_phiw"
"2775","G","none",2775,0.34920108,3.99843451,4.18525005,0.71471954,0.08153105,419.951227,8.61958631244683,2.51633786621246,8.65315915474264,8.86299580788821,8.05166113000929,8.59684507926177
