"","cue","log","id","rho","burst","iota_N1","iota_N2","phi_N1","phi_N2","fitness_rho","fitness_beta","fitness_psin","fitness_psiw","fitness_phin","fitness_phiw"
"4831","G","none",4831,0.24442514,5.59247896,16.8327859,1.21045663,0.03141996,2621.20854,8.58313537829973,8.4297225585676,8.5878369604131,7.40408086050649,8.62610702402022,8.57537795065376
