"","cue","log","id","rho","burst","iota_N1","iota_N2","phi_N1","phi_N2","fitness_rho","fitness_beta","fitness_psin","fitness_psiw","fitness_phin","fitness_phiw"
"2823","G","none",2823,0.3071165,4.0408977,25.6591732,0.80961918,0.01911206,235.478892,8.60697334182543,2.74717640041255,8.3721990631014,8.67911197642445,8.67941672301317,8.61631688818406
