"","cue","log","id","rho","burst","iota_N1","iota_N2","phi_N1","phi_N2","fitness_rho","fitness_beta","fitness_psin","fitness_psiw","fitness_phin","fitness_phiw"
"3093","G","none",3093,0.29927476,3.92194646,6.33170176,0.90737052,0.05143378,132.872733,8.60435542326328,2.09629776199864,8.66987165639884,8.40063225730296,8.40490756761077,8.64930496516724
