"","cue","log","id","rho","burst","iota_N1","iota_N2","phi_N1","phi_N2","fitness_rho","fitness_beta","fitness_psin","fitness_psiw","fitness_phin","fitness_phiw"
"3462","G","none",3462,0.34742346,6.01227782,23.8586486,1.75125169,0.03976365,155.707734,8.6190993551612,8.65926812381766,8.41784476500481,5.70663712457619,8.54212304381993,8.6383792206631
