"","cue","log","id","rho","burst","iota_N1","iota_N2","phi_N1","phi_N2","fitness_rho","fitness_beta","fitness_psin","fitness_psiw","fitness_phin","fitness_phiw"
"3187","G","none",3187,0.38966434,5.45288737,21.257098,1.03376754,0.02719901,4084.19994,8.62979128060908,8.18764646102833,8.4834164958115,7.99259027131117,8.65668960916671,8.57389204789933
