"","cue","log","id","rho","burst","iota_N1","iota_N2","phi_N1","phi_N2","fitness_rho","fitness_beta","fitness_psin","fitness_psiw","fitness_phin","fitness_phiw"
"1644","G","none",1644,0.33220625,6.28650574,26.6923678,1.78856734,0.02758284,774.67196,8.61476560952294,8.07625942343723,8.34606548182759,5.60937828200926,8.65438085703916,8.58521574080909
