"","cue","log","id","rho","burst","iota_N1","iota_N2","phi_N1","phi_N2","fitness_rho","fitness_beta","fitness_psin","fitness_psiw","fitness_phin","fitness_phiw"
"2710","G","none",2710,0.36158557,4.69980859,3.89661983,0.46507544,0.06089068,458.361616,8.62289118409064,5.66747380617384,8.64910043240153,9.12849842492198,8.29206935268211,8.59472854017266
