"","cue","log","id","rho","burst","iota_N1","iota_N2","phi_N1","phi_N2","fitness_rho","fitness_beta","fitness_psin","fitness_psiw","fitness_phin","fitness_phiw"
"427","G","none",427,0.25659335,5.5256168,136.03808,1.04743506,0.0033673,4127.89171,8.58833088645148,8.32182016690091,5.68336017716302,7.94748518907445,8.59031154187782,8.57386034188752
