"","cue","log","id","rho","burst","iota_N1","iota_N2","phi_N1","phi_N2","fitness_rho","fitness_beta","fitness_psin","fitness_psiw","fitness_phin","fitness_phiw"
"4839","G","none",4839,0.2544254,3.91497163,22.6256946,0.87504273,0.01420806,1294.92301,8.58742961291569,2.05813255540627,8.44904773259589,8.4990649151988,8.67283513149517,8.57962086998859
