"","cue","log","id","rho","burst","iota_N1","iota_N2","phi_N1","phi_N2","fitness_rho","fitness_beta","fitness_psin","fitness_psiw","fitness_phin","fitness_phiw"
"4904","G","none",4904,0.30667566,4.00435515,4.6715897,0.74605592,0.16445215,506.366142,8.60682838811987,2.54871190354235,8.65861243292168,8.81280587141031,7.04471370478028,8.59253135200045
