"","cue","log","id","rho","burst","iota_N1","iota_N2","phi_N1","phi_N2","fitness_rho","fitness_beta","fitness_psin","fitness_psiw","fitness_phin","fitness_phiw"
"4331","G","none",4331,0.21667233,4.60152204,12.64883,2.83578587,0.19129553,10262.2432,8.57004270371088,5.26640405727436,8.65940714849841,3.93373686630458,6.71098025417573,8.57228024522576
