"","cue","log","id","rho","burst","iota_N1","iota_N2","phi_N1","phi_N2","fitness_rho","fitness_beta","fitness_psin","fitness_psiw","fitness_phin","fitness_phiw"
"1865","G","none",1865,0.25570243,4.64046593,8.07904896,2.07650958,0.28984254,8463.03265,8.58796316909572,5.42428248012149,8.67694090868327,4.97213681895558,5.65837392517912,8.57250457560838
