"","cue","log","id","rho","burst","iota_N1","iota_N2","phi_N1","phi_N2","fitness_rho","fitness_beta","fitness_psin","fitness_psiw","fitness_phin","fitness_phiw"
"2564","G","none",2564,0.32131817,4.05160296,44.5648659,0.6955853,0.02034595,944.483281,8.61148955087677,2.80475161646258,7.90504174790466,8.89214395117845,8.67912536872605,8.58271837414719
