"","iter","rho","burst","iota_N1","iota_N2","phi_N1","phi_N2","max_fitness_rho","max_fitness_beta","max_fitness_psin","max_fitness_psiw","max_fitness_phin","max_fitness_phiw","id"
"687",687,0.29738739,4.00815129,234.75519,0.8316262,0.00279892,24.1835078,8.60371055973258,2.5694448920088,4.38066195474169,8.62234449141859,8.58071630666823,8.91002073280225,"G_none"
