"","cue","log","id","rho","burst","iota_N1","iota_N2","phi_N1","phi_N2","fitness_rho","fitness_beta","fitness_psin","fitness_psiw","fitness_phin","fitness_phiw"
"3254","G","none",3254,0.28040256,4.04687198,17.5278841,0.77616283,0.05501645,144.336553,8.5976586789464,2.77934469652925,8.57261570619574,8.75550255897138,8.36199533095788,8.64340950561138
