"","cue","log","id","rho","burst","iota_N1","iota_N2","phi_N1","phi_N2","fitness_rho","fitness_beta","fitness_psin","fitness_psiw","fitness_phin","fitness_phiw"
"854","G","none",854,0.27384312,4.06228588,6.30310723,0.92442656,0.0965048,35.6124256,8.59519351697257,2.86190482138741,8.66972682351239,8.34721214632767,7.8781309793671,8.82323667635466
