"","cue","log","id","rho","burst","iota_N1","iota_N2","phi_N1","phi_N2","fitness_rho","fitness_beta","fitness_psin","fitness_psiw","fitness_phin","fitness_phiw"
"1627","G","none",1627,0.32088078,5.43061274,85.1438878,1.05490373,0.00758331,1675.19173,8.61135275079378,8.14284501766978,6.84536159647014,7.92279428918972,8.64531852614412,8.57772255540229
