"","cue","log","id","rho","burst","iota_N1","iota_N2","phi_N1","phi_N2","fitness_rho","fitness_beta","fitness_psin","fitness_psiw","fitness_phin","fitness_phiw"
"4639","G","none",4639,0.36656058,5.60640339,10.7791556,1.03425234,0.03859161,394.866554,8.62417051093272,8.45035848066257,8.67490005848008,7.99099222278347,8.5551201234362,8.5984442881623
