"","cue","log","id","rho","burst","iota_N1","iota_N2","phi_N1","phi_N2","fitness_rho","fitness_beta","fitness_psin","fitness_psiw","fitness_phin","fitness_phiw"
"3172","G","none",3172,0.42486109,4.7633817,25.7485106,0.40626589,0.01394546,487.777377,8.63742743452239,5.93105387964885,8.36993604760021,8.98949938437816,8.67225539726698,8.59333711516882
