"","cue","log","id","rho","burst","iota_N1","iota_N2","phi_N1","phi_N2","fitness_rho","fitness_beta","fitness_psin","fitness_psiw","fitness_phin","fitness_phiw"
"2739","G","none",2739,0.32034924,3.89149146,36.2980392,0.8540653,0.01934539,74.9524226,8.61118969406871,1.93030531623471,8.10771691090982,8.56021004257919,8.67943594679332,8.70405062060328
