"","iter","rho","burst","iota_N1","iota_N2","phi_N1","phi_N2","max_fitness_rho","max_fitness_beta","max_fitness_psin","max_fitness_psiw","max_fitness_phin","max_fitness_phiw","id"
"735",735,0.25616683,3.96981009,13.2574623,0.8445644,0.03580807,229.792495,8.58815247883323,2.35926666898461,8.65182534222617,8.58697976474532,8.58471631820147,8.61739951212296,"G_none"
