"","cue","log","id","rho","burst","iota_N1","iota_N2","phi_N1","phi_N2","fitness_rho","fitness_beta","fitness_psin","fitness_psiw","fitness_phin","fitness_phiw"
"1457","G","none",1457,0.17577301,4.64745823,30.0702323,1.74845672,0.09214269,1116.91117,8.54693472640059,5.45276712529902,8.26130115556178,5.71405923238751,7.92891654733389,8.58095113643443
