"","cue","log","id","rho","burst","iota_N1","iota_N2","phi_N1","phi_N2","fitness_rho","fitness_beta","fitness_psin","fitness_psiw","fitness_phin","fitness_phiw"
"2360","G","none",2360,0.20954832,3.90405139,37.4457177,0.76874344,0.00784113,955.74095,8.56637491652042,1.99854105081214,8.07963553817931,8.77062982812837,8.64744435502738,8.58258267493556
