"","cue","log","id","rho","burst","iota_N1","iota_N2","phi_N1","phi_N2","fitness_rho","fitness_beta","fitness_psin","fitness_psiw","fitness_phin","fitness_phiw"
"4960","G","none",4960,0.3418757,4.67203144,8.57506838,0.55543824,0.02829076,55.51194,8.61754971646046,5.55323760197153,8.67806437693215,9.1125988194836,8.6498547878439,8.74473653609654
