"","cue","log","id","rho","burst","iota_N1","iota_N2","phi_N1","phi_N2","fitness_rho","fitness_beta","fitness_psin","fitness_psiw","fitness_phin","fitness_phiw"
"4237","G","none",4237,0.35186966,5.56311095,31.0876608,1.08557802,0.01641291,293.648514,8.62031354452371,8.38410718873417,8.2359943109271,7.82113527225272,8.67698211029118,8.60759603680968
