"","cue","log","id","rho","burst","iota_N1","iota_N2","phi_N1","phi_N2","fitness_rho","fitness_beta","fitness_psin","fitness_psiw","fitness_phin","fitness_phiw"
"2373","G","none",2373,0.28193415,3.90856545,17.8723415,0.82599548,0.02171537,12356.9,8.59822459730024,2.02314560218404,8.56485487603473,8.6373018902718,8.67754553014827,8.5721002237042
