"","cue","log","id","rho","burst","iota_N1","iota_N2","phi_N1","phi_N2","fitness_rho","fitness_beta","fitness_psin","fitness_psiw","fitness_phin","fitness_phiw"
"147","G","none",147,0.28367615,3.9875755,8.77917798,0.67714877,0.05506799,2891.26083,8.59885987732561,2.45683611603306,8.67836231317789,8.92232159795626,8.36137459628567,8.57499022274148
