"","iter","rho","burst","iota_N1","iota_N2","phi_N1","phi_N2","max_fitness_rho","max_fitness_beta","max_fitness_psin","max_fitness_psiw","max_fitness_phin","max_fitness_phiw","id"
"872",872,0.207592,3.9555515,11.7551973,0.8652406,0.0483479,3400.3856,8.56533833545525,2.28085295346879,8.66832700337653,8.52795390978526,8.4418594010584,8.57442783746636,"G_none"
