"","cue","log","id","rho","burst","iota_N1","iota_N2","phi_N1","phi_N2","fitness_rho","fitness_beta","fitness_psin","fitness_psiw","fitness_phin","fitness_phiw"
"4789","G","none",4789,0.39202006,5.41132072,13.395483,0.96019461,0.08137464,294.886814,8.63033079728718,8.10257390214776,8.64994236757511,8.23296169090966,8.05346505603336,8.60745210851178
