"","cue","log","id","rho","burst","iota_N1","iota_N2","phi_N1","phi_N2","fitness_rho","fitness_beta","fitness_psin","fitness_psiw","fitness_phin","fitness_phiw"
"1294","G","none",1294,0.37271372,4.71633558,15.8440394,0.46434876,0.01283177,48.0730353,8.62571768174218,5.73575116073104,8.60823965893068,9.12739868930792,8.6695997545965,8.76768428178887
