"","cue","log","id","rho","burst","iota_N1","iota_N2","phi_N1","phi_N2","fitness_rho","fitness_beta","fitness_psin","fitness_psiw","fitness_phin","fitness_phiw"
"2686","G","none",2686,0.37587241,4.66979594,3.99924719,0.52632902,0.08658817,401.595039,8.62649937154303,5.54407408098512,8.65062094905144,9.14654086291487,7.99325303852085,8.59799390207321
