"","iter","rho","burst","iota_N1","iota_N2","phi_N1","phi_N2","max_fitness_rho","max_fitness_beta","max_fitness_psin","max_fitness_psiw","max_fitness_phin","max_fitness_phiw","id"
"325",325,0.36777229,5.39423162,57.3761535,1.28399233,0.01592533,486.239513,8.62447704532444,8.06574346056016,7.58140478247178,7.15723351517841,8.67619307602061,8.59340013826759,"G_none"
