"","cue","log","id","rho","burst","iota_N1","iota_N2","phi_N1","phi_N2","fitness_rho","fitness_beta","fitness_psin","fitness_psiw","fitness_phin","fitness_phiw"
"3060","G","none",3060,0.27106146,6.1371197,18.2228956,2.17359842,0.04460672,319.168549,8.59412297358645,8.50469815274421,8.55680962293255,4.79737586177902,8.48629438124381,8.6047557575872
