"","iter","rho","burst","iota_N1","iota_N2","phi_N1","phi_N2","max_fitness_rho","max_fitness_beta","max_fitness_psin","max_fitness_psiw","max_fitness_phin","max_fitness_phiw","id"
"269",269,0.18815157,4.56986215,8.78155847,2.29721036,0.20854721,105.960834,8.55447617505644,5.13886610382387,8.67836608007092,4.598094848218,6.5037985506721,8.66781968026761,"G_none"
