"","cue","log","id","rho","burst","iota_N1","iota_N2","phi_N1","phi_N2","fitness_rho","fitness_beta","fitness_psin","fitness_psiw","fitness_phin","fitness_phiw"
"3372","G","none",3372,0.45657836,6.00079274,86.6446012,1.75394315,0.01059501,502.95012,8.64349611172126,8.66438566993474,6.80598285643562,5.6995055642468,8.66279254853863,8.59267505787328
