"","iter","rho","burst","iota_N1","iota_N2","phi_N1","phi_N2","max_fitness_rho","max_fitness_beta","max_fitness_psin","max_fitness_psiw","max_fitness_phin","max_fitness_phiw","id"
"45",45,0.28965634,3.85883144,39.3163319,0.72654761,0.01154613,281.307805,8.60101613734233,1.75497510404669,8.0338885978821,8.84481916178114,8.66602217155206,8.60915745675798,"G_none"
