"","iter","rho","burst","iota_N1","iota_N2","phi_N1","phi_N2","max_fitness_rho","max_fitness_beta","max_fitness_psin","max_fitness_psiw","max_fitness_phin","max_fitness_phiw","id"
"545",545,0.12597646,4.6326122,103.734591,1.97642558,0.01410101,328.074338,8.51054841285839,5.39233751099365,6.37496967372084,5.1719768298936,8.67260253788483,8.60386548583201,"G_none"
