"","cue","log","id","rho","burst","iota_N1","iota_N2","phi_N1","phi_N2","fitness_rho","fitness_beta","fitness_psin","fitness_psiw","fitness_phin","fitness_phiw"
"2210","G","none",2210,0.28862544,4.00033384,8.82209748,0.98089855,0.08607094,543.923484,8.60064769077262,2.52672773319272,8.67841324799437,8.16586130036058,7.99923267391901,8.59107816222363
