"","cue","log","id","rho","burst","iota_N1","iota_N2","phi_N1","phi_N2","fitness_rho","fitness_beta","fitness_psin","fitness_psiw","fitness_phin","fitness_phiw"
"522","G","none",522,0.38377567,6.46964216,11.767723,1.48216623,0.0617773,1837.68946,8.62840783884669,7.63092042132214,8.66822213459655,6.50230119340681,8.28158427663278,8.57714678914101
