"","cue","log","id","rho","burst","iota_N1","iota_N2","phi_N1","phi_N2","fitness_rho","fitness_beta","fitness_psin","fitness_psiw","fitness_phin","fitness_phiw"
"3197","G","none",3197,0.21596732,4.4788487,64.2109083,2.44386125,0.03587459,5658.32128,8.56968547790748,4.77334557857907,7.40248960371333,4.38928234024045,8.58403495780492,8.57314623296305
