"","cue","log","id","rho","burst","iota_N1","iota_N2","phi_N1","phi_N2","fitness_rho","fitness_beta","fitness_psin","fitness_psiw","fitness_phin","fitness_phiw"
"685","G","none",685,0.26733623,5.56364834,36.0329239,0.95522334,0.00886301,266.879017,8.59267056160703,8.38496806566799,8.1142050650611,8.24898056530406,8.65454383136349,8.6111541838626
