"","cue","log","id","rho","burst","iota_N1","iota_N2","phi_N1","phi_N2","fitness_rho","fitness_beta","fitness_psin","fitness_psiw","fitness_phin","fitness_phiw"
"3328","G","none",3328,0.32973848,4.65468338,12.0590466,0.49981242,0.02742876,624.692868,8.61403592813531,5.48225195576798,8.66559917583886,9.15776665201768,8.65532260341176,8.58853807053459
