"","cue","log","id","rho","burst","iota_N1","iota_N2","phi_N1","phi_N2","fitness_rho","fitness_beta","fitness_psin","fitness_psiw","fitness_phin","fitness_phiw"
"1957","G","none",1957,0.38420514,5.4140434,17.5769969,0.95051887,0.03130845,457.491563,8.62851003876312,8.10834045666235,8.57151858703747,8.26410682440667,8.62704901800655,8.594771445146
