"","cue","log","id","rho","burst","iota_N1","iota_N2","phi_N1","phi_N2","fitness_rho","fitness_beta","fitness_psin","fitness_psiw","fitness_phin","fitness_phiw"
"1584","G","none",1584,0.46187873,6.17035012,8.92728122,1.78959378,0.12209606,122.13137,8.64444175896085,8.43214095267142,8.67851761850371,5.60675680877189,7.57300034275701,8.6557782679908
