"","cue","log","id","rho","burst","iota_N1","iota_N2","phi_N1","phi_N2","fitness_rho","fitness_beta","fitness_psin","fitness_psiw","fitness_phin","fitness_phiw"
"2607","G","none",2607,0.30826271,4.02432166,21.563818,0.67598534,0.03047757,1954.98155,8.60734710696472,2.65748116845411,8.47575315001083,8.92434945193381,8.63385512640272,8.57679277862562
