"","cue","log","id","rho","burst","iota_N1","iota_N2","phi_N1","phi_N2","fitness_rho","fitness_beta","fitness_psin","fitness_psiw","fitness_phin","fitness_phiw"
"471","G","none",471,0.24247145,3.97711467,10.1713151,0.87308681,0.02946164,2227.5316,8.58227305254352,2.39941008057899,8.67731300490754,8.50487134244136,8.64165067899647,8.57611366974993
