"","cue","log","id","rho","burst","iota_N1","iota_N2","phi_N1","phi_N2","fitness_rho","fitness_beta","fitness_psin","fitness_psiw","fitness_phin","fitness_phiw"
"2980","G","none",2980,0.46931386,4.85549758,14.2050234,0.45656515,0.01999664,9895.02474,8.64574011529591,6.31358653205042,8.63781137047115,9.114551012616,8.67931214435664,8.57231906410127
