"","cue","log","id","rho","burst","iota_N1","iota_N2","phi_N1","phi_N2","fitness_rho","fitness_beta","fitness_psin","fitness_psiw","fitness_phin","fitness_phiw"
"452","G","none",452,0.27622735,3.88897331,41.5295906,0.56909071,0.01864864,2246.38431,8.59609981699022,1.9166728254052,7.9796986629189,9.09410551252733,8.67927519904824,8.57606884283056
