"","cue","log","id","rho","burst","iota_N1","iota_N2","phi_N1","phi_N2","fitness_rho","fitness_beta","fitness_psin","fitness_psiw","fitness_phin","fitness_phiw"
"2585","G","none",2585,0.20347562,4.65221085,60.9480051,2.14406762,0.03572008,12902.9952,8.56313518189027,5.472155649571,7.48837741766978,4.84869702326467,8.58561831595314,8.572063788615
