"","cue","log","id","rho","burst","iota_N1","iota_N2","phi_N1","phi_N2","fitness_rho","fitness_beta","fitness_psin","fitness_psiw","fitness_phin","fitness_phiw"
"3504","G","none",3504,0.2841235,5.89889704,36.0932046,1.97359383,0.02927274,765.325772,8.59902739764409,8.67118081147131,8.112730183757,5.17794983455668,8.64303302681818,8.585385049331
