"","cue","log","id","rho","burst","iota_N1","iota_N2","phi_N1","phi_N2","fitness_rho","fitness_beta","fitness_psin","fitness_psiw","fitness_phin","fitness_phiw"
"2428","G","none",2428,0.41228738,4.82487931,5.88438298,0.40937605,0.03324948,88.1733439,8.63481884695394,6.18691111360625,8.6674666578698,8.99939136170649,8.60981279296386,8.68574886672827
