"","cue","log","id","rho","burst","iota_N1","iota_N2","phi_N1","phi_N2","fitness_rho","fitness_beta","fitness_psin","fitness_psiw","fitness_phin","fitness_phiw"
"2669","G","none",2669,0.14522134,4.82280044,20.0151088,2.16478912,0.0959232,169.379272,8.52589206850696,6.17828304162849,8.51409979131027,4.81252535933636,7.88491658141253,8.63318511467761
