"","cue","log","id","rho","burst","iota_N1","iota_N2","phi_N1","phi_N2","fitness_rho","fitness_beta","fitness_psin","fitness_psiw","fitness_phin","fitness_phiw"
"2861","G","none",2861,0.23109532,4.56619215,22.3058666,2.08813543,0.10234246,361.868082,8.57707922123842,5.12411784786065,8.45711353377542,4.95027319977528,7.80968940133724,8.60087655698059
