"","iter","rho","burst","iota_N1","iota_N2","phi_N1","phi_N2","max_fitness_rho","max_fitness_beta","max_fitness_psin","max_fitness_psiw","max_fitness_phin","max_fitness_phiw","id"
"960",960,0.49653988,6.16120774,14.1599675,2.25346028,0.13346372,152.183403,8.65021513296266,8.45366519742658,8.63853386480613,4.66592491384766,7.43321537894779,8.63986047848145,"G_none"
