"","cue","log","id","rho","burst","iota_N1","iota_N2","phi_N1","phi_N2","fitness_rho","fitness_beta","fitness_psin","fitness_psiw","fitness_phin","fitness_phiw"
"2009","G","none",2009,0.23394553,4.56776694,100.341799,2.21798177,0.03461891,376.570264,8.57840347934599,5.13044736674535,6.45747627968514,4.72304988167656,8.59667604233048,8.59973983119479
