"","cue","log","id","rho","burst","iota_N1","iota_N2","phi_N1","phi_N2","fitness_rho","fitness_beta","fitness_psin","fitness_psiw","fitness_phin","fitness_phiw"
"2949","G","none",2949,0.30246856,4.11357957,8.90405816,0.86321856,0.05829432,417.557498,8.60543549483445,3.13133300331675,8.67849624183385,8.5338481829924,8.3228861278918,8.59698845840747
