"","cue","log","id","rho","burst","iota_N1","iota_N2","phi_N1","phi_N2","fitness_rho","fitness_beta","fitness_psin","fitness_psiw","fitness_phin","fitness_phiw"
"4398","G","none",4398,0.44265756,6.06714535,11.8196136,2.0279646,0.14374944,5479.17053,8.6409200460038,8.61407508463507,8.66777661337705,5.06641232725589,7.30501669382665,8.57321034709005
