"","cue","log","id","rho","burst","iota_N1","iota_N2","phi_N1","phi_N2","fitness_rho","fitness_beta","fitness_psin","fitness_psiw","fitness_phin","fitness_phiw"
"3958","G","none",3958,0.26334416,4.86105514,12.6823539,0.74514412,0.01926101,18.89174,8.591087095864,6.33647365067405,8.65901684033173,8.81437894653359,8.67943628236364,8.97303604647392
