"","iter","rho","burst","iota_N1","iota_N2","phi_N1","phi_N2","max_fitness_rho","max_fitness_beta","max_fitness_psin","max_fitness_psiw","max_fitness_phin","max_fitness_phiw","id"
"353",353,0.3137356,4.68206628,28.9589099,1.93691616,0.1164657,355.798063,8.6091105675902,5.59442833818755,8.28906026065737,5.25693824063943,7.64130142426748,8.60136756207651,"G_none"
