"","iter","rho","burst","iota_N1","iota_N2","phi_N1","phi_N2","max_fitness_rho","max_fitness_beta","max_fitness_psin","max_fitness_psiw","max_fitness_phin","max_fitness_phiw","id"
"615",615,0.36449266,3.94123977,7.51910272,0.82583934,0.05285987,206.58777,8.6236392978186,2.20216214854872,8.67511585863383,8.63771473465578,8.38781454420856,8.62241006405213,"G_none"
