"","cue","log","id","rho","burst","iota_N1","iota_N2","phi_N1","phi_N2","fitness_rho","fitness_beta","fitness_psin","fitness_psiw","fitness_phin","fitness_phiw"
"1265","G","none",1265,0.22574601,4.56013359,49.4032387,2.06517562,0.06054822,647.569084,8.57452405189861,5.09978254873283,7.7846493102161,4.9937175400852,8.29612598494914,8.58793333365308
