"","cue","log","id","rho","burst","iota_N1","iota_N2","phi_N1","phi_N2","fitness_rho","fitness_beta","fitness_psin","fitness_psiw","fitness_phin","fitness_phiw"
"2091","G","none",2091,0.35648818,3.91738142,20.9519123,0.93671461,0.03280359,225.633523,8.62155113636502,2.07130929747857,8.4910140600694,8.30825216459209,8.61392527829579,8.61822494921679
