"","cue","log","id","rho","burst","iota_N1","iota_N2","phi_N1","phi_N2","fitness_rho","fitness_beta","fitness_psin","fitness_psiw","fitness_phin","fitness_phiw"
"1997","G","none",1997,0.21146892,4.87787289,11.3527738,1.98864192,0.15209,170.467344,8.56737513096856,6.40547956159991,8.67144631906958,5.14642657090155,7.20029898305765,8.63280661860453
