"","cue","log","id","rho","burst","iota_N1","iota_N2","phi_N1","phi_N2","fitness_rho","fitness_beta","fitness_psin","fitness_psiw","fitness_phin","fitness_phiw"
"3489","G","none",3489,0.27889689,3.99468261,13.5502478,0.90712037,0.02262409,47.991651,8.59710011189506,2.49579395570246,8.64776875005528,8.40140976115335,8.67571125786507,8.7679704150452
