"","cue","log","id","rho","burst","iota_N1","iota_N2","phi_N1","phi_N2","fitness_rho","fitness_beta","fitness_psin","fitness_psiw","fitness_phin","fitness_phiw"
"2881","G","none",2881,0.30844119,5.422272,58.1202223,1.10541687,0.01296792,1076.55525,8.60740705643206,8.12560258670517,7.56211668440856,7.75518879376008,8.66994118148336,8.58131563807295
