"","cue","log","id","rho","burst","iota_N1","iota_N2","phi_N1","phi_N2","fitness_rho","fitness_beta","fitness_psin","fitness_psiw","fitness_phin","fitness_phiw"
"1856","G","none",1856,0.24607152,4.14269589,7.33724373,0.6927829,0.05133101,4913.18324,8.58385694509204,3.28007144289871,8.67442019028792,8.89652989369768,8.40614406436908,8.57343962246683
