"","cue","log","id","rho","burst","iota_N1","iota_N2","phi_N1","phi_N2","fitness_rho","fitness_beta","fitness_psin","fitness_psiw","fitness_phin","fitness_phiw"
"1387","G","none",1387,0.28093096,5.55138385,8.72639494,0.97560641,0.05719819,740.615581,8.59785571936407,8.36511171366805,8.67829503826864,8.18306645435963,8.33594100416046,8.5858551242204
