"","iter","rho","burst","iota_N1","iota_N2","phi_N1","phi_N2","max_fitness_rho","max_fitness_beta","max_fitness_psin","max_fitness_psiw","max_fitness_phin","max_fitness_phiw","id"
"869",869,0.19828768,4.82169388,19.6595056,1.99504905,0.09904516,6901.52279,8.56028123286981,6.17368818527861,8.5227512196408,5.13315943290879,7.84842148628185,8.57280128096179,"G_none"
