"","cue","log","id","rho","burst","iota_N1","iota_N2","phi_N1","phi_N2","fitness_rho","fitness_beta","fitness_psin","fitness_psiw","fitness_phin","fitness_phiw"
"4020","G","none",4020,0.39292902,5.78439405,82.4309929,1.84504398,0.01466633,771.317788,8.63054127662976,8.63780389722255,6.91696956431741,5.46881441410082,8.67380873602266,8.58527629141269
