"","cue","log","id","rho","burst","iota_N1","iota_N2","phi_N1","phi_N2","fitness_rho","fitness_beta","fitness_psin","fitness_psiw","fitness_phin","fitness_phiw"
"3198","G","none",3198,0.34117607,5.81161246,38.6658993,2.02252612,0.03331359,653.846009,8.61735342820965,8.65040673838533,8.04979567503318,5.07727564850737,8.60921418052006,8.58777461665046
