"","cue","log","id","rho","burst","iota_N1","iota_N2","phi_N1","phi_N2","fitness_rho","fitness_beta","fitness_psin","fitness_psiw","fitness_phin","fitness_phiw"
"2379","G","none",2379,0.40093082,3.97744311,169.173945,0.77843357,0.00572535,6675.89776,8.63234861036214,2.40121591471689,5.13971602003221,8.75073333456729,8.62553672178632,8.57285229507251
