"","cue","log","id","rho","burst","iota_N1","iota_N2","phi_N1","phi_N2","fitness_rho","fitness_beta","fitness_psin","fitness_psiw","fitness_phin","fitness_phiw"
"3763","G","none",3763,0.27819407,5.59793946,5.87039696,1.10719049,0.1137321,313.313112,8.59683714026218,8.4378929331809,8.6673937497383,7.74928606728481,7.67422466429036,8.60536881201676
