"","cue","log","id","rho","burst","iota_N1","iota_N2","phi_N1","phi_N2","fitness_rho","fitness_beta","fitness_psin","fitness_psiw","fitness_phin","fitness_phiw"
"2549","G","none",2549,0.24675602,4.52074485,42.5370029,1.96581062,0.08029926,957.227639,8.58415566206699,4.94174283901204,7.95497638394466,5.19444928120401,8.06587979205777,8.58256561409653
