"","cue","log","id","rho","burst","iota_N1","iota_N2","phi_N1","phi_N2","fitness_rho","fitness_beta","fitness_psin","fitness_psiw","fitness_phin","fitness_phiw"
"2066","G","none",2066,0.34236724,4.01257449,19.1463913,0.7642245,0.03671417,14121.5119,8.61768919443178,2.59357462074743,8.53509678026241,8.77951441352953,8.57530215188251,8.57199100731832
