"","cue","log","id","rho","burst","iota_N1","iota_N2","phi_N1","phi_N2","fitness_rho","fitness_beta","fitness_psin","fitness_psiw","fitness_phin","fitness_phiw"
"3630","G","none",3630,0.533769,6.14657386,56.8054298,1.79327435,0.01688569,559.876524,8.65569320241757,8.48559367739861,7.59615810784882,5.59736057180793,8.67765858205461,8.59052164108553
