"","cue","log","id","rho","burst","iota_N1","iota_N2","phi_N1","phi_N2","fitness_rho","fitness_beta","fitness_psin","fitness_psiw","fitness_phin","fitness_phiw"
"3469","G","none",3469,0.27754633,5.43976276,19.6575924,1.08781821,0.01405611,11264.5415,8.59659631963182,8.16146719031536,8.52279856635751,7.81369606391286,8.67250511104124,8.57218634998212
