"","cue","log","id","rho","burst","iota_N1","iota_N2","phi_N1","phi_N2","fitness_rho","fitness_beta","fitness_psin","fitness_psiw","fitness_phin","fitness_phiw"
"741","G","none",741,0.50190469,3.92432309,5.57613702,0.52859825,0.14214482,96.8371259,8.6510480806952,2.10931434794801,8.66562263476508,9.14449033014537,7.32510010059514,8.67625580616848
