"","iter","rho","burst","iota_N1","iota_N2","phi_N1","phi_N2","max_fitness_rho","max_fitness_beta","max_fitness_psin","max_fitness_psiw","max_fitness_phin","max_fitness_phiw","id"
"981",981,0.34980693,3.9189339,42.2455259,0.86041451,0.01352513,288.607438,8.6197523274363,2.079803824957,7.96213293165234,8.54197828301889,8.67128902037196,8.60822070874514,"G_none"
