"","cue","log","id","rho","burst","iota_N1","iota_N2","phi_N1","phi_N2","fitness_rho","fitness_beta","fitness_psin","fitness_psiw","fitness_phin","fitness_phiw"
"2753","G","none",2753,0.21987663,4.518756,19.4984677,2.1627531,0.14963521,8890.49452,8.5716500777658,4.93376448812293,8.52664577853161,4.81604471846962,7.23116629746962,8.57244423016712
