"","cue","log","id","rho","burst","iota_N1","iota_N2","phi_N1","phi_N2","fitness_rho","fitness_beta","fitness_psin","fitness_psiw","fitness_phin","fitness_phiw"
"50","G","none",50,0.26370631,3.89914799,7.63888323,0.74239277,0.09586232,195.564636,8.591228847734,1.97185973349227,8.67554858311135,8.8190794357782,7.88562478469533,8.62519288494559
