"","cue","log","id","rho","burst","iota_N1","iota_N2","phi_N1","phi_N2","fitness_rho","fitness_beta","fitness_psin","fitness_psiw","fitness_phin","fitness_phiw"
"4849","G","none",4849,0.35270844,5.51375793,16.4788032,0.8625107,0.0145051,112.771357,8.62053834654941,8.30116730330558,8.59532223811726,8.53590363178323,8.67347367453213,8.66235385213716
