"","cue","log","id","rho","burst","iota_N1","iota_N2","phi_N1","phi_N2","fitness_rho","fitness_beta","fitness_psin","fitness_psiw","fitness_phin","fitness_phiw"
"586","G","none",586,0.33333538,4.63862552,8.31817892,0.57327899,0.02445681,96.3232082,8.61509642967721,5.41679234058535,8.67754428648191,9.08851711754395,8.67004191728105,8.67677357991962
