"","cue","log","id","rho","burst","iota_N1","iota_N2","phi_N1","phi_N2","fitness_rho","fitness_beta","fitness_psin","fitness_psiw","fitness_phin","fitness_phiw"
"733","G","none",733,0.37032221,5.45592599,17.2337373,1.02931376,0.0511713,2890.84591,8.62511829072065,8.1936210879568,8.57913571418002,8.0072654310246,8.40805181532923,8.57499311934058
