"","cue","log","id","rho","burst","iota_N1","iota_N2","phi_N1","phi_N2","fitness_rho","fitness_beta","fitness_psin","fitness_psiw","fitness_phin","fitness_phiw"
"1756","G","none",1756,0.39184891,4.70765343,44.19203,0.45847913,0.00859337,43.6091431,8.63029548238122,5.69985655013299,7.91423857739957,9.11788425270196,8.65286082276745,8.7845729947113
