"","cue","log","id","rho","burst","iota_N1","iota_N2","phi_N1","phi_N2","fitness_rho","fitness_beta","fitness_psin","fitness_psiw","fitness_phin","fitness_phiw"
"4880","G","none",4880,0.27615545,4.01975592,32.8884028,0.86478742,0.01915341,918.178934,8.59607080351967,2.63267336695591,8.19144954299817,8.52927942461762,8.67942343904614,8.58304558605452
