"","cue","log","id","rho","burst","iota_N1","iota_N2","phi_N1","phi_N2","fitness_rho","fitness_beta","fitness_psin","fitness_psiw","fitness_phin","fitness_phiw"
"1579","G","none",1579,0.37363095,5.436855,4.01044854,1.10384249,0.16788525,158.088141,8.6259466536703,8.15558327237014,8.65078030721684,7.76043043005518,7.0015798390644,8.637411042625
