"","cue","log","id","rho","burst","iota_N1","iota_N2","phi_N1","phi_N2","fitness_rho","fitness_beta","fitness_psin","fitness_psiw","fitness_phin","fitness_phiw"
"4042","G","none",4042,0.428384,4.71110408,70.8660061,0.49929915,0.00481492,1330.03897,8.6381373846332,5.71411428819161,7.22548201048208,9.15769853294663,8.61305996376711,8.57940103301948
