"","cue","log","id","rho","burst","iota_N1","iota_N2","phi_N1","phi_N2","fitness_rho","fitness_beta","fitness_psin","fitness_psiw","fitness_phin","fitness_phiw"
"207","G","none",207,0.19857084,3.92564345,17.1193635,0.89447802,0.01950406,3644.952,8.56043788179588,2.11655268585894,8.58163910991163,8.44039457587073,8.67943333295024,8.57421231711683
