"","cue","log","id","rho","burst","iota_N1","iota_N2","phi_N1","phi_N2","fitness_rho","fitness_beta","fitness_psin","fitness_psiw","fitness_phin","fitness_phiw"
"2763","G","none",2763,0.26598822,3.96974069,50.638874,0.93474062,0.00573574,130.097432,8.59213983274003,2.35888550677084,7.75356480880991,8.31453538749047,8.62566643039063,8.65088143707215
