"","cue","log","id","rho","burst","iota_N1","iota_N2","phi_N1","phi_N2","fitness_rho","fitness_beta","fitness_psin","fitness_psiw","fitness_phin","fitness_phiw"
"2467","G","none",2467,0.31261479,5.48286984,18.8578598,1.02595627,0.0230517,153.781318,8.6087546841697,8.24515991179416,8.5419610109918,8.0183216887929,8.67462691033179,8.63918161032167
