"","iter","rho","burst","iota_N1","iota_N2","phi_N1","phi_N2","max_fitness_rho","max_fitness_beta","max_fitness_psin","max_fitness_psiw","max_fitness_phin","max_fitness_phiw","id"
"719",719,0.23784262,4.39442122,22.8052849,2.57955745,0.11685337,12867.9543,8.58019275180785,4.42856758942322,8.4445136050699,4.21725302342821,7.63662054226378,8.5720642608668,"G_none"
