"","cue","log","id","rho","burst","iota_N1","iota_N2","phi_N1","phi_N2","fitness_rho","fitness_beta","fitness_psin","fitness_psiw","fitness_phin","fitness_phiw"
"3055","G","none",3055,0.34368493,5.80973338,8.97943296,0.94345808,0.03951445,1219.05104,8.61805975177873,8.64966422519731,8.67855716244294,8.2867306561038,8.5449088408321,8.58014368253633
