"","cue","log","id","rho","burst","iota_N1","iota_N2","phi_N1","phi_N2","fitness_rho","fitness_beta","fitness_psin","fitness_psiw","fitness_phin","fitness_phiw"
"2003","G","none",2003,0.15917286,4.78687988,21.9108158,1.81992201,0.06467918,937.454183,8.53596143822901,6.02888175531824,8.46705315999914,5.53035568550611,8.24738605281901,8.58280370968184
