"","cue","log","id","rho","burst","iota_N1","iota_N2","phi_N1","phi_N2","fitness_rho","fitness_beta","fitness_psin","fitness_psiw","fitness_phin","fitness_phiw"
"2499","G","none",2499,0.41826874,4.01479918,147.337727,0.64964425,0.00455079,1420.09329,8.63607633385576,2.6056956242882,5.48120365638888,8.9742622143406,8.60913968815616,8.57888160796932
