"","iter","rho","burst","iota_N1","iota_N2","phi_N1","phi_N2","max_fitness_rho","max_fitness_beta","max_fitness_psin","max_fitness_psiw","max_fitness_phin","max_fitness_phiw","id"
"3",3,0.27710708,3.92125347,45.580983,0.90451433,0.01225722,560.416518,8.59643115232979,2.09250123902499,7.87991676404322,8.40949306269931,8.66808496894125,8.59050318246403,"G_none"
