"","cue","log","id","rho","burst","iota_N1","iota_N2","phi_N1","phi_N2","fitness_rho","fitness_beta","fitness_psin","fitness_psiw","fitness_phin","fitness_phiw"
"1928","G","none",1928,0.38435907,4.13566338,28.6487332,0.72347602,0.0193071,279.452743,8.62854496983516,3.24444697133085,8.29682935208067,8.84960107908635,8.67943718298027,8.60940134723733
