"","cue","log","id","rho","burst","iota_N1","iota_N2","phi_N1","phi_N2","fitness_rho","fitness_beta","fitness_psin","fitness_psiw","fitness_phin","fitness_phiw"
"2737","G","none",2737,0.31253276,5.63641107,16.5086821,0.99426476,0.03378509,340.588933,8.60872898428592,8.4925445085284,8.59470441676977,8.12227853951279,8.60476034572573,8.60269185434126
