"","cue","log","id","rho","burst","iota_N1","iota_N2","phi_N1","phi_N2","fitness_rho","fitness_beta","fitness_psin","fitness_psiw","fitness_phin","fitness_phiw"
"2574","G","none",2574,0.4888982,6.11466953,10.8011729,1.75385256,0.11100713,765.98218,8.6490016575343,8.54579794614368,8.67478996604797,5.69974486669085,7.70688181714176,8.58537496790507
