"","cue","log","id","rho","burst","iota_N1","iota_N2","phi_N1","phi_N2","fitness_rho","fitness_beta","fitness_psin","fitness_psiw","fitness_phin","fitness_phiw"
"2609","G","none",2609,0.22406222,4.67986717,93.9520203,2.11992757,0.02059768,971.298747,8.57371054267229,5.58539254738012,6.61727546412203,4.8918164060112,8.67893691524296,8.58240276068786
