"","cue","log","id","rho","burst","iota_N1","iota_N2","phi_N1","phi_N2","fitness_rho","fitness_beta","fitness_psin","fitness_psiw","fitness_phin","fitness_phiw"
"1558","G","none",1558,0.39090406,4.86335946,12.8353558,0.47601861,0.02223059,4854.50296,8.63007684158086,6.34595270828829,8.65720429972895,9.14290212965627,8.6765833985775,8.57346477746951
