"","cue","log","id","rho","burst","iota_N1","iota_N2","phi_N1","phi_N2","fitness_rho","fitness_beta","fitness_psin","fitness_psiw","fitness_phin","fitness_phiw"
"4620","G","none",4620,0.53415285,6.10305535,23.5958116,2.06976815,0.05795661,487.397072,8.65574641465525,8.56483445965042,8.4245072124545,4.98494287464888,8.32690718656222,8.5933486538332
