"","cue","log","id","rho","burst","iota_N1","iota_N2","phi_N1","phi_N2","fitness_rho","fitness_beta","fitness_psin","fitness_psiw","fitness_phin","fitness_phiw"
"211","G","none",211,0.34736324,5.40747829,9.20362763,1.06741317,0.03773833,6631.6931,8.61908051121876,8.09438934975513,8.67864848873633,7.88138662724253,8.56440193282858,8.57286469483302
