"","cue","log","id","rho","burst","iota_N1","iota_N2","phi_N1","phi_N2","fitness_rho","fitness_beta","fitness_psin","fitness_psiw","fitness_phin","fitness_phiw"
"4443","G","none",4443,0.45703103,3.91466394,1.96879435,0.76286261,0.3822659,205.771834,8.64357736608639,2.05644994006748,8.60193063477022,8.78214611118001,4.95912623975888,8.62260526302142
