"","cue","log","id","rho","burst","iota_N1","iota_N2","phi_N1","phi_N2","fitness_rho","fitness_beta","fitness_psin","fitness_psiw","fitness_phin","fitness_phiw"
"2783","G","none",2783,0.18964618,4.63977743,124.477256,1.79404432,0.01767267,550.700141,8.5553485256568,5.42147925784709,5.91089131312599,5.59539827360996,8.67857141901933,8.59083706242555
