"","cue","log","id","rho","burst","iota_N1","iota_N2","phi_N1","phi_N2","fitness_rho","fitness_beta","fitness_psin","fitness_psiw","fitness_phin","fitness_phiw"
"3353","G","none",3353,0.18485139,4.518867,14.902643,2.11752732,0.15766135,217.943088,8.55251326669136,4.93420951277545,8.62596916383064,4.89616006707365,7.13017904663725,8.61983356987823
