"","cue","log","id","rho","burst","iota_N1","iota_N2","phi_N1","phi_N2","fitness_rho","fitness_beta","fitness_psin","fitness_psiw","fitness_phin","fitness_phiw"
"3357","G","none",3357,0.39223747,4.10048889,4.89537078,0.78780765,0.13957042,612.670894,8.63038511622067,3.06342223304869,8.66064932038355,8.73039848117421,7.35726694899008,8.58887396765946
