"","cue","log","id","rho","burst","iota_N1","iota_N2","phi_N1","phi_N2","fitness_rho","fitness_beta","fitness_psin","fitness_psiw","fitness_phin","fitness_phiw"
"3079","G","none",3079,0.29977265,5.55479948,3.13101229,1.19935289,0.13435297,137.833472,8.60452273497498,8.37069142676451,8.63462547083929,7.44131754570457,7.42219263795818,8.64664104296766
