"","iter","rho","burst","iota_N1","iota_N2","phi_N1","phi_N2","max_fitness_rho","max_fitness_beta","max_fitness_psin","max_fitness_psiw","max_fitness_phin","max_fitness_phiw","id"
"406",406,0.37467144,4.78788537,17.9629174,0.53691733,0.01326622,2698.69925,8.62620330351029,6.0330693541089,8.56278556467712,9.13586127170721,8.67067461933944,8.57526113028849,"G_none"
