"","iter","rho","burst","iota_N1","iota_N2","phi_N1","phi_N2","max_fitness_rho","max_fitness_beta","max_fitness_psin","max_fitness_psiw","max_fitness_phin","max_fitness_phiw","id"
"750",750,0.26530097,6.02324685,79.0958187,2.16403657,0.01143662,7881.85415,8.59186692247168,8.65309035906273,7.00558703385439,4.81382366629425,8.66568379439431,8.57260073033946,"G_none"
