"","cue","log","id","rho","burst","iota_N1","iota_N2","phi_N1","phi_N2","fitness_rho","fitness_beta","fitness_psin","fitness_psiw","fitness_phin","fitness_phiw"
"66","G","none",66,0.59616148,5.97302348,22.1003478,2.20600697,0.08803456,249.4994,8.66350360437409,8.67190022776866,8.46228513315936,4.74278264047848,7.9765284621653,8.61385842429778
