"","cue","log","id","rho","burst","iota_N1","iota_N2","phi_N1","phi_N2","fitness_rho","fitness_beta","fitness_psin","fitness_psiw","fitness_phin","fitness_phiw"
"2002","G","none",2002,0.43035628,4.87723669,12.3706854,0.46239789,0.02929246,5149.15233,8.63853174228915,6.40287683301834,8.66247202544793,9.12436194456239,8.64288802979414,8.57333830977708
