"","cue","log","id","rho","burst","iota_N1","iota_N2","phi_N1","phi_N2","fitness_rho","fitness_beta","fitness_psin","fitness_psiw","fitness_phin","fitness_phiw"
"4701","G","none",4701,0.19421322,3.93500896,14.089271,0.738561,0.03048324,1077.41066,8.5579827389971,2.16793366790166,8.63965841166243,8.82549783650462,8.6338085146535,8.58130493611131
