"","cue","log","id","rho","burst","iota_N1","iota_N2","phi_N1","phi_N2","fitness_rho","fitness_beta","fitness_psin","fitness_psiw","fitness_phin","fitness_phiw"
"3161","G","none",3161,0.2670989,4.44226213,32.1265052,1.94850059,0.0667337,863.048845,8.59257928554899,4.62519522347711,8.21025989281749,5.2316516353101,8.22329226494135,8.58379429687191
