"","cue","log","id","rho","burst","iota_N1","iota_N2","phi_N1","phi_N2","fitness_rho","fitness_beta","fitness_psin","fitness_psiw","fitness_phin","fitness_phiw"
"2084","G","none",2084,0.40231187,3.90769133,35.1329151,0.72447878,0.03160585,150.773766,8.63265445296338,2.01837895399231,8.13626301161163,8.84804323778351,8.62452430591053,8.64047365061065
