"","cue","log","id","rho","burst","iota_N1","iota_N2","phi_N1","phi_N2","fitness_rho","fitness_beta","fitness_psin","fitness_psiw","fitness_phin","fitness_phiw"
"3993","G","none",3993,0.34109253,3.94262368,42.3389915,1.07269012,0.01702834,112.109604,8.61733131931691,2.20976886327386,7.95983885898527,7.86389521335733,8.67784166293403,8.66285785891965
