"","cue","log","id","rho","burst","iota_N1","iota_N2","phi_N1","phi_N2","fitness_rho","fitness_beta","fitness_psin","fitness_psiw","fitness_phin","fitness_phiw"
"4157","G","none",4157,0.14173102,4.61049863,57.433621,2.53851459,0.03200667,97.1882392,8.52324199810114,5.30268449593465,7.57991433204052,4.26742116756232,8.62105202908277,8.67590562127877
