"","cue","log","id","rho","burst","iota_N1","iota_N2","phi_N1","phi_N2","fitness_rho","fitness_beta","fitness_psin","fitness_psiw","fitness_phin","fitness_phiw"
"4897","G","none",4897,0.28825465,5.3723053,10.0453937,1.4677561,0.08152149,466.258434,8.6005150817859,8.01686820292847,8.67765466216523,6.54871704985111,8.05176888686607,8.59433766338214
