"","cue","log","id","rho","burst","iota_N1","iota_N2","phi_N1","phi_N2","fitness_rho","fitness_beta","fitness_psin","fitness_psiw","fitness_phin","fitness_phiw"
"330","G","none",330,0.37689617,6.19710231,5.55900803,1.88564402,0.15027773,601.391376,8.62674801303826,8.36156262373413,8.6655129474985,5.3726564733463,7.22308971982688,8.58920365145852
