"","cue","log","id","rho","burst","iota_N1","iota_N2","phi_N1","phi_N2","fitness_rho","fitness_beta","fitness_psin","fitness_psiw","fitness_phin","fitness_phiw"
"2886","G","none",2886,0.3197641,5.90095741,13.9992796,2.34117589,0.0565191,141.573747,8.61100614740636,8.67143583573484,8.64106694903254,4.5326411653102,8.34404113680997,8.64474903316328
