"","cue","log","id","rho","burst","iota_N1","iota_N2","phi_N1","phi_N2","fitness_rho","fitness_beta","fitness_psin","fitness_psiw","fitness_phin","fitness_phiw"
"2095","G","none",2095,0.30996484,5.64508255,22.1736028,1.03440203,0.02104862,1106.57785,8.60790202400099,8.50411131104905,8.46044705374919,7.99049874417238,8.67848742575961,8.58104555957561
