"","cue","log","id","rho","burst","iota_N1","iota_N2","phi_N1","phi_N2","fitness_rho","fitness_beta","fitness_psin","fitness_psiw","fitness_phin","fitness_phiw"
"1723","I+Ig","log10",1723,0.35270549,5.48345452,4.2692311,1.15445466,0.09386312,3612.22222,9.60716486415669,9.10767531971822,9.72218520420511,8.27394890790836,8.58599815330471,9.5527286498735
