"","cue","log","id","rho","burst","iota_N1","iota_N2","phi_N1","phi_N2","fitness_rho","fitness_beta","fitness_psin","fitness_psiw","fitness_phin","fitness_phiw"
"538","I+Ig","log10",538,0.33527299,4.91822154,7.52653093,0.45969962,0.02970983,60.0308954,9.60231156035231,6.65103860362489,9.73628561678548,10.1046280945927,9.64074383382296,9.76905102253056
