"","cue","log","id","rho","burst","iota_N1","iota_N2","phi_N1","phi_N2","fitness_rho","fitness_beta","fitness_psin","fitness_psiw","fitness_phin","fitness_phiw"
"2512","I+Ig","log10",2512,0.41097835,4.79441948,8.9574591,0.48993669,0.00945309,9.27323507,9.62019739924266,6.01461857574545,9.72679859446451,10.1574979695645,9.72575127378192,10.32409948719
