"","cue","log","id","rho","burst","iota_N1","iota_N2","phi_N1","phi_N2","fitness_rho","fitness_beta","fitness_psin","fitness_psiw","fitness_phin","fitness_phiw"
"4702","I+Ig","log10",4702,0.42205675,4.64553965,2.92918393,0.52806639,0.09835282,1178.41657,9.6222163788058,5.26824974561902,9.69752249057018,10.1896853278329,8.5054386995306,9.56125535619474
