"","cue","log","id","rho","burst","iota_N1","iota_N2","phi_N1","phi_N2","fitness_rho","fitness_beta","fitness_psin","fitness_psiw","fitness_phin","fitness_phiw"
"205","I+Ig","log10",205,0.44416643,5.72585124,209.51016,1.12315308,0.0035542,42.4625663,9.62587797679611,9.58023711684912,4.73966673746654,8.41330703621692,9.66261565710739,9.84457404992531
