"","cue","log","id","rho","burst","iota_N1","iota_N2","phi_N1","phi_N2","fitness_rho","fitness_beta","fitness_psin","fitness_psiw","fitness_phin","fitness_phiw"
"469","I+Ig","none",469,0.23997653,5.56461807,9.26231264,1.24464208,0.02952114,289.550197,8.83945229260744,7.97714958568916,6.14436046578902,6.45463339638179,7.6924624230815,8.87872263941557
