"","cue","log","id","rho","burst","iota_N1","iota_N2","phi_N1","phi_N2","fitness_rho","fitness_beta","fitness_psin","fitness_psiw","fitness_phin","fitness_phiw"
"4997","I+Ig","none",4997,0.20203879,4.60516859,70.0905462,2.34906972,0.03883753,1115.2384,8.78081559237085,5.53127969955443,6.27214810284638,4.14704390058932,8.70859593449883,8.8430455056143
