"","iter","rho","burst","iota_N1","iota_N2","phi_N1","phi_N2","max_fitness_rho","max_fitness_beta","max_fitness_psin","max_fitness_psiw","max_fitness_phin","max_fitness_phiw","id"
"662",662,0.27080917,3.89375564,94.0191331,0.83766016,0.00751135,531.57831,9.57912738119282,2.29680141505834,6.92040027664886,9.59477277189628,9.7116237369321,9.57645597063037,"I+Ig_log"
