"","iter","rho","burst","iota_N1","iota_N2","phi_N1","phi_N2","max_fitness_rho","max_fitness_beta","max_fitness_psin","max_fitness_psiw","max_fitness_phin","max_fitness_phiw","id"
"866",866,0.31105338,3.87154218,18.2067003,0.90261848,0.06337823,3753.07093,9.59466151181865,2.23157489306285,9.53287201156573,9.35538644703423,9.13289383700856,9.55257210331172,"I+Ig_log"
