"","cue","log","id","rho","burst","iota_N1","iota_N2","phi_N1","phi_N2","fitness_rho","fitness_beta","fitness_psin","fitness_psiw","fitness_phin","fitness_phiw"
"2305","I+Ig","log10",2305,0.27316778,5.59928338,26.2431419,0.96046771,0.01356795,2097.35182,9.58014816551624,9.39166006086601,9.26896628412713,9.12264141209762,9.73830432214571,9.55571931451426
