"","cue","log","id","rho","burst","iota_N1","iota_N2","phi_N1","phi_N2","fitness_rho","fitness_beta","fitness_psin","fitness_psiw","fitness_phin","fitness_phiw"
"1705","I+Ig","log10",1705,0.35716469,5.46994202,877.495772,1.15173327,0.00069682,378.994568,9.60832639005386,9.06810644549316,1.70441524811673,8.28604526186671,9.60701498500881,9.58745592989852
