"","iter","rho","burst","iota_N1","iota_N2","phi_N1","phi_N2","max_fitness_rho","max_fitness_beta","max_fitness_psin","max_fitness_psiw","max_fitness_phin","max_fitness_phiw","id"
"71",71,0.15765045,4.66844095,24.4907867,1.88728936,0.06070281,5406.33342,9.50522964830665,5.38078029111424,9.33056503905238,5.69573767789813,9.17937590909226,9.55135287741137,"I+Ig_log"
