"","cue","log","id","rho","burst","iota_N1","iota_N2","phi_N1","phi_N2","fitness_rho","fitness_beta","fitness_psin","fitness_psiw","fitness_phin","fitness_phiw"
"1388","I+Ig","log10",1388,0.3449579,4.03469017,150.815981,0.81378769,0.00395212,200.966971,9.60507021012774,2.73983322454913,5.63406854936835,9.67566219274265,9.66891953096071,9.62058255759766
