"","cue","log","id","rho","burst","iota_N1","iota_N2","phi_N1","phi_N2","fitness_rho","fitness_beta","fitness_psin","fitness_psiw","fitness_phin","fitness_phiw"
"1441","I+Ig","none",1441,0.271064,5.6070272,17.4186434,1.02128192,0.01151692,1151.71933,8.85964498100838,8.20461447635719,8.81386091110459,7.50714781709516,5.86705958028866,8.84260092247827
