"","cue","log","id","rho","burst","iota_N1","iota_N2","phi_N1","phi_N2","fitness_rho","fitness_beta","fitness_psin","fitness_psiw","fitness_phin","fitness_phiw"
"3034","I+Ig","log10",3034,0.2940227,4.59176301,14.0051417,0.56604263,0.03523024,960.147412,9.58856141848705,5.00805251748506,9.64266999740577,10.1887052715284,9.57518289755913,9.56411250367606
