"","cue","log","id","rho","burst","iota_N1","iota_N2","phi_N1","phi_N2","fitness_rho","fitness_beta","fitness_psin","fitness_psiw","fitness_phin","fitness_phiw"
"3818","I+Ig","log10",3818,0.26048367,3.98775558,46.5309343,0.86971222,0.01097567,902.390869,9.57446162734223,2.58661675895871,8.50118327594699,9.47994564800981,9.7329431574578,9.56509814674238
