"","cue","log","id","rho","burst","iota_N1","iota_N2","phi_N1","phi_N2","fitness_rho","fitness_beta","fitness_psin","fitness_psiw","fitness_phin","fitness_phiw"
"3673","I+Ig","none",3673,0.40162188,5.57184729,9.90593559,1.08767481,0.08144747,4175.29664,8.50509514952059,8.0133793968837,6.21036859315827,7.1309867579713,7.13328842042805,8.83245085930245
