"","cue","log","id","rho","burst","iota_N1","iota_N2","phi_N1","phi_N2","fitness_rho","fitness_beta","fitness_psin","fitness_psiw","fitness_phin","fitness_phiw"
"538","I+Ig","none",538,0.33527299,4.91822154,7.52653093,0.45969962,0.02970983,60.0308954,8.79878275157212,6.14393528160513,6.00613725406364,5.78436636787118,7.75446797152242,8.82696697062327
