"","cue","log","id","rho","burst","iota_N1","iota_N2","phi_N1","phi_N2","fitness_rho","fitness_beta","fitness_psin","fitness_psiw","fitness_phin","fitness_phiw"
"3120","I+Ig","none",3120,0.39863356,6.18600666,15.5350903,1.89886364,0.07403897,132.835893,8.52500246247399,4.55117218393027,8.74254149032326,4.80748139481629,7.28999307843302,8.91361537510471
