"","cue","log","id","rho","burst","iota_N1","iota_N2","phi_N1","phi_N2","fitness_rho","fitness_beta","fitness_psin","fitness_psiw","fitness_phin","fitness_phiw"
"4884","I+Ig","none",4884,0.41986842,6.27541697,37.546554,1.59811934,0.02894498,315.286969,8.37312662201641,4.1270996176059,7.17208189574475,5.42129515870525,7.51332337892398,8.87525085650781
