"","iter","rho","burst","iota_N1","iota_N2","phi_N1","phi_N2","max_fitness_rho","max_fitness_beta","max_fitness_psin","max_fitness_psiw","max_fitness_phin","max_fitness_phiw","id"
"862",862,0.34913632,4.63677488,3.32430156,0.5051407,0.09496073,640.855073,8.76138847167094,5.59022919334447,5.70302146934846,5.89895748121357,6.89651135635482,8.85318333059596,"I+Ig_none"
