"","cue","log","id","rho","burst","iota_N1","iota_N2","phi_N1","phi_N2","fitness_rho","fitness_beta","fitness_psin","fitness_psiw","fitness_phin","fitness_phiw"
"2950","I+Ig","log10",2950,0.38557725,4.8313638,7.21453985,0.42591601,0.03806125,230.22562,9.61505465164848,6.20390506829633,9.7372484916638,10.0150515938842,9.53763934206843,9.61173931302207
