"","iter","rho","burst","iota_N1","iota_N2","phi_N1","phi_N2","max_fitness_rho","max_fitness_beta","max_fitness_psin","max_fitness_psiw","max_fitness_phin","max_fitness_phiw","id"
"414",414,0.35055381,6.09513438,231.283549,2.05546411,0.00311683,3046.66568,8.75694179141446,5.03248828005167,4.56521797502416,4.54957930542377,5.54986058786633,8.83391436791689,"I+Ig_none"
