"","cue","log","id","rho","burst","iota_N1","iota_N2","phi_N1","phi_N2","fitness_rho","fitness_beta","fitness_psin","fitness_psiw","fitness_phin","fitness_phiw"
"3857","I+Ig","none",3857,0.22454409,4.62766493,40.9969962,2.21472689,0.0518045,718.593422,8.81982172018439,5.57320894916534,7.03335924924479,4.31987721429193,7.99349777223965,8.85066161279125
