"","cue","log","id","rho","burst","iota_N1","iota_N2","phi_N1","phi_N2","fitness_rho","fitness_beta","fitness_psin","fitness_psiw","fitness_phin","fitness_phiw"
"2288","I+Ig","log10",2288,0.30150641,3.92019396,5.2673858,0.89437513,0.20607065,353.13362,9.59132296389705,2.37604774006345,9.73269337445425,9.38717706125727,6.8375995558448,9.59023921292152
