"","cue","log","id","rho","burst","iota_N1","iota_N2","phi_N1","phi_N2","fitness_rho","fitness_beta","fitness_psin","fitness_psiw","fitness_phin","fitness_phiw"
"3655","I+Ig","none",3655,0.36002226,5.48543738,17.0894314,1.09015343,0.04583713,28643.1104,8.7240868605404,7.63540342528182,8.83892660962712,7.11830184677518,8.29289831495587,8.82903864657038
