"","cue","log","id","rho","burst","iota_N1","iota_N2","phi_N1","phi_N2","fitness_rho","fitness_beta","fitness_psin","fitness_psiw","fitness_phin","fitness_phiw"
"912","I+Ig","log10",912,0.31527855,5.83994436,33.6127757,1.9825426,0.02409559,491.096445,9.59608114045607,9.6319198811687,8.99629105527526,5.46567420389429,9.69404195009938,9.5787175403397
