"","cue","log","id","rho","burst","iota_N1","iota_N2","phi_N1","phi_N2","fitness_rho","fitness_beta","fitness_psin","fitness_psiw","fitness_phin","fitness_phiw"
"4494","I+Ig","none",4494,0.39415923,6.23221927,29.7444413,2.05241962,0.0486178,175.674977,8.55364929291288,4.31756900121277,7.58103099166455,4.55426856745746,8.14516813451493,8.9016637623644
