"","cue","log","id","rho","burst","iota_N1","iota_N2","phi_N1","phi_N2","fitness_rho","fitness_beta","fitness_psin","fitness_psiw","fitness_phin","fitness_phiw"
"4957","I+Ig","none",4957,0.45159902,5.46794542,10.0107316,1.14732622,0.09824444,82992.0691,8.13208483815206,7.57060503357357,6.22215487108916,6.84672885874072,6.84598774615641,8.82865812354468
