"","cue","log","id","rho","burst","iota_N1","iota_N2","phi_N1","phi_N2","fitness_rho","fitness_beta","fitness_psin","fitness_psiw","fitness_phin","fitness_phiw"
"3836","I+Ig","none",3836,0.26723523,4.06345752,14.7517149,0.76991161,0.03308666,2779.77975,8.85865494490339,4.38072856793055,8.28119052026012,7.35153298922777,8.78455337311634,8.8344300111422
