"","cue","log","id","rho","burst","iota_N1","iota_N2","phi_N1","phi_N2","fitness_rho","fitness_beta","fitness_psin","fitness_psiw","fitness_phin","fitness_phiw"
"157","I+Ig","log10",157,0.23761509,5.52861937,17.4725993,1.25030783,0.01757042,1002.52648,9.56294679048221,9.2303909319194,9.55391100725824,7.85365738494779,9.73227118104356,9.56345869364123
