"","cue","log","id","rho","burst","iota_N1","iota_N2","phi_N1","phi_N2","fitness_rho","fitness_beta","fitness_psin","fitness_psiw","fitness_phin","fitness_phiw"
"4993","I+Ig","none",4993,0.44084415,5.30308274,94.9753476,1.07656844,0.0144796,3280.77533,8.21209897610321,7.06070711664634,5.86618229747843,7.18889847380256,5.96422037898444,8.83352785906665
