"","cue","log","id","rho","burst","iota_N1","iota_N2","phi_N1","phi_N2","fitness_rho","fitness_beta","fitness_psin","fitness_psiw","fitness_phin","fitness_phiw"
"3584","I+Ig","log10",3584,0.31157965,4.05979927,14.7368834,0.84779212,0.05043395,5658.01115,9.59484281986893,2.82417733051233,9.6255938102514,9.55921791093566,9.35155071549439,9.55122794186178
