"","cue","log","id","rho","burst","iota_N1","iota_N2","phi_N1","phi_N2","fitness_rho","fitness_beta","fitness_psin","fitness_psiw","fitness_phin","fitness_phiw"
"283","I+Ig","log10",283,0.29762381,5.42823843,247.227799,1.2183044,0.00314036,333.555313,9.58990514862372,8.93798472469716,4.30691347287268,7.99237454010709,9.6557069440471,9.59262779474573
