"","cue","log","id","rho","burst","iota_N1","iota_N2","phi_N1","phi_N2","fitness_rho","fitness_beta","fitness_psin","fitness_psiw","fitness_phin","fitness_phiw"
"3665","I+Ig","log10",3665,0.21589548,4.5489517,103.129273,1.99633777,0.01848148,1709.59317,9.55027515850953,4.80535228409405,6.67517460570462,5.43390538689122,9.72883304505346,9.55733185401222
