"","cue","log","id","rho","burst","iota_N1","iota_N2","phi_N1","phi_N2","fitness_rho","fitness_beta","fitness_psin","fitness_psiw","fitness_phin","fitness_phiw"
"1015","I+Ig","log10",1015,0.29875776,5.43813858,18.7058468,1.11428084,0.04909293,348.763004,9.59032222280892,8.96994597198388,9.51819019304325,8.45284774264173,9.37307938651186,9.59074691093488
