"","iter","rho","burst","iota_N1","iota_N2","phi_N1","phi_N2","max_fitness_rho","max_fitness_beta","max_fitness_psin","max_fitness_psiw","max_fitness_phin","max_fitness_phiw","id"
"695",695,0.16379564,4.53999903,154.860705,2.18914386,0.00957167,895.182982,8.68856819240087,5.41014091013596,5.19455935915186,4.35483330385528,5.80006941060409,8.84647717143998,"I+Ig_none"
