"","iter","rho","burst","iota_N1","iota_N2","phi_N1","phi_N2","max_fitness_rho","max_fitness_beta","max_fitness_psin","max_fitness_psiw","max_fitness_phin","max_fitness_phiw","id"
"567",567,0.35740746,4.12193121,4.65207089,0.80133569,0.08044537,239.917567,8.73370974081418,4.53671775135755,5.80522525899654,8.32333867494044,7.1531482675489,8.88695500210208,"I+Ig_none"
