"","iter","rho","burst","iota_N1","iota_N2","phi_N1","phi_N2","max_fitness_rho","max_fitness_beta","max_fitness_psin","max_fitness_psiw","max_fitness_phin","max_fitness_phiw","id"
"927",927,0.30117298,3.92561666,8.32550277,0.69868695,0.05327511,1500.97398,9.59120274930905,2.392520004441,9.73196809743436,9.99940425257898,9.30511060254573,9.55854290277552,"I+Ig_log"
