"","cue","log","id","rho","burst","iota_N1","iota_N2","phi_N1","phi_N2","fitness_rho","fitness_beta","fitness_psin","fitness_psiw","fitness_phin","fitness_phiw"
"3325","I+Ig","log10",3325,0.34745085,5.57732436,10.8661131,1.04348223,0.06172194,961.860597,9.60575253025578,9.34567526161469,9.70301822009387,8.76675929893653,9.16173091469174,9.56408374136414
