"","cue","log","id","rho","burst","iota_N1","iota_N2","phi_N1","phi_N2","fitness_rho","fitness_beta","fitness_psin","fitness_psiw","fitness_phin","fitness_phiw"
"2235","I+Ig","none",2235,0.22622344,3.86926575,2.07596883,0.89341916,0.15238618,172.563395,8.82224346967682,3.74615229798911,5.59966564128961,8.49545758984656,6.225285435596,8.90250566915707
