"","cue","log","id","rho","burst","iota_N1","iota_N2","phi_N1","phi_N2","fitness_rho","fitness_beta","fitness_psin","fitness_psiw","fitness_phin","fitness_phiw"
"1299","I+Ig","none",1299,0.39205398,3.89067149,7.5090922,0.64731491,0.07544686,212.158149,8.5665756529211,3.82641138819592,6.00491393574989,6.21452159607597,7.25831000788729,8.89267830081661
