"","cue","log","id","rho","burst","iota_N1","iota_N2","phi_N1","phi_N2","fitness_rho","fitness_beta","fitness_psin","fitness_psiw","fitness_phin","fitness_phiw"
"3215","I+Ig","none",3215,0.20025864,4.63141065,18.7259031,2.26293491,0.09218199,285.884475,8.7772302443435,5.58020398690123,8.66823347922841,4.25584717136856,6.94114391498395,8.87925587861981
