"","cue","log","id","rho","burst","iota_N1","iota_N2","phi_N1","phi_N2","fitness_rho","fitness_beta","fitness_psin","fitness_psiw","fitness_phin","fitness_phiw"
"4414","I+Ig","none",4414,0.38717344,4.66084643,13.3900239,0.495378,0.03564925,745.020159,8.59546092429704,5.6353365900486,7.2817587154514,5.87507892693155,8.8494312967353,8.84991721564897
