"","iter","rho","burst","iota_N1","iota_N2","phi_N1","phi_N2","max_fitness_rho","max_fitness_beta","max_fitness_psin","max_fitness_psiw","max_fitness_phin","max_fitness_phiw","id"
"914",914,0.31544737,4.04603243,18.4215296,0.72826984,0.02276708,2711.53469,9.59613563238116,2.77772868935903,9.52658837672362,9.92783281441177,9.70417821131608,9.55410687295086,"I+Ig_log"
