"","cue","log","id","rho","burst","iota_N1","iota_N2","phi_N1","phi_N2","fitness_rho","fitness_beta","fitness_psin","fitness_psiw","fitness_phin","fitness_phiw"
"1742","I+Ig","none",1742,0.23043271,4.15638094,2.22453554,0.76873888,0.0633948,416.4476,8.82801735850839,4.62273799363114,5.61227827743838,7.31939927480455,7.56838583479103,8.86516565190618
