"","cue","log","id","rho","burst","iota_N1","iota_N2","phi_N1","phi_N2","fitness_rho","fitness_beta","fitness_psin","fitness_psiw","fitness_phin","fitness_phiw"
"851","I+Ig","none",851,0.22034442,4.82470684,12.4717861,1.92146948,0.16149621,1012.48855,8.81345619045337,5.95201168720849,6.76249228526536,4.76802002063818,6.14521784490315,8.84447096495947
