"","cue","log","id","rho","burst","iota_N1","iota_N2","phi_N1","phi_N2","fitness_rho","fitness_beta","fitness_psin","fitness_psiw","fitness_phin","fitness_phiw"
"1181","I+Ig","log10",1181,0.15753636,4.70260711,61.7572585,2.05530138,0.02747674,1795.41194,9.5051225116132,5.55039856789365,7.939862469628,5.30225246611605,9.66379448588268,9.55691512549001
