"","cue","log","id","rho","burst","iota_N1","iota_N2","phi_N1","phi_N2","fitness_rho","fitness_beta","fitness_psin","fitness_psiw","fitness_phin","fitness_phiw"
"4095","I+Ig","none",4095,0.49530241,4.05526879,31.509609,0.75227057,0.02407122,2297.83319,7.85255859950469,4.35777854298326,7.4727542594271,6.92300367353492,6.43950163804945,8.83566307430886
