"","iter","rho","burst","iota_N1","iota_N2","phi_N1","phi_N2","max_fitness_rho","max_fitness_beta","max_fitness_psin","max_fitness_psiw","max_fitness_phin","max_fitness_phiw","id"
"787",787,0.30240539,5.49087008,14.226375,1.26894794,0.0375412,3910.25969,9.59164603361032,9.12883700485828,9.63761363735026,7.77384308465674,9.54471263159557,9.55241170853131,"I+Ig_log"
