"","cue","log","id","rho","burst","iota_N1","iota_N2","phi_N1","phi_N2","fitness_rho","fitness_beta","fitness_psin","fitness_psiw","fitness_phin","fitness_phiw"
"3264","I+Ig","log10",3264,0.31747704,6.24183561,17.1654574,1.90722912,0.04858697,122.127678,9.59680286147213,8.96588415717498,9.56250738376722,5.64597566295313,9.381132469709,9.66417452457123
