"","cue","log","id","rho","burst","iota_N1","iota_N2","phi_N1","phi_N2","fitness_rho","fitness_beta","fitness_psin","fitness_psiw","fitness_phin","fitness_phiw"
"4474","I+Ig","none",4474,0.35371491,4.7990302,664.76493,0.47871059,0.00040661,2189.88986,8.74660305809617,5.90093793621829,2.38582073263985,5.83326542065084,5.43654376715208,8.83601143089283
