"","cue","log","id","rho","burst","iota_N1","iota_N2","phi_N1","phi_N2","fitness_rho","fitness_beta","fitness_psin","fitness_psiw","fitness_phin","fitness_phiw"
"2284","I+Ig","log10",2284,0.36527309,4.77158113,3.8756102,0.57546327,0.04091611,26.7483056,9.61036183591195,5.89818867851154,9.71627279376043,10.1840387750905,9.4975731287802,9.97337991501257
