"","cue","log","id","rho","burst","iota_N1","iota_N2","phi_N1","phi_N2","fitness_rho","fitness_beta","fitness_psin","fitness_psiw","fitness_phin","fitness_phiw"
"3505","I+Ig","none",3505,0.27729184,5.56266899,19.3101805,1.32088189,0.02777311,285.020165,8.86029739075782,7.96755093241852,8.59319168897942,6.19004873162449,7.15896826093975,8.87938337699132
