"","cue","log","id","rho","burst","iota_N1","iota_N2","phi_N1","phi_N2","fitness_rho","fitness_beta","fitness_psin","fitness_psiw","fitness_phin","fitness_phiw"
"2162","I+Ig","none",2162,0.21644622,3.99135078,4.07218613,0.95016336,0.10921021,40.1375843,8.80716477307552,4.16813699137952,5.76161958084169,8.01140104020485,6.69191850415983,8.39242931552984
