"","cue","log","id","rho","burst","iota_N1","iota_N2","phi_N1","phi_N2","fitness_rho","fitness_beta","fitness_psin","fitness_psiw","fitness_phin","fitness_phiw"
"1206","I+Ig","log10",1206,0.41843343,6.09765503,14.2041673,2.16774916,0.09903328,191.118083,9.62156605699873,9.3323257079217,9.6381239141047,5.06842539465866,8.49326804266806,9.62414718946114
