"","cue","log","id","rho","burst","iota_N1","iota_N2","phi_N1","phi_N2","fitness_rho","fitness_beta","fitness_psin","fitness_psiw","fitness_phin","fitness_phiw"
"2818","I+Ig","log10",2818,0.41942892,4.83957074,15.2493197,0.51534521,0.03834174,236.189748,9.62174624030891,6.24607865357772,9.61306388722579,10.1829390637846,9.53379615378266,9.61019834927421
