"","iter","rho","burst","iota_N1","iota_N2","phi_N1","phi_N2","max_fitness_rho","max_fitness_beta","max_fitness_psin","max_fitness_psiw","max_fitness_phin","max_fitness_phiw","id"
"115",115,0.2528322,5.51186505,22.1154143,1.08980585,0.02801729,2141.85916,8.85107833999151,7.73968545936345,8.24283271315685,7.12007644952966,7.23202238367156,8.836178525836,"I+Ig_none"
