"","cue","log","id","rho","burst","iota_N1","iota_N2","phi_N1","phi_N2","fitness_rho","fitness_beta","fitness_psin","fitness_psiw","fitness_phin","fitness_phiw"
"4211","I+Ig","log10",4211,0.18420132,4.61707839,78.7700282,2.25952703,0.02304295,100.072049,9.52806621725851,5.12980572714981,7.37181222386966,4.89269645257156,9.70216060999963,9.68771363887472
