"","cue","log","id","rho","burst","iota_N1","iota_N2","phi_N1","phi_N2","fitness_rho","fitness_beta","fitness_psin","fitness_psiw","fitness_phin","fitness_phiw"
"1708","I+Ig","log10",1708,0.40917224,4.7404539,8.54001435,0.48513483,0.03067609,357.539055,9.6198553418916,5.74044206790715,9.73037725063589,10.1507883365012,9.63009765789526,9.58973959654171
