"","cue","log","id","rho","burst","iota_N1","iota_N2","phi_N1","phi_N2","fitness_rho","fitness_beta","fitness_psin","fitness_psiw","fitness_phin","fitness_phiw"
"500","I+Ig","none",500,0.24790548,3.96749861,9.65090388,0.84476445,0.06955471,2443.71782,8.84714727870679,4.09222547743509,6.18294224963818,8.85113837971188,7.39805510034402,8.83523876374393
