"","cue","log","id","rho","burst","iota_N1","iota_N2","phi_N1","phi_N2","fitness_rho","fitness_beta","fitness_psin","fitness_psiw","fitness_phin","fitness_phiw"
"1307","I+Ig","log10",1307,0.23553387,4.64606428,10.3824315,1.77205924,0.20522562,755.214212,9.56180835046603,5.27081478109305,9.71010623139586,6.00137699479442,6.84844615202166,9.56828634378511
