"","iter","rho","burst","iota_N1","iota_N2","phi_N1","phi_N2","max_fitness_rho","max_fitness_beta","max_fitness_psin","max_fitness_psiw","max_fitness_phin","max_fitness_phiw","id"
"490",490,0.41916249,4.67007424,8.41238555,0.57263322,0.03735807,1234.16818,8.37846237044746,5.65269884333789,6.07134274513533,6.05052778821387,8.78684298031284,8.84168518773092,"I+Ig_none"
