"","cue","log","id","rho","burst","iota_N1","iota_N2","phi_N1","phi_N2","fitness_rho","fitness_beta","fitness_psin","fitness_psiw","fitness_phin","fitness_phiw"
"2639","I+Ig","log10",2639,0.18489427,4.45348797,23.3696888,2.42253646,0.10835049,482.359875,9.52860684512309,4.36899197225407,9.3690093240125,4.60961453838833,8.32796397233859,9.57925553356679
