"","cue","log","id","rho","burst","iota_N1","iota_N2","phi_N1","phi_N2","fitness_rho","fitness_beta","fitness_psin","fitness_psiw","fitness_phin","fitness_phiw"
"1682","I+Ig","log10",1682,0.2495118,4.04267434,4.02770484,0.85421996,0.10911835,778.358096,9.56915215405212,2.76647387104891,9.71868262200633,9.5362983462086,8.31446904122263,9.56770480597732
