"","cue","log","id","rho","burst","iota_N1","iota_N2","phi_N1","phi_N2","fitness_rho","fitness_beta","fitness_psin","fitness_psiw","fitness_phin","fitness_phiw"
"3741","I+Ig","log10",3741,0.32080384,3.91840288,22.9585521,0.68966152,0.02130715,350.234465,9.59787914003541,2.37062241041464,9.38289377907276,10.0194314011489,9.71403212406991,9.59057565304855
