"","cue","log","id","rho","burst","iota_N1","iota_N2","phi_N1","phi_N2","fitness_rho","fitness_beta","fitness_psin","fitness_psiw","fitness_phin","fitness_phiw"
"2131","I+Ig","log10",2131,0.28728738,5.63647151,12.1284234,0.9178519,0.03973199,898.15667,9.5859632361834,9.46079385200453,9.68152996824597,9.29566742429046,9.51444077157707,9.56517535840449
