"","cue","log","id","rho","burst","iota_N1","iota_N2","phi_N1","phi_N2","fitness_rho","fitness_beta","fitness_psin","fitness_psiw","fitness_phin","fitness_phiw"
"330","I+Ig","log10",330,0.37689617,6.19710231,5.55900803,1.88564402,0.15027773,601.391376,9.61311837124073,9.08999513010254,9.73463895899516,5.69988163083841,7.62927821131311,9.57326166934749
