"","iter","rho","burst","iota_N1","iota_N2","phi_N1","phi_N2","max_fitness_rho","max_fitness_beta","max_fitness_psin","max_fitness_psiw","max_fitness_phin","max_fitness_phiw","id"
"48",48,0.45461511,6.11210943,40.3575844,1.84070977,0.03308028,12146.814,9.62745255556082,9.30054244528519,8.73780807027972,5.81547938761088,9.60202546849299,9.54981259652334,"I+Ig_log"
