"","cue","log","id","rho","burst","iota_N1","iota_N2","phi_N1","phi_N2","fitness_rho","fitness_beta","fitness_psin","fitness_psiw","fitness_phin","fitness_phiw"
"1977","I+Ig","none",1977,0.30397675,3.94984075,5.38003109,0.80960154,0.12060186,1063.60459,8.8484729555481,4.03408044448206,5.85789223946827,8.61183083536523,6.55079408095952,8.84373128395138
