"","cue","log","id","rho","burst","iota_N1","iota_N2","phi_N1","phi_N2","fitness_rho","fitness_beta","fitness_psin","fitness_psiw","fitness_phin","fitness_phiw"
"4365","I+Ig","none",4365,0.44546298,3.97324479,17.1692766,0.60149166,0.0490631,491.580972,8.17734460635008,4.11078390767951,8.83355446397691,6.1105520212383,8.12286390757459,8.86005800964812
