"","cue","log","id","rho","burst","iota_N1","iota_N2","phi_N1","phi_N2","fitness_rho","fitness_beta","fitness_psin","fitness_psiw","fitness_phin","fitness_phiw"
"829","I+Ig","log10",829,0.34309538,5.7057625,4.5499769,1.00055096,0.06814109,1029.14106,9.60454971970647,9.55928339278879,9.72577278619765,8.95328773533833,9.04901790299032,9.56307865347232
