"","cue","log","id","rho","burst","iota_N1","iota_N2","phi_N1","phi_N2","fitness_rho","fitness_beta","fitness_psin","fitness_psiw","fitness_phin","fitness_phiw"
"1862","I+Ig","log10",1862,0.23402586,3.93125156,8.21905536,0.78486491,0.06436253,425.784813,9.56097578234682,2.40971640245961,9.73269114187907,9.76786597616509,9.11566993093596,9.58326181257624
