"","cue","log","id","rho","burst","iota_N1","iota_N2","phi_N1","phi_N2","fitness_rho","fitness_beta","fitness_psin","fitness_psiw","fitness_phin","fitness_phiw"
"881","I+Ig","log10",881,0.22289165,4.57226619,7.25087202,2.02871427,0.31086679,357.918604,9.55456065572512,4.91522903997606,9.73715856986774,5.36080477384444,5.71643024193393,9.58969564933595
