"","cue","log","id","rho","burst","iota_N1","iota_N2","phi_N1","phi_N2","fitness_rho","fitness_beta","fitness_psin","fitness_psiw","fitness_phin","fitness_phiw"
"2697","I+Ig","log10",2697,0.17655001,3.73753732,47.6780302,0.8669132,0.00732119,957.194284,9.52192712431572,1.86360920756235,8.45757248649797,9.49024300449801,9.7099177898678,9.56415854571235
