"","cue","log","id","rho","burst","iota_N1","iota_N2","phi_N1","phi_N2","fitness_rho","fitness_beta","fitness_psin","fitness_psiw","fitness_phin","fitness_phiw"
"2844","I+Ig","none",2844,0.31573835,6.26756716,15.139193,1.92462829,0.0416308,157.045292,8.83484030439696,4.15987905376381,8.57061988864883,4.7625697738554,8.54086908522524,8.90683132906342
