"","cue","log","id","rho","burst","iota_N1","iota_N2","phi_N1","phi_N2","fitness_rho","fitness_beta","fitness_psin","fitness_psiw","fitness_phin","fitness_phiw"
"4645","I+Ig","none",4645,0.29377848,5.46857672,11.4911453,1.09585456,0.0541775,420.742425,8.8559425859821,7.57288774302891,6.44736796925143,7.08944046888097,7.89180843917947,8.86483069559952
