"","cue","log","id","rho","burst","iota_N1","iota_N2","phi_N1","phi_N2","fitness_rho","fitness_beta","fitness_psin","fitness_psiw","fitness_phin","fitness_phiw"
"2745","I+Ig","log10",2745,0.18989578,3.85197253,22.1673853,0.85649528,0.01567655,204.233369,9.53242624053779,2.17511944949512,9.40926326994072,9.52812004917207,9.73707980122984,9.61947455405004
