"","cue","log","id","rho","burst","iota_N1","iota_N2","phi_N1","phi_N2","fitness_rho","fitness_beta","fitness_psin","fitness_psiw","fitness_phin","fitness_phiw"
"3276","I+Ig","log10",3276,0.51931024,6.23629503,24.6977175,1.92021857,0.0821599,2205.46702,9.63540646334957,8.98165686802561,9.32338246194379,5.61402721505866,8.79729649176869,9.55537072154973
