"","iter","rho","burst","iota_N1","iota_N2","phi_N1","phi_N2","max_fitness_rho","max_fitness_beta","max_fitness_psin","max_fitness_psiw","max_fitness_phin","max_fitness_phiw","id"
"485",485,0.09750066,4.41262283,37.6580915,2.66770448,0.05488289,210.35789,9.43317423323133,4.18922801660783,8.84162249059058,4.24200911459758,9.27838041987301,9.61748760381024,"I+Ig_log"
