"","cue","log","id","rho","burst","iota_N1","iota_N2","phi_N1","phi_N2","fitness_rho","fitness_beta","fitness_psin","fitness_psiw","fitness_phin","fitness_phiw"
"1935","I+Ig","log10",1935,0.3463859,3.93104736,37.8532327,0.88348428,0.01502763,80.4246688,9.60546353731517,2.40909022055972,8.83412581746875,9.42858912509894,9.73794517817285,9.71850589382463
