"","iter","rho","burst","iota_N1","iota_N2","phi_N1","phi_N2","max_fitness_rho","max_fitness_beta","max_fitness_psin","max_fitness_psiw","max_fitness_phin","max_fitness_phiw","id"
"549",549,0.31141694,3.98503815,16.0302889,0.85307465,0.01977135,94.750717,9.59478472378209,2.57791979738892,9.59312968533183,9.54040160735079,9.72281703427058,9.69489717095991,"I+Ig_log"
