"","cue","log","id","rho","burst","iota_N1","iota_N2","phi_N1","phi_N2","fitness_rho","fitness_beta","fitness_psin","fitness_psiw","fitness_phin","fitness_phiw"
"2763","I+Ig","none",2763,0.26598822,3.96974069,50.638874,0.93474062,0.00573574,130.097432,8.85823628876485,4.09948656803487,6.72094842925773,8.13723165733595,5.65625463098935,8.91432520459338
