"","iter","rho","burst","iota_N1","iota_N2","phi_N1","phi_N2","max_fitness_rho","max_fitness_beta","max_fitness_psin","max_fitness_psiw","max_fitness_phin","max_fitness_phiw","id"
"79",79,0.43916033,5.49842479,43.5148678,1.10922221,0.01941255,90.6118558,9.62508798156025,9.14999193431946,8.61648605573447,8.47539090432204,9.72462163430414,9.70101926603727,"I+Ig_log"
