"","cue","log","id","rho","burst","iota_N1","iota_N2","phi_N1","phi_N2","fitness_rho","fitness_beta","fitness_psin","fitness_psiw","fitness_phin","fitness_phiw"
"1977","I+Ig","log10",1977,0.30397675,3.94984075,5.38003109,0.80960154,0.12060186,1063.60459,9.59220635448615,2.4670094183839,9.7335029437667,9.68941210687636,8.11537298513283,9.56261319659468
