"","cue","log","id","rho","burst","iota_N1","iota_N2","phi_N1","phi_N2","fitness_rho","fitness_beta","fitness_psin","fitness_psiw","fitness_phin","fitness_phiw"
"3872","I+Ig","log10",3872,0.36009489,4.07063115,346.791834,0.64644716,0.00176218,746.462101,9.60907200398896,2.8610747650903,3.47998318926202,10.1024392047838,9.62995412776788,9.56851402662626
