"","cue","log","id","rho","burst","iota_N1","iota_N2","phi_N1","phi_N2","fitness_rho","fitness_beta","fitness_psin","fitness_psiw","fitness_phin","fitness_phiw"
"162","I+Ig","none",162,0.39438187,6.41132857,3.76100485,2.12803033,0.17271602,88.4946004,8.55226292404869,3.73380141361467,5.73755945995247,4.44124892831645,6.05263854412106,8.91355870270298
