"","cue","log","id","rho","burst","iota_N1","iota_N2","phi_N1","phi_N2","fitness_rho","fitness_beta","fitness_psin","fitness_psiw","fitness_phin","fitness_phiw"
"3543","I+Ig","none",3543,0.2427913,3.91604183,8.29478686,0.78249078,0.06449195,294.203619,8.84237388719231,3.91794744155851,6.06221443888527,7.69722399535243,7.53585924804855,8.87805872306832
