"","cue","log","id","rho","burst","iota_N1","iota_N2","phi_N1","phi_N2","fitness_rho","fitness_beta","fitness_psin","fitness_psiw","fitness_phin","fitness_phiw"
"4098","I+Ig","none",4098,0.28547374,6.17337674,31.8622926,1.92944654,0.01955572,74.4339689,8.85927510377578,4.61985146375201,7.45246518680585,4.75428426104409,6.15036362526812,8.8941958527513
