"","cue","log","id","rho","burst","iota_N1","iota_N2","phi_N1","phi_N2","fitness_rho","fitness_beta","fitness_psin","fitness_psiw","fitness_phin","fitness_phiw"
"4873","I+Ig","log10",4873,0.26809289,5.63005302,14.3583651,1.15065299,0.03097414,926.173685,9.57793054922341,9.44965725669954,9.63454995009273,8.29084911926942,9.6267389592114,9.56467731092175
