"","cue","log","id","rho","burst","iota_N1","iota_N2","phi_N1","phi_N2","fitness_rho","fitness_beta","fitness_psin","fitness_psiw","fitness_phin","fitness_phiw"
"868","I+Ig","log10",868,0.30632862,4.77736899,12.3550003,0.45377414,0.01874217,61365.6107,9.59303348957529,5.92764676445638,9.67725203710969,10.0912493126598,9.72772394002159,9.54881910052858
