"","cue","log","id","rho","burst","iota_N1","iota_N2","phi_N1","phi_N2","fitness_rho","fitness_beta","fitness_psin","fitness_psiw","fitness_phin","fitness_phiw"
"758","I+Ig","log10",758,0.29566498,3.91685251,13.604808,0.81709057,0.05972189,1158.00598,9.58917905406544,2.36593649008987,9.65158260432964,9.66472063987607,9.19627743510774,9.56147671565755
