"","cue","log","id","rho","burst","iota_N1","iota_N2","phi_N1","phi_N2","fitness_rho","fitness_beta","fitness_psin","fitness_psiw","fitness_phin","fitness_phiw"
"4865","I+Ig","none",4865,0.21988676,4.70464074,102.699996,2.05922089,0.02856186,424.331083,8.81273454204761,5.71810846165805,5.76174517983349,4.54380761962603,7.39709885509065,8.86455411244415
