"","cue","log","id","rho","burst","iota_N1","iota_N2","phi_N1","phi_N2","fitness_rho","fitness_beta","fitness_psin","fitness_psiw","fitness_phin","fitness_phiw"
"4464","I+Ig","none",4464,0.3105606,5.98141621,42.8300492,2.19708305,0.02806797,237.757971,8.84154151862553,5.50389080792383,6.96655112414567,4.3439073124948,7.24727604246035,8.88736642152687
