"","cue","log","id","rho","burst","iota_N1","iota_N2","phi_N1","phi_N2","fitness_rho","fitness_beta","fitness_psin","fitness_psiw","fitness_phin","fitness_phiw"
"125","I+Ig","log10",125,0.25378089,4.6777788,12.0607132,1.82080983,0.1557504,1878.66223,9.57126410579867,5.42694362044258,9.68278620745486,5.86818414592204,7.54454965980273,9.55654690070175
