"","cue","log","id","rho","burst","iota_N1","iota_N2","phi_N1","phi_N2","fitness_rho","fitness_beta","fitness_psin","fitness_psiw","fitness_phin","fitness_phiw"
"544","I+Ig","log10",544,0.31951129,4.76284335,20.1125129,0.63826944,0.01417973,36.4447397,9.59746312470283,5.85379392516167,9.47532732080626,10.1155639916134,9.73843063502631,9.88367846866473
