"","cue","log","id","rho","burst","iota_N1","iota_N2","phi_N1","phi_N2","fitness_rho","fitness_beta","fitness_psin","fitness_psiw","fitness_phin","fitness_phiw"
"2546","I+Ig","log10",2546,0.23127677,4.06929008,18.6449115,0.85108793,0.03972806,161.040124,9.55943611826165,2.85649091916417,9.52000013187097,9.54750125564466,9.51449923775018,9.6375832767417
