"","cue","log","id","rho","burst","iota_N1","iota_N2","phi_N1","phi_N2","fitness_rho","fitness_beta","fitness_psin","fitness_psiw","fitness_phin","fitness_phiw"
"3698","I+Ig","log10",3698,0.28871882,3.96869242,10.2727776,0.63778885,0.08242459,1781.42167,9.58652445975221,2.52602014878572,9.71161948417098,10.116306229267,8.79251214474732,9.55698041089334
