"","cue","log","id","rho","burst","iota_N1","iota_N2","phi_N1","phi_N2","fitness_rho","fitness_beta","fitness_psin","fitness_psiw","fitness_phin","fitness_phiw"
"332","I+Ig","none",332,0.29478083,4.05538407,29.5072308,0.83313936,0.02986499,1548.19881,8.8553785170057,4.35810204770909,7.59651449840038,8.87324187264209,7.80742041515064,8.83906904290076
