"","cue","log","id","rho","burst","iota_N1","iota_N2","phi_N1","phi_N2","fitness_rho","fitness_beta","fitness_psin","fitness_psiw","fitness_phin","fitness_phiw"
"4902","I+Ig","none",4902,0.32423025,5.92608088,50.6499661,2.08718178,0.0154765,106.82483,8.82136918777932,5.76196709242936,6.72063317512128,4.50142973664661,5.99679184136725,8.91823448309753
