"","cue","log","id","rho","burst","iota_N1","iota_N2","phi_N1","phi_N2","fitness_rho","fitness_beta","fitness_psin","fitness_psiw","fitness_phin","fitness_phiw"
"3486","I+Ig","none",3486,0.38503281,6.00742294,59.5893175,2.16357299,0.02371674,867.473817,8.60763903493479,5.39759493436003,6.49304760490657,4.39047744238333,6.40527012978144,8.84702633154622
