"","cue","log","id","rho","burst","iota_N1","iota_N2","phi_N1","phi_N2","fitness_rho","fitness_beta","fitness_psin","fitness_psiw","fitness_phin","fitness_phiw"
"670","I+Ig","none",670,0.32854323,4.60958644,26.6869181,0.43947882,0.0123503,116.113863,8.81324599343123,5.53950628438527,7.80127778039605,5.73165464005312,5.89480299117626,8.9173116418403
