"","iter","rho","burst","iota_N1","iota_N2","phi_N1","phi_N2","max_fitness_rho","max_fitness_beta","max_fitness_psin","max_fitness_psiw","max_fitness_phin","max_fitness_phiw","id"
"475",475,0.30864295,5.59996629,11.7918478,1.00448675,0.02856181,1126.64266,9.59383722827041,9.39302956888444,9.68765783775719,8.93637785929478,9.65287438102795,9.56183172761376,"I+Ig_log"
