"","cue","log","id","rho","burst","iota_N1","iota_N2","phi_N1","phi_N2","fitness_rho","fitness_beta","fitness_psin","fitness_psiw","fitness_phin","fitness_phiw"
"1115","I+Ig","log10",1115,0.16303525,4.77360548,29.3363884,2.68388567,0.06785028,196.704322,9.51022429487292,5.90849172232735,9.15666056784808,4.2198516753725,9.05417340986551,9.62208326405924
