"","cue","log","id","rho","burst","iota_N1","iota_N2","phi_N1","phi_N2","fitness_rho","fitness_beta","fitness_psin","fitness_psiw","fitness_phin","fitness_phiw"
"3489","I+Ig","log10",3489,0.27889689,3.99468261,13.5502478,0.90712037,0.02262409,47.991651,9.58257137826734,2.60887108122542,9.65277192764609,9.33786387596176,9.70520182653009,9.81582614732238
