"","cue","log","id","rho","burst","iota_N1","iota_N2","phi_N1","phi_N2","fitness_rho","fitness_beta","fitness_psin","fitness_psiw","fitness_phin","fitness_phiw"
"914","I+Ig","none",914,0.31544737,4.04603243,18.4215296,0.72826984,0.02276708,2711.53469,8.83525623996313,4.33153996135203,8.7059836146716,6.5862061211793,6.329465452362,8.83457730871192
