"","cue","log","id","rho","burst","iota_N1","iota_N2","phi_N1","phi_N2","fitness_rho","fitness_beta","fitness_psin","fitness_psiw","fitness_phin","fitness_phiw"
"2912","I+Ig","none",2912,0.28934425,3.91224404,8.86055622,0.6514854,0.06679057,489.053236,8.85801929107966,3.90448642848264,6.10813165024593,6.22576279464843,7.47094632775095,8.86020592039713
