"","cue","log","id","rho","burst","iota_N1","iota_N2","phi_N1","phi_N2","fitness_rho","fitness_beta","fitness_psin","fitness_psiw","fitness_phin","fitness_phiw"
"3351","I+Ig","log10",3351,0.33342117,3.97363242,16.9080272,0.72455782,0.03755479,4014.83853,9.60176489787339,2.54163213682993,9.56961313783198,9.93729242732474,9.54452920052231,9.55231150273293
