"","cue","log","id","rho","burst","iota_N1","iota_N2","phi_N1","phi_N2","fitness_rho","fitness_beta","fitness_psin","fitness_psiw","fitness_phin","fitness_phiw"
"3720","I+Ig","log10",3720,0.43970635,6.09007778,14.4205396,1.75874415,0.04437054,3154.9562,9.62517372302588,9.34846252595306,9.63309614545804,6.03879418645395,9.44654864378943,9.55333026266631
