"","cue","log","id","rho","burst","iota_N1","iota_N2","phi_N1","phi_N2","fitness_rho","fitness_beta","fitness_psin","fitness_psiw","fitness_phin","fitness_phiw"
"4609","I+Ig","none",4609,0.37599624,5.65025562,6.35024707,1.03933818,0.09453481,2020.68114,8.65493948131143,8.47347105161302,5.92536787166571,7.39717204287158,6.90323787375842,8.83663250220548
