"","cue","log","id","rho","burst","iota_N1","iota_N2","phi_N1","phi_N2","fitness_rho","fitness_beta","fitness_psin","fitness_psiw","fitness_phin","fitness_phiw"
"4480","I+Ig","none",4480,0.37101432,4.80562174,4.73262699,0.43071326,0.03869885,1534.27837,8.67842203445024,5.91399014905098,5.81116529491265,5.70880851733019,8.71645706072081,8.83916273784122
