"","cue","log","id","rho","burst","iota_N1","iota_N2","phi_N1","phi_N2","fitness_rho","fitness_beta","fitness_psin","fitness_psiw","fitness_phin","fitness_phiw"
"3999","I+Ig","none",3999,0.28949021,3.89371027,36.7227532,0.79296846,0.01852962,795.2893,8.85796026191874,3.83757936817059,7.20818140914209,8.01322420420731,6.10634552879687,8.84862872653908
