"","cue","log","id","rho","burst","iota_N1","iota_N2","phi_N1","phi_N2","fitness_rho","fitness_beta","fitness_psin","fitness_psiw","fitness_phin","fitness_phiw"
"1516","I+Ig","none",1516,0.31784561,4.83582572,156.011227,0.52078004,0.00159705,2095.74289,8.8318101708897,5.97432803366351,5.18382367865043,5.93615659826987,5.48645052235282,8.83634380923778
