"","cue","log","id","rho","burst","iota_N1","iota_N2","phi_N1","phi_N2","fitness_rho","fitness_beta","fitness_psin","fitness_psiw","fitness_phin","fitness_phiw"
"1302","I+Ig","log10",1302,0.43810366,6.31479102,8.48067526,1.8283582,0.0946959,268.460399,9.624919725738,8.74978769167528,9.73083450832479,5.84808100985956,8.57102560744347,9.60300350312042
