"","cue","log","id","rho","burst","iota_N1","iota_N2","phi_N1","phi_N2","fitness_rho","fitness_beta","fitness_psin","fitness_psiw","fitness_phin","fitness_phiw"
"1013","I+Ig","none",1013,0.16657989,4.60840939,18.7704423,2.50176338,0.09714372,628.262406,8.69632557239474,5.53731351724117,8.66260744769322,3.96978607810861,6.86266966347306,8.85364784942276
