"","cue","log","id","rho","burst","iota_N1","iota_N2","phi_N1","phi_N2","fitness_rho","fitness_beta","fitness_psin","fitness_psiw","fitness_phin","fitness_phiw"
"2557","I+Ig","log10",2557,0.36471995,5.58278116,22.7520675,1.01703935,0.04139355,588.713683,9.61022281232356,9.35745343389264,9.38982481631525,8.8821706015876,9.49067717431045,9.57378607939019
