"","cue","log","id","rho","burst","iota_N1","iota_N2","phi_N1","phi_N2","fitness_rho","fitness_beta","fitness_psin","fitness_psiw","fitness_phin","fitness_phiw"
"1148","I+Ig","log10",1148,0.32482683,3.9966383,63.2094114,0.97403151,0.01507015,2240.56889,9.59914981930831,2.61517391066419,7.88873266249956,9.06596161318801,9.73790140152357,9.55526234473778
