"","cue","log","id","rho","burst","iota_N1","iota_N2","phi_N1","phi_N2","fitness_rho","fitness_beta","fitness_psin","fitness_psiw","fitness_phin","fitness_phiw"
"374","I+Ig","log10",374,0.27320623,4.05644429,12.1701775,0.70156083,0.04133198,828.446728,9.58016877779743,2.81281318558484,9.68075246280246,9.99284616496939,9.49156800907557,9.5665589091735
