"","cue","log","id","rho","burst","iota_N1","iota_N2","phi_N1","phi_N2","fitness_rho","fitness_beta","fitness_psin","fitness_psiw","fitness_phin","fitness_phiw"
"4366","I+Ig","none",4366,0.34445817,4.68816601,17.1440776,0.55731574,0.01615752,318.696867,8.77520685483792,5.68685009242029,8.83530166899409,6.01798112058537,6.01950687478753,8.87482817584498
