"","iter","rho","burst","iota_N1","iota_N2","phi_N1","phi_N2","max_fitness_rho","max_fitness_beta","max_fitness_psin","max_fitness_psiw","max_fitness_phin","max_fitness_phiw","id"
"763",763,0.28765817,5.46292625,12.2427428,1.08154212,0.04977884,171.184164,9.58611084859919,9.0470530508956,9.67938821707139,8.5985720411408,9.36210024300906,9.63255043395895,"I+Ig_log"
