"","cue","log","id","rho","burst","iota_N1","iota_N2","phi_N1","phi_N2","fitness_rho","fitness_beta","fitness_psin","fitness_psiw","fitness_phin","fitness_phiw"
"74","I+Ig","none",74,0.21616248,3.93054911,52.2090516,0.99373561,0.02025214,56.0063546,8.80669221281729,3.96859097889963,6.67753406527353,7.68811393214116,6.18331966287162,8.78691666402808
