"","cue","log","id","rho","burst","iota_N1","iota_N2","phi_N1","phi_N2","fitness_rho","fitness_beta","fitness_psin","fitness_psiw","fitness_phin","fitness_phiw"
"1990","I+Ig","log10",1990,0.27139494,4.72772666,7.58116433,0.50692498,0.0633225,632.1091,9.57938118820217,5.67630814942799,9.73607533482403,10.1763304593215,9.13386468704679,9.57207577343527
