"","cue","log","id","rho","burst","iota_N1","iota_N2","phi_N1","phi_N2","fitness_rho","fitness_beta","fitness_psin","fitness_psiw","fitness_phin","fitness_phiw"
"2313","I+Ig","none",2313,0.18857681,3.80214194,7.37761519,0.93772475,0.05016364,23211.2688,8.75194135531822,3.47576354570596,5.99574825521315,8.11244378041417,8.06931211089473,8.82917731131114
