"","cue","log","id","rho","burst","iota_N1","iota_N2","phi_N1","phi_N2","fitness_rho","fitness_beta","fitness_psin","fitness_psiw","fitness_phin","fitness_phiw"
"837","I+Ig","none",837,0.30897436,4.04830731,10.7317232,0.79660711,0.05847683,123.254323,8.84337128873063,4.3380339662863,6.31342058861517,8.142596642059,7.72848369064995,8.91594146970419
