"","cue","log","id","rho","burst","iota_N1","iota_N2","phi_N1","phi_N2","fitness_rho","fitness_beta","fitness_psin","fitness_psiw","fitness_phin","fitness_phiw"
"1496","I+Ig","none",1496,0.31275128,4.0035123,1.01107389,0.80952727,0.45205509,202.088953,8.8388442767483,4.20572371052174,5.50773774493938,8.60972563965316,4.6180501273855,8.89498845799037
