"","cue","log","id","rho","burst","iota_N1","iota_N2","phi_N1","phi_N2","fitness_rho","fitness_beta","fitness_psin","fitness_psiw","fitness_phin","fitness_phiw"
"745","I+Ig","none",745,0.36593174,5.77102712,17.1841123,1.05823272,0.03974658,17.424962,8.70058059156467,7.77273820874639,8.83250090195824,7.28858735731616,8.65542264880552,7.06591861568473
