"","cue","log","id","rho","burst","iota_N1","iota_N2","phi_N1","phi_N2","fitness_rho","fitness_beta","fitness_psin","fitness_psiw","fitness_phin","fitness_phiw"
"4742","I+Ig","log10",4742,0.29104915,4.0399862,725.564292,0.88910311,0.00138811,1300.54185,9.58742769192525,2.75748805469355,2.00759327447708,9.4073089295591,9.62221289106261,9.56006956363583
