"","iter","rho","burst","iota_N1","iota_N2","phi_N1","phi_N2","max_fitness_rho","max_fitness_beta","max_fitness_psin","max_fitness_psiw","max_fitness_phin","max_fitness_phiw","id"
"265",265,0.30426227,5.53679434,14.507244,1.17547162,0.0226823,3033.27008,9.59230532988633,9.25099514753186,9.63105940872659,8.18072543382804,9.70478494153721,9.55352050436782,"I+Ig_log"
