"","cue","log","id","rho","burst","iota_N1","iota_N2","phi_N1","phi_N2","fitness_rho","fitness_beta","fitness_psin","fitness_psiw","fitness_phin","fitness_phiw"
"2717","I+Ig","log10",2717,0.19388332,4.78043348,17.8772161,1.60656298,0.06398301,629.272337,9.53537699280931,5.94325728765691,9.54239947246975,6.50062045219581,9.12231850012672,9.57218109226604
