"","cue","log","id","rho","burst","iota_N1","iota_N2","phi_N1","phi_N2","fitness_rho","fitness_beta","fitness_psin","fitness_psiw","fitness_phin","fitness_phiw"
"3421","I+Ig","none",3421,0.23903976,5.37971106,8.16455352,1.15036131,0.04155895,204.106376,8.83843402555307,7.28056688919827,6.05229553236123,6.83331114190739,8.54525719620241,8.89451331547929
