"","iter","rho","burst","iota_N1","iota_N2","phi_N1","phi_N2","max_fitness_rho","max_fitness_beta","max_fitness_psin","max_fitness_psiw","max_fitness_phin","max_fitness_phiw","id"
"9",9,0.3226079,4.0020262,14.6294335,0.76051501,0.03871975,279.017218,8.82419274529813,4.20117108356141,8.1739760738079,7.10482939756089,8.71528449896452,8.88028559592161,"I+Ig_none"
