"","iter","rho","burst","iota_N1","iota_N2","phi_N1","phi_N2","max_fitness_rho","max_fitness_beta","max_fitness_psin","max_fitness_psiw","max_fitness_phin","max_fitness_phiw","id"
"828",828,0.29807304,6.04777395,10.4668696,1.99250632,0.07944989,2608.01885,8.85326280048123,5.23903413205321,6.27748147255053,4.64905727599918,7.17325153083391,8.8348162526931,"I+Ig_none"
