"","cue","log","id","rho","burst","iota_N1","iota_N2","phi_N1","phi_N2","fitness_rho","fitness_beta","fitness_psin","fitness_psiw","fitness_phin","fitness_phiw"
"3691","I+Ig","none",3691,0.2815227,5.54111733,10.949693,1.17127323,0.03454562,1190.05248,8.860040760039,7.86588339512196,6.34611287840454,6.74320263461789,8.85750873631163,8.84215886610043
