"","cue","log","id","rho","burst","iota_N1","iota_N2","phi_N1","phi_N2","fitness_rho","fitness_beta","fitness_psin","fitness_psiw","fitness_phin","fitness_phiw"
"3495","I+Ig","none",3495,0.2530694,3.90240801,14.4151323,0.77894574,0.03178818,168.703178,8.85124836163542,3.86923369349896,7.98988332363817,7.60014626187346,8.5384857500926,8.90356243066435
