"","cue","log","id","rho","burst","iota_N1","iota_N2","phi_N1","phi_N2","fitness_rho","fitness_beta","fitness_psin","fitness_psiw","fitness_phin","fitness_phiw"
"4835","I+Ig","log10",4835,0.19519489,4.49904923,85.5097714,2.22456185,0.02790752,2438.32553,9.53632854223708,4.57445626922553,7.16572410708379,4.95814837446628,9.65952390569764,9.55472441378771
