"","cue","log","id","rho","burst","iota_N1","iota_N2","phi_N1","phi_N2","fitness_rho","fitness_beta","fitness_psin","fitness_psiw","fitness_phin","fitness_phiw"
"4269","I+Ig","none",4269,0.34011504,4.01139434,4.24008829,0.68392321,0.16582211,590.250313,8.78692038637161,4.2296941684033,5.77440599331474,6.3336018825477,6.10878105396218,8.85515625687344
