"","cue","log","id","rho","burst","iota_N1","iota_N2","phi_N1","phi_N2","fitness_rho","fitness_beta","fitness_psin","fitness_psiw","fitness_phin","fitness_phiw"
"1353","I+Ig","none",1353,0.48257158,3.87533252,3.85697982,0.76188962,0.24260452,1106.42343,7.92610488420544,3.7691842705088,5.74503033847794,7.13879322926627,5.57863349505907,8.84316016413735
