"","cue","log","id","rho","burst","iota_N1","iota_N2","phi_N1","phi_N2","fitness_rho","fitness_beta","fitness_psin","fitness_psiw","fitness_phin","fitness_phiw"
"1356","I+Ig","none",1356,0.40361395,6.49296065,5.74997508,1.61687486,0.09389789,1637.03083,8.4915170826446,3.64989638437197,5.88391703481768,5.37742909794339,6.9133719527543,8.83850793115743
