"","cue","log","id","rho","burst","iota_N1","iota_N2","phi_N1","phi_N2","fitness_rho","fitness_beta","fitness_psin","fitness_psiw","fitness_phin","fitness_phiw"
"1556","I+Ig","log10",1556,0.45204225,4.07276197,26.1442406,0.75274074,0.02958217,296.541914,9.6270743104741,2.86837194988096,9.27248740198805,9.86218301407673,9.6421217002214,9.59798371048941
