"","iter","rho","burst","iota_N1","iota_N2","phi_N1","phi_N2","max_fitness_rho","max_fitness_beta","max_fitness_psin","max_fitness_psiw","max_fitness_phin","max_fitness_phiw","id"
"20",20,0.3348041,4.1382574,19.668688,0.80100782,0.0387175,335.872263,9.60217350622334,3.09853367355789,9.48907594454324,9.71721573741936,9.52861632333354,9.59233232127461,"I+Ig_log"
