"","iter","rho","burst","iota_N1","iota_N2","phi_N1","phi_N2","max_fitness_rho","max_fitness_beta","max_fitness_psin","max_fitness_psiw","max_fitness_phin","max_fitness_phiw","id"
"762",762,0.44818351,6.28620504,16.1499479,2.08689333,0.06237635,521.788416,9.62649427782349,8.83611742226072,9.58999189691238,5.23435529520739,9.15035971899489,9.57697222743233,"I+Ig_log"
