"","iter","rho","burst","iota_N1","iota_N2","phi_N1","phi_N2","max_fitness_rho","max_fitness_beta","max_fitness_psin","max_fitness_psiw","max_fitness_phin","max_fitness_phiw","id"
"991",991,0.33080421,5.7611419,7.75882549,0.86116894,0.04474416,118.001266,9.60098346292111,9.60855209972278,9.73530144415198,9.51121423107271,9.44088635670858,9.66795376309475,"I+Ig_log"
