"","cue","log","id","rho","burst","iota_N1","iota_N2","phi_N1","phi_N2","fitness_rho","fitness_beta","fitness_psin","fitness_psiw","fitness_phin","fitness_phiw"
"602","I+Ig","log10",602,0.26147476,4.08449924,24.9044376,0.90143416,0.01580516,974.811975,9.57492168885002,2.90877521458146,9.31618408264903,9.35997656515539,9.73685752904826,9.56388051305518
