"","cue","log","id","rho","burst","iota_N1","iota_N2","phi_N1","phi_N2","fitness_rho","fitness_beta","fitness_psin","fitness_psiw","fitness_phin","fitness_phiw"
"2458","I+Ig","log10",2458,0.30824435,4.8455223,0.77943528,0.73803708,0.09563896,14.0933816,9.59370129849051,6.27667065838788,9.62714981061995,9.90229963321805,8.55408500299457,10.1901362912901
