"","cue","log","id","rho","burst","iota_N1","iota_N2","phi_N1","phi_N2","fitness_rho","fitness_beta","fitness_psin","fitness_psiw","fitness_phin","fitness_phiw"
"2167","I+Ig","log10",2167,0.2464329,5.53702872,1.8767577,1.13988428,0.12599662,30.8087804,9.56759219190434,9.25157775314104,9.66830676256273,8.33876846812218,8.02380414417781,9.9307130195309
