"","cue","log","id","rho","burst","iota_N1","iota_N2","phi_N1","phi_N2","fitness_rho","fitness_beta","fitness_psin","fitness_psiw","fitness_phin","fitness_phiw"
"4650","I+Ig","log10",4650,0.55466141,6.13609847,46.9522658,1.83719813,0.03610302,5932.35472,9.63867913001572,9.24501399991571,8.4851455770214,5.82471484622528,9.56386217249773,9.55110843630909
