"","cue","log","id","rho","burst","iota_N1","iota_N2","phi_N1","phi_N2","fitness_rho","fitness_beta","fitness_psin","fitness_psiw","fitness_phin","fitness_phiw"
"2892","I+Ig","none",2892,0.33096741,5.83777729,431.841117,2.05779661,0.00216602,49671.0564,8.80830172404137,6.22586949400105,3.33729406156453,4.54599433079241,5.51025657260454,8.82879124328309
