"","cue","log","id","rho","burst","iota_N1","iota_N2","phi_N1","phi_N2","fitness_rho","fitness_beta","fitness_psin","fitness_psiw","fitness_phin","fitness_phiw"
"2723","I+Ig","log10",2723,0.1971405,4.69984834,24.4410743,2.43076524,0.0944141,1120.93591,9.5377258701744,5.53663102983549,9.33228889391597,4.59621443996038,8.57609086076933,9.5618998026295
