"","cue","log","id","rho","burst","iota_N1","iota_N2","phi_N1","phi_N2","fitness_rho","fitness_beta","fitness_psin","fitness_psiw","fitness_phin","fitness_phiw"
"2297","I+Ig","none",2297,0.26781947,4.71456315,77.5265384,1.96441402,0.0325369,4942.20688,8.85883328957936,5.73701411995543,6.13683532832901,4.69521630604411,8.71096194921021,8.83183464501906
