"","cue","log","id","rho","burst","iota_N1","iota_N2","phi_N1","phi_N2","fitness_rho","fitness_beta","fitness_psin","fitness_psiw","fitness_phin","fitness_phiw"
"3300","I+Ig","log10",3300,0.43955388,6.12802929,11.3531484,1.94044836,0.07030196,3155.16744,9.62515021097276,9.26406210254067,9.69521701870377,5.56498759267145,9.01058375996196,9.55332828281496
