"","cue","log","id","rho","burst","iota_N1","iota_N2","phi_N1","phi_N2","fitness_rho","fitness_beta","fitness_psin","fitness_psiw","fitness_phin","fitness_phiw"
"2547","I+Ig","none",2547,0.26842267,3.85585783,9.75152968,0.76645293,0.04273769,825.02939,8.85900937221681,3.69443429603498,6.19354969516924,7.25749120843775,8.47351580904035,8.84793854171504
