"","cue","log","id","rho","burst","iota_N1","iota_N2","phi_N1","phi_N2","fitness_rho","fitness_beta","fitness_psin","fitness_psiw","fitness_phin","fitness_phiw"
"4641","I+Ig","none",4641,0.27584784,3.90686209,11.694075,0.83671159,0.05185611,187.744498,8.86025500689361,3.88526996517911,6.49607473551998,8.87204366255173,7.99118564472237,8.89850356960519
