"","cue","log","id","rho","burst","iota_N1","iota_N2","phi_N1","phi_N2","fitness_rho","fitness_beta","fitness_psin","fitness_psiw","fitness_phin","fitness_phiw"
"4489","I+Ig","none",4489,0.28419223,5.45722264,18.3377476,1.16008239,0.03524968,245.650401,8.85958060837685,7.53231996562463,8.71612940915441,6.79092633450255,8.85640403445193,8.8858816605295
