"","cue","log","id","rho","burst","iota_N1","iota_N2","phi_N1","phi_N2","fitness_rho","fitness_beta","fitness_psin","fitness_psiw","fitness_phin","fitness_phiw"
"2992","I+Ig","none",2992,0.35348771,4.83681651,12.7334179,0.54884673,0.02751524,13742.9647,8.74737295458425,5.97632444321385,6.88848883852121,5.99959740351664,7.08367311803369,8.82967668264241
