"","cue","log","id","rho","burst","iota_N1","iota_N2","phi_N1","phi_N2","fitness_rho","fitness_beta","fitness_psin","fitness_psiw","fitness_phin","fitness_phiw"
"345","I+Ig","none",345,0.28459162,3.84063276,4.41884134,0.84397488,0.14709495,601.235802,8.85949509657059,3.63433585766899,5.78787515290224,8.85410825813381,6.2740857367271,8.85470064169493
