"","cue","log","id","rho","burst","iota_N1","iota_N2","phi_N1","phi_N2","fitness_rho","fitness_beta","fitness_psin","fitness_psiw","fitness_phin","fitness_phiw"
"1903","I+Ig","none",1903,0.2729736,5.26831597,61.1456265,1.18025988,0.00868325,12612.2925,8.85997300463062,6.96706247475907,6.45762048326925,6.70566758003223,5.76821008759485,8.82978530513741
