"","cue","log","id","rho","burst","iota_N1","iota_N2","phi_N1","phi_N2","fitness_rho","fitness_beta","fitness_psin","fitness_psiw","fitness_phin","fitness_phiw"
"3594","I+Ig","none",3594,0.39048651,6.15233431,68.1253709,2.14137894,0.01727308,108.428298,8.57607723877389,4.73586541936655,6.31052736032307,4.42201032550444,6.05837671730853,8.91816828115766
