"","cue","log","id","rho","burst","iota_N1","iota_N2","phi_N1","phi_N2","fitness_rho","fitness_beta","fitness_psin","fitness_psiw","fitness_phin","fitness_phiw"
"1599","I+Ig","log10",1599,0.3533758,3.95778802,9.91169595,0.78050944,0.05627612,75.511668,9.60734088244164,2.49177406859095,9.71634134131898,9.78116664476278,9.25497970035954,9.72844813865051
