"","cue","log","id","rho","burst","iota_N1","iota_N2","phi_N1","phi_N2","fitness_rho","fitness_beta","fitness_psin","fitness_psiw","fitness_phin","fitness_phiw"
"2418","I+Ig","none",2418,0.29961919,6.05127549,22.4940457,2.20956346,0.05532382,161.210426,8.85214132598486,5.22481781467697,8.1998798772321,4.32687654446863,7.84578889914392,8.90565747964129
