"","cue","log","id","rho","burst","iota_N1","iota_N2","phi_N1","phi_N2","fitness_rho","fitness_beta","fitness_psin","fitness_psiw","fitness_phin","fitness_phiw"
"4321","I+Ig","log10",4321,0.33092056,5.54158727,78.2477324,1.07585476,0.01101085,467.656556,9.6010195375896,9.26284169986857,7.3882325842864,8.62381218496441,9.73307314811821,9.5802067978005
