"","cue","log","id","rho","burst","iota_N1","iota_N2","phi_N1","phi_N2","fitness_rho","fitness_beta","fitness_psin","fitness_psiw","fitness_phin","fitness_phiw"
"4396","I+Ig","none",4396,0.37306651,4.87290621,3.70090882,0.47737667,0.0881507,12351.3008,8.66899867185613,6.04970949477087,5.7328625337829,5.82987847422938,7.00932205023965,8.82981115812156
