"","iter","rho","burst","iota_N1","iota_N2","phi_N1","phi_N2","max_fitness_rho","max_fitness_beta","max_fitness_psin","max_fitness_psiw","max_fitness_phin","max_fitness_phiw","id"
"386",386,0.25155594,4.00407419,217.617521,1.05812506,0.00499648,435.219944,8.85012386893962,4.20744363075572,4.66804693821711,7.28918631023158,5.6267539618615,8.86374246928261,"I+Ig_none"
