"","cue","log","id","rho","burst","iota_N1","iota_N2","phi_N1","phi_N2","fitness_rho","fitness_beta","fitness_psin","fitness_psiw","fitness_phin","fitness_phiw"
"134","I+Ig","none",134,0.34662081,3.96315919,37.5343281,0.7638392,0.03307196,386.81877,8.76899833256732,4.07809224939915,7.17261164988608,7.1885018159068,8.7830210493332,8.86765189063739
