"","cue","log","id","rho","burst","iota_N1","iota_N2","phi_N1","phi_N2","fitness_rho","fitness_beta","fitness_psin","fitness_psiw","fitness_phin","fitness_phiw"
"3758","I+Ig","log10",3758,0.26300974,4.07706285,7.37694114,0.91736421,0.10184439,363.028758,9.57563152796066,2.88313441972264,9.73680058245675,9.29759687637817,8.44311751479336,9.58912890181476
