"","cue","log","id","rho","burst","iota_N1","iota_N2","phi_N1","phi_N2","fitness_rho","fitness_beta","fitness_psin","fitness_psiw","fitness_phin","fitness_phiw"
"1595","I+Ig","log10",1595,0.21205842,4.50580753,21.1167987,1.60452854,0.11251433,263.785425,9.54783672498186,4.60537399743442,9.44350617403451,6.50724433731858,8.25503624305293,9.60394081004447
