"","cue","log","id","rho","burst","iota_N1","iota_N2","phi_N1","phi_N2","fitness_rho","fitness_beta","fitness_psin","fitness_psiw","fitness_phin","fitness_phiw"
"1497","I+Ig","log10",1497,0.50550927,3.91745467,1.17369522,0.75704236,0.99616915,221.133525,9.63394458776991,2.36775750064549,9.64328049928648,9.85007508402622,2.83318299903826,9.61424725087745
