"","cue","log","id","rho","burst","iota_N1","iota_N2","phi_N1","phi_N2","fitness_rho","fitness_beta","fitness_psin","fitness_psiw","fitness_phin","fitness_phiw"
"1382","I+Ig","none",1382,0.29621998,4.16383325,21.3882737,0.5700301,0.03704847,1418.91378,8.85450181709689,4.64083515127838,8.32872630909156,6.04504962245007,8.80107997994128,8.84000856240445
