"","cue","log","id","rho","burst","iota_N1","iota_N2","phi_N1","phi_N2","fitness_rho","fitness_beta","fitness_psin","fitness_psiw","fitness_phin","fitness_phiw"
"2064","I+Ig","none",2064,0.32553268,5.91677294,40.3025004,2.53274188,0.03341707,129.800061,8.81900217563194,5.80610176668899,7.05982401239716,3.93600271107812,8.81366920391265,8.9143933559373
