"","cue","log","id","rho","burst","iota_N1","iota_N2","phi_N1","phi_N2","fitness_rho","fitness_beta","fitness_psin","fitness_psiw","fitness_phin","fitness_phiw"
"4492","I+Ig","none",4492,0.35490952,4.85421695,5.5567407,0.50704933,0.04213187,71.1975439,8.74253170884367,6.01152884042315,5.87037760326405,5.9035609805059,8.51028219157912,8.8854056344893
