"","cue","log","id","rho","burst","iota_N1","iota_N2","phi_N1","phi_N2","fitness_rho","fitness_beta","fitness_psin","fitness_psiw","fitness_phin","fitness_phiw"
"924","I+Ig","none",924,0.3517289,5.98481039,13.8518743,1.8784747,0.08425521,256.052474,8.75317263940653,5.48943767177507,7.5799515144126,4.84376784694252,7.07958603461604,8.88402198033371
