"","cue","log","id","rho","burst","iota_N1","iota_N2","phi_N1","phi_N2","fitness_rho","fitness_beta","fitness_psin","fitness_psiw","fitness_phin","fitness_phiw"
"4873","I+Ig","none",4873,0.26809289,5.63005302,14.3583651,1.15065299,0.03097414,926.173685,8.8589138135992,8.34364042936116,7.94346716916834,6.83202408958182,8.23945950817199,8.84590043163774
