"","cue","log","id","rho","burst","iota_N1","iota_N2","phi_N1","phi_N2","fitness_rho","fitness_beta","fitness_psin","fitness_psiw","fitness_phin","fitness_phiw"
"3426","I+Ig","log10",3426,0.36066953,6.1102162,14.5766142,2.06843447,0.05834629,116.949172,9.6092177861054,9.30478118875704,9.62941815885558,5.2738116908788,9.2198476446982,9.66895828857707
