"","cue","log","id","rho","burst","iota_N1","iota_N2","phi_N1","phi_N2","fitness_rho","fitness_beta","fitness_psin","fitness_psiw","fitness_phin","fitness_phiw"
"215","I+Ig","none",215,0.2872929,4.65969972,64.2408848,2.05045889,0.04189289,1835.75026,8.85874328959279,5.6331865132092,6.39015546884663,4.55729668330934,8.5248568717919,8.83744028150617
