"","cue","log","id","rho","burst","iota_N1","iota_N2","phi_N1","phi_N2","fitness_rho","fitness_beta","fitness_psin","fitness_psiw","fitness_phin","fitness_phiw"
"3929","I+Ig","none",3929,0.22363567,4.64602549,21.5619068,1.51062898,0.08576488,510.492801,8.81848186689976,5.60753981893173,8.3078150011619,5.6378839059253,7.05180533420436,8.85898501077867
