"","cue","log","id","rho","burst","iota_N1","iota_N2","phi_N1","phi_N2","fitness_rho","fitness_beta","fitness_psin","fitness_psiw","fitness_phin","fitness_phiw"
"2551","I+Ig","none",2551,0.2779756,5.55252583,19.466806,0.96797535,0.02025449,400.07722,8.86029346753801,7.9186993893575,8.57281045297051,7.87346499808665,6.18342818185327,8.86650040735049
