"","cue","log","id","rho","burst","iota_N1","iota_N2","phi_N1","phi_N2","fitness_rho","fitness_beta","fitness_psin","fitness_psiw","fitness_phin","fitness_phiw"
"1632","I+Ig","log10",1632,0.34970361,6.0451951,16.9890742,2.18855449,0.05563421,793.85837,9.60636282273503,9.43609998091102,9.56738552761964,5.02746236938299,9.26578684545379,9.56733498556716
