"","cue","log","id","rho","burst","iota_N1","iota_N2","phi_N1","phi_N2","fitness_rho","fitness_beta","fitness_psin","fitness_psiw","fitness_phin","fitness_phiw"
"3","I+Ig","none",3,0.27710708,3.92125347,45.580983,0.90451433,0.01225722,560.416518,8.86029655559294,3.93628182090932,6.87357463413979,8.39776752280861,5.89172538802073,8.85647054177335
