"","cue","log","id","rho","burst","iota_N1","iota_N2","phi_N1","phi_N2","fitness_rho","fitness_beta","fitness_psin","fitness_psiw","fitness_phin","fitness_phiw"
"517","I+Ig","none",517,0.36495968,5.54471608,73.5228643,1.07336195,0.00992821,1787.71824,8.70461768251095,7.88231120467666,6.20786093171254,7.20595377886177,5.81261393791876,8.83767586150399
