"","cue","log","id","rho","burst","iota_N1","iota_N2","phi_N1","phi_N2","fitness_rho","fitness_beta","fitness_psin","fitness_psiw","fitness_phin","fitness_phiw"
"3822","I+Ig","log10",3822,0.39445129,6.1002613,13.3758515,2.00327696,0.10902847,699.807698,9.61693790809203,9.32669211957636,9.65653545202584,5.41806826168441,8.31604589015782,9.56983116582666
