"","cue","log","id","rho","burst","iota_N1","iota_N2","phi_N1","phi_N2","fitness_rho","fitness_beta","fitness_psin","fitness_psiw","fitness_phin","fitness_phiw"
"3870","I+Ig","log10",3870,0.36095435,6.23408305,4.61563503,2.08773597,0.26382002,117.000596,9.60928937278106,8.98792635056065,9.72653385234664,5.23257143831304,6.16968399455108,9.66890861835253
