"","iter","rho","burst","iota_N1","iota_N2","phi_N1","phi_N2","max_fitness_rho","max_fitness_beta","max_fitness_psin","max_fitness_psiw","max_fitness_phin","max_fitness_phiw","id"
"256",256,0.48333251,4.73090293,32.8969312,0.50958969,0.01040056,69.1534093,9.63134109517817,5.69229029410186,9.02342804181975,10.1786099687661,9.73060461485333,9.74317688358342,"I+Ig_log"
