"","cue","log","id","rho","burst","iota_N1","iota_N2","phi_N1","phi_N2","fitness_rho","fitness_beta","fitness_psin","fitness_psiw","fitness_phin","fitness_phiw"
"3585","I+Ig","none",3585,0.31993929,3.93738954,10.2147889,1.11116552,0.04828077,3591.26978,8.82857820585072,3.99205094875243,6.24604119767996,7.01402025011804,8.16229657163292,8.83309437300187
