"","cue","log","id","rho","burst","iota_N1","iota_N2","phi_N1","phi_N2","fitness_rho","fitness_beta","fitness_psin","fitness_psiw","fitness_phin","fitness_phiw"
"356","I+Ig","none",356,0.37738182,3.96019777,46.2455161,0.75812205,0.02588042,113.969228,8.64809217791478,4.06839057006243,6.8522649370302,7.04808239265363,6.69351466068429,8.91762943098746
