"","cue","log","id","rho","burst","iota_N1","iota_N2","phi_N1","phi_N2","fitness_rho","fitness_beta","fitness_psin","fitness_psiw","fitness_phin","fitness_phiw"
"4732","I+Ig","log10",4732,0.42806665,4.78760084,32.6637868,0.33251282,0.01065582,362.312467,9.62325524040754,5.97980452108692,9.03224916236725,9.63938742789658,9.73169703190975,9.58920706412539
