"","cue","log","id","rho","burst","iota_N1","iota_N2","phi_N1","phi_N2","fitness_rho","fitness_beta","fitness_psin","fitness_psiw","fitness_phin","fitness_phiw"
"599","I+Ig","log10",599,0.40804953,4.48076307,165.009231,1.75633523,0.02238434,331.093917,9.61964220428025,4.49136502233976,5.38637952203255,6.04561596299734,9.70689339008685,9.5929476340866
