"","iter","rho","burst","iota_N1","iota_N2","phi_N1","phi_N2","max_fitness_rho","max_fitness_beta","max_fitness_psin","max_fitness_psiw","max_fitness_phin","max_fitness_phiw","id"
"660",660,0.34214222,6.29368681,16.6052958,1.69694774,0.0431463,4198.50846,8.78159050170893,4.05408083311621,8.85848942965806,5.19934115945049,8.44891640788207,8.83242803180879,"I+Ig_none"
