"","cue","log","id","rho","burst","iota_N1","iota_N2","phi_N1","phi_N2","fitness_rho","fitness_beta","fitness_psin","fitness_psiw","fitness_phin","fitness_phiw"
"879","I+Ig","none",879,0.3181961,3.9492463,5.09289934,0.81710307,0.08794439,254.319201,8.8312720525946,4.0320947283663,5.83737181983983,8.77054838628623,7.01293279685292,8.88432550367776
