"","cue","log","id","rho","burst","iota_N1","iota_N2","phi_N1","phi_N2","fitness_rho","fitness_beta","fitness_psin","fitness_psiw","fitness_phin","fitness_phiw"
"1043","I+Ig","log10",1043,0.26738382,4.55078626,12.9657222,2.13517309,0.18931066,9363.23353,9.57761231561413,4.81395101895183,9.66513363981254,5.13396458615045,7.05897700460391,9.55018018474652
