"","cue","log","id","rho","burst","iota_N1","iota_N2","phi_N1","phi_N2","fitness_rho","fitness_beta","fitness_psin","fitness_psiw","fitness_phin","fitness_phiw"
"4548","I+Ig","none",4548,0.29125084,6.04277017,45.4516702,2.04644148,0.01907951,341.06778,8.85721056072495,5.25913950760291,6.87776801007573,4.56351255835957,6.12930937397549,8.87220814638583
