"","cue","log","id","rho","burst","iota_N1","iota_N2","phi_N1","phi_N2","fitness_rho","fitness_beta","fitness_psin","fitness_psiw","fitness_phin","fitness_phiw"
"771","I+Ig","log10",771,0.32227005,3.863522,18.1059252,0.91191116,0.04528508,3465.53734,9.59834607749536,2.20832263923613,9.53579927305148,9.31909699638713,9.43263342834597,9.55290331106943
