"","iter","rho","burst","iota_N1","iota_N2","phi_N1","phi_N2","max_fitness_rho","max_fitness_beta","max_fitness_psin","max_fitness_psiw","max_fitness_phin","max_fitness_phiw","id"
"599",599,0.40804953,4.48076307,165.009231,1.75633523,0.02238434,331.093917,8.46047095626986,5.29950145882843,5.10160524146363,5.07614932569267,6.30348635565174,8.87333932264681,"I+Ig_none"
