"","cue","log","id","rho","burst","iota_N1","iota_N2","phi_N1","phi_N2","fitness_rho","fitness_beta","fitness_psin","fitness_psiw","fitness_phin","fitness_phiw"
"2228","I+Ig","none",2228,0.4235635,4.03268716,6.00575379,0.7610681,0.1440609,1127.85833,8.34491855880256,4.29295830488843,5.90167628050007,7.11836611899452,6.30290619710385,8.84288822661165
