"","cue","log","id","rho","burst","iota_N1","iota_N2","phi_N1","phi_N2","fitness_rho","fitness_beta","fitness_psin","fitness_psiw","fitness_phin","fitness_phiw"
"854","I+Ig","log10",854,0.27384312,4.06228588,6.30310723,0.92442656,0.0965048,35.6124256,9.58043904986583,2.83262175875549,9.73750686745012,9.26952187932929,8.53854370958984,9.88989768002121
