"","cue","log","id","rho","burst","iota_N1","iota_N2","phi_N1","phi_N2","fitness_rho","fitness_beta","fitness_psin","fitness_psiw","fitness_phin","fitness_phiw"
"2634","I+Ig","none",2634,0.29159755,5.9823731,99.2803355,2.08879167,0.00976259,243.426733,8.85704551034659,5.49978979124568,5.80702471991484,4.49901863539455,5.80680008762165,8.8862928728964
