"","cue","log","id","rho","burst","iota_N1","iota_N2","phi_N1","phi_N2","fitness_rho","fitness_beta","fitness_psin","fitness_psiw","fitness_phin","fitness_phiw"
"740","I+Ig","log10",740,0.44020081,4.00071445,4.9296883,0.61330317,0.22124943,45.8507972,9.62525473483983,2.62835014059385,9.72982259501229,10.1499776980466,6.64843397355728,9.82627564626879
