"","iter","rho","burst","iota_N1","iota_N2","phi_N1","phi_N2","max_fitness_rho","max_fitness_beta","max_fitness_psin","max_fitness_psiw","max_fitness_phin","max_fitness_phiw","id"
"321",321,0.34735135,4.05365804,43.8624364,0.75204093,0.01189106,351.82612,8.76681989462586,4.35323063935851,6.93070560097147,6.91852513488531,5.87958027924989,8.87104698834157,"I+Ig_none"
