"","cue","log","id","rho","burst","iota_N1","iota_N2","phi_N1","phi_N2","fitness_rho","fitness_beta","fitness_psin","fitness_psiw","fitness_phin","fitness_phiw"
"4296","I+Ig","log10",4296,0.4212659,5.96333997,39.5017591,2.17482042,0.03537489,555.384333,9.62207460644539,9.55701968009441,8.77073538479951,5.0544267736374,9.57332481191472,9.57527629019856
