"","cue","log","id","rho","burst","iota_N1","iota_N2","phi_N1","phi_N2","fitness_rho","fitness_beta","fitness_psin","fitness_psiw","fitness_phin","fitness_phiw"
"4840","I+Ig","none",4840,0.32910046,4.7908705,9.20804985,0.49806644,0.03377076,14541.8891,8.8121510423428,5.88484165068515,6.13926351759828,5.88169754372023,8.8353626217276,8.82960877565026
