"","cue","log","id","rho","burst","iota_N1","iota_N2","phi_N1","phi_N2","fitness_rho","fitness_beta","fitness_psin","fitness_psiw","fitness_phin","fitness_phiw"
"1018","I+Ig","none",1018,0.4266119,4.8638328,8.78680376,0.46907092,0.03789936,631.984104,8.32142623962198,6.03112385660586,6.10183354234718,5.80860124274747,8.75988466836782,8.85350846928062
