"","cue","log","id","rho","burst","iota_N1","iota_N2","phi_N1","phi_N2","fitness_rho","fitness_beta","fitness_psin","fitness_psiw","fitness_phin","fitness_phiw"
"4179","I+Ig","none",4179,0.39358974,4.05826064,19.2524701,0.69134179,0.03052594,483.919421,8.55720537224685,4.36619577757001,8.60069016668099,6.36431291930563,8.05537541664351,8.86051428952728
