"","cue","log","id","rho","burst","iota_N1","iota_N2","phi_N1","phi_N2","fitness_rho","fitness_beta","fitness_psin","fitness_psiw","fitness_phin","fitness_phiw"
"4880","I+Ig","none",4880,0.27615545,4.01975592,32.8884028,0.86478742,0.01915341,918.178934,8.86026978417727,4.2547929264985,7.39567759500468,8.73283723888996,6.13249212718058,8.84604534330785
