"","cue","log","id","rho","burst","iota_N1","iota_N2","phi_N1","phi_N2","fitness_rho","fitness_beta","fitness_psin","fitness_psiw","fitness_phin","fitness_phiw"
"93","I+Ig","none",93,0.32352567,3.90978736,9.16099054,0.77887385,0.04204355,2103.34722,8.82260601789895,3.89573838127997,6.13490491985368,7.59814531560559,8.51565708085847,8.8363161329926
