"","cue","log","id","rho","burst","iota_N1","iota_N2","phi_N1","phi_N2","fitness_rho","fitness_beta","fitness_psin","fitness_psiw","fitness_phin","fitness_phiw"
"109","I+Ig","none",109,0.26356188,5.68396991,31.3072652,1.09209889,0.01802771,470.269937,8.85729063640654,8.69350689282569,7.48458556945458,7.1084030701732,6.08651722171032,8.86135731891909
