"","cue","log","id","rho","burst","iota_N1","iota_N2","phi_N1","phi_N2","fitness_rho","fitness_beta","fitness_psin","fitness_psiw","fitness_phin","fitness_phiw"
"1261","I+Ig","none",1261,0.41160489,5.35473425,14.1308347,0.87163838,0.06075256,245.084603,8.43482234187607,7.20646969328152,7.76990975754353,8.68012415301108,7.65127650548206,8.88598622679379
