"","cue","log","id","rho","burst","iota_N1","iota_N2","phi_N1","phi_N2","fitness_rho","fitness_beta","fitness_psin","fitness_psiw","fitness_phin","fitness_phiw"
"4631","I+Ig","log10",4631,0.24135519,4.4815333,28.1387076,1.99804476,0.10209284,550.862295,9.56494839247072,4.49484882419601,9.20061095097588,5.43000072155442,8.43869840158006,9.57549385083992
