"","cue","log","id","rho","burst","iota_N1","iota_N2","phi_N1","phi_N2","fitness_rho","fitness_beta","fitness_psin","fitness_psiw","fitness_phin","fitness_phiw"
"4486","I+Ig","log10",4486,0.34501177,4.79569154,8.6458632,0.44116806,0.03786915,265.619813,9.60508632272042,6.02111898857981,9.72952861464629,10.0594628116484,9.54026138775114,9.60356999507559
