"","cue","log","id","rho","burst","iota_N1","iota_N2","phi_N1","phi_N2","fitness_rho","fitness_beta","fitness_psin","fitness_psiw","fitness_phin","fitness_phiw"
"1248","I+Ig","none",1248,0.32146879,6.10245297,88.7350085,1.8567105,0.00580347,4152.04181,8.82610997420098,4.99732574943869,5.95673955423456,4.88326096000831,5.65893394519654,8.83247086209897
