"","cue","log","id","rho","burst","iota_N1","iota_N2","phi_N1","phi_N2","fitness_rho","fitness_beta","fitness_psin","fitness_psiw","fitness_phin","fitness_phiw"
"4498","I+Ig","log10",4498,0.40072216,4.79289705,32.5093169,0.46153427,0.00843969,874.162827,9.61821107211003,6.00684265534069,9.03808605229324,10.1085676326659,9.71910950388346,9.56562655744184
