"","cue","log","id","rho","burst","iota_N1","iota_N2","phi_N1","phi_N2","fitness_rho","fitness_beta","fitness_psin","fitness_psiw","fitness_phin","fitness_phiw"
"1106","I+Ig","none",1106,0.30470975,4.04722652,3.74974965,0.74899427,0.1143289,266.014715,8.84778275524208,4.33495240236129,5.73667813324793,6.86160021652099,6.62644120753277,8.88233989666351
