"","cue","log","id","rho","burst","iota_N1","iota_N2","phi_N1","phi_N2","fitness_rho","fitness_beta","fitness_psin","fitness_psiw","fitness_phin","fitness_phiw"
"3770","I+Ig","log10",3770,0.27035972,3.9874815,14.803664,0.75462407,0.04219745,4367.27733,9.57893080722832,2.58573921176994,9.62398606989187,9.85690439630755,9.47894949970288,9.5520084587801
