"","cue","log","id","rho","burst","iota_N1","iota_N2","phi_N1","phi_N2","fitness_rho","fitness_beta","fitness_psin","fitness_psiw","fitness_phin","fitness_phiw"
"1260","I+Ig","log10",1260,0.43444945,6.01468827,5.48557939,1.55032538,0.18157241,12423.8743,9.62432289846857,9.48734454880556,9.73419630188925,6.68830085182551,7.1658195466638,9.54978374682075
