"","cue","log","id","rho","burst","iota_N1","iota_N2","phi_N1","phi_N2","fitness_rho","fitness_beta","fitness_psin","fitness_psiw","fitness_phin","fitness_phiw"
"4478","I+Ig","log10",4478,0.37027324,4.05070423,10.7978265,0.74199516,0.07059597,357.401113,9.6115718506636,2.79343561683544,9.70406003017215,9.8916978293992,9.0053371466846,9.58975361340379
