"","cue","log","id","rho","burst","iota_N1","iota_N2","phi_N1","phi_N2","fitness_rho","fitness_beta","fitness_psin","fitness_psiw","fitness_phin","fitness_phiw"
"1785","I+Ig","none",1785,0.26279044,3.92465328,14.7575154,0.87749446,0.0541727,50.660801,8.85695504607373,3.94815690022495,8.28619329903582,8.63236439716072,7.89200557123783,8.70442764969574
