"","cue","log","id","rho","burst","iota_N1","iota_N2","phi_N1","phi_N2","fitness_rho","fitness_beta","fitness_psin","fitness_psiw","fitness_phin","fitness_phiw"
"2437","I+Ig","none",2437,0.29728917,5.72835013,23.0355628,0.9201735,0.01339423,8583.1176,8.85380206387442,8.85384449763453,8.14059716389256,8.26096379292079,5.92898999370815,8.83040826396668
