"","cue","log","id","rho","burst","iota_N1","iota_N2","phi_N1","phi_N2","fitness_rho","fitness_beta","fitness_psin","fitness_psiw","fitness_phin","fitness_phiw"
"2120","I+Ig","log10",2120,0.2928499,4.05052185,20.9894721,0.75696892,0.02993163,1681.44317,9.58811866383498,2.79282241745444,9.44759394627672,9.8502831021595,9.63833304604168,9.55747821759628
