"","cue","log","id","rho","burst","iota_N1","iota_N2","phi_N1","phi_N2","fitness_rho","fitness_beta","fitness_psin","fitness_psiw","fitness_phin","fitness_phiw"
"1934","I+Ig","none",1934,0.31613342,4.02391794,42.3090654,0.8209765,0.02782628,570.199731,8.83429334594367,4.26716418846276,6.98511376210836,8.8177913236425,7.17470963980726,8.85602618213761
