"","iter","rho","burst","iota_N1","iota_N2","phi_N1","phi_N2","max_fitness_rho","max_fitness_beta","max_fitness_psin","max_fitness_psiw","max_fitness_phin","max_fitness_phiw","id"
"421",421,0.41033083,5.42517948,44.1922899,0.96113647,0.01777214,1106.20046,9.62007431486392,8.9279700553968,8.59051593182651,9.11986430136767,9.73157080509371,9.56207608624743,"I+Ig_log"
