"","cue","log","id","rho","burst","iota_N1","iota_N2","phi_N1","phi_N2","fitness_rho","fitness_beta","fitness_psin","fitness_psiw","fitness_phin","fitness_phiw"
"901","I+Ig","log10",901,0.24843891,5.56679415,8.35880007,1.04548867,0.04879126,6229.6777,9.56861171994812,9.32228431561363,9.73173067393313,8.75794965247459,9.37788312918791,9.55098534254716
