"","cue","log","id","rho","burst","iota_N1","iota_N2","phi_N1","phi_N2","fitness_rho","fitness_beta","fitness_psin","fitness_psiw","fitness_phin","fitness_phiw"
"2441","I+Ig","none",2441,0.33346209,4.57916603,14.6125097,1.87943376,0.26840253,2070.32115,8.80290099828809,5.48292787262666,8.15909247128661,4.84204757297487,5.43348002890819,8.83643935371733
