"","cue","log","id","rho","burst","iota_N1","iota_N2","phi_N1","phi_N2","fitness_rho","fitness_beta","fitness_psin","fitness_psiw","fitness_phin","fitness_phiw"
"2273","I+Ig","log10",2273,0.25177207,4.54699347,109.845959,2.26043012,0.02195669,407.382277,9.57027494771655,4.79617649493169,6.50516403589575,4.89102998263061,9.70981642337019,9.58479637147776
