"","cue","log","id","rho","burst","iota_N1","iota_N2","phi_N1","phi_N2","fitness_rho","fitness_beta","fitness_psin","fitness_psiw","fitness_phin","fitness_phiw"
"659","I+Ig","log10",659,0.34849114,4.56005712,29.8379633,1.76860006,0.13716181,174.51114,9.6060389666363,4.85753573388847,9.13810982340176,6.01105400637334,7.83868825315255,9.63101877897342
