"","cue","log","id","rho","burst","iota_N1","iota_N2","phi_N1","phi_N2","fitness_rho","fitness_beta","fitness_psin","fitness_psiw","fitness_phin","fitness_phiw"
"687","I+Ig","log10",687,0.29738739,4.00815129,234.75519,0.8316262,0.00279892,24.1835078,9.589818405007,2.65249307217167,4.44052738363223,9.61560685587102,9.64972122367396,10.005378923611
