"","cue","log","id","rho","burst","iota_N1","iota_N2","phi_N1","phi_N2","fitness_rho","fitness_beta","fitness_psin","fitness_psiw","fitness_phin","fitness_phiw"
"1265","I+Ig","none",1265,0.22574601,4.56013359,49.4032387,2.06517562,0.06054822,647.569084,8.82156474802294,5.4475668960012,6.75633105545575,4.53470162840446,7.65798193863432,8.85294660568682
