"","cue","log","id","rho","burst","iota_N1","iota_N2","phi_N1","phi_N2","fitness_rho","fitness_beta","fitness_psin","fitness_psiw","fitness_phin","fitness_phiw"
"221","I+Ig","none",221,0.21257237,4.79204801,23.6195206,1.95867088,0.08936059,1146.8836,8.80055512261785,5.88715984346205,8.07943789844194,4.70478955003046,6.98840563971095,8.84265967517843
