"","cue","log","id","rho","burst","iota_N1","iota_N2","phi_N1","phi_N2","fitness_rho","fitness_beta","fitness_psin","fitness_psiw","fitness_phin","fitness_phiw"
"4746","I+Ig","none",4746,0.39481657,6.29896738,708.929807,2.28638096,0.00204897,3249.1932,8.54951763018729,4.0338839758831,2.24796172514502,4.2255417151354,5.50537343111788,8.83357785045054
