"","cue","log","id","rho","burst","iota_N1","iota_N2","phi_N1","phi_N2","fitness_rho","fitness_beta","fitness_psin","fitness_psiw","fitness_phin","fitness_phiw"
"1755","I+Ig","log10",1755,0.21063661,3.86718876,38.4016516,0.83557038,0.00829445,163.190378,9.54691705967509,2.21893125417999,8.81304488040204,9.60201948278748,9.71802916546468,9.63646908527598
