"","cue","log","id","rho","burst","iota_N1","iota_N2","phi_N1","phi_N2","fitness_rho","fitness_beta","fitness_psin","fitness_psiw","fitness_phin","fitness_phiw"
"92","I+Ig","log10",92,0.31479169,4.00309083,14.5711739,0.85386515,0.04483297,879.739986,9.59591888572162,2.63604851317802,9.62954602741769,9.53757254658031,9.43953634149196,9.56551903767963
