"","cue","log","id","rho","burst","iota_N1","iota_N2","phi_N1","phi_N2","fitness_rho","fitness_beta","fitness_psin","fitness_psiw","fitness_phin","fitness_phiw"
"1151","I+Ig","none",1151,0.2092851,4.76622345,39.4082604,1.87040207,0.04736663,4870.50989,8.79466731938819,5.83657849874229,7.09492444493189,4.85832574566381,8.20983148996233,8.83188385047724
