"","iter","rho","burst","iota_N1","iota_N2","phi_N1","phi_N2","max_fitness_rho","max_fitness_beta","max_fitness_psin","max_fitness_psiw","max_fitness_phin","max_fitness_phiw","id"
"697",697,0.27224395,5.59352831,47.5815713,1.10165404,0.01073991,281.835168,8.85986085362962,8.12821779485381,6.81064955959623,7.06052370846337,5.84072118147794,8.8798564857112,"I+Ig_none"
