"","iter","rho","burst","iota_N1","iota_N2","phi_N1","phi_N2","max_fitness_rho","max_fitness_beta","max_fitness_psin","max_fitness_psiw","max_fitness_phin","max_fitness_phiw","id"
"388",388,0.42591144,4.76844586,155.606613,0.39768826,0.00206653,260.628532,9.62288733092347,5.8822474874352,5.54782104619957,9.91698197326019,9.6360133279256,9.60459056911103,"I+Ig_log"
