"","cue","log","id","rho","burst","iota_N1","iota_N2","phi_N1","phi_N2","fitness_rho","fitness_beta","fitness_psin","fitness_psiw","fitness_phin","fitness_phiw"
"4336","I+Ig","log10",4336,0.31677846,4.73803422,3.77784381,0.52217311,0.07643207,54.4520547,9.5965743477331,5.72823235790922,9.71464128869343,10.1870346290022,8.90067725319365,9.78852815864909
