"","cue","log","id","rho","burst","iota_N1","iota_N2","phi_N1","phi_N2","fitness_rho","fitness_beta","fitness_psin","fitness_psiw","fitness_phin","fitness_phiw"
"1187","I+Ig","none",1187,0.30453852,4.73636767,212.330927,2.10500076,0.01101275,258.70245,8.84794764892491,5.77879865433618,4.70874589549239,4.47493159536184,5.85002710037228,8.88356756272087
