"","cue","log","id","rho","burst","iota_N1","iota_N2","phi_N1","phi_N2","fitness_rho","fitness_beta","fitness_psin","fitness_psiw","fitness_phin","fitness_phiw"
"3388","I+Ig","log10",3388,0.37350112,4.70924851,8.36873134,0.40059698,0.02927569,58.2473259,9.61233169507325,5.58359665944324,9.73165991521471,9.92795004106532,9.64539954685933,9.77492559359916
