"","cue","log","id","rho","burst","iota_N1","iota_N2","phi_N1","phi_N2","fitness_rho","fitness_beta","fitness_psin","fitness_psiw","fitness_phin","fitness_phiw"
"415","I+Ig","none",415,0.32870935,5.67565884,214.394118,0.95880222,0.00134955,1978.14316,8.81292562359679,8.64065164604418,4.69279654339849,7.94349841376582,5.47607361198914,8.83680523079062
