"","cue","log","id","rho","burst","iota_N1","iota_N2","phi_N1","phi_N2","fitness_rho","fitness_beta","fitness_psin","fitness_psiw","fitness_phin","fitness_phiw"
"395","I+Ig","log10",395,0.22400691,4.80943521,167.629324,2.06577555,0.00905691,1535.11105,9.5552243494038,6.09142778635434,5.34315247188312,5.27954250797554,9.72333904899304,9.55832314131648
