"","cue","log","id","rho","burst","iota_N1","iota_N2","phi_N1","phi_N2","fitness_rho","fitness_beta","fitness_psin","fitness_psiw","fitness_phin","fitness_phiw"
"1698","I+Ig","log10",1698,0.30740239,6.00589168,15.8014856,2.10455145,0.05062722,2741.07706,9.5934081659256,9.50079286929077,9.59907142765122,5.19717365914192,9.34842519797277,9.55404431508434
