"","iter","rho","burst","iota_N1","iota_N2","phi_N1","phi_N2","max_fitness_rho","max_fitness_beta","max_fitness_psin","max_fitness_psiw","max_fitness_phin","max_fitness_phiw","id"
"359",359,0.17835098,4.48126065,150.693499,2.85656622,0.02795642,33.1329609,8.72735950287794,5.30043371382519,5.23391598332111,3.61874317801486,7.21368056410573,8.09663119711616,"I+Ig_none"
