"","cue","log","id","rho","burst","iota_N1","iota_N2","phi_N1","phi_N2","fitness_rho","fitness_beta","fitness_psin","fitness_psiw","fitness_phin","fitness_phiw"
"113","I+Ig","none",113,0.23627116,4.6588494,36.9257968,1.60545191,0.05813428,2657.93654,8.83529048598629,5.6315889595698,7.19916493290782,5.40404466828303,7.74061349218546,8.8347001454574
