"","cue","log","id","rho","burst","iota_N1","iota_N2","phi_N1","phi_N2","fitness_rho","fitness_beta","fitness_psin","fitness_psiw","fitness_phin","fitness_phiw"
"2905","I+Ig","none",2905,0.31483634,5.54777544,17.3211299,1.07846362,0.03388094,474.035833,8.83609437799159,7.89644369421516,8.82204431852468,7.17889191026527,8.84043031686647,8.86112195264009
