"","cue","log","id","rho","burst","iota_N1","iota_N2","phi_N1","phi_N2","fitness_rho","fitness_beta","fitness_psin","fitness_psiw","fitness_phin","fitness_phiw"
"397","I+Ig","none",397,0.36972403,5.55680163,74.5909266,0.9235466,0.0097289,243.439256,8.68423579267442,7.93906462161533,6.18851366174521,8.23194509356988,5.80561950124231,8.88629290759925
