"","iter","rho","burst","iota_N1","iota_N2","phi_N1","phi_N2","max_fitness_rho","max_fitness_beta","max_fitness_psin","max_fitness_psiw","max_fitness_phin","max_fitness_phiw","id"
"285",285,0.34840789,3.71179362,15.3364366,0.93383996,0.0830069,174.13449,9.60601340448325,1.79781407022925,9.61088967870996,9.23172543583431,8.78198633395717,9.63118895957774,"I+Ig_log"
