"","cue","log","id","rho","burst","iota_N1","iota_N2","phi_N1","phi_N2","fitness_rho","fitness_beta","fitness_psin","fitness_psiw","fitness_phin","fitness_phiw"
"4011","I+Ig","log10",4011,0.37324965,4.01619179,12.7525298,0.84217338,0.03880787,924.391164,9.61227432433265,2.67876015090803,9.66945598445095,9.57902434785024,9.52736352128283,9.56470882342895
