"","cue","log","id","rho","burst","iota_N1","iota_N2","phi_N1","phi_N2","fitness_rho","fitness_beta","fitness_psin","fitness_psiw","fitness_phin","fitness_phiw"
"600","I+Ig","none",600,0.40425652,6.25944378,88.3856181,1.88099368,0.01116181,365.625953,8.48710974850542,4.1946321174084,5.96199229616764,4.83925052425629,5.85508418337575,8.86964299287372
