"","cue","log","id","rho","burst","iota_N1","iota_N2","phi_N1","phi_N2","fitness_rho","fitness_beta","fitness_psin","fitness_psiw","fitness_phin","fitness_phiw"
"4802","I+Ig","none",4802,0.2798926,3.85438748,51.2597086,0.80555351,0.01756839,4870.96445,8.86020740781054,3.68869269183724,6.70358344122511,8.48213673838728,6.06917646581566,8.83188338438539
