"","cue","log","id","rho","burst","iota_N1","iota_N2","phi_N1","phi_N2","fitness_rho","fitness_beta","fitness_psin","fitness_psiw","fitness_phin","fitness_phiw"
"4044","I+Ig","log10",4044,0.34702712,6.09586947,72.2536275,1.78393785,0.00749152,172.45244,9.60563835151643,9.33616372905209,7.58129425175649,5.9683758338243,9.71144893192734,9.63195738455005
