"","iter","rho","burst","iota_N1","iota_N2","phi_N1","phi_N2","max_fitness_rho","max_fitness_beta","max_fitness_psin","max_fitness_psiw","max_fitness_phin","max_fitness_phiw","id"
"847",847,0.32965903,5.29562994,64.1051752,1.09256014,0.00633556,443.310363,9.60063844399319,8.45020415471276,7.85743438132542,8.54959045036079,9.70008381083967,9.581913032229,"I+Ig_log"
