"","cue","log","id","rho","burst","iota_N1","iota_N2","phi_N1","phi_N2","fitness_rho","fitness_beta","fitness_psin","fitness_psiw","fitness_phin","fitness_phiw"
"3083","I+Ig","none",3083,0.14220961,4.61057485,84.1516973,2.20997303,0.02375988,7021.95299,8.62312346121256,5.54134715552968,6.02739215214687,4.32631928317075,6.40922721765409,8.83083998719198
