"","cue","log","id","rho","burst","iota_N1","iota_N2","phi_N1","phi_N2","fitness_rho","fitness_beta","fitness_psin","fitness_psiw","fitness_phin","fitness_phiw"
"2265","I+Ig","none",2265,0.35594704,4.01649365,13.3452644,0.67561697,0.0258412,1223.73214,8.73894253227733,4.24504009469145,7.25292856553736,6.3020556179702,6.68626585257937,8.8417944854509
