"","cue","log","id","rho","burst","iota_N1","iota_N2","phi_N1","phi_N2","fitness_rho","fitness_beta","fitness_psin","fitness_psiw","fitness_phin","fitness_phiw"
"1795","I+Ig","none",1795,0.30936917,5.44991236,36.5066771,1.12148164,0.01607096,527.978989,8.84291693327791,7.50679007889944,7.2178635906337,6.96481935739915,6.01658901581487,8.8580548856944
