"","cue","log","id","rho","burst","iota_N1","iota_N2","phi_N1","phi_N2","fitness_rho","fitness_beta","fitness_psin","fitness_psiw","fitness_phin","fitness_phiw"
"1727","I+Ig","log10",1727,0.11671284,4.61698897,31.8424797,2.21367137,0.05705149,102.995733,9.45992513517538,5.12936926997725,9.0632205548078,4.97890448931063,9.24187136775334,9.68405685889004
