"","cue","log","id","rho","burst","iota_N1","iota_N2","phi_N1","phi_N2","fitness_rho","fitness_beta","fitness_psin","fitness_psiw","fitness_phin","fitness_phiw"
"2485","I+Ig","none",2485,0.31692801,5.79147163,5.5360693,1.05619217,0.031406,1576.74366,8.83313797671742,7.08748128605458,5.86892298725478,7.30001229112137,8.41021681679996,8.83888068265625
