"","cue","log","id","rho","burst","iota_N1","iota_N2","phi_N1","phi_N2","fitness_rho","fitness_beta","fitness_psin","fitness_psiw","fitness_phin","fitness_phiw"
"4106","I+Ig","none",4106,0.29228429,4.10774962,99.0128304,0.94134802,0.00697041,1096.26195,8.85671698635454,4.50009796828767,5.81063240092649,8.08262101540718,5.70431040464921,8.84329054336023
