"","cue","log","id","rho","burst","iota_N1","iota_N2","phi_N1","phi_N2","fitness_rho","fitness_beta","fitness_psin","fitness_psiw","fitness_phin","fitness_phiw"
"1960","I+Ig","none",1960,0.53330254,4.75303964,6.54040267,0.49455066,0.07944134,374.816539,7.66473378736278,5.8109780492824,5.93837080015901,5.87302989314091,7.17342487303242,8.868756251148
