"","cue","log","id","rho","burst","iota_N1","iota_N2","phi_N1","phi_N2","fitness_rho","fitness_beta","fitness_psin","fitness_psiw","fitness_phin","fitness_phiw"
"2055","I+Ig","log10",2055,0.3536321,3.95108574,10.2591917,0.63740378,0.05524972,626.848806,9.60740990871532,2.47088105078569,9.71180275045083,10.1168993787223,9.27224036588879,9.57227157505315
