"","cue","log","id","rho","burst","iota_N1","iota_N2","phi_N1","phi_N2","fitness_rho","fitness_beta","fitness_psin","fitness_psiw","fitness_phin","fitness_phiw"
"2813","I+Ig","none",2813,0.16491897,4.66156731,13.4634503,2.18037721,0.14109431,9532.95349,8.69172249766277,5.63669350267545,7.32901617704155,4.36697215606147,6.33171519378226,8.83021105061141
