"","cue","log","id","rho","burst","iota_N1","iota_N2","phi_N1","phi_N2","fitness_rho","fitness_beta","fitness_psin","fitness_psiw","fitness_phin","fitness_phiw"
"1161","I+Ig","log10",1161,0.34031916,3.93184622,27.4705946,0.78667593,0.01581072,42.8879849,9.60376870903262,2.41153491365161,9.22488547194089,9.76228612224166,9.73685152263705,9.84214894626577
