"","cue","log","id","rho","burst","iota_N1","iota_N2","phi_N1","phi_N2","fitness_rho","fitness_beta","fitness_psin","fitness_psiw","fitness_phin","fitness_phiw"
"1569","I+Ig","log10",1569,0.37628132,3.97016381,15.3035538,0.80310953,0.02314407,282.20066,9.61297396500671,2.53066330212111,9.61171117506467,9.71046889618989,9.70140967556019,9.60042663313153
