"","iter","rho","burst","iota_N1","iota_N2","phi_N1","phi_N2","max_fitness_rho","max_fitness_beta","max_fitness_psin","max_fitness_psiw","max_fitness_phin","max_fitness_phiw","id"
"877",877,0.39073112,5.37957107,35.206059,1.17980794,0.02644171,1357.74541,8.57464321768297,7.28014511590335,7.27821002171637,6.70753586303718,6.80776944694906,8.84051463452563,"I+Ig_none"
