"","cue","log","id","rho","burst","iota_N1","iota_N2","phi_N1","phi_N2","fitness_rho","fitness_beta","fitness_psin","fitness_psiw","fitness_phin","fitness_phiw"
"3291","I+Ig","log10",3291,0.34125459,4.00285567,76.5296142,0.73082403,0.00801956,485.620731,9.60403335635099,2.63528542623165,7.44269066225448,9.92124032925208,9.71589306541915,9.5790536345492
