"","cue","log","id","rho","burst","iota_N1","iota_N2","phi_N1","phi_N2","fitness_rho","fitness_beta","fitness_psin","fitness_psiw","fitness_phin","fitness_phiw"
"1119","I+Ig","none",1119,0.34144857,4.05042398,22.6799099,0.83622801,0.01332463,501.975472,8.78344613725056,4.34406058292916,8.17924497179038,8.87253897738994,5.92672365104734,8.85945825533866
