"","cue","log","id","rho","burst","iota_N1","iota_N2","phi_N1","phi_N2","fitness_rho","fitness_beta","fitness_psin","fitness_psiw","fitness_phin","fitness_phiw"
"2534","I+Ig","none",2534,0.34739547,4.09999239,16.6568826,0.84208052,0.0653833,947.209579,8.76669635741618,4.47974837144729,8.85767826863277,8.86048887660418,7.51019034865497,8.84553154386439
