"","cue","log","id","rho","burst","iota_N1","iota_N2","phi_N1","phi_N2","fitness_rho","fitness_beta","fitness_psin","fitness_psiw","fitness_phin","fitness_phiw"
"934","I+Ig","log10",934,0.26800217,4.79680124,6.45857434,0.48615584,0.04857331,4638.0205,9.57788788527794,6.02678960665365,9.73774371995811,10.1522670531638,9.38134739818324,9.55181272360079
