"","cue","log","id","rho","burst","iota_N1","iota_N2","phi_N1","phi_N2","fitness_rho","fitness_beta","fitness_psin","fitness_psiw","fitness_phin","fitness_phiw"
"1866","I+Ig","none",1866,0.43297632,6.12958524,9.44433927,1.76844516,0.07704348,561.343424,8.27239604843186,4.85913866604951,6.16197223055907,5.05189084737778,7.22353673096491,8.85642938666129
