"","cue","log","id","rho","burst","iota_N1","iota_N2","phi_N1","phi_N2","fitness_rho","fitness_beta","fitness_psin","fitness_psiw","fitness_phin","fitness_phiw"
"3402","I+Ig","log10",3402,0.3507594,6.16219061,13.5487346,1.68413251,0.03754348,3015.14696,9.60664800453922,9.18097351163953,9.65280562173683,6.25713548120592,9.54467957432353,9.55355023964504
