"","cue","log","id","rho","burst","iota_N1","iota_N2","phi_N1","phi_N2","fitness_rho","fitness_beta","fitness_psin","fitness_psiw","fitness_phin","fitness_phiw"
"4501","I+Ig","log10",4501,0.31186812,5.47686503,10.975742,1.08194923,0.04517741,2411.55829,9.59494406366811,9.08853956893163,9.70131836417048,8.59676203668308,9.43428153216314,9.55479112978533
