"","cue","log","id","rho","burst","iota_N1","iota_N2","phi_N1","phi_N2","fitness_rho","fitness_beta","fitness_psin","fitness_psiw","fitness_phin","fitness_phiw"
"2576","I+Ig","log10",2576,0.32766354,4.01306707,4.68723414,0.7946821,0.12735357,480.673033,9.60002797068414,2.66853259414524,9.72733974807269,9.73731180423935,8.00098278542353,9.57936404430263
