"","iter","rho","burst","iota_N1","iota_N2","phi_N1","phi_N2","max_fitness_rho","max_fitness_beta","max_fitness_psin","max_fitness_psiw","max_fitness_phin","max_fitness_phiw","id"
"231",231,0.3172928,4.03823917,28.0250115,0.84802328,0.02291924,763.516522,9.59674216338442,2.75165433703359,9.20475479787,9.55839885029616,9.70306899633168,9.56807227651835,"I+Ig_log"
