"","cue","log","id","rho","burst","iota_N1","iota_N2","phi_N1","phi_N2","fitness_rho","fitness_beta","fitness_psin","fitness_psiw","fitness_phin","fitness_phiw"
"2005","I+Ig","log10",2005,0.24581671,5.48262678,11.1070773,1.04375302,0.02989861,2787.59253,9.56727841741278,9.10529127444314,9.69924009936179,8.76557297937819,9.63869120059905,9.55395479592482
