"","cue","log","id","rho","burst","iota_N1","iota_N2","phi_N1","phi_N2","fitness_rho","fitness_beta","fitness_psin","fitness_psiw","fitness_phin","fitness_phiw"
"1952","I+Ig","log10",1952,0.28614597,4.01236576,21.6167546,0.75977921,0.02803281,2415.11832,9.58551393815748,2.66623726843549,9.42732888646934,9.84228488218492,9.65826854607741,9.55478207215996
