"","cue","log","id","rho","burst","iota_N1","iota_N2","phi_N1","phi_N2","fitness_rho","fitness_beta","fitness_psin","fitness_psiw","fitness_phin","fitness_phiw"
"1408","I+Ig","none",1408,0.38587165,4.96158988,0.96507021,0.34969706,0.18451239,8884.68601,8.60288437145964,6.23644455022529,5.50373076536949,5.50446681078611,5.96144789283955,8.83033993669253
