"","cue","log","id","rho","burst","iota_N1","iota_N2","phi_N1","phi_N2","fitness_rho","fitness_beta","fitness_psin","fitness_psiw","fitness_phin","fitness_phiw"
"4842","I+Ig","log10",4842,0.46516951,6.07039643,68.1165575,2.07632249,0.01807125,374.417152,9.62895813012884,9.3886075103372,7.71954144499284,5.25687544363636,9.73046642311817,9.58791871563494
