"","cue","log","id","rho","burst","iota_N1","iota_N2","phi_N1","phi_N2","fitness_rho","fitness_beta","fitness_psin","fitness_psiw","fitness_phin","fitness_phiw"
"747","I+Ig","log10",747,0.29947765,3.88733463,59.5884601,0.90786349,0.01117036,16320.564,9.59058654689828,2.27782153044391,8.01708469332264,9.33496265499965,9.73363626357985,9.54949492101128
