"","cue","log","id","rho","burst","iota_N1","iota_N2","phi_N1","phi_N2","fitness_rho","fitness_beta","fitness_psin","fitness_psiw","fitness_phin","fitness_phiw"
"4932","I+Ig","none",4932,0.32647021,6.08596358,157.926661,2.19117941,0.00650277,3169.20767,8.81726630389805,5.07521459765758,5.16606525320788,4.35202515412679,5.6863003431859,8.833705210249
