"","cue","log","id","rho","burst","iota_N1","iota_N2","phi_N1","phi_N2","fitness_rho","fitness_beta","fitness_psin","fitness_psiw","fitness_phin","fitness_phiw"
"2211","I+Ig","log10",2211,0.20685636,3.84441368,7.24569004,1.01084335,0.09618459,284.805222,9.54442786539378,2.15356755913343,9.73717186820875,8.90898172461726,8.54428848216194,9.59996700189755
