"","cue","log","id","rho","burst","iota_N1","iota_N2","phi_N1","phi_N2","fitness_rho","fitness_beta","fitness_psin","fitness_psiw","fitness_phin","fitness_phiw"
"3249","I+Ig","none",3249,0.34730075,3.81210134,9.61049517,0.76357457,0.06131634,228.383498,8.76695968915581,3.51771091046036,6.1787458132594,7.18169364269747,7.63301760932955,8.88922197706186
