"","cue","log","id","rho","burst","iota_N1","iota_N2","phi_N1","phi_N2","fitness_rho","fitness_beta","fitness_psin","fitness_psiw","fitness_phin","fitness_phiw"
"3661","I+Ig","log10",3661,0.32286505,5.55747863,127.939048,1.04485821,0.00430323,452.130972,9.59853434806062,9.30087905005191,6.0881844729141,8.76071712487083,9.67421081999643,9.58127366416276
