"","iter","rho","burst","iota_N1","iota_N2","phi_N1","phi_N2","max_fitness_rho","max_fitness_beta","max_fitness_psin","max_fitness_psiw","max_fitness_phin","max_fitness_phiw","id"
"703",703,0.41059248,5.46117104,6.82969112,1.06983986,0.13744242,1662.72078,8.44211400803247,7.54629471815124,5.95811292207342,7.22487048110103,6.36808137675326,8.83835331613888,"I+Ig_none"
