"","cue","log","id","rho","burst","iota_N1","iota_N2","phi_N1","phi_N2","fitness_rho","fitness_beta","fitness_psin","fitness_psiw","fitness_phin","fitness_phiw"
"1662","I+Ig","log10",1662,0.31054497,5.79037472,7.75228578,2.08877792,0.10853328,377.157868,9.59448867071733,9.62369799423087,9.73533058187818,5.23035908342807,8.32475099065616,9.58763891599289
