"","cue","log","id","rho","burst","iota_N1","iota_N2","phi_N1","phi_N2","fitness_rho","fitness_beta","fitness_psin","fitness_psiw","fitness_phin","fitness_phiw"
"4005","I+Ig","none",4005,0.44099407,3.98867259,12.5997992,0.67138669,0.07422277,437.487792,8.21095573339554,4.15975978709357,6.82149750611665,6.28711634548165,7.28579922724344,8.86357920696782
