"","cue","log","id","rho","burst","iota_N1","iota_N2","phi_N1","phi_N2","fitness_rho","fitness_beta","fitness_psin","fitness_psiw","fitness_phin","fitness_phiw"
"1962","I+Ig","none",1962,0.37601201,6.05139296,6.33218501,1.84191721,0.07836621,195.892885,8.65485803482077,5.22433974086697,5.92413174680622,4.91056057810495,7.19559262241643,8.8964726645116
