"","cue","log","id","rho","burst","iota_N1","iota_N2","phi_N1","phi_N2","fitness_rho","fitness_beta","fitness_psin","fitness_psiw","fitness_phin","fitness_phiw"
"1477","I+Ig","none",1477,0.32073284,5.36449999,11.9996626,1.2917179,0.05302818,383.154559,8.82730161893879,7.23512502165033,6.58411237114687,6.28767614355371,7.93993439867225,8.86798387538006
