"","cue","log","id","rho","burst","iota_N1","iota_N2","phi_N1","phi_N2","fitness_rho","fitness_beta","fitness_psin","fitness_psiw","fitness_phin","fitness_phiw"
"1950","I+Ig","none",1950,0.471006,5.95781224,56.267998,1.9030387,0.02014342,621.173721,7.99848298137174,5.61014693162467,6.57244549016417,4.80013203914085,6.17799076376868,8.85391681869774
