"","cue","log","id","rho","burst","iota_N1","iota_N2","phi_N1","phi_N2","fitness_rho","fitness_beta","fitness_psin","fitness_psiw","fitness_phin","fitness_phiw"
"3707","I+Ig","log10",3707,0.24073087,4.4246407,19.5199624,2.29785478,0.18568965,5003.89701,9.56461814928566,4.2416435461741,9.49363729469519,4.82296390312804,7.10860369703799,9.55157480420405
