"","cue","log","id","rho","burst","iota_N1","iota_N2","phi_N1","phi_N2","fitness_rho","fitness_beta","fitness_psin","fitness_psiw","fitness_phin","fitness_phiw"
"4790","I+Ig","log10",4790,0.25900959,3.94374965,11.2330266,0.85767753,0.06090034,33.0722489,9.57376862762626,2.44813752643245,9.69720036043116,9.52385568481214,9.17596261522091,9.91035688657937
