"","cue","log","id","rho","burst","iota_N1","iota_N2","phi_N1","phi_N2","fitness_rho","fitness_beta","fitness_psin","fitness_psiw","fitness_phin","fitness_phiw"
"4078","I+Ig","log10",4078,0.36555234,4.85665689,25.5170795,0.42002858,0.0148883,122.216559,9.61042950233059,6.33396400281364,9.29469566826332,9.99622393081522,9.7380759994523,9.66409661393132
