"","cue","log","id","rho","burst","iota_N1","iota_N2","phi_N1","phi_N2","fitness_rho","fitness_beta","fitness_psin","fitness_psiw","fitness_phin","fitness_phiw"
"2524","I+Ig","none",2524,0.35661568,4.84926038,12.5501639,0.63477738,0.02240855,216.861643,8.73657127082821,6.00146962486011,6.79802539386688,6.18324481199196,6.30507248317037,8.89164384714622
