"","cue","log","id","rho","burst","iota_N1","iota_N2","phi_N1","phi_N2","fitness_rho","fitness_beta","fitness_psin","fitness_psiw","fitness_phin","fitness_phiw"
"775","I+Ig","none",775,0.28227761,5.58354109,15.5274393,0.84685049,0.01793479,14390.3102,8.85993529626176,8.07414069550255,8.74021540865845,8.84248691755875,6.0829500243169,8.82962113431952
