"","cue","log","id","rho","burst","iota_N1","iota_N2","phi_N1","phi_N2","fitness_rho","fitness_beta","fitness_psin","fitness_psiw","fitness_phin","fitness_phiw"
"1749","I+Ig","log10",1749,0.4090394,4.02592178,9.93984312,0.69193052,0.03616039,62.8032524,9.61982838201709,2.71077349779808,9.71598809873555,10.0144791811425,9.56310897432122,9.76049437554268
