"","cue","log","id","rho","burst","iota_N1","iota_N2","phi_N1","phi_N2","fitness_rho","fitness_beta","fitness_psin","fitness_psiw","fitness_phin","fitness_phiw"
"1268","I+Ig","log10",1268,0.38866731,4.14546092,20.6408863,0.65264601,0.03320003,1479.38787,9.61572162849798,3.12455693357388,9.45870370937155,10.0919181503334,9.60057084371947,9.55868751269714
