"","cue","log","id","rho","burst","iota_N1","iota_N2","phi_N1","phi_N2","fitness_rho","fitness_beta","fitness_psin","fitness_psiw","fitness_phin","fitness_phiw"
"2002","I+Ig","none",2002,0.43035628,4.87723669,12.3706854,0.46239789,0.02929246,5149.15233,8.29255054116448,6.05861267564573,6.71931571804274,5.79136076157728,7.6200614490943,8.8316999832089
