"","iter","rho","burst","iota_N1","iota_N2","phi_N1","phi_N2","max_fitness_rho","max_fitness_beta","max_fitness_psin","max_fitness_psiw","max_fitness_phin","max_fitness_phiw","id"
"326",326,0.32323996,3.99360325,5.18433636,0.84323199,0.1386141,275.37387,9.59865367037089,2.6053946014364,9.73205081555843,9.57530696803745,7.81506819481655,9.60167605640059,"I+Ig_log"
