"","cue","log","id","rho","burst","iota_N1","iota_N2","phi_N1","phi_N2","fitness_rho","fitness_beta","fitness_psin","fitness_psiw","fitness_phin","fitness_phiw"
"787","I+Ig","none",787,0.30240539,5.49087008,14.226375,1.26894794,0.0375412,3910.25969,8.84987464265027,7.65617495484862,7.84041437577542,6.36689038013126,8.77799602394278,8.83271981459185
