"","cue","log","id","rho","burst","iota_N1","iota_N2","phi_N1","phi_N2","fitness_rho","fitness_beta","fitness_psin","fitness_psiw","fitness_phin","fitness_phiw"
"4065","I+Ig","none",4065,0.48963005,3.98559769,12.181457,0.72729648,0.07574633,342.024605,7.88454547643165,4.15009535674079,6.64606830492701,6.57719558095915,7.25169663474474,8.87210309570614
