"","cue","log","id","rho","burst","iota_N1","iota_N2","phi_N1","phi_N2","fitness_rho","fitness_beta","fitness_psin","fitness_psiw","fitness_phin","fitness_phiw"
"1355","I+Ig","none",1355,0.29136936,4.5611662,87.1572819,1.87296784,0.04679402,185.124596,8.85715469265907,5.44948585398131,5.98063444864378,4.8536876801638,8.24041560932338,8.89917601584226
