"","cue","log","id","rho","burst","iota_N1","iota_N2","phi_N1","phi_N2","fitness_rho","fitness_beta","fitness_psin","fitness_psiw","fitness_phin","fitness_phiw"
"1208","I+Ig","log10",1208,0.28396,4.21251981,25.1769846,0.80100842,0.02421821,351.691432,9.58464022439712,3.37353055737211,9.30665180010123,9.71721198475255,9.69305492219615,9.5904051613062
