"","cue","log","id","rho","burst","iota_N1","iota_N2","phi_N1","phi_N2","fitness_rho","fitness_beta","fitness_psin","fitness_psiw","fitness_phin","fitness_phiw"
"4329","I+Ig","none",4329,0.2871634,3.94291892,30.697477,0.80143024,0.02602646,6089.75049,8.85878972978172,4.01082360170814,7.52112020802929,8.32706894735596,6.72131790878878,8.83120124001757
