"","cue","log","id","rho","burst","iota_N1","iota_N2","phi_N1","phi_N2","fitness_rho","fitness_beta","fitness_psin","fitness_psiw","fitness_phin","fitness_phiw"
"1017","I+Ig","none",1017,0.36805791,3.96736901,13.7069955,0.55625786,0.06334106,639.787135,8.69151639983139,4.0918048603633,7.48604786239439,6.01569867375531,7.57000589539615,8.85322391229399
