"","cue","log","id","rho","burst","iota_N1","iota_N2","phi_N1","phi_N2","fitness_rho","fitness_beta","fitness_psin","fitness_psiw","fitness_phin","fitness_phiw"
"3513","I+Ig","none",3513,0.35698908,4.00980217,59.2259083,0.84673738,0.01088379,1598.51489,8.7352246100376,4.22487719146703,6.5014791605661,8.8429822186488,5.84563803316921,8.83874068073078
