"","cue","log","id","rho","burst","iota_N1","iota_N2","phi_N1","phi_N2","fitness_rho","fitness_beta","fitness_psin","fitness_psiw","fitness_phin","fitness_phiw"
"3848","I+Ig","none",3848,0.34761575,4.02905704,5.79791647,0.75660038,0.10938907,337.384884,8.76602400382517,4.28232425029422,5.88725838214815,7.01360737259789,6.68956612178058,8.87262032752214
