"","iter","rho","burst","iota_N1","iota_N2","phi_N1","phi_N2","max_fitness_rho","max_fitness_beta","max_fitness_psin","max_fitness_psiw","max_fitness_phin","max_fitness_phiw","id"
"514",514,0.34616802,4.58247788,43.1036511,0.56665319,0.00635296,5389.94531,8.77030988539411,5.48908272463723,6.95693481160458,6.03791176786901,5.6804800184502,8.83155633711592,"I+Ig_none"
