"","iter","rho","burst","iota_N1","iota_N2","phi_N1","phi_N2","max_fitness_rho","max_fitness_beta","max_fitness_psin","max_fitness_psiw","max_fitness_phin","max_fitness_phiw","id"
"760",760,0.32246972,4.66360029,9.38180259,0.41752848,0.04688176,446.369673,9.59840875645436,5.35691668510193,9.72252193149664,9.987961397764,9.40796536934815,9.58168858604022,"I+Ig_log"
