"","cue","log","id","rho","burst","iota_N1","iota_N2","phi_N1","phi_N2","fitness_rho","fitness_beta","fitness_psin","fitness_psiw","fitness_phin","fitness_phiw"
"2878","I+Ig","none",2878,0.42944592,4.81704575,56.8017632,0.43367619,0.00593042,2927.17328,8.29956290315,5.93670346072736,6.55931571841296,5.71652247884557,5.66393891031084,8.83413299834999
