"","cue","log","id","rho","burst","iota_N1","iota_N2","phi_N1","phi_N2","fitness_rho","fitness_beta","fitness_psin","fitness_psiw","fitness_phin","fitness_phiw"
"1956","I+Ig","log10",1956,0.35799877,6.08487573,23.9005514,2.00178546,0.03862373,700.366457,9.60854147711589,9.35932631302063,9.35090737807975,5.4214658900215,9.52991275463726,9.56981103212124
