"","cue","log","id","rho","burst","iota_N1","iota_N2","phi_N1","phi_N2","fitness_rho","fitness_beta","fitness_psin","fitness_psiw","fitness_phin","fitness_phiw"
"4494","I+Ig","log10",4494,0.39415923,6.23221927,29.7444413,2.05241962,0.0486178,175.674977,9.61687583423294,8.99319628806647,9.14157542789436,5.30853520536083,9.38064137077288,9.63049805258075
