"","cue","log","id","rho","burst","iota_N1","iota_N2","phi_N1","phi_N2","fitness_rho","fitness_beta","fitness_psin","fitness_psiw","fitness_phin","fitness_phiw"
"4621","I+Ig","none",4621,0.41003506,5.47401316,22.6781898,0.87807907,0.02439438,1916.78788,8.44622614497677,7.59273831660645,8.17943407906768,8.62749890084576,6.47441614571942,8.83706813476283
