"","cue","log","id","rho","burst","iota_N1","iota_N2","phi_N1","phi_N2","fitness_rho","fitness_beta","fitness_psin","fitness_psiw","fitness_phin","fitness_phiw"
"4131","I+Ig","log10",4131,0.3100708,4.04789417,106.448093,0.79203769,0.00691791,65.7630162,9.59432796297675,2.78398095045734,6.5900635244315,9.74562298645642,9.70609974551605,9.75205553387632
