"","cue","log","id","rho","burst","iota_N1","iota_N2","phi_N1","phi_N2","fitness_rho","fitness_beta","fitness_psin","fitness_psiw","fitness_phin","fitness_phiw"
"3258","I+Ig","log10",3258,0.43563201,6.13335771,52.5510053,2.36624741,0.02345843,451.471473,9.62451666962959,9.25152450778885,8.2743334094267,4.70347453218085,9.69903459033608,9.58131955041506
