"","cue","log","id","rho","burst","iota_N1","iota_N2","phi_N1","phi_N2","fitness_rho","fitness_beta","fitness_psin","fitness_psiw","fitness_phin","fitness_phiw"
"1528","I+Ig","log10",1528,0.35525686,4.82244576,21.5242937,0.45491897,0.01254656,344.924403,9.60783239074163,6.15812003617218,9.43033377035904,10.0939146353239,9.73716073986774,9.59120914832906
