"","cue","log","id","rho","burst","iota_N1","iota_N2","phi_N1","phi_N2","fitness_rho","fitness_beta","fitness_psin","fitness_psiw","fitness_phin","fitness_phiw"
"4168","I+Ig","log10",4168,0.32989118,4.63117938,12.6925391,0.67980567,0.03805764,32545.4305,9.6007102300625,5.19819546893448,9.67065405315741,10.0402802658267,9.53769119392817,9.54903507210595
