"","cue","log","id","rho","burst","iota_N1","iota_N2","phi_N1","phi_N2","fitness_rho","fitness_beta","fitness_psin","fitness_psiw","fitness_phin","fitness_phiw"
"4206","I+Ig","log10",4206,0.52551808,6.11262399,23.8482935,1.71110914,0.07717252,207.062867,9.63602883324827,9.29938649425192,9.35269939443375,6.17646004014698,8.88734104919136,9.61854355463608
