"","cue","log","id","rho","burst","iota_N1","iota_N2","phi_N1","phi_N2","fitness_rho","fitness_beta","fitness_psin","fitness_psiw","fitness_phin","fitness_phiw"
"2571","I+Ig","none",2571,0.59747919,4.03399295,13.1026919,0.5290005,0.08741639,646.077925,7.40519211225649,4.29677084469048,7.09982521834486,5.95516806351065,7.02221821888797,8.85299709341549
