"","cue","log","id","rho","burst","iota_N1","iota_N2","phi_N1","phi_N2","fitness_rho","fitness_beta","fitness_psin","fitness_psiw","fitness_phin","fitness_phiw"
"1049","I+Ig","log10",1049,0.22802067,4.74255622,28.27783,2.00156528,0.07876659,1041.58447,9.55757709086862,5.75106129738049,9.19553576893169,5.42196363135023,8.85859332785094,9.56290712705903
