"","cue","log","id","rho","burst","iota_N1","iota_N2","phi_N1","phi_N2","fitness_rho","fitness_beta","fitness_psin","fitness_psiw","fitness_phin","fitness_phiw"
"909","I+Ig","none",909,0.39817192,3.94874708,33.4062476,0.68406662,0.02765477,457.863319,8.52799602061924,4.03042555406168,7.36820494618102,6.33417833726225,7.12410963047137,8.86216467231093
