"","cue","log","id","rho","burst","iota_N1","iota_N2","phi_N1","phi_N2","fitness_rho","fitness_beta","fitness_psin","fitness_psiw","fitness_phin","fitness_phiw"
"1449","I+Ig","none",1449,0.25452414,3.96757132,8.29367544,0.88526647,0.04345398,283.654527,8.85227531942373,4.09245962878467,6.06212812540386,8.56644208568492,8.43052465127559,8.87958386870753
