"","cue","log","id","rho","burst","iota_N1","iota_N2","phi_N1","phi_N2","fitness_rho","fitness_beta","fitness_psin","fitness_psiw","fitness_phin","fitness_phiw"
"4507","I+Ig","log10",4507,0.33898349,5.45486949,121.332552,1.14920754,0.00470854,1310.92617,9.60338669428247,9.02245436079368,6.23391475868056,8.29727672349931,9.68000631372613,9.55997961622655
