"","cue","log","id","rho","burst","iota_N1","iota_N2","phi_N1","phi_N2","fitness_rho","fitness_beta","fitness_psin","fitness_psiw","fitness_phin","fitness_phiw"
"4270","I+Ig","log10",4270,0.46653893,4.85063613,1.1438489,0.44403345,0.17202765,91.6644268,9.62914511601429,6.30298234224412,9.64211567640263,10.0670786943678,7.30179439444722,9.69941415091831
