"","cue","log","id","rho","burst","iota_N1","iota_N2","phi_N1","phi_N2","fitness_rho","fitness_beta","fitness_psin","fitness_psiw","fitness_phin","fitness_phiw"
"3795","I+Ig","none",3795,0.37466319,3.96308637,14.4040391,0.81723033,0.04195104,277.778712,8.66140369345446,4.07785454780344,7.98071738293452,8.77242163795364,8.52129978555632,8.8804751646222
