"","cue","log","id","rho","burst","iota_N1","iota_N2","phi_N1","phi_N2","fitness_rho","fitness_beta","fitness_psin","fitness_psiw","fitness_phin","fitness_phiw"
"4104","I+Ig","log10",4104,0.3552162,6.1576875,37.8861306,1.89147137,0.02324583,776.779239,9.60782208304972,9.19227933964292,8.83286214235647,5.68522767728362,9.70064800639785,9.56774531902429
