"","cue","log","id","rho","burst","iota_N1","iota_N2","phi_N1","phi_N2","fitness_rho","fitness_beta","fitness_psin","fitness_psiw","fitness_phin","fitness_phiw"
"3527","I+Ig","log10",3527,0.30972796,4.60815599,21.751147,1.82890879,0.14183444,12519.7051,9.59420952285568,5.0867352626833,9.42294026791597,5.84662118789121,7.7630671456558,9.54977544429474
