"","cue","log","id","rho","burst","iota_N1","iota_N2","phi_N1","phi_N2","fitness_rho","fitness_beta","fitness_psin","fitness_psiw","fitness_phin","fitness_phiw"
"2448","I+Ig","none",2448,0.32183557,6.09905695,12.9109668,1.81033999,0.06814653,5833.94749,8.82548056839233,5.01374360196494,6.98576767148897,4.97009901683329,7.4345295521558,8.83131996400192
