"","cue","log","id","rho","burst","iota_N1","iota_N2","phi_N1","phi_N2","fitness_rho","fitness_beta","fitness_psin","fitness_psiw","fitness_phin","fitness_phiw"
"1141","I+Ig","log10",1141,0.4034762,5.65036529,23.9878059,0.77068758,0.02750667,872.56985,9.61875333583528,9.48374533046393,9.34791693385917,9.81058458955054,9.6635018150577,9.56565818729115
