"","cue","log","id","rho","burst","iota_N1","iota_N2","phi_N1","phi_N2","fitness_rho","fitness_beta","fitness_psin","fitness_psiw","fitness_phin","fitness_phiw"
"3007","I+Ig","log10",3007,0.31684164,5.4751794,3.82999886,0.96477333,0.21386665,300.494921,9.59659569341378,9.08359561579496,9.71552209327672,9.10472582420593,6.7391453126811,9.59734974448737
