"","iter","rho","burst","iota_N1","iota_N2","phi_N1","phi_N2","max_fitness_rho","max_fitness_beta","max_fitness_psin","max_fitness_psiw","max_fitness_phin","max_fitness_phiw","id"
"849",849,0.26475654,3.90303898,11.682681,0.8408206,0.03976254,13236.3473,9.57642985822828,2.32442789122399,9.68958521156858,9.58375689787506,9.51401154766523,9.54970909119418,"I+Ig_log"
