"","cue","log","id","rho","burst","iota_N1","iota_N2","phi_N1","phi_N2","fitness_rho","fitness_beta","fitness_psin","fitness_psiw","fitness_phin","fitness_phiw"
"3989","I+Ig","log10",3989,0.20942386,4.51818375,5.39349886,1.94366239,0.42475527,132180.677,9.54612631787991,4.66228198511303,9.73359496701777,5.55727665648267,4.86125024366002,9.54868958966696
