"","cue","log","id","rho","burst","iota_N1","iota_N2","phi_N1","phi_N2","fitness_rho","fitness_beta","fitness_psin","fitness_psiw","fitness_phin","fitness_phiw"
"2423","I+Ig","none",2423,0.22952532,4.57905841,26.624659,1.84548621,0.07922609,870.609983,8.82681081914835,5.48272898249944,7.80628487594861,4.90393713099756,7.17782588000425,8.84696361247726
