"","cue","log","id","rho","burst","iota_N1","iota_N2","phi_N1","phi_N2","fitness_rho","fitness_beta","fitness_psin","fitness_psiw","fitness_phin","fitness_phiw"
"189","I+Ig","log10",189,0.40854295,4.04218172,11.3090452,0.67190926,0.03851621,122.213747,9.61973567845026,2.76482565787561,9.69595039115704,10.0561936692143,9.53139627925523,9.66410122244549
