"","cue","log","id","rho","burst","iota_N1","iota_N2","phi_N1","phi_N2","fitness_rho","fitness_beta","fitness_psin","fitness_psiw","fitness_phin","fitness_phiw"
"3915","I+Ig","log10",3915,0.34426697,4.02960045,25.2257226,0.83218004,0.01210371,514.010311,9.60487906001037,2.72294277822685,9.30494093544829,9.61370658695499,9.73628133837382,9.57739526099075
