"","cue","log","id","rho","burst","iota_N1","iota_N2","phi_N1","phi_N2","fitness_rho","fitness_beta","fitness_psin","fitness_psiw","fitness_phin","fitness_phiw"
"2884","I+Ig","none",2884,0.33086071,4.76837381,12.0081885,0.48127889,0.03043492,129.839675,8.80852736572211,5.84077178251961,6.58683105783016,5.83978974908837,8.01916078792596,8.91439193539331
