"","cue","log","id","rho","burst","iota_N1","iota_N2","phi_N1","phi_N2","fitness_rho","fitness_beta","fitness_psin","fitness_psiw","fitness_phin","fitness_phiw"
"401","I+Ig","log10",401,0.24158452,4.63293992,25.7670127,2.00449427,0.10651478,498.100536,9.56507273826108,5.20676548604488,9.2858711127024,5.41530265165081,8.36031552164267,9.57830299309046
