"","iter","rho","burst","iota_N1","iota_N2","phi_N1","phi_N2","max_fitness_rho","max_fitness_beta","max_fitness_psin","max_fitness_psiw","max_fitness_phin","max_fitness_phiw","id"
"68",68,0.25409129,4.10687777,20.3658151,1.06151163,0.0323207,122.378172,8.85197476150272,4.49782063780351,8.45632034243305,7.2703633276218,8.67104696161557,8.91613840929009,"I+Ig_none"
