"","cue","log","id","rho","burst","iota_N1","iota_N2","phi_N1","phi_N2","fitness_rho","fitness_beta","fitness_psin","fitness_psiw","fitness_phin","fitness_phiw"
"2550","I+Ig","none",2550,0.34878855,6.17492213,16.5188376,1.58704535,0.02962102,233.386578,8.76246130421353,4.61137320507556,8.85900084780544,5.44760412782795,7.72502066888861,8.88821938508775
