"","cue","log","id","rho","burst","iota_N1","iota_N2","phi_N1","phi_N2","fitness_rho","fitness_beta","fitness_psin","fitness_psiw","fitness_phin","fitness_phiw"
"2140","I+Ig","none",2140,0.34621161,4.72975777,17.2087288,0.57471738,0.03193676,3297.53757,8.7701947695493,5.7660960599601,8.8307202559548,6.05489539457738,8.5808061162319,8.8335021395305
