"","cue","log","id","rho","burst","iota_N1","iota_N2","phi_N1","phi_N2","fitness_rho","fitness_beta","fitness_psin","fitness_psiw","fitness_phin","fitness_phiw"
"2546","I+Ig","none",2546,0.23127677,4.06929008,18.6449115,0.85108793,0.03972806,161.040124,8.8291327930493,4.39689978150162,8.67840799860554,8.8216965251093,8.65652006425826,8.90570100029261
