"","cue","log","id","rho","burst","iota_N1","iota_N2","phi_N1","phi_N2","fitness_rho","fitness_beta","fitness_psin","fitness_psiw","fitness_phin","fitness_phiw"
"4951","I+Ig","log10",4951,0.30101032,5.52498418,1.95323198,1.18517628,0.2922391,40.1315107,9.59114279972848,9.22106495856016,9.67075173789912,8.13783271547576,5.88739908986326,9.85860492476245
