"","cue","log","id","rho","burst","iota_N1","iota_N2","phi_N1","phi_N2","fitness_rho","fitness_beta","fitness_psin","fitness_psiw","fitness_phin","fitness_phiw"
"3052","I+Ig","none",3052,0.38826207,4.80708196,20.0790875,0.39344742,0.01810944,537.094016,8.58921852941912,5.9168830118142,8.49321956385884,5.613139565612,6.08968658591606,8.85759196772496
