"","cue","log","id","rho","burst","iota_N1","iota_N2","phi_N1","phi_N2","fitness_rho","fitness_beta","fitness_psin","fitness_psiw","fitness_phin","fitness_phiw"
"976","I+Ig","none",976,0.47997916,4.82442798,38.2290842,0.40158495,0.01258366,185.637932,7.9418611501314,5.95145359696318,7.14311451372653,5.6337630782561,5.90249114053177,8.89904085722597
