"","cue","log","id","rho","burst","iota_N1","iota_N2","phi_N1","phi_N2","fitness_rho","fitness_beta","fitness_psin","fitness_psiw","fitness_phin","fitness_phiw"
"1218","I+Ig","log10",1218,0.41211186,5.96366032,40.0235802,2.000284,0.02367936,2042.75913,9.62041070177825,9.55665264719141,8.7506571758509,5.42488856086873,9.69733074338686,9.55590864246623
