"","cue","log","id","rho","burst","iota_N1","iota_N2","phi_N1","phi_N2","fitness_rho","fitness_beta","fitness_psin","fitness_psiw","fitness_phin","fitness_phiw"
"3736","I+Ig","log10",3736,0.32047014,4.70580983,16.8021073,0.44907771,0.01679024,587.039951,9.597770956438,5.56640015635604,9.57250887239124,10.0799340738433,9.73464592062851,9.57385979456472
