"","cue","log","id","rho","burst","iota_N1","iota_N2","phi_N1","phi_N2","fitness_rho","fitness_beta","fitness_psin","fitness_psiw","fitness_phin","fitness_phiw"
"4937","I+Ig","log10",4937,0.35162512,4.66471159,5.12594837,1.77423484,0.63050862,732.173772,9.60688016957586,5.36238722363262,9.73157302386202,5.99530653062152,3.84495507611152,9.56890130122467
