"","cue","log","id","rho","burst","iota_N1","iota_N2","phi_N1","phi_N2","fitness_rho","fitness_beta","fitness_psin","fitness_psiw","fitness_phin","fitness_phiw"
"4745","I+Ig","log10",4745,0.14928007,4.60546112,1700.6515,2.06606672,0.00165339,827.723189,9.49706887353538,5.07376158827891,0.880809234991638,5.27891420029237,9.62773693157569,9.56657467940701
