"","cue","log","id","rho","burst","iota_N1","iota_N2","phi_N1","phi_N2","fitness_rho","fitness_beta","fitness_psin","fitness_psiw","fitness_phin","fitness_phiw"
"68","I+Ig","none",68,0.25409129,4.10687777,20.3658151,1.06151163,0.0323207,122.378172,8.85197476150272,4.49782063780351,8.45632034243305,7.2703633276218,8.67104696161557,8.91613840929009
