"","iter","rho","burst","iota_N1","iota_N2","phi_N1","phi_N2","max_fitness_rho","max_fitness_beta","max_fitness_psin","max_fitness_psiw","max_fitness_phin","max_fitness_phiw","id"
"474",474,0.34856673,5.96400937,22.8149839,1.87408598,0.03361546,3555.70802,8.76314077875612,5.58133904722695,8.16443600410912,4.85166845407605,8.82690561438109,8.83313901047845,"I+Ig_none"
