"","cue","log","id","rho","burst","iota_N1","iota_N2","phi_N1","phi_N2","fitness_rho","fitness_beta","fitness_psin","fitness_psiw","fitness_phin","fitness_phiw"
"2575","I+Ig","none",2575,0.25119152,5.58521685,4.60426216,1.01553266,0.10353632,430.110419,8.84984712579869,8.08306871662788,5.80169381348889,7.54354345234622,6.76905083450469,8.86411984335169
