"","cue","log","id","rho","burst","iota_N1","iota_N2","phi_N1","phi_N2","fitness_rho","fitness_beta","fitness_psin","fitness_psiw","fitness_phin","fitness_phiw"
"4762","I+Ig","none",4762,0.32863858,4.74751778,12.0239347,0.49920677,0.0165625,284.019906,8.81306471640736,5.80029586924734,6.59194733248326,5.88449610704102,6.03332238180606,8.87952946667971
