"","cue","log","id","rho","burst","iota_N1","iota_N2","phi_N1","phi_N2","fitness_rho","fitness_beta","fitness_psin","fitness_psiw","fitness_phin","fitness_phiw"
"1165","I+Ig","log10",1165,0.342042,5.46144912,32.9936871,1.11355074,0.02340896,225.520874,9.60425585088357,9.04257583687193,9.01976737176039,8.45610621219572,9.69941495234658,9.6130125659237
