"","cue","log","id","rho","burst","iota_N1","iota_N2","phi_N1","phi_N2","fitness_rho","fitness_beta","fitness_psin","fitness_psiw","fitness_phin","fitness_phiw"
"58","I+Ig","none",58,0.32106039,4.77447466,21.3229498,0.47348867,0.01429184,1997.88965,8.82677151092678,5.85267580958979,8.33665043868152,5.81994004654348,5.95812825516591,8.83672663225136
