"","cue","log","id","rho","burst","iota_N1","iota_N2","phi_N1","phi_N2","fitness_rho","fitness_beta","fitness_psin","fitness_psiw","fitness_phin","fitness_phiw"
"2201","I+Ig","log10",2201,0.24237067,4.62849409,9.51685347,1.88621942,0.2411899,10595.1672,9.56548398469804,5.1851371209356,9.72103335111519,5.69843544034762,6.41516424975887,9.54999152807809
