"","cue","log","id","rho","burst","iota_N1","iota_N2","phi_N1","phi_N2","fitness_rho","fitness_beta","fitness_psin","fitness_psiw","fitness_phin","fitness_phiw"
"394","I+Ig","log10",394,0.30133264,4.82083008,56.6515918,0.55606258,0.00653091,16.0239131,9.59125881889995,6.14983947276674,8.12325452831422,10.1918241878235,9.70216781035709,10.1454026124901
