"","cue","log","id","rho","burst","iota_N1","iota_N2","phi_N1","phi_N2","fitness_rho","fitness_beta","fitness_psin","fitness_psiw","fitness_phin","fitness_phiw"
"639","I+Ig","log10",639,0.3798559,4.12340586,8.5842317,0.6800015,0.06026749,567.582899,9.61378829638558,3.04533750347589,9.73002969365299,10.0398759516952,9.18688689581925,9.57471372969093
