"","cue","log","id","rho","burst","iota_N1","iota_N2","phi_N1","phi_N2","fitness_rho","fitness_beta","fitness_psin","fitness_psiw","fitness_phin","fitness_phiw"
"715","I+Ig","none",715,0.40362382,5.53866304,27.3192457,1.01349882,0.01975163,230.650773,8.4914882536283,7.85479936118593,7.75171966186064,7.55658708974311,6.15936011262483,8.88876747740714
