"","cue","log","id","rho","burst","iota_N1","iota_N2","phi_N1","phi_N2","fitness_rho","fitness_beta","fitness_psin","fitness_psiw","fitness_phin","fitness_phiw"
"3790","I+Ig","none",3790,0.34929658,4.7179324,31.8252398,0.46143299,0.00544799,2230.41403,8.76089813541402,5.7434529617072,7.4545778946523,5.7888617470615,5.6448387585702,8.83587605397732
