"","cue","log","id","rho","burst","iota_N1","iota_N2","phi_N1","phi_N2","fitness_rho","fitness_beta","fitness_psin","fitness_psiw","fitness_phin","fitness_phiw"
"3802","I+Ig","none",3802,0.31380355,4.73587471,14.2102568,0.49033686,0.01455295,7248.46815,8.83748112029769,5.77784817272291,7.82826135772023,5.86255791666144,5.9666044708217,8.83076307852841
