"","cue","log","id","rho","burst","iota_N1","iota_N2","phi_N1","phi_N2","fitness_rho","fitness_beta","fitness_psin","fitness_psiw","fitness_phin","fitness_phiw"
"842","I+Ig","none",842,0.2297308,4.1492255,35.6322629,1.03009388,0.00790437,34.0428665,8.82708639207297,4.60520272532735,7.25803513756068,7.45267943683481,5.73955345156711,8.13697360844517
