"","cue","log","id","rho","burst","iota_N1","iota_N2","phi_N1","phi_N2","fitness_rho","fitness_beta","fitness_psin","fitness_psiw","fitness_phin","fitness_phiw"
"1289","I+Ig","log10",1289,0.25616635,4.65077431,213.087433,1.89014132,0.01053962,205.298807,9.57241836761075,5.29388816210779,4.69471279306444,5.6885660577997,9.73121024096416,9.61912224508356
