"","cue","log","id","rho","burst","iota_N1","iota_N2","phi_N1","phi_N2","fitness_rho","fitness_beta","fitness_psin","fitness_psiw","fitness_phin","fitness_phiw"
"168","I+Ig","none",168,0.48613997,6.23136243,19.2930298,1.81731641,0.05614458,439.100621,7.90483992722248,4.32160812135089,8.5954214017576,4.9567933975599,7.81399332665536,8.86346093136953
