"","cue","log","id","rho","burst","iota_N1","iota_N2","phi_N1","phi_N2","fitness_rho","fitness_beta","fitness_psin","fitness_psiw","fitness_phin","fitness_phiw"
"4878","I+Ig","log10",4878,0.35535057,6.28273746,7.62140894,1.83484479,0.08813276,372.985178,9.60785513364145,8.84645628258934,9.73590989317793,5.8309148556456,8.68932790109853,9.58806729977745
