"","cue","log","id","rho","burst","iota_N1","iota_N2","phi_N1","phi_N2","fitness_rho","fitness_beta","fitness_psin","fitness_psiw","fitness_phin","fitness_phiw"
"344","I+Ig","log10",344,0.26475562,4.02106043,6.58170781,0.77384071,0.07277741,964.581801,9.57642904026573,2.69474842761105,9.73784765652413,9.80122955287695,8.96633314188086,9.56404068175809
