"","cue","log","id","rho","burst","iota_N1","iota_N2","phi_N1","phi_N2","fitness_rho","fitness_beta","fitness_psin","fitness_psiw","fitness_phin","fitness_phiw"
"3573","I+Ig","none",3573,0.30714639,3.93695048,45.0137004,0.82468535,0.01374864,593.011324,8.84534939151258,3.99055502079268,6.89209725151834,8.84713104679432,5.9405046418566,8.85503854853216
