"","cue","log","id","rho","burst","iota_N1","iota_N2","phi_N1","phi_N2","fitness_rho","fitness_beta","fitness_psin","fitness_psiw","fitness_phin","fitness_phiw"
"3610","I+Ig","log10",3610,0.35281775,4.7975426,7.09229952,0.53667375,0.03767536,1121.1154,9.6071916497143,6.03057859478339,9.7375070790673,10.192139488297,9.54289516439724,9.56189857866098
