"","cue","log","id","rho","burst","iota_N1","iota_N2","phi_N1","phi_N2","fitness_rho","fitness_beta","fitness_psin","fitness_psiw","fitness_phin","fitness_phiw"
"4449","I+Ig","none",4449,0.32579093,3.92209348,19.9961337,0.89969527,0.03188608,2739.48932,8.81852296935028,3.93922379233925,8.5039526072927,8.44023637923359,8.56686020387782,8.83451622727921
