"","iter","rho","burst","iota_N1","iota_N2","phi_N1","phi_N2","max_fitness_rho","max_fitness_beta","max_fitness_psin","max_fitness_psiw","max_fitness_phin","max_fitness_phiw","id"
"434",434,0.31368564,4.03870982,7.16302359,0.71896156,0.12545116,115.785018,8.83763338279482,4.31047001775353,5.98093104610005,6.5108205264792,6.49538122613926,8.91736367779521,"I+Ig_none"
