"","iter","rho","burst","iota_N1","iota_N2","phi_N1","phi_N2","max_fitness_rho","max_fitness_beta","max_fitness_psin","max_fitness_psiw","max_fitness_phin","max_fitness_phiw","id"
"309",309,0.22386469,3.88035124,19.2835452,0.94995745,0.01738484,10656.1482,8.81881807237147,3.78807097253264,8.59665609884218,8.01304662881269,6.06243764965136,8.83002818653904,"I+Ig_none"
