"","iter","rho","burst","iota_N1","iota_N2","phi_N1","phi_N2","max_fitness_rho","max_fitness_beta","max_fitness_psin","max_fitness_psiw","max_fitness_phin","max_fitness_phiw","id"
"692",692,0.28682967,3.94624219,94.4453307,0.67249977,0.00812395,367.4032,8.85889029744933,4.02202329590921,5.87364477695981,6.29097270541103,5.74771220435262,8.86946911897462,"I+Ig_none"
