"","cue","log","id","rho","burst","iota_N1","iota_N2","phi_N1","phi_N2","fitness_rho","fitness_beta","fitness_psin","fitness_psiw","fitness_phin","fitness_phiw"
"1603","I+Ig","log10",1603,0.36463017,5.54944805,4.05545215,1.0509712,0.17804203,563.440139,9.61020557377699,9.28189793692496,9.71910694395574,8.7338283688988,7.21557347945483,9.57490449804418
