"","cue","log","id","rho","burst","iota_N1","iota_N2","phi_N1","phi_N2","fitness_rho","fitness_beta","fitness_psin","fitness_psiw","fitness_phin","fitness_phiw"
"237","I+Ig","log10",237,0.25172241,3.89250108,18.3819899,0.80222061,0.02592477,706.268232,9.57025185763278,2.29308977170702,9.52775108460714,9.71332487129717,9.67842439299175,9.56963669026948
