"","cue","log","id","rho","burst","iota_N1","iota_N2","phi_N1","phi_N2","fitness_rho","fitness_beta","fitness_psin","fitness_psiw","fitness_phin","fitness_phiw"
"2719","I+Ig","log10",2719,0.3184909,5.54609582,13.0750054,0.97316638,0.06305705,8594.48181,9.59713231563509,9.27383085008556,9.66287580954039,9.06959733238079,9.13849949069162,9.55032694287516
