"","cue","log","id","rho","burst","iota_N1","iota_N2","phi_N1","phi_N2","fitness_rho","fitness_beta","fitness_psin","fitness_psiw","fitness_phin","fitness_phiw"
"2213","I+Ig","log10",2213,0.31001367,4.48286899,12.5200209,2.09093292,0.23132321,387.601359,9.59430824134449,4.50088805379746,9.67406191819888,5.22580223015433,6.52850458463745,9.58660852383073
