"","cue","log","id","rho","burst","iota_N1","iota_N2","phi_N1","phi_N2","fitness_rho","fitness_beta","fitness_psin","fitness_psiw","fitness_phin","fitness_phiw"
"4448","I+Ig","log10",4448,0.31157015,3.8855889,39.6434705,1.1305126,0.03478845,847.994283,9.59483721841079,2.27267898683852,8.76528190281411,8.38050943187383,9.58082319275076,9.566147784814
