"","cue","log","id","rho","burst","iota_N1","iota_N2","phi_N1","phi_N2","fitness_rho","fitness_beta","fitness_psin","fitness_psiw","fitness_phin","fitness_phiw"
"2480","I+Ig","log10",2480,0.30654151,3.94410017,17.6455305,0.93639864,0.04672914,1201.12477,9.59310953830555,2.44922323427986,9.54901659812425,9.2213791312576,9.41034189563468,9.56101569970902
