"","cue","log","id","rho","burst","iota_N1","iota_N2","phi_N1","phi_N2","fitness_rho","fitness_beta","fitness_psin","fitness_psiw","fitness_phin","fitness_phiw"
"200","I+Ig","none",200,0.32172333,3.93565848,371.212988,0.82769199,0.00185451,220.31498,8.825672445777,3.98613970674501,3.66120956965894,8.86197241127007,5.49722931789473,8.89089754630386
