"","iter","rho","burst","iota_N1","iota_N2","phi_N1","phi_N2","max_fitness_rho","max_fitness_beta","max_fitness_psin","max_fitness_psiw","max_fitness_phin","max_fitness_phiw","id"
"42",42,0.30488806,6.0151643,10.424627,2.2188518,0.09077127,1539.89039,9.59252741622011,9.48659882877387,9.70951478549035,4.96900787742939,8.64169773239091,9.55829162059144,"I+Ig_log"
