"","iter","rho","burst","iota_N1","iota_N2","phi_N1","phi_N2","max_fitness_rho","max_fitness_beta","max_fitness_psin","max_fitness_psiw","max_fitness_phin","max_fitness_phiw","id"
"824",824,0.28446084,3.95450995,10.6727395,0.75953385,0.065921,396.65745,8.8595234572116,4.049617529638,6.30510135117942,7.08118732467428,7.49501290557812,8.86679082680153,"I+Ig_none"
