"","cue","log","id","rho","burst","iota_N1","iota_N2","phi_N1","phi_N2","fitness_rho","fitness_beta","fitness_psin","fitness_psiw","fitness_phin","fitness_phiw"
"1349","I+Ig","log10",1349,0.17388159,4.73769444,10.5756077,2.22335255,0.19115805,281.538929,9.51970579858338,5.72652012286252,9.70735522951686,4.96044745790295,7.03390895273633,9.60054351903555
