"","cue","log","id","rho","burst","iota_N1","iota_N2","phi_N1","phi_N2","fitness_rho","fitness_beta","fitness_psin","fitness_psiw","fitness_phin","fitness_phiw"
"3880","I+Ig","none",3880,0.36196634,4.99088381,138.363199,0.48692992,0.00094455,73.0857446,8.71662236430081,6.30028661091491,5.35506395791069,5.85403475067135,5.45909751709136,8.89082243938714
