"","cue","log","id","rho","burst","iota_N1","iota_N2","phi_N1","phi_N2","fitness_rho","fitness_beta","fitness_psin","fitness_psiw","fitness_phin","fitness_phiw"
"2710","I+Ig","log10",2710,0.36158557,4.69980859,3.89661983,0.46507544,0.06089068,458.361616,9.60944945349549,5.53643132895498,9.71661522305367,10.1159000176806,9.17612965173835,9.58083728734243
