"","iter","rho","burst","iota_N1","iota_N2","phi_N1","phi_N2","max_fitness_rho","max_fitness_beta","max_fitness_psin","max_fitness_psiw","max_fitness_phin","max_fitness_phiw","id"
"9",9,0.3226079,4.0020262,14.6294335,0.76051501,0.03871975,279.017218,9.59845262498504,2.63259587920846,9.62816307699954,9.8401795882032,9.52858643331496,9.60100146595254,"I+Ig_log"
