"","cue","log","id","rho","burst","iota_N1","iota_N2","phi_N1","phi_N2","fitness_rho","fitness_beta","fitness_psin","fitness_psiw","fitness_phin","fitness_phiw"
"2851","I+Ig","log10",2851,0.29986744,5.56930832,13.0910783,0.92812038,0.03019268,736.504774,9.59072989345701,9.32794695017949,9.66254053854093,9.25474070005938,9.63547204865487,9.56878164599006
