"","cue","log","id","rho","burst","iota_N1","iota_N2","phi_N1","phi_N2","fitness_rho","fitness_beta","fitness_psin","fitness_psiw","fitness_phin","fitness_phiw"
"4440","I+Ig","log10",4440,0.32605137,5.989768,39.9704054,2.0547771,0.02279538,704.315099,9.59953188230668,9.52383886172861,8.75270236793687,5.30339106944253,9.70397170758214,9.56969184207552
