"","cue","log","id","rho","burst","iota_N1","iota_N2","phi_N1","phi_N2","fitness_rho","fitness_beta","fitness_psin","fitness_psiw","fitness_phin","fitness_phiw"
"2934","I+Ig","none",2934,0.39313781,6.02872545,8.18929942,2.06394137,0.1506172,1691.32513,8.55996468039376,5.31452032053099,6.05417163220318,4.53658521888468,6.24139947822647,8.83819135740042
