"","cue","log","id","rho","burst","iota_N1","iota_N2","phi_N1","phi_N2","fitness_rho","fitness_beta","fitness_psin","fitness_psiw","fitness_phin","fitness_phiw"
"3002","I+Ig","none",3002,0.2487586,3.94395144,2.14029092,0.96220746,0.3970218,357.845379,8.84787805077593,4.01430890756945,5.60513227770909,7.91724283380253,4.83435424478753,8.87042348750165
