"","iter","rho","burst","iota_N1","iota_N2","phi_N1","phi_N2","max_fitness_rho","max_fitness_beta","max_fitness_psin","max_fitness_psiw","max_fitness_phin","max_fitness_phiw","id"
"975",975,0.34032639,4.02751719,31.3194244,0.86815934,0.01748846,26.712727,8.78637670270481,4.27779503685914,7.48387365063551,8.70739204388039,6.06622978875028,7.79046169261093,"I+Ig_none"
