"","cue","log","id","rho","burst","iota_N1","iota_N2","phi_N1","phi_N2","fitness_rho","fitness_beta","fitness_psin","fitness_psiw","fitness_phin","fitness_phiw"
"4534","I+Ig","log10",4534,0.35791931,4.87348466,15.3860606,0.44011214,0.0167025,362.219261,9.60851952935668,6.4206138855211,9.60964545795683,10.0565945526161,9.73488369057774,9.58921418000984
