"","cue","log","id","rho","burst","iota_N1","iota_N2","phi_N1","phi_N2","fitness_rho","fitness_beta","fitness_psin","fitness_psiw","fitness_phin","fitness_phiw"
"1655","I+Ig","log10",1655,0.21079591,4.72593241,50.0479255,1.91501325,0.04479932,15757.7441,9.54702242592371,5.66728074725223,8.3680087766996,5.62678552110371,9.4400477203262,9.54952707126285
