"","cue","log","id","rho","burst","iota_N1","iota_N2","phi_N1","phi_N2","fitness_rho","fitness_beta","fitness_psin","fitness_psiw","fitness_phin","fitness_phiw"
"4342","I+Ig","none",4342,0.36379498,4.72645165,3.02809397,0.44812013,0.08107725,1077.65706,8.7093507576702,5.75975647673748,5.67908663055143,5.75421179898239,7.14058072086694,8.84353728883855
