"","cue","log","id","rho","burst","iota_N1","iota_N2","phi_N1","phi_N2","fitness_rho","fitness_beta","fitness_psin","fitness_psiw","fitness_phin","fitness_phiw"
"2066","I+Ig","none",2066,0.34236724,4.01257449,19.1463913,0.7642245,0.03671417,14121.5119,8.78099545819143,4.23325795938792,8.61443136590255,7.19853381282955,8.81526168639614,8.82964318925734
