"","cue","log","id","rho","burst","iota_N1","iota_N2","phi_N1","phi_N2","fitness_rho","fitness_beta","fitness_psin","fitness_psiw","fitness_phin","fitness_phiw"
"4234","I+Ig","log10",4234,0.28165849,4.7513686,20.182601,0.56640955,0.01419756,291.08049,9.58370763378066,5.79562231525928,9.47313719767591,10.1885538882511,9.73842740978741,9.59888583661363
