"","cue","log","id","rho","burst","iota_N1","iota_N2","phi_N1","phi_N2","fitness_rho","fitness_beta","fitness_psin","fitness_psiw","fitness_phin","fitness_phiw"
"925","I+Ig","log10",925,0.25754467,5.62707169,21.5344696,1.39541052,0.02962948,466.77835,9.5730763836231,9.44437298917175,9.43000398810289,7.25627837085536,9.64161090883442,9.58026401169524
