"","iter","rho","burst","iota_N1","iota_N2","phi_N1","phi_N2","max_fitness_rho","max_fitness_beta","max_fitness_psin","max_fitness_psiw","max_fitness_phin","max_fitness_phiw","id"
"916",916,0.43800204,4.76256145,18.3364616,0.48417422,0.01622553,53066.8645,9.62490236652056,5.85236021582346,9.5290828838276,10.1493741457762,9.73602778891568,9.54885792876276,"I+Ig_log"
