"","iter","rho","burst","iota_N1","iota_N2","phi_N1","phi_N2","max_fitness_rho","max_fitness_beta","max_fitness_psin","max_fitness_psiw","max_fitness_phin","max_fitness_phiw","id"
"673",673,0.29928873,5.62855417,39.8763084,0.90258066,0.00980885,1213.33987,9.59051915458366,9.44700977075025,8.75632391082247,9.35553151620768,9.72772274038682,9.56088906277258,"I+Ig_log"
