"","cue","log","id","rho","burst","iota_N1","iota_N2","phi_N1","phi_N2","fitness_rho","fitness_beta","fitness_psin","fitness_psiw","fitness_phin","fitness_phiw"
"2389","I+Ig","log10",2389,0.2813188,5.58849635,6.82485269,1.07882299,0.07521023,1578.28598,9.58356710438427,9.36954344281039,9.73783742660012,8.61064207448627,8.92266355437517,9.55805769118499
