"","cue","log","id","rho","burst","iota_N1","iota_N2","phi_N1","phi_N2","fitness_rho","fitness_beta","fitness_psin","fitness_psiw","fitness_phin","fitness_phiw"
"1715","I+Ig","log10",1715,0.22232876,4.47952232,25.127986,2.25209172,0.07386545,919.678035,9.55422165611399,4.48576156122377,9.30836810299759,4.90646460797876,8.94682620172068,9.5647884668791
