"","cue","log","id","rho","burst","iota_N1","iota_N2","phi_N1","phi_N2","fitness_rho","fitness_beta","fitness_psin","fitness_psiw","fitness_phin","fitness_phiw"
"1809","I+Ig","none",1809,0.29908223,3.8549846,25.6566514,0.85063349,0.02205487,2187.50722,8.852536675752,3.69102848055666,7.88729260702698,8.82411223482408,6.28254324079517,8.83602002796321
