"","cue","log","id","rho","burst","iota_N1","iota_N2","phi_N1","phi_N2","fitness_rho","fitness_beta","fitness_psin","fitness_psiw","fitness_phin","fitness_phiw"
"4103","I+Ig","log10",4103,0.20350381,4.4764726,139.202406,2.41874051,0.01457097,478.190926,9.54216653952882,4.47198907374092,5.85538382336538,4.61582195799119,9.73829930589213,9.57952145302315
