"","cue","log","id","rho","burst","iota_N1","iota_N2","phi_N1","phi_N2","fitness_rho","fitness_beta","fitness_psin","fitness_psiw","fitness_phin","fitness_phiw"
"2130","I+Ig","none",2130,0.52083341,6.06297759,22.1630073,1.97794893,0.07174432,589.387888,7.72197659872444,5.17626711767142,8.23737011964947,4.6728359427988,7.3438425580684,8.85519169880518
