"","iter","rho","burst","iota_N1","iota_N2","phi_N1","phi_N2","max_fitness_rho","max_fitness_beta","max_fitness_psin","max_fitness_psiw","max_fitness_phin","max_fitness_phiw","id"
"418",418,0.3683848,4.78703727,28.0414014,0.49124877,0.01543931,817.971329,9.61111825505324,5.97692816021415,9.20415559934594,10.1592202149349,9.73744297395385,9.56678790243772,"I+Ig_log"
