"","cue","log","id","rho","burst","iota_N1","iota_N2","phi_N1","phi_N2","fitness_rho","fitness_beta","fitness_psin","fitness_psiw","fitness_phin","fitness_phiw"
"1374","I+Ig","log10",1374,0.4249694,6.03196257,30.4641169,2.18961911,0.05152097,192.055651,9.6227235838146,9.45919353165209,9.11483828302985,5.02538362486515,9.33391043148465,9.62379267284929
