"","cue","log","id","rho","burst","iota_N1","iota_N2","phi_N1","phi_N2","fitness_rho","fitness_beta","fitness_psin","fitness_psiw","fitness_phin","fitness_phiw"
"764","I+Ig","log10",764,0.23790084,3.97388822,230.878421,0.98481306,0.00371641,1866.50651,9.56310434531961,2.5424400036035,4.48385518355205,9.02043142125326,9.66522435998104,9.55659857555945
