"","cue","log","id","rho","burst","iota_N1","iota_N2","phi_N1","phi_N2","fitness_rho","fitness_beta","fitness_psin","fitness_psiw","fitness_phin","fitness_phiw"
"3539","I+Ig","none",3539,0.24722349,4.7460533,20.074319,1.85343632,0.09276564,453.256537,8.84655311770573,5.7974660472411,8.49383044529651,4.88926939429907,6.93161737369822,8.8624754030422
