"","cue","log","id","rho","burst","iota_N1","iota_N2","phi_N1","phi_N2","fitness_rho","fitness_beta","fitness_psin","fitness_psiw","fitness_phin","fitness_phiw"
"1964","I+Ig","log10",1964,0.28800953,3.96845578,16.3102087,0.86691969,0.02634675,2013.89303,9.58624879104658,2.52526894691718,9.58575405606714,9.49021926937928,9.67456822642878,9.55601323268057
