"","cue","log","id","rho","burst","iota_N1","iota_N2","phi_N1","phi_N2","fitness_rho","fitness_beta","fitness_psin","fitness_psiw","fitness_phin","fitness_phiw"
"2223","I+Ig","log10",2223,0.29044079,3.86032182,3.55436446,0.8778617,0.10945908,20.5492357,9.5871946317437,2.19909018294678,9.71065241286878,9.4496955916723,8.3084850539757,10.0593814974582
