"","cue","log","id","rho","burst","iota_N1","iota_N2","phi_N1","phi_N2","fitness_rho","fitness_beta","fitness_psin","fitness_psiw","fitness_phin","fitness_phiw"
"3789","I+Ig","log10",3789,0.32109693,3.82973407,37.5125932,0.65061571,0.0117084,153.080555,9.59797309860283,2.11211123381456,8.847209523358,10.0954175172396,9.73529331097204,9.64198309930237
