"","iter","rho","burst","iota_N1","iota_N2","phi_N1","phi_N2","max_fitness_rho","max_fitness_beta","max_fitness_psin","max_fitness_psiw","max_fitness_phin","max_fitness_phiw","id"
"833",833,0.13903402,4.56691522,13.5806358,2.7337681,0.17774467,128.665543,9.48635744932561,4.88990267697372,9.65211235636712,4.15301007826068,7.21979356371408,9.65865223665904,"I+Ig_log"
