"","iter","rho","burst","iota_N1","iota_N2","phi_N1","phi_N2","max_fitness_rho","max_fitness_beta","max_fitness_psin","max_fitness_psiw","max_fitness_phin","max_fitness_phiw","id"
"985",985,0.30364045,5.58817123,19.5777722,0.88934421,0.01493752,586.953811,8.84878464723396,8.09895051263144,8.55835374793924,8.53108544818058,5.97912130780364,8.85529463634628,"I+Ig_none"
