"","cue","log","id","rho","burst","iota_N1","iota_N2","phi_N1","phi_N2","fitness_rho","fitness_beta","fitness_psin","fitness_psiw","fitness_phin","fitness_phiw"
"3268","I+Ig","log10",3268,0.37889402,4.83460486,7.10668673,0.36756438,0.02025955,6913.2958,9.61357076450325,6.22055310760526,9.73748176684646,9.79429711136829,9.72020933351244,9.55074721904102
