"","iter","rho","burst","iota_N1","iota_N2","phi_N1","phi_N2","max_fitness_rho","max_fitness_beta","max_fitness_psin","max_fitness_psiw","max_fitness_phin","max_fitness_phiw","id"
"366",366,0.39666515,6.09197469,10.775789,1.85775789,0.06299156,1529.48707,8.53776362902905,5.04736399997082,6.3197710574325,4.88134188660502,7.58060579896753,8.83919563326771,"I+Ig_none"
