"","cue","log","id","rho","burst","iota_N1","iota_N2","phi_N1","phi_N2","fitness_rho","fitness_beta","fitness_psin","fitness_psiw","fitness_phin","fitness_phiw"
"2225","I+Ig","none",2225,0.18622962,4.56723103,9.43852612,2.24167841,0.20360997,458.567881,8.74650132838092,5.4607535220839,6.16139030373971,4.28378944768925,5.82491826805812,8.86211916919159
