"","cue","log","id","rho","burst","iota_N1","iota_N2","phi_N1","phi_N2","fitness_rho","fitness_beta","fitness_psin","fitness_psiw","fitness_phin","fitness_phiw"
"685","I+Ig","none",685,0.26733623,5.56364834,36.0329239,0.95522334,0.00886301,266.879017,8.85868458571651,7.97236201198684,7.23942804390934,7.97139544011205,5.77471787132878,8.88220088956
