"","iter","rho","burst","iota_N1","iota_N2","phi_N1","phi_N2","max_fitness_rho","max_fitness_beta","max_fitness_psin","max_fitness_psiw","max_fitness_phin","max_fitness_phiw","id"
"650",650,0.305793,4.00402458,587.731511,0.83713627,0.00133882,783.341191,9.59284520916386,2.63907588936695,2.37953415454614,9.59659385130067,9.62116647508331,9.56758245051394,"I+Ig_log"
