"","cue","log","id","rho","burst","iota_N1","iota_N2","phi_N1","phi_N2","fitness_rho","fitness_beta","fitness_psin","fitness_psiw","fitness_phin","fitness_phiw"
"1252","I+Ig","none",1252,0.4302785,4.70354432,4.22495837,0.5621548,0.12339257,1204.06578,8.29317644653345,5.71602373653247,5.77325621758264,6.02835253834434,6.51860447906798,8.84200699378989
