"","cue","log","id","rho","burst","iota_N1","iota_N2","phi_N1","phi_N2","fitness_rho","fitness_beta","fitness_psin","fitness_psiw","fitness_phin","fitness_phiw"
"732","I+Ig","log10",732,0.42495924,5.97106866,30.5887357,2.0984661,0.04681603,1632.97047,9.62272195968863,9.54791452528413,9.11019117999745,5.20992354720982,9.40898740632784,9.5577420764344
