"","cue","log","id","rho","burst","iota_N1","iota_N2","phi_N1","phi_N2","fitness_rho","fitness_beta","fitness_psin","fitness_psiw","fitness_phin","fitness_phiw"
"3159","I+Ig","none",3159,0.31418649,3.95567251,12.3922974,0.709414,0.0496808,1351.4182,8.83697127236872,4.05347027697057,6.72829549986345,6.4517840416833,8.09253287926137,8.84057160503773
