"","cue","log","id","rho","burst","iota_N1","iota_N2","phi_N1","phi_N2","fitness_rho","fitness_beta","fitness_psin","fitness_psiw","fitness_phin","fitness_phiw"
"3521","I+Ig","none",3521,0.24049933,4.46558754,11.5911036,2.23178123,0.23086719,1307.27792,8.8400116926646,5.27092121636908,6.47047865174874,4.29695644124591,5.64892403038693,8.84096717648591
