"","cue","log","id","rho","burst","iota_N1","iota_N2","phi_N1","phi_N2","fitness_rho","fitness_beta","fitness_psin","fitness_psiw","fitness_phin","fitness_phiw"
"4507","I+Ig","none",4507,0.33898349,5.45486949,121.332552,1.14920754,0.00470854,1310.92617,8.7897777332508,7.52404918893227,5.53667322322569,6.83839979011404,5.61514945817482,8.84093410459331
