"","cue","log","id","rho","burst","iota_N1","iota_N2","phi_N1","phi_N2","fitness_rho","fitness_beta","fitness_psin","fitness_psiw","fitness_phin","fitness_phiw"
"4541","I+Ig","none",4541,0.15665754,4.59352092,283.731009,2.26190468,0.00686477,29.2487162,8.66795316552071,5.50961119218711,4.19756720238184,4.25719273262251,5.70026304917137,7.91970703621733
