"","cue","log","id","rho","burst","iota_N1","iota_N2","phi_N1","phi_N2","fitness_rho","fitness_beta","fitness_psin","fitness_psiw","fitness_phin","fitness_phiw"
"973","I+Ig","log10",973,0.34955758,5.3862584,5.22696142,0.87952243,0.09348923,3647.57137,9.60632741732511,8.79525843678589,9.73238546396525,9.44347975819993,8.59272741488661,9.55269031600672
