"","cue","log","id","rho","burst","iota_N1","iota_N2","phi_N1","phi_N2","fitness_rho","fitness_beta","fitness_psin","fitness_psiw","fitness_phin","fitness_phiw"
"209","I+Ig","none",209,0.20777895,4.66281861,29.3026635,2.07671067,0.05960813,1183.9689,8.79188979599637,5.6390461398516,7.61006213782699,4.51718713765152,7.68938207073244,8.84222766697057
