"","cue","log","id","rho","burst","iota_N1","iota_N2","phi_N1","phi_N2","fitness_rho","fitness_beta","fitness_psin","fitness_psiw","fitness_phin","fitness_phiw"
"4484","I+Ig","log10",4484,0.23335945,3.96707724,11.3762916,0.74046682,0.05358168,342.62521,9.56060682993152,2.52092548237815,9.69483087405907,9.89580768135263,9.30003805849695,9.59148830073102
