"","cue","log","id","rho","burst","iota_N1","iota_N2","phi_N1","phi_N2","fitness_rho","fitness_beta","fitness_psin","fitness_psiw","fitness_phin","fitness_phiw"
"4784","I+Ig","none",4784,0.20394807,4.05391743,10.2230139,0.8027564,0.05402354,177.919191,8.78458328008034,4.35396341425876,6.24702596825262,8.37828702780212,7.89813707220839,8.90106297982403
