"","iter","rho","burst","iota_N1","iota_N2","phi_N1","phi_N2","max_fitness_rho","max_fitness_beta","max_fitness_psin","max_fitness_psiw","max_fitness_phin","max_fitness_phiw","id"
"346",346,0.38920568,4.89638693,1.18111811,0.45197074,0.24374285,701.933991,8.58372330163764,6.09823471836266,5.52254410322094,5.76425532690468,5.57196767683164,8.85115875710013,"I+Ig_none"
