"","cue","log","id","rho","burst","iota_N1","iota_N2","phi_N1","phi_N2","fitness_rho","fitness_beta","fitness_psin","fitness_psiw","fitness_phin","fitness_phiw"
"2439","I+Ig","log10",2439,0.3275589,3.91221964,13.3948419,0.84387317,0.0367739,3474.69945,9.59999765016369,2.35196061555927,9.65612907491276,9.57305523186943,9.55500356012705,9.55289353530494
