"","cue","log","id","rho","burst","iota_N1","iota_N2","phi_N1","phi_N2","fitness_rho","fitness_beta","fitness_psin","fitness_psiw","fitness_phin","fitness_phiw"
"2034","I+Ig","none",2034,0.28987568,6.04112977,8.12069523,1.90723944,0.04987291,2615.06116,8.85780538666638,5.26567154777781,6.04901195728044,4.79276435845657,8.08324412202703,8.83480058660918
