"","cue","log","id","rho","burst","iota_N1","iota_N2","phi_N1","phi_N2","fitness_rho","fitness_beta","fitness_psin","fitness_psiw","fitness_phin","fitness_phiw"
"3809","I","log10",3809,0.13997916,4.58823738,30.8118629,1.9200014,0.05348499,1066.78693,9.39509085125479,6.19667930930806,8.99379700116261,5.65652119529699,9.20418443117139,9.48342916994371
