"","cue","log","id","rho","burst","iota_N1","iota_N2","phi_N1","phi_N2","fitness_rho","fitness_beta","fitness_psin","fitness_psiw","fitness_phin","fitness_phiw"
"2078","I","log10",2078,0.23298327,3.81406693,66.5558029,0.81605926,0.0137981,1950.4429,9.48060412419513,3.09738606340259,7.80661100657394,9.58992368915042,9.40585527430437,9.47675120364752
