"","cue","log","id","rho","burst","iota_N1","iota_N2","phi_N1","phi_N2","fitness_rho","fitness_beta","fitness_psin","fitness_psiw","fitness_phin","fitness_phiw"
"625","I","log10",625,0.32309459,5.79886693,3.55457994,0.95118071,0.07930752,317.170532,9.52028598562772,9.52923119778687,9.0827758804598,9.05468579449186,8.74028298128662,9.51747181977098
