"","iter","rho","burst","iota_N1","iota_N2","phi_N1","phi_N2","max_fitness_rho","max_fitness_beta","max_fitness_psin","max_fitness_psiw","max_fitness_phin","max_fitness_phiw","id"
"132",132,0.34618312,6.26302687,61.4808241,1.85630057,0.01859779,516.139548,9.52636766144091,7.3797862168248,7.95090878285522,5.80475327183253,9.52972154803878,9.4989600312814,"I_log"
