"","cue","log","id","rho","burst","iota_N1","iota_N2","phi_N1","phi_N2","fitness_rho","fitness_beta","fitness_psin","fitness_psiw","fitness_phin","fitness_phiw"
"4524","I","log10",4524,0.31280099,6.0207057,23.270194,2.05706653,0.03892452,129.145873,9.51713361753201,8.72460998242999,9.28125013006722,5.36199958511541,9.44672675639279,9.58386087421729
