"","cue","log","id","rho","burst","iota_N1","iota_N2","phi_N1","phi_N2","fitness_rho","fitness_beta","fitness_psin","fitness_psiw","fitness_phin","fitness_phiw"
"1951","I","log10",1951,0.39855283,5.6420483,30.3522315,0.85805087,0.01701068,3148.27977,9.53594090576276,9.39043728775306,9.01145924578882,9.44218844832178,9.49942430346613,9.47366603071134
