"","cue","log","id","rho","burst","iota_N1","iota_N2","phi_N1","phi_N2","fitness_rho","fitness_beta","fitness_psin","fitness_psiw","fitness_phin","fitness_phiw"
"3823","I","log10",3823,0.40076755,5.28416506,90.2212441,1.19460476,0.01004365,3335.71562,9.53623611653817,8.53337565089958,7.2142164716939,7.95708956041754,9.23495843354333,9.47338709192015
