"","iter","rho","burst","iota_N1","iota_N2","phi_N1","phi_N2","max_fitness_rho","max_fitness_beta","max_fitness_psin","max_fitness_psiw","max_fitness_phin","max_fitness_phiw","id"
"829",829,0.34309538,5.7057625,4.5499769,1.00055096,0.06814109,1029.14106,9.52563198907209,9.48109491219275,9.20706385415468,8.83167466602271,8.93874051531517,9.4839677393942,"I_log"
