"","cue","log","id","rho","burst","iota_N1","iota_N2","phi_N1","phi_N2","fitness_rho","fitness_beta","fitness_psin","fitness_psiw","fitness_phin","fitness_phiw"
"1981","I","log10",1981,0.30095314,5.65406021,10.5570549,0.99612555,0.02452987,677.521155,9.51313166180064,9.41006377702419,9.56706702304332,8.85189573172237,9.57387178500162,9.49182671992478
