"","cue","log","id","rho","burst","iota_N1","iota_N2","phi_N1","phi_N2","fitness_rho","fitness_beta","fitness_psin","fitness_psiw","fitness_phin","fitness_phiw"
"2669","I","log10",2669,0.14522134,4.82280044,20.0151088,2.16478912,0.0959232,169.379272,9.4017514929716,7.06018118101393,9.39643117582617,5.15122783760686,8.46028606317157,9.55792257947302
