"","cue","log","id","rho","burst","iota_N1","iota_N2","phi_N1","phi_N2","fitness_rho","fitness_beta","fitness_psin","fitness_psiw","fitness_phin","fitness_phiw"
"4593","I","log10",4593,0.32205523,3.98597072,38.2193461,0.66639019,0.00907835,1610.39811,9.51998511478149,3.77620654136286,8.71467173976867,9.7939925678888,9.18094975902792,9.47845893886092
