"","cue","log","id","rho","burst","iota_N1","iota_N2","phi_N1","phi_N2","fitness_rho","fitness_beta","fitness_psin","fitness_psiw","fitness_phin","fitness_phiw"
"4245","I","log10",4245,0.43492636,3.98071425,8.65662141,0.7493343,0.07184883,1921.94766,9.53987542665281,3.75503975306675,9.52246875504106,9.76400279560956,8.87211550782555,9.47687293328197
