"","cue","log","id","rho","burst","iota_N1","iota_N2","phi_N1","phi_N2","fitness_rho","fitness_beta","fitness_psin","fitness_psiw","fitness_phin","fitness_phiw"
"3567","I","log10",3567,0.29413206,3.93952535,12.2908628,0.77219206,0.05062219,571.98982,9.51063482305372,3.58992044541674,9.57218738046368,9.71491097606709,9.25503866342449,9.49604340922288
