"","cue","log","id","rho","burst","iota_N1","iota_N2","phi_N1","phi_N2","fitness_rho","fitness_beta","fitness_psin","fitness_psiw","fitness_phin","fitness_phiw"
"225","I","log10",225,0.41258427,4.00377253,9.46893223,0.83184035,0.07422638,1090.98458,9.53768819956554,3.84803168106489,9.54755220249356,9.53711670822137,8.82973967389492,9.48310419007983
