"","cue","log","id","rho","burst","iota_N1","iota_N2","phi_N1","phi_N2","fitness_rho","fitness_beta","fitness_psin","fitness_psiw","fitness_phin","fitness_phiw"
"4654","I","log10",4654,0.40002766,4.64453648,10.0505987,0.54215866,0.02912627,1891.67587,9.53613987176762,6.41019910095455,9.55980811827547,9.26116701076849,9.55746231416911,9.47700328513949
