"","cue","log","id","rho","burst","iota_N1","iota_N2","phi_N1","phi_N2","fitness_rho","fitness_beta","fitness_psin","fitness_psiw","fitness_phin","fitness_phiw"
"1959","I","log10",1959,0.30223301,3.94067739,3.77700257,0.79694885,0.09783057,547.974282,9.51358517340284,3.59451426019938,9.11159549355997,9.64870026556793,8.42946458505572,9.49722557712062
