"","cue","log","id","rho","burst","iota_N1","iota_N2","phi_N1","phi_N2","fitness_rho","fitness_beta","fitness_psin","fitness_psiw","fitness_phin","fitness_phiw"
"379","I","log10",379,0.27324838,5.75349794,18.0523494,1.16816852,0.03235473,1331.04996,9.50202339218941,9.52173049199156,9.45881060808808,8.07174636273933,9.52955787125001,9.48050735862295
