"","cue","log","id","rho","burst","iota_N1","iota_N2","phi_N1","phi_N2","fitness_rho","fitness_beta","fitness_psin","fitness_psiw","fitness_phin","fitness_phiw"
"220","I","log10",220,0.35241636,4.81742463,4.57293125,0.49490457,0.04089088,5488.83754,9.52779449826404,7.04119740149073,9.20976615880353,9.04769902090423,9.41734816924494,9.47152101017484
