"","cue","log","id","rho","burst","iota_N1","iota_N2","phi_N1","phi_N2","fitness_rho","fitness_beta","fitness_psin","fitness_psiw","fitness_phin","fitness_phiw"
"3247","I","log10",3247,0.34948389,5.26254531,9.74886347,1.49257831,0.0675555,530.762442,9.52713639956261,8.47163293897203,9.55400510450607,6.82660382954624,8.94931269900518,9.4981385959412
