"","cue","log","id","rho","burst","iota_N1","iota_N2","phi_N1","phi_N2","fitness_rho","fitness_beta","fitness_psin","fitness_psiw","fitness_phin","fitness_phiw"
"4113","I","log10",4113,0.28602307,3.90453415,13.4950804,0.87778266,0.0295522,348.920665,9.50747205661209,3.45080270311842,9.56165719978379,9.36570445168305,9.55442777048909,9.51313823475063
