"","cue","log","id","rho","burst","iota_N1","iota_N2","phi_N1","phi_N2","fitness_rho","fitness_beta","fitness_psin","fitness_psiw","fitness_phin","fitness_phiw"
"1038","I","log10",1038,0.29593719,6.12936775,6.83378292,2.03065909,0.07461436,200.615263,9.51130792282091,8.01818204112724,9.42488910672414,5.41632913906707,8.82285318749227,9.54462758092021
