"","iter","rho","burst","iota_N1","iota_N2","phi_N1","phi_N2","max_fitness_rho","max_fitness_beta","max_fitness_psin","max_fitness_psiw","max_fitness_phin","max_fitness_phiw","id"
"169",169,0.2932175,5.60617329,12.8491074,1.2438544,0.04486868,367.617646,9.51028561365732,9.32617178160839,9.56851772865496,7.74935968730991,9.35371066447557,9.51092783317901,"I_log"
