"","cue","log","id","rho","burst","iota_N1","iota_N2","phi_N1","phi_N2","fitness_rho","fitness_beta","fitness_psin","fitness_psiw","fitness_phin","fitness_phiw"
"837","I","log10",837,0.30897436,4.04830731,10.7317232,0.79660711,0.05847683,123.254323,9.5158861068504,4.02852482301303,9.5688995532735,9.64969349073107,9.11410369386053,9.58897655135868
