"","cue","log","id","rho","burst","iota_N1","iota_N2","phi_N1","phi_N2","fitness_rho","fitness_beta","fitness_psin","fitness_psiw","fitness_phin","fitness_phiw"
"3081","I","log10",3081,0.22995265,3.83348485,67.978275,0.74948173,0.00660211,2878.15226,9.47869470178456,3.17238574537525,7.76739944104846,9.76372811762121,9.02959684334709,9.4741409893355
