"","cue","log","id","rho","burst","iota_N1","iota_N2","phi_N1","phi_N2","fitness_rho","fitness_beta","fitness_psin","fitness_psiw","fitness_phin","fitness_phiw"
"250","I","log10",250,0.4327203,4.77846095,3.99803988,0.4526721,0.03277537,61.814385,9.53968706296372,6.90242916750966,9.13970923862854,8.88766742485398,9.52517053053941,9.69192728609696
