"","cue","log","id","rho","burst","iota_N1","iota_N2","phi_N1","phi_N2","fitness_rho","fitness_beta","fitness_psin","fitness_psiw","fitness_phin","fitness_phiw"
"240","I","log10",240,0.42734521,5.82154735,59.2357429,2.39533021,0.03146133,557.236889,9.53920855070169,9.51801835034166,8.01706178693126,4.75125970814775,9.53833883978496,9.4967581775257
