"","cue","log","id","rho","burst","iota_N1","iota_N2","phi_N1","phi_N2","fitness_rho","fitness_beta","fitness_psin","fitness_psiw","fitness_phin","fitness_phiw"
"2103","I","log10",2103,0.34603741,3.89747337,104.674986,0.78412092,0.00822046,251.30142,9.52633442636894,3.42287654870102,6.90374384134573,9.6845338251053,9.13025034373326,9.52983359155566
