"","cue","log","id","rho","burst","iota_N1","iota_N2","phi_N1","phi_N2","fitness_rho","fitness_beta","fitness_psin","fitness_psiw","fitness_phin","fitness_phiw"
"4516","I","log10",4516,0.40979815,4.7525352,21.5852896,0.43087363,0.00967771,172.442357,9.5373641461292,6.80895204235089,9.34224277415537,8.8145336396275,9.21490511499253,9.55641931433866
