"","cue","log","id","rho","burst","iota_N1","iota_N2","phi_N1","phi_N2","fitness_rho","fitness_beta","fitness_psin","fitness_psiw","fitness_phin","fitness_phiw"
"905","I","log10",905,0.21482434,4.71521333,106.510409,1.84466367,0.02497996,735.652736,9.46843786686587,6.67283458558205,6.86655620318652,5.83267778649202,9.57380737596095,9.49001712324806
