"","iter","rho","burst","iota_N1","iota_N2","phi_N1","phi_N2","max_fitness_rho","max_fitness_beta","max_fitness_psin","max_fitness_psiw","max_fitness_phin","max_fitness_phiw","id"
"177",177,0.3846304,3.82703738,18.3222921,0.74159728,0.03579995,725.422763,9.53389644304156,3.14742734840962,9.4506708800981,9.77753531797601,9.48957444669527,9.49031561574657,"I_log"
