"","cue","log","id","rho","burst","iota_N1","iota_N2","phi_N1","phi_N2","fitness_rho","fitness_beta","fitness_psin","fitness_psiw","fitness_phin","fitness_phiw"
"1409","I","log10",1409,0.24311571,4.45213638,12.89517,2.15057229,0.30605194,442.353068,9.48666809499796,5.66650253609452,9.56811658425904,5.17809349861276,6.17433762840276,9.50392103437224
