"","cue","log","id","rho","burst","iota_N1","iota_N2","phi_N1","phi_N2","fitness_rho","fitness_beta","fitness_psin","fitness_psiw","fitness_phin","fitness_phiw"
"1143","I","log10",1143,0.25693874,3.86925965,12.9880596,0.8323318,0.04141126,81.118725,9.49418143112228,3.31183622886456,9.56726772598436,9.53541678435307,9.40931296811146,9.64476952999022
