"","cue","log","id","rho","burst","iota_N1","iota_N2","phi_N1","phi_N2","fitness_rho","fitness_beta","fitness_psin","fitness_psiw","fitness_phin","fitness_phiw"
"302","I","log10",302,0.19717749,3.94352386,11.3157889,0.77274881,0.03795379,4337.91903,9.45481252171698,3.60588475019351,9.57273440485009,9.71356092911716,9.46059540952796,9.47228795607233
