"","cue","log","id","rho","burst","iota_N1","iota_N2","phi_N1","phi_N2","fitness_rho","fitness_beta","fitness_psin","fitness_psiw","fitness_phin","fitness_phiw"
"4196","I","log10",4196,0.25287256,3.92840299,6.30036488,0.87413943,0.11692431,1093.29167,9.49205645845727,3.54557076434536,9.3838014295966,9.38011392525583,8.13583691180414,9.48307256151648
