"","cue","log","id","rho","burst","iota_N1","iota_N2","phi_N1","phi_N2","fitness_rho","fitness_beta","fitness_psin","fitness_psiw","fitness_phin","fitness_phiw"
"3765","I","log10",3765,0.34273882,3.98956969,24.0162566,0.67012568,0.01484666,1993.60525,9.52554266335215,3.7907124006248,9.25357290804935,9.79943482856619,9.44153915575834,9.4765767367205
