"","cue","log","id","rho","burst","iota_N1","iota_N2","phi_N1","phi_N2","fitness_rho","fitness_beta","fitness_psin","fitness_psiw","fitness_phin","fitness_phiw"
"2849","I","log10",2849,0.32046224,4.58998634,27.9717762,2.46674775,0.09282043,698.750822,9.51950495768526,6.20337185776807,9.10308774043327,4.63951873111347,8.51101912540211,9.49113109904983
