"","cue","log","id","rho","burst","iota_N1","iota_N2","phi_N1","phi_N2","fitness_rho","fitness_beta","fitness_psin","fitness_psiw","fitness_phin","fitness_phiw"
"779","I","log10",779,0.16814135,4.55746724,112.315008,1.98339902,0.01678985,590.150666,9.42784335917069,6.07846995182944,6.75195191071117,5.51636122637675,9.49443593955372,9.49521270146771
