"","cue","log","id","rho","burst","iota_N1","iota_N2","phi_N1","phi_N2","fitness_rho","fitness_beta","fitness_psin","fitness_psiw","fitness_phin","fitness_phiw"
"3243","I","log10",3243,0.21730063,4.00427279,3.52937715,1.00974192,0.10758007,468.878419,9.47019966797427,3.85005057236388,9.07947457639396,8.78959084851741,8.27619279112419,9.50196010326482
