"","cue","log","id","rho","burst","iota_N1","iota_N2","phi_N1","phi_N2","fitness_rho","fitness_beta","fitness_psin","fitness_psiw","fitness_phin","fitness_phiw"
"3367","I","log10",3367,0.41837079,5.65978966,11.0219144,0.9377143,0.05477619,1215.89846,9.53831872553853,9.41905039861423,9.57123198973505,9.11410373504968,9.1810114814655,9.48162738352785
