"","cue","log","id","rho","burst","iota_N1","iota_N2","phi_N1","phi_N2","fitness_rho","fitness_beta","fitness_psin","fitness_psiw","fitness_phin","fitness_phiw"
"3423","I","log10",3423,0.27131341,4.0331813,8.05700677,0.80891587,0.03582437,653.279193,9.50114657507973,3.96710086246331,9.4971745650266,9.61259795574924,9.48925953039865,9.49267660392876
