"","cue","log","id","rho","burst","iota_N1","iota_N2","phi_N1","phi_N2","fitness_rho","fitness_beta","fitness_psin","fitness_psiw","fitness_phin","fitness_phiw"
"237","I","log10",237,0.25172241,3.89250108,18.3819899,0.80222061,0.02592477,706.268232,9.49144514158662,3.4032471955539,9.44885404758458,9.63309696395987,9.57246020889119,9.49089297197311
