"","cue","log","id","rho","burst","iota_N1","iota_N2","phi_N1","phi_N2","fitness_rho","fitness_beta","fitness_psin","fitness_psiw","fitness_phin","fitness_phiw"
"329","I","log10",329,0.18394153,4.6549795,9.5185938,2.28751579,0.21718911,841.157681,9.44327915039291,6.44939814053044,9.54877863412434,4.93035812333108,6.93844988801255,9.48736044572398
