"","cue","log","id","rho","burst","iota_N1","iota_N2","phi_N1","phi_N2","fitness_rho","fitness_beta","fitness_psin","fitness_psiw","fitness_phin","fitness_phiw"
"3990","I","log10",3990,0.33119331,5.96107369,5.3507291,2.20897883,0.19052485,33413.2002,9.52256990583989,9.10326800659386,9.29560322862796,5.0694711250245,7.21259263424086,9.46910205931628
