"","cue","log","id","rho","burst","iota_N1","iota_N2","phi_N1","phi_N2","fitness_rho","fitness_beta","fitness_psin","fitness_psiw","fitness_phin","fitness_phiw"
"3879","I","log10",3879,0.35527988,4.0813724,202.551241,0.85773518,0.00194375,210.438644,9.52842243631735,4.16312864094653,5.3786960296633,9.44337746397923,8.73485123265739,9.54122806169529
