"","cue","log","id","rho","burst","iota_N1","iota_N2","phi_N1","phi_N2","fitness_rho","fitness_beta","fitness_psin","fitness_psiw","fitness_phin","fitness_phiw"
"3548","I","log10",3548,0.22267008,3.98191885,24.9389042,0.91224121,0.02306844,63.4261179,9.47390806414015,3.75988640854996,9.2189293682964,9.22399272384064,9.57126215760438,9.68706309397554
