"","cue","log","id","rho","burst","iota_N1","iota_N2","phi_N1","phi_N2","fitness_rho","fitness_beta","fitness_psin","fitness_psiw","fitness_phin","fitness_phiw"
"398","I","log10",398,0.34521592,4.15973579,15.2976871,0.77610062,0.03547997,215.096623,9.52613681791008,4.48328084313292,9.53049781879646,9.7052921972214,9.49364544581578,9.53972072379784
