"","cue","log","id","rho","burst","iota_N1","iota_N2","phi_N1","phi_N2","fitness_rho","fitness_beta","fitness_psin","fitness_psiw","fitness_phin","fitness_phiw"
"4920","I","log10",4920,0.33107941,6.01992461,57.6779669,1.89706161,0.01535697,1488.71032,9.52253934331531,8.72990860415436,8.06383594196583,5.70901509753579,9.45704915808212,9.47925646134604
