"","cue","log","id","rho","burst","iota_N1","iota_N2","phi_N1","phi_N2","fitness_rho","fitness_beta","fitness_psin","fitness_psiw","fitness_phin","fitness_phiw"
"1355","I","log10",1355,0.29136936,4.5611662,87.1572819,1.87296784,0.04679402,185.124596,9.50957832654683,6.09273447106051,7.28447076305523,5.76521948044818,9.32137914718333,9.55068790179444
