"","cue","log","id","rho","burst","iota_N1","iota_N2","phi_N1","phi_N2","fitness_rho","fitness_beta","fitness_psin","fitness_psiw","fitness_phin","fitness_phiw"
"2310","I","log10",2310,0.39945085,5.97358855,52.8431871,1.97233159,0.01626983,249.474506,9.5360623936379,9.03126973985872,8.21378959261528,5.54032088836448,9.48188547965379,9.53026739254027
