"","iter","rho","burst","iota_N1","iota_N2","phi_N1","phi_N2","max_fitness_rho","max_fitness_beta","max_fitness_psin","max_fitness_psiw","max_fitness_phin","max_fitness_phiw","id"
"800",800,0.24089846,3.91843046,122.649456,0.80559192,0.00324877,130098.202,9.4853833181956,3.50590970947795,6.55827874263943,9.62286868415979,8.81532484251928,9.46874731751597,"I_log"
