"","iter","rho","burst","iota_N1","iota_N2","phi_N1","phi_N2","max_fitness_rho","max_fitness_beta","max_fitness_psin","max_fitness_psiw","max_fitness_phin","max_fitness_phiw","id"
"960",960,0.49653988,6.16120774,14.1599675,2.25346028,0.13346372,152.183403,9.54284027333152,7.84426672304947,9.5520381173146,4.9897393786726,7.90205009066845,9.56743359437788,"I_log"
