"","cue","log","id","rho","burst","iota_N1","iota_N2","phi_N1","phi_N2","fitness_rho","fitness_beta","fitness_psin","fitness_psiw","fitness_phin","fitness_phiw"
"2006","I","log10",2006,0.30434289,4.15280813,18.3881077,0.69443631,0.03438548,540.141516,9.51431990205217,4.45494678399941,9.44866420016423,9.81671628111696,9.50705392628303,9.49763495882486
