"","iter","rho","burst","iota_N1","iota_N2","phi_N1","phi_N2","max_fitness_rho","max_fitness_beta","max_fitness_psin","max_fitness_psiw","max_fitness_phin","max_fitness_phiw","id"
"293",293,0.1926189,4.5192185,16.661869,2.12712063,0.11145897,829.634914,9.45097362693203,5.93012163991864,9.49787962282454,5.22302501250081,8.21716912581915,9.48761824919338,"I_log"
