"","cue","log","id","rho","burst","iota_N1","iota_N2","phi_N1","phi_N2","fitness_rho","fitness_beta","fitness_psin","fitness_psiw","fitness_phin","fitness_phiw"
"120","I","log10",120,0.46949607,6.04707971,7.63216254,2.2536975,0.15243868,4291.56125,9.54203008557764,8.54252702440691,9.47537174007715,4.98931904712144,7.65449900963745,9.47232752649102
