"","cue","log","id","rho","burst","iota_N1","iota_N2","phi_N1","phi_N2","fitness_rho","fitness_beta","fitness_psin","fitness_psiw","fitness_phin","fitness_phiw"
"4761","I","log10",4761,0.22236401,3.91571848,8.80636746,0.89973498,0.02404442,126.090962,9.47370304112519,3.49513829818875,9.52785397574104,9.27647179636462,9.57350150795341,9.5864567442485
