"","cue","log","id","rho","burst","iota_N1","iota_N2","phi_N1","phi_N2","fitness_rho","fitness_beta","fitness_psin","fitness_psiw","fitness_phin","fitness_phiw"
"4949","I","log10",4949,0.20900891,4.61274925,11.5810936,1.89538911,0.24173924,197.650361,9.46415371781665,6.29009577428682,9.57339564143736,5.71288415820177,6.70676700458497,9.54571985062691
