"","cue","log","id","rho","burst","iota_N1","iota_N2","phi_N1","phi_N2","fitness_rho","fitness_beta","fitness_psin","fitness_psiw","fitness_phin","fitness_phiw"
"4431","I","log10",4431,0.29307276,3.83350934,28.8853515,0.8519348,0.01805249,30.8778409,9.5102333874269,3.17247774007465,9.06792510360893,9.46507071118102,9.52037726872753,9.85374171317226
