"","cue","log","id","rho","burst","iota_N1","iota_N2","phi_N1","phi_N2","fitness_rho","fitness_beta","fitness_psin","fitness_psiw","fitness_phin","fitness_phiw"
"3249","I","log10",3249,0.34730075,3.81210134,9.61049517,0.76357457,0.06131634,228.383498,9.52663098359358,3.08982217624728,9.55095036283509,9.73491106402863,9.06250906266544,9.53574160910371
