"","cue","log","id","rho","burst","iota_N1","iota_N2","phi_N1","phi_N2","fitness_rho","fitness_beta","fitness_psin","fitness_psiw","fitness_phin","fitness_phiw"
"2439","I","log10",2439,0.3275589,3.91221964,13.3948419,0.84387317,0.0367739,3474.69945,9.52156715144408,3.48125621813617,9.56289119897152,9.4945735782485,9.47679565361863,9.47319622815897
