"","iter","rho","burst","iota_N1","iota_N2","phi_N1","phi_N2","max_fitness_rho","max_fitness_beta","max_fitness_psin","max_fitness_psiw","max_fitness_phin","max_fitness_phiw","id"
"278",278,0.2929797,3.89956246,460.369588,0.98430504,0.00219432,828.841511,9.51019430503725,3.4311361518125,3.32667186024054,8.90573316481492,8.75006671927466,9.48763488922914,"I_log"
