"","cue","log","id","rho","burst","iota_N1","iota_N2","phi_N1","phi_N2","fitness_rho","fitness_beta","fitness_psin","fitness_psiw","fitness_phin","fitness_phiw"
"2518","I","log10",2518,0.37076965,4.91853183,5.6719961,0.501696,0.03066948,26.2851633,9.5315200776693,7.39148978771806,9.32758010824208,9.07590379854137,9.54548167014849,9.89741065902071
