"","cue","log","id","rho","burst","iota_N1","iota_N2","phi_N1","phi_N2","fitness_rho","fitness_beta","fitness_psin","fitness_psiw","fitness_phin","fitness_phiw"
"3268","I","log10",3268,0.37889402,4.83460486,7.10668673,0.36756438,0.02025955,6913.2958,9.5329563404501,7.10172740893436,9.44359992844663,8.63144730215509,9.55194885963103,9.47092594494161
