"","iter","rho","burst","iota_N1","iota_N2","phi_N1","phi_N2","max_fitness_rho","max_fitness_beta","max_fitness_psin","max_fitness_psiw","max_fitness_phin","max_fitness_phiw","id"
"980",980,0.27777835,3.98431382,26.1473305,0.64852506,0.03458475,914.996823,9.50402084985835,3.76953247557049,9.173037019147,9.75669818465065,9.5046727187333,9.48586113376541,"I_log"
