"","iter","rho","burst","iota_N1","iota_N2","phi_N1","phi_N2","max_fitness_rho","max_fitness_beta","max_fitness_psin","max_fitness_psiw","max_fitness_phin","max_fitness_phiw","id"
"140",140,0.32795045,4.01690261,3.31912478,0.76508292,0.33171273,221.233717,9.5216780112765,3.90113232131113,9.05178549820581,9.73153577676406,5.98631526897286,9.53782567452165,"I_log"
