"","iter","rho","burst","iota_N1","iota_N2","phi_N1","phi_N2","max_fitness_rho","max_fitness_beta","max_fitness_psin","max_fitness_psiw","max_fitness_phin","max_fitness_phiw","id"
"48",48,0.45461511,6.11210943,40.3575844,1.84070977,0.03308028,12146.814,9.54126914106491,8.11940058473874,8.63692629809571,5.84223162857908,9.52189962651462,9.46993454405175,"I_log"
