"","iter","rho","burst","iota_N1","iota_N2","phi_N1","phi_N2","max_fitness_rho","max_fitness_beta","max_fitness_psin","max_fitness_psiw","max_fitness_phin","max_fitness_phiw","id"
"689",689,0.23002285,4.71853486,186.90957,2.00148972,0.01079716,134.762183,9.47873910138052,6.68514929127507,5.57521737236747,5.477635036642,9.2745025514009,9.5793734082699,"I_log"
