"","cue","log","id","rho","burst","iota_N1","iota_N2","phi_N1","phi_N2","fitness_rho","fitness_beta","fitness_psin","fitness_psiw","fitness_phin","fitness_phiw"
"2021","I","log10",2021,0.26337947,4.42318577,39.7336228,1.80678479,0.09620772,149.266189,9.49740320982896,5.55150764369695,8.65945926716562,5.92548444593541,8.455671442699,9.56924706804772
