"","cue","log","id","rho","burst","iota_N1","iota_N2","phi_N1","phi_N2","fitness_rho","fitness_beta","fitness_psin","fitness_psiw","fitness_phin","fitness_phiw"
"673","I","log10",673,0.29928873,5.62855417,39.8763084,0.90258066,0.00980885,1213.33987,9.51253619031449,9.36721137762198,8.65429708510937,9.26462819665355,9.22215128331146,9.48165418210106
