"","cue","log","id","rho","burst","iota_N1","iota_N2","phi_N1","phi_N2","fitness_rho","fitness_beta","fitness_psin","fitness_psiw","fitness_phin","fitness_phiw"
"61","I","log10",61,0.24939739,5.57346819,16.7017044,1.18554795,0.03037486,1725.72251,9.4901869589997,9.26126938557601,9.49683333985694,7.99613201360117,9.54797352098405,9.47780468357776
