"","cue","log","id","rho","burst","iota_N1","iota_N2","phi_N1","phi_N2","fitness_rho","fitness_beta","fitness_psin","fitness_psiw","fitness_phin","fitness_phiw"
"4291","I","log10",4291,0.40630702,5.65658929,17.4438263,0.9371361,0.03339288,7086.94007,9.53694322418161,9.4140616455568,9.47652695353293,9.11663848022716,9.51846375312015,9.47087068990126
