"","cue","log","id","rho","burst","iota_N1","iota_N2","phi_N1","phi_N2","fitness_rho","fitness_beta","fitness_psin","fitness_psiw","fitness_phin","fitness_phiw"
"1653","I","log10",1653,0.31704545,3.85459549,11.7010316,0.82634075,0.06836731,617.608081,9.51847010027087,3.25448308630669,9.57348537253842,9.55592513427078,8.93466020155678,9.49404611798298
