"","cue","log","id","rho","burst","iota_N1","iota_N2","phi_N1","phi_N2","fitness_rho","fitness_beta","fitness_psin","fitness_psiw","fitness_phin","fitness_phiw"
"3487","I","log10",3487,0.39486262,5.64322216,71.2362418,0.95298701,0.00467995,132.532169,9.5354308639336,9.39240330646877,7.67952380562504,9.04665793756528,8.90628921584889,9.58111427221509
