"","cue","log","id","rho","burst","iota_N1","iota_N2","phi_N1","phi_N2","fitness_rho","fitness_beta","fitness_psin","fitness_psiw","fitness_phin","fitness_phiw"
"602","I","log10",602,0.26147476,4.08449924,24.9044376,0.90143416,0.01580516,974.811975,9.49646810559684,4.17588200704323,9.22022763387328,9.26940506860099,9.46969992538669,9.48481388429034
