"","cue","log","id","rho","burst","iota_N1","iota_N2","phi_N1","phi_N2","fitness_rho","fitness_beta","fitness_psin","fitness_psiw","fitness_phin","fitness_phiw"
"2292","I","log10",2292,0.53874543,6.10217199,4.39078803,1.77164695,0.33737728,940.86554,9.54285958730439,8.17997447184935,9.18810888126933,6.01427042437538,5.94641317091041,9.48539263447204
