"","cue","log","id","rho","burst","iota_N1","iota_N2","phi_N1","phi_N2","fitness_rho","fitness_beta","fitness_psin","fitness_psiw","fitness_phin","fitness_phiw"
"2454","I","log10",2454,0.43188763,6.08531052,54.5488583,2.08731433,0.01843368,361.389329,9.53961439687716,8.28648387185016,8.16004148289434,5.30109993713224,9.52702069525771,9.51163950344895
