"","cue","log","id","rho","burst","iota_N1","iota_N2","phi_N1","phi_N2","fitness_rho","fitness_beta","fitness_psin","fitness_psiw","fitness_phin","fitness_phiw"
"3051","I","log10",3051,0.25037057,3.88974937,13.9962261,0.95737735,0.02600882,1816.8476,9.4907154280114,3.39238997054008,9.55462951913063,9.02709137087319,9.57226681986199,9.4773461296058
