"","cue","log","id","rho","burst","iota_N1","iota_N2","phi_N1","phi_N2","fitness_rho","fitness_beta","fitness_psin","fitness_psiw","fitness_phin","fitness_phiw"
"4066","I","log10",4066,0.32472213,4.83169599,1.88306428,0.48368275,0.11750322,326.650335,9.52075830518533,7.09151180452668,8.8590204023116,9.00268606149309,8.12734483176355,9.51609222397977
