"","cue","log","id","rho","burst","iota_N1","iota_N2","phi_N1","phi_N2","fitness_rho","fitness_beta","fitness_psin","fitness_psiw","fitness_phin","fitness_phiw"
"3006","I","log10",3006,0.67401527,6.07384343,3.53996597,1.76502382,0.73386496,559.044337,9.53609861313384,8.361424697504,9.08085901906218,6.03130524927397,4.04305744199379,9.49666661581914
