"","cue","log","id","rho","burst","iota_N1","iota_N2","phi_N1","phi_N2","fitness_rho","fitness_beta","fitness_psin","fitness_psiw","fitness_phin","fitness_phiw"
"4361","I","log10",4361,0.13273658,4.66747025,43.5756861,2.15154023,0.04604519,191.643438,9.38542230913486,6.49609937257771,8.52277037580891,5.17625583807039,9.33405087167559,9.54802283715578
