"","iter","rho","burst","iota_N1","iota_N2","phi_N1","phi_N2","max_fitness_rho","max_fitness_beta","max_fitness_psin","max_fitness_psiw","max_fitness_phin","max_fitness_phiw","id"
"401",401,0.24158452,4.63293992,25.7670127,2.00449427,0.10651478,498.100536,9.48578300288365,6.36652437216715,9.18753252656889,5.47125511645102,8.292595130458,9.50004105687003,"I_log"
