"","cue","log","id","rho","burst","iota_N1","iota_N2","phi_N1","phi_N2","fitness_rho","fitness_beta","fitness_psin","fitness_psiw","fitness_phin","fitness_phiw"
"1449","I","log10",1449,0.25452414,3.96757132,8.29367544,0.88526647,0.04345398,283.654527,9.49292849757976,3.7022048571122,9.50789697658132,9.33573592597134,9.37689038665525,9.52306638675409
