"","cue","log","id","rho","burst","iota_N1","iota_N2","phi_N1","phi_N2","fitness_rho","fitness_beta","fitness_psin","fitness_psiw","fitness_phin","fitness_phiw"
"4114","I","log10",4114,0.32890712,4.76016556,11.8333207,0.60469523,0.02753955,82.2013438,9.52194206235946,6.83655265071407,9.57344310496353,9.58773796166009,9.56673860549054,9.64270424113707
