"","cue","log","id","rho","burst","iota_N1","iota_N2","phi_N1","phi_N2","fitness_rho","fitness_beta","fitness_psin","fitness_psiw","fitness_phin","fitness_phiw"
"2742","I","log10",2742,0.37194816,6.08501592,84.8713463,2.22645757,0.01499141,82.5765039,9.5317326025251,8.28837882222238,7.33801251982465,5.03783961594751,9.4460583068772,9.64199542569882
