"","cue","log","id","rho","burst","iota_N1","iota_N2","phi_N1","phi_N2","fitness_rho","fitness_beta","fitness_psin","fitness_psiw","fitness_phin","fitness_phiw"
"4780","I","log10",4780,0.35476935,4.76693235,9.98905721,0.59920781,0.0246413,34.2501785,9.52831364849101,6.86096551666991,9.55871897512851,9.56039992231916,9.57389288085306,9.82632678853208
