"","cue","log","id","rho","burst","iota_N1","iota_N2","phi_N1","phi_N2","fitness_rho","fitness_beta","fitness_psin","fitness_psiw","fitness_phin","fitness_phiw"
"2193","I","log10",2193,0.24425412,4.00714416,47.6897619,0.80933776,0.00712993,595.862104,9.48731960628801,3.86165498765421,8.38199577976069,9.61128022659125,9.06296747385157,9.49496000757643
