"","cue","log","id","rho","burst","iota_N1","iota_N2","phi_N1","phi_N2","fitness_rho","fitness_beta","fitness_psin","fitness_psiw","fitness_phin","fitness_phiw"
"4467","I","log10",4467,0.29161135,3.91301784,7.38476273,0.94633323,0.08590074,756.359632,9.50967412890891,3.48442237551196,9.46109363306348,9.0761655016149,8.62676322305948,9.48943749730856
