"","cue","log","id","rho","burst","iota_N1","iota_N2","phi_N1","phi_N2","fitness_rho","fitness_beta","fitness_psin","fitness_psiw","fitness_phin","fitness_phiw"
"2602","I","log10",2602,0.3957412,4.89177041,27.1054674,0.461616,0.01170698,137.987998,9.53555447215515,7.3001754382452,9.13637275068892,8.91948008612944,9.31886466235344,9.57694895083733
