"","cue","log","id","rho","burst","iota_N1","iota_N2","phi_N1","phi_N2","fitness_rho","fitness_beta","fitness_psin","fitness_psiw","fitness_phin","fitness_phiw"
"89","I","log10",89,0.15609871,4.59754161,35.4919244,2.34457858,0.06063209,2001.5139,9.41471953660015,6.2322204323766,8.81588169416307,4.83393686527025,9.0749506088062,9.47654405098881
