"","cue","log","id","rho","burst","iota_N1","iota_N2","phi_N1","phi_N2","fitness_rho","fitness_beta","fitness_psin","fitness_psiw","fitness_phin","fitness_phiw"
"3082","I","log10",3082,0.34787467,4.81659911,38.2846867,0.46913652,0.00525156,5282.78032,9.52676439788866,7.03827855193325,8.71227705430098,8.94707114235886,8.94302456441756,9.47163453621866
