"","cue","log","id","rho","burst","iota_N1","iota_N2","phi_N1","phi_N2","fitness_rho","fitness_beta","fitness_psin","fitness_psiw","fitness_phin","fitness_phiw"
"2263","I","log10",2263,0.2212523,5.42418163,11.6405465,1.28771598,0.04205477,76.4129276,9.47294630093354,8.91216307492263,9.57345576276631,7.57123015802302,9.39924759513728,9.65435209124447
