"","cue","log","id","rho","burst","iota_N1","iota_N2","phi_N1","phi_N2","fitness_rho","fitness_beta","fitness_psin","fitness_psiw","fitness_phin","fitness_phiw"
"2548","I","log10",2548,0.33794484,4.6150361,14.3193424,0.53367093,0.01945467,176.033321,9.52434592318568,6.29877782327512,9.54938281743035,9.21967933619184,9.54230705169317,9.55471545379817
