"","cue","log","id","rho","burst","iota_N1","iota_N2","phi_N1","phi_N2","fitness_rho","fitness_beta","fitness_psin","fitness_psiw","fitness_phin","fitness_phiw"
"993","I","log10",993,0.340597,3.85450276,32.3319989,0.83727003,0.01591298,782.227184,9.52501492446834,3.25412024088248,8.93555067793306,9.51814899906629,9.47261172565702,9.48875471460975
