"","cue","log","id","rho","burst","iota_N1","iota_N2","phi_N1","phi_N2","fitness_rho","fitness_beta","fitness_psin","fitness_psiw","fitness_phin","fitness_phiw"
"199","I","log10",199,0.23014583,5.45450649,28.7545899,1.35034754,0.0227618,7620.78441,9.47881599834421,8.98858958276061,9.07295904201896,7.32845980715448,9.57012555999989,9.47071186727615
