"","iter","rho","burst","iota_N1","iota_N2","phi_N1","phi_N2","max_fitness_rho","max_fitness_beta","max_fitness_psin","max_fitness_psiw","max_fitness_phin","max_fitness_phiw","id"
"652",652,0.31562735,4.76408431,106.244641,0.41541099,0.00166126,2491.3352,9.51802911763798,6.85070243732377,6.87191182648511,8.76621162821481,8.71783464547948,9.47499389061017,"I_log"
