"","cue","log","id","rho","burst","iota_N1","iota_N2","phi_N1","phi_N2","fitness_rho","fitness_beta","fitness_psin","fitness_psiw","fitness_phin","fitness_phiw"
"3362","I","log10",3362,0.36994167,3.9913721,9.50257449,0.90883927,0.09456536,2086.8257,9.531366289097,3.79797652292811,9.54838678968563,9.23837562290089,8.48239367911271,9.47622331951264
