"","cue","log","id","rho","burst","iota_N1","iota_N2","phi_N1","phi_N2","fitness_rho","fitness_beta","fitness_psin","fitness_psiw","fitness_phin","fitness_phiw"
"1215","I","log10",1215,0.50523843,3.91851121,25.9762007,0.67244939,0.03293493,1255.14631,9.5429596059773,3.50622698584911,9.17956304263615,9.80242298691741,9.52346839253775,9.48122106279174
