"","cue","log","id","rho","burst","iota_N1","iota_N2","phi_N1","phi_N2","fitness_rho","fitness_beta","fitness_psin","fitness_psiw","fitness_phin","fitness_phiw"
"3439","I","log10",3439,0.32850184,5.51873782,23.9145698,1.01374544,0.02360868,828.881295,9.52183012549155,9.14195090382517,9.25736429329102,8.77123086952881,9.57275588478718,9.48763394137353
