"","cue","log","id","rho","burst","iota_N1","iota_N2","phi_N1","phi_N2","fitness_rho","fitness_beta","fitness_psin","fitness_psiw","fitness_phin","fitness_phiw"
"4961","I","log10",4961,0.1479038,4.5500814,17.519462,2.3174109,0.10634965,76.6926131,9.40505440925244,6.04993996506058,9.47437247323685,4.87937490733399,8.29514472778704,9.65375577995782
