"","cue","log","id","rho","burst","iota_N1","iota_N2","phi_N1","phi_N2","fitness_rho","fitness_beta","fitness_psin","fitness_psiw","fitness_phin","fitness_phiw"
"2632","I","log10",2632,0.47957851,4.78522701,62.447828,0.42556614,0.00544979,244.368609,9.54241377825822,6.92666879909025,7.92286883459181,8.79763229943861,8.95577466582197,9.53150853386681
