"","cue","log","id","rho","burst","iota_N1","iota_N2","phi_N1","phi_N2","fitness_rho","fitness_beta","fitness_psin","fitness_psiw","fitness_phin","fitness_phiw"
"1750","I","log10",1750,0.37256726,4.83338569,10.2157362,0.48061868,0.02558018,65.7940161,9.53184543655736,7.09744521073149,9.56250508540814,8.99071785588969,9.57313498773893,9.68027934311127
