"","cue","log","id","rho","burst","iota_N1","iota_N2","phi_N1","phi_N2","fitness_rho","fitness_beta","fitness_psin","fitness_psiw","fitness_phin","fitness_phiw"
"4192","I","log10",4192,0.37270823,4.78495766,53.6311812,0.51179673,0.00714676,2212.49093,9.531872137816,6.92570583242087,8.18883888178473,9.11928029403158,9.06402626225758,9.47579098309596
