"","cue","log","id","rho","burst","iota_N1","iota_N2","phi_N1","phi_N2","fitness_rho","fitness_beta","fitness_psin","fitness_psiw","fitness_phin","fitness_phiw"
"2051","I","log10",2051,0.25761503,4.7365652,25.2048298,1.87086541,0.07995088,234.49308,9.49452777460759,6.7509261391995,9.20887195624596,5.77017184128749,8.72907146885249,9.53405946001103
