"","iter","rho","burst","iota_N1","iota_N2","phi_N1","phi_N2","max_fitness_rho","max_fitness_beta","max_fitness_psin","max_fitness_psiw","max_fitness_phin","max_fitness_phiw","id"
"860",860,0.24293796,3.93815931,3.57384587,0.80780171,0.14633769,223.831128,9.4865646397244,3.58446210134197,9.08529020603401,9.61606148978204,7.73186915831442,9.53705426133124,"I_log"
