"","cue","log","id","rho","burst","iota_N1","iota_N2","phi_N1","phi_N2","fitness_rho","fitness_beta","fitness_psin","fitness_psiw","fitness_phin","fitness_phiw"
"3757","I","log10",3757,0.33342715,5.44665028,14.7703451,0.90687897,0.04168918,1775.31062,9.52316970724383,8.96901596586933,9.54120814610015,9.24662493532507,9.40498353195221,9.47754934287679
