"","cue","log","id","rho","burst","iota_N1","iota_N2","phi_N1","phi_N2","fitness_rho","fitness_beta","fitness_psin","fitness_psiw","fitness_phin","fitness_phiw"
"3406","I","log10",3406,0.44770703,4.75419562,3.48829537,0.41958849,0.06125856,6296.26803,9.54083335980705,6.8149635083633,9.07409510475279,8.77899955226315,9.06356257462919,9.471151362679
