"","cue","log","id","rho","burst","iota_N1","iota_N2","phi_N1","phi_N2","fitness_rho","fitness_beta","fitness_psin","fitness_psiw","fitness_phin","fitness_phiw"
"4625","I","log10",4625,0.21181082,4.58505672,60.7003863,2.26570269,0.04489939,343.109726,9.4662418325732,6.18451155548405,7.97373822619207,4.9682296934571,9.35320040694039,9.51387571605689
