"","cue","log","id","rho","burst","iota_N1","iota_N2","phi_N1","phi_N2","fitness_rho","fitness_beta","fitness_psin","fitness_psiw","fitness_phin","fitness_phiw"
"1536","I","log10",1536,0.46563575,6.21303587,14.3816429,1.79684468,0.10603728,979.746551,9.54185476799335,7.59264837920527,9.54831037259788,5.95033205559222,8.29997495058732,9.48473330624097
