"","iter","rho","burst","iota_N1","iota_N2","phi_N1","phi_N2","max_fitness_rho","max_fitness_beta","max_fitness_psin","max_fitness_psiw","max_fitness_phin","max_fitness_phiw","id"
"221",221,0.21257237,4.79204801,23.6195206,1.95867088,0.08936059,1146.8836,9.46680276337957,6.95105490123868,9.26833334666579,5.57019165899688,8.56844248284914,9.48240269386977,"I_log"
