"","iter","rho","burst","iota_N1","iota_N2","phi_N1","phi_N2","max_fitness_rho","max_fitness_beta","max_fitness_psin","max_fitness_psiw","max_fitness_phin","max_fitness_phiw","id"
"726",726,0.30179302,5.96922416,10.9558093,1.85840739,0.06339706,1626.14785,9.51342888174617,9.05695438612895,9.57077700854597,5.79972685991617,9.02468893562613,9.47836491379446,"I_log"
