"","cue","log","id","rho","burst","iota_N1","iota_N2","phi_N1","phi_N2","fitness_rho","fitness_beta","fitness_psin","fitness_psiw","fitness_phin","fitness_phiw"
"2998","I","log10",2998,0.37120677,4.60026732,5.69165609,0.44221891,0.08210686,2225.88894,9.53159877249903,6.24261257365469,9.32946414653587,8.85183236321556,8.69171482141179,9.4757499324258
