"","cue","log","id","rho","burst","iota_N1","iota_N2","phi_N1","phi_N2","fitness_rho","fitness_beta","fitness_psin","fitness_psiw","fitness_phin","fitness_phiw"
"3807","I","log10",3807,0.35534021,3.96161462,31.2775686,0.73678577,0.02807323,850.889274,9.52843533817114,3.67830242297303,8.97591726613959,9.78507892280343,9.56399677285417,9.48714896549363
