"","cue","log","id","rho","burst","iota_N1","iota_N2","phi_N1","phi_N2","fitness_rho","fitness_beta","fitness_psin","fitness_psiw","fitness_phin","fitness_phiw"
"1591","I","log10",1591,0.29663259,5.52063698,44.1435517,1.06805349,0.0089617,1911.68537,9.51156467704776,9.14628351461418,8.50299611488341,8.52175495596108,9.17419559182743,9.4769164364809
