"","iter","rho","burst","iota_N1","iota_N2","phi_N1","phi_N2","max_fitness_rho","max_fitness_beta","max_fitness_psin","max_fitness_psiw","max_fitness_phin","max_fitness_phiw","id"
"635",635,0.17968638,4.68799178,141.502074,2.36525431,0.01458061,810.41074,9.43930295275236,6.572417280679,6.23455153355417,4.79991479438266,9.43297532812719,9.48806285911519,"I_log"
