"","cue","log","id","rho","burst","iota_N1","iota_N2","phi_N1","phi_N2","fitness_rho","fitness_beta","fitness_psin","fitness_psiw","fitness_phin","fitness_phiw"
"422","I","log10",422,0.31696301,4.00317175,194.112839,0.76554077,0.00416578,1106.33019,9.51844205439065,3.84559986081727,5.48304537326226,9.73050129919631,8.87337939272831,9.48290422111011
