"","iter","rho","burst","iota_N1","iota_N2","phi_N1","phi_N2","max_fitness_rho","max_fitness_beta","max_fitness_psin","max_fitness_psiw","max_fitness_phin","max_fitness_phiw","id"
"770",770,0.29973217,3.88631715,15.9309663,0.66292474,0.06456449,4012.34969,9.51269472733827,3.37886618812904,9.51616651012711,9.7882253698456,9.00348789443995,9.47258409792303,"I_log"
