"","cue","log","id","rho","burst","iota_N1","iota_N2","phi_N1","phi_N2","fitness_rho","fitness_beta","fitness_psin","fitness_psiw","fitness_phin","fitness_phiw"
"4621","I","log10",4621,0.41003506,5.47401316,22.6781898,0.87807907,0.02439438,1916.78788,9.53739169495671,9.03646945851344,9.30294974278093,9.3645284484811,9.57381685944163,9.47689600816988
