"","cue","log","id","rho","burst","iota_N1","iota_N2","phi_N1","phi_N2","fitness_rho","fitness_beta","fitness_psin","fitness_psiw","fitness_phin","fitness_phiw"
"3177","I","log10",3177,0.3052027,3.98427372,9.22880178,0.65201274,0.029049,22813.8299,9.51461650374132,3.76936760337706,9.54116269402786,9.76547164942314,9.55799157430794,9.46932209166768
