"","cue","log","id","rho","burst","iota_N1","iota_N2","phi_N1","phi_N2","fitness_rho","fitness_beta","fitness_psin","fitness_psiw","fitness_phin","fitness_phiw"
"2486","I","log10",2486,0.44440077,3.92727306,5.14060374,0.69714483,0.2234784,1283.7439,9.54060532004259,3.54107362997957,9.27354965865843,9.81684525002173,6.87734569883098,9.48094594440919
