"","cue","log","id","rho","burst","iota_N1","iota_N2","phi_N1","phi_N2","fitness_rho","fitness_beta","fitness_psin","fitness_psiw","fitness_phin","fitness_phiw"
"4064","I","log10",4064,0.2145697,4.04697427,8.91385971,0.95072692,0.03351713,7902.96502,9.46825283773847,4.02311230896702,9.53149649538283,9.05670309112604,9.51707892805869,9.47063723090196
