"","cue","log","id","rho","burst","iota_N1","iota_N2","phi_N1","phi_N2","fitness_rho","fitness_beta","fitness_psin","fitness_psiw","fitness_phin","fitness_phiw"
"1635","I","log10",1635,0.40235761,3.83861762,26.8609167,0.71762593,0.03455809,506.010326,9.53644340950115,3.19229623606127,9.14574643628713,9.80772579067802,9.5049925061828,9.49955736785055
