"","cue","log","id","rho","burst","iota_N1","iota_N2","phi_N1","phi_N2","fitness_rho","fitness_beta","fitness_psin","fitness_psiw","fitness_phin","fitness_phiw"
"540","I","log10",540,0.44466702,6.04200449,8.19214812,2.03242316,0.14263186,4147.37863,9.54062352030787,8.57751598383686,9.50341565838084,5.4126670813676,7.7798697177782,9.47245594409869
