"","cue","log","id","rho","burst","iota_N1","iota_N2","phi_N1","phi_N2","fitness_rho","fitness_beta","fitness_psin","fitness_psiw","fitness_phin","fitness_phiw"
"1056","I","log10",1056,0.41221426,6.17223179,28.8979894,1.92858629,0.03494424,2709.1555,9.53764532315359,7.78769222128433,9.06743940066656,5.63712603013299,9.50031016069507,9.47448277133919
