"","cue","log","id","rho","burst","iota_N1","iota_N2","phi_N1","phi_N2","fitness_rho","fitness_beta","fitness_psin","fitness_psiw","fitness_phin","fitness_phiw"
"2468","I","log10",2468,0.24494075,3.93240745,16.1387651,0.79511906,0.04589636,519.982823,9.48770919717666,3.56152104641046,9.51114694625622,9.65400094274961,9.33655706035537,9.49873923274318
