"","cue","log","id","rho","burst","iota_N1","iota_N2","phi_N1","phi_N2","fitness_rho","fitness_beta","fitness_psin","fitness_psiw","fitness_phin","fitness_phiw"
"1660","I","log10",1660,0.36205371,4.76674387,15.514783,0.60601334,0.01917926,16.0861586,9.52983652154062,6.86028747029863,9.52575553180201,9.59415951414975,9.53853213582057,10.0177412369927
