"","cue","log","id","rho","burst","iota_N1","iota_N2","phi_N1","phi_N2","fitness_rho","fitness_beta","fitness_psin","fitness_psiw","fitness_phin","fitness_phiw"
"3322","I","log10",3322,0.35903031,4.93984053,4.0900125,0.44327922,0.06858383,71.6491928,9.52921799638354,7.46346699753526,9.15123554061776,8.85539975653966,8.93075251068711,9.66516183698659
