"","cue","log","id","rho","burst","iota_N1","iota_N2","phi_N1","phi_N2","fitness_rho","fitness_beta","fitness_psin","fitness_psiw","fitness_phin","fitness_phiw"
"1515","I","log10",1515,0.30600102,3.81144288,344.840332,1.04008584,0.00170229,329.755718,9.51488921781618,3.08728988589676,4.04250813418857,8.65019158251028,8.72029694734604,9.51565645273678
