"","cue","log","id","rho","burst","iota_N1","iota_N2","phi_N1","phi_N2","fitness_rho","fitness_beta","fitness_psin","fitness_psiw","fitness_phin","fitness_phiw"
"1899","I","log10",1899,0.46317112,3.93215519,34.0859504,0.70693857,0.01632184,276.594903,9.54173492062415,3.56052025936346,8.86884800686691,9.81462404020773,9.48319397091017,9.52441281561202
