"","iter","rho","burst","iota_N1","iota_N2","phi_N1","phi_N2","max_fitness_rho","max_fitness_beta","max_fitness_psin","max_fitness_psiw","max_fitness_phin","max_fitness_phiw","id"
"79",79,0.43916033,5.49842479,43.5148678,1.10922221,0.01941255,90.6118558,9.54021381846712,9.09482934494934,8.52489335700704,8.33422641557019,9.54174519893907,9.62814151050435,"I_log"
