"","cue","log","id","rho","burst","iota_N1","iota_N2","phi_N1","phi_N2","fitness_rho","fitness_beta","fitness_psin","fitness_psiw","fitness_phin","fitness_phiw"
"1589","I","log10",1589,0.13257243,4.50366108,67.6715031,2.52340025,0.02939371,705.254359,9.38519736486289,5.86935879899135,7.77581159429769,4.5544933527321,9.5555837165254,9.49092615021253
