"","iter","rho","burst","iota_N1","iota_N2","phi_N1","phi_N2","max_fitness_rho","max_fitness_beta","max_fitness_psin","max_fitness_psiw","max_fitness_phin","max_fitness_phiw","id"
"264",264,0.35909763,6.17770481,15.3589729,1.80795504,0.06557691,11402.4841,9.52923146333712,7.76025080251249,9.52917956778853,5.92257282033011,8.98512513220287,9.47002151812313,"I_log"
