"","cue","log","id","rho","burst","iota_N1","iota_N2","phi_N1","phi_N2","fitness_rho","fitness_beta","fitness_psin","fitness_psiw","fitness_phin","fitness_phiw"
"2542","I","log10",2542,0.42170701,4.68520998,39.4378048,0.50938638,0.01159812,5330.92924,9.53866481246096,6.56209920100638,8.6701883624989,9.10876406441324,9.31375697756149,9.47160648611109
