"","cue","log","id","rho","burst","iota_N1","iota_N2","phi_N1","phi_N2","fitness_rho","fitness_beta","fitness_psin","fitness_psiw","fitness_phin","fitness_phiw"
"3929","I","log10",3929,0.22363567,4.64602549,21.5619068,1.51062898,0.08576488,510.492801,9.47455887999633,6.41579620470492,9.34306822544061,6.76756485269794,8.62906777867329,9.49929074707785
