"","iter","rho","burst","iota_N1","iota_N2","phi_N1","phi_N2","max_fitness_rho","max_fitness_beta","max_fitness_psin","max_fitness_psiw","max_fitness_phin","max_fitness_phiw","id"
"210",210,0.33537808,6.06832781,26.4289496,2.09740603,0.0430054,1856.2201,9.52368451993004,8.39811384149532,9.16227842406687,5.28108415819045,9.38412639872314,9.47716201872645,"I_log"
