"","cue","log","id","rho","burst","iota_N1","iota_N2","phi_N1","phi_N2","fitness_rho","fitness_beta","fitness_psin","fitness_psiw","fitness_phin","fitness_phiw"
"1124","I","log10",1124,0.31118455,3.91526071,24.2619206,0.88133913,0.0320792,113.22272,9.51661304984887,3.49332176256192,9.24439165016235,9.3515262419926,9.53234239816041,9.59880773531449
