"","iter","rho","burst","iota_N1","iota_N2","phi_N1","phi_N2","max_fitness_rho","max_fitness_beta","max_fitness_psin","max_fitness_psiw","max_fitness_phin","max_fitness_phiw","id"
"463",463,0.37285288,5.39955411,15.4347129,1.17395901,0.0424471,5571.02717,9.53189844629974,8.84846566655513,9.52752674207468,8.04645681842273,9.39304125055841,9.47147845060607,"I_log"
