"","cue","log","id","rho","burst","iota_N1","iota_N2","phi_N1","phi_N2","fitness_rho","fitness_beta","fitness_psin","fitness_psiw","fitness_phin","fitness_phiw"
"36","I","log10",36,0.60879709,6.04331829,37.3057996,2.08543806,0.03994433,362.379867,9.54037720544013,8.56844818067777,8.74833237124295,5.30483718278462,9.43169229039655,9.51152398072848
