"","cue","log","id","rho","burst","iota_N1","iota_N2","phi_N1","phi_N2","fitness_rho","fitness_beta","fitness_psin","fitness_psiw","fitness_phin","fitness_phiw"
"576","I","log10",576,0.47491489,6.01818569,56.3834654,2.26860726,0.02486085,3313.8894,9.54224770776745,8.74183128817002,8.10326938137747,4.96315270853072,9.57386138886129,9.47341718306919
