"","cue","log","id","rho","burst","iota_N1","iota_N2","phi_N1","phi_N2","fitness_rho","fitness_beta","fitness_psin","fitness_psiw","fitness_phin","fitness_phiw"
"893","I","log10",893,0.3038765,4.63341492,39.5513012,2.41310769,0.09028313,143.503016,9.51415717551753,6.3683163903163,8.66606890029892,4.72295264873252,8.55304474707618,9.57304238452725
