"","cue","log","id","rho","burst","iota_N1","iota_N2","phi_N1","phi_N2","fitness_rho","fitness_beta","fitness_psin","fitness_psiw","fitness_phin","fitness_phiw"
"4134","I","log10",4134,0.37292838,5.90244221,111.19432,2.1934823,0.0088329,161.100398,9.53191195914464,9.36276237262194,6.77373642056462,5.09784653899018,9.16668157186185,9.56226096353096
