"","cue","log","id","rho","burst","iota_N1","iota_N2","phi_N1","phi_N2","fitness_rho","fitness_beta","fitness_psin","fitness_psiw","fitness_phin","fitness_phiw"
"1846","I","log10",1846,0.36469265,4.7348999,20.8419417,0.43966051,0.02668863,1239.82493,9.53036348413691,6.74486199714603,9.36827716922765,8.84327991943646,9.57026273693056,9.48137642474221
