"","cue","log","id","rho","burst","iota_N1","iota_N2","phi_N1","phi_N2","fitness_rho","fitness_beta","fitness_psin","fitness_psiw","fitness_phin","fitness_phiw"
"312","I","log10",312,0.39212891,6.08975174,20.4799659,1.91961233,0.0356123,22258.523,9.53503834776665,8.25798335688839,9.38071359247275,5.65740146934838,9.4919727608905,9.4693394583764
