"","cue","log","id","rho","burst","iota_N1","iota_N2","phi_N1","phi_N2","fitness_rho","fitness_beta","fitness_psin","fitness_psiw","fitness_phin","fitness_phiw"
"4391","I","log10",4391,0.1838645,4.6254706,37.2852671,1.87995693,0.06179155,2165.91076,9.44320608881826,6.33830681757657,8.74909208375379,5.74880055277534,9.05386952352158,9.47594687316411
