"","cue","log","id","rho","burst","iota_N1","iota_N2","phi_N1","phi_N2","fitness_rho","fitness_beta","fitness_psin","fitness_psiw","fitness_phin","fitness_phiw"
"2071","I","log10",2071,0.33517809,5.50607767,11.4501685,1.09409055,0.0397622,10043.2542,9.52363356954317,9.11274435211631,9.5731484798859,8.40284926274482,9.43441059997113,9.4702091057671
