"","cue","log","id","rho","burst","iota_N1","iota_N2","phi_N1","phi_N2","fitness_rho","fitness_beta","fitness_psin","fitness_psiw","fitness_phin","fitness_phiw"
"1700","I","log10",1700,0.42582602,4.03097825,1241.03998,0.65340922,0.00063297,774.526144,9.53906607076891,3.95816833961886,1.3337306199497,9.76877942889601,8.6572757260325,9.48895520437443
