"","cue","log","id","rho","burst","iota_N1","iota_N2","phi_N1","phi_N2","fitness_rho","fitness_beta","fitness_psin","fitness_psiw","fitness_phin","fitness_phiw"
"4080","I","log10",4080,0.38764917,6.10573711,34.8060913,2.04088936,0.02290022,998.902952,9.53436739147993,8.15805157171524,8.84165844926382,5.39515232205938,9.57066543915461,9.48442679077423
