"","iter","rho","burst","iota_N1","iota_N2","phi_N1","phi_N2","max_fitness_rho","max_fitness_beta","max_fitness_psin","max_fitness_psiw","max_fitness_phin","max_fitness_phiw","id"
"214",214,0.42468531,4.99674811,56.0223422,0.45364796,0.00445813,203.397773,9.53895687490526,7.6524981035329,8.11435898710371,8.89108090773687,8.89206029910106,9.54363219053958,"I_log"
