"","iter","rho","burst","iota_N1","iota_N2","phi_N1","phi_N2","max_fitness_rho","max_fitness_beta","max_fitness_psin","max_fitness_psiw","max_fitness_phin","max_fitness_phiw","id"
"19",19,0.32876565,5.46088533,3.82595235,1.00360484,0.14065544,2462.04459,9.52190460854189,9.00436476073396,9.11786998664947,8.8177007128961,7.80578657777672,9.47506766652187,"I_log"
