"","iter","rho","burst","iota_N1","iota_N2","phi_N1","phi_N2","max_fitness_rho","max_fitness_beta","max_fitness_psin","max_fitness_psiw","max_fitness_phin","max_fitness_phiw","id"
"951",951,0.30839703,3.91143456,5.55298441,0.79132526,0.06430692,173.418057,9.515695216339,3.47814380104949,9.3159854939882,9.66479183204024,9.00816359147276,9.55594678355076,"I_log"
