"","cue","log","id","rho","burst","iota_N1","iota_N2","phi_N1","phi_N2","fitness_rho","fitness_beta","fitness_psin","fitness_psiw","fitness_phin","fitness_phiw"
"4184","I","log10",4184,0.2765728,3.99114454,60.6128231,0.95219372,0.01192386,33.8919004,9.50349614351222,3.79705676369732,7.97631453709562,9.05018363207546,9.32887176639087,9.82907292713867
