"","cue","log","id","rho","burst","iota_N1","iota_N2","phi_N1","phi_N2","fitness_rho","fitness_beta","fitness_psin","fitness_psiw","fitness_phin","fitness_phiw"
"3721","I","log10",3721,0.36385101,5.43050168,23.3806513,1.09754418,0.0263486,870.722134,9.53019561787627,8.92828623844907,9.27717667369807,8.38715460088674,9.57135830182427,9.4867276955251
