"","cue","log","id","rho","burst","iota_N1","iota_N2","phi_N1","phi_N2","fitness_rho","fitness_beta","fitness_psin","fitness_psiw","fitness_phin","fitness_phiw"
"2040","I","log10",2040,0.55540798,6.08650968,125.06333,2.0566533,0.01429982,259.819431,9.54252025988894,8.27875683025326,6.51480447052503,5.36284355908444,9.42357842435631,9.52789369694761
