"","cue","log","id","rho","burst","iota_N1","iota_N2","phi_N1","phi_N2","fitness_rho","fitness_beta","fitness_psin","fitness_psiw","fitness_phin","fitness_phiw"
"4111","I","log10",4111,0.20591568,5.47149422,103.775022,1.25987637,0.00425642,466.722536,9.46179436603703,9.03034522542581,6.92214287358333,7.68352569955436,8.87915679823936,9.50211046356781
