"","cue","log","id","rho","burst","iota_N1","iota_N2","phi_N1","phi_N2","fitness_rho","fitness_beta","fitness_psin","fitness_psiw","fitness_phin","fitness_phiw"
"3586","I","log10",3586,0.35473781,4.80812786,16.3670265,0.42515413,0.01169047,25261.0721,9.52830644377434,7.00827290932003,9.50546384133166,8.79633624426403,9.31809636035228,9.46925539295599
