"","cue","log","id","rho","burst","iota_N1","iota_N2","phi_N1","phi_N2","fitness_rho","fitness_beta","fitness_psin","fitness_psiw","fitness_phin","fitness_phiw"
"1381","I","log10",1381,0.33410938,5.70524437,8.97968562,1.09676168,0.06360723,1263.50512,9.52335214392711,9.48050772890364,9.53363841681257,8.39070642040257,9.02086829228073,9.48114081804511
