"","cue","log","id","rho","burst","iota_N1","iota_N2","phi_N1","phi_N2","fitness_rho","fitness_beta","fitness_psin","fitness_psiw","fitness_phin","fitness_phiw"
"3277","I","log10",3277,0.36438228,5.48858564,14.4629889,1.02939644,0.03582336,5701.09436,9.53029956426513,9.07152334470933,9.54688454578648,8.69933951709688,9.48927530911084,9.47141206577649
