"","cue","log","id","rho","burst","iota_N1","iota_N2","phi_N1","phi_N2","fitness_rho","fitness_beta","fitness_psin","fitness_psiw","fitness_phin","fitness_phiw"
"3530","I","log10",3530,0.17289769,3.93928562,37.108777,0.99189122,0.01991662,4181.97489,9.432694071085,3.588955019078,8.75562543957998,8.87121121466572,9.54808853483605,9.47242546960432
