"","cue","log","id","rho","burst","iota_N1","iota_N2","phi_N1","phi_N2","fitness_rho","fitness_beta","fitness_psin","fitness_psiw","fitness_phin","fitness_phiw"
"3794","I","log10",3794,0.34040998,4.00974261,20.7329815,0.82163469,0.03237491,291.776547,9.52496946585445,3.87215419883367,9.37203833800548,9.57168011886282,9.529348668259,9.52159991588371
