"","cue","log","id","rho","burst","iota_N1","iota_N2","phi_N1","phi_N2","fitness_rho","fitness_beta","fitness_psin","fitness_psiw","fitness_phin","fitness_phiw"
"2377","I","log10",2377,0.24666098,5.54527209,17.6763408,1.06964063,0.01988458,553.526095,9.48867586669816,9.20129816428227,9.46986136326151,8.51448407720977,9.54770765867769,9.49694298444081
