"","cue","log","id","rho","burst","iota_N1","iota_N2","phi_N1","phi_N2","fitness_rho","fitness_beta","fitness_psin","fitness_psiw","fitness_phin","fitness_phiw"
"763","I","log10",763,0.28765817,5.46292625,12.2427428,1.08154212,0.04977884,171.184164,9.50812404379804,9.00938277225671,9.57239772143857,8.46004167491392,9.26984630803141,9.55702826609727
