"","cue","log","id","rho","burst","iota_N1","iota_N2","phi_N1","phi_N2","fitness_rho","fitness_beta","fitness_psin","fitness_psiw","fitness_phin","fitness_phiw"
"4945","I","log10",4945,0.35872841,5.38076581,2.80229699,0.8879186,0.19606092,1388.65178,9.52915587828848,8.7989608602441,8.98265620808422,9.32499897160599,7.15353724465553,9.48001764491721
