"","cue","log","id","rho","burst","iota_N1","iota_N2","phi_N1","phi_N2","fitness_rho","fitness_beta","fitness_psin","fitness_psiw","fitness_phin","fitness_phiw"
"1696","I","log10",1696,0.32446539,4.97757497,17.5365583,0.49980725,0.01613835,4310.79244,9.52068419042116,7.58933301444056,9.47388395773971,9.06798263176236,9.47853177165985,9.4723120200883
