"","cue","log","id","rho","burst","iota_N1","iota_N2","phi_N1","phi_N2","fitness_rho","fitness_beta","fitness_psin","fitness_psiw","fitness_phin","fitness_phiw"
"1573","I","log10",1573,0.23176753,5.44462508,15.3954826,1.15648725,0.03186458,5940.68376,9.47984589108412,8.96394024783966,9.52838463458125,8.12305541561702,9.534466440205,9.47130144011294
