"","cue","log","id","rho","burst","iota_N1","iota_N2","phi_N1","phi_N2","fitness_rho","fitness_beta","fitness_psin","fitness_psiw","fitness_phin","fitness_phiw"
"2954","I","log10",2954,0.2087143,3.93851227,25.650988,0.68405129,0.01882212,169.616096,9.463930391312,3.58587315414175,9.19194216469049,9.81301323426402,9.53325460751021,9.55780437956533
