"","cue","log","id","rho","burst","iota_N1","iota_N2","phi_N1","phi_N2","fitness_rho","fitness_beta","fitness_psin","fitness_psiw","fitness_phin","fitness_phiw"
"753","I","log10",753,0.31584473,3.98474369,55.4626184,0.76340619,0.00944717,483.881362,9.5180954227826,3.77126007997783,8.13163268537796,9.73528565481705,9.20200243134106,9.50094582324101
