"","iter","rho","burst","iota_N1","iota_N2","phi_N1","phi_N2","max_fitness_rho","max_fitness_beta","max_fitness_psin","max_fitness_psiw","max_fitness_phin","max_fitness_phiw","id"
"903",903,0.34426824,4.02089454,76.8606536,0.89437462,0.00734948,767.107578,9.5259142430594,3.91729547660141,7.53378294681414,9.2986207343134,9.07672020041787,9.48914703228831,"I_log"
