"","cue","log","id","rho","burst","iota_N1","iota_N2","phi_N1","phi_N2","fitness_rho","fitness_beta","fitness_psin","fitness_psiw","fitness_phin","fitness_phiw"
"4743","I","log10",4743,0.19816278,3.92735457,168.397195,0.71229921,0.00257034,427.350693,9.45562148804905,3.54139582883449,5.82645289953347,9.81171804027243,8.77312606263458,9.50513847033005
