"","cue","log","id","rho","burst","iota_N1","iota_N2","phi_N1","phi_N2","fitness_rho","fitness_beta","fitness_psin","fitness_psiw","fitness_phin","fitness_phiw"
"3813","I","log10",3813,0.31842541,3.90033649,3.70544616,0.829705,0.10335848,91.9189106,9.51889386334582,3.43419449860017,9.10237528242854,9.54446946960184,8.34168793389056,9.62609175581634
