"","cue","log","id","rho","burst","iota_N1","iota_N2","phi_N1","phi_N2","fitness_rho","fitness_beta","fitness_psin","fitness_psiw","fitness_phin","fitness_phiw"
"197","I","log10",197,0.16286263,4.75833752,23.5995791,2.18283878,0.08234466,54300.3769,9.42224197960984,6.82994354745897,9.26907236928361,5.11751812061436,8.68761490720131,9.46891614751
