"","cue","log","id","rho","burst","iota_N1","iota_N2","phi_N1","phi_N2","fitness_rho","fitness_beta","fitness_psin","fitness_psiw","fitness_phin","fitness_phiw"
"1581","I","log10",1581,0.51579837,3.91450394,10.7742823,0.72602785,0.08491983,1860.52371,9.54302010028202,3.49031959865801,9.56929951570167,9.79932279578079,8.64345621073203,9.47714151461465
