"","cue","log","id","rho","burst","iota_N1","iota_N2","phi_N1","phi_N2","fitness_rho","fitness_beta","fitness_psin","fitness_psiw","fitness_phin","fitness_phiw"
"4293","I","log10",4293,0.53060041,4.05457432,52.4713284,0.74011727,0.02103045,453.211544,9.54296001748777,4.05400340845826,8.22562872227987,9.77993014803374,9.55935271110496,9.50309172371009
