"","iter","rho","burst","iota_N1","iota_N2","phi_N1","phi_N2","max_fitness_rho","max_fitness_beta","max_fitness_psin","max_fitness_psiw","max_fitness_phin","max_fitness_phiw","id"
"563",563,0.23065465,4.65408873,24.5384107,1.88893221,0.08747335,788.149823,9.47914127702552,6.44605406560948,9.23401694745145,5.72785449105501,8.60014602462867,9.48860571558716,"I_log"
