"","cue","log","id","rho","burst","iota_N1","iota_N2","phi_N1","phi_N2","fitness_rho","fitness_beta","fitness_psin","fitness_psiw","fitness_phin","fitness_phiw"
"1768","I","log10",1768,0.32866161,4.68069389,12.428233,0.46764478,0.02893967,1563.32922,9.52187525166613,6.54534168912443,9.57149311890943,8.94153424872268,9.55872381041099,9.47875411493692
