"","iter","rho","burst","iota_N1","iota_N2","phi_N1","phi_N2","max_fitness_rho","max_fitness_beta","max_fitness_psin","max_fitness_psiw","max_fitness_phin","max_fitness_phiw","id"
"252",252,0.34628005,5.96143606,20.2315426,1.88307273,0.0468092,240.971473,9.52639381045514,9.10125535281743,9.38915020196562,5.74151043652398,9.32111965102686,9.53236197442727,"I_log"
