"","cue","log","id","rho","burst","iota_N1","iota_N2","phi_N1","phi_N2","fitness_rho","fitness_beta","fitness_psin","fitness_psiw","fitness_phin","fitness_phiw"
"3619","I","log10",3619,0.39132367,5.39811436,40.1064338,0.96886382,0.01361109,2381.26172,9.53491949315185,8.84469967089818,8.64598522933729,8.97558426454538,9.39893644620646,9.4752868663736
