"","cue","log","id","rho","burst","iota_N1","iota_N2","phi_N1","phi_N2","fitness_rho","fitness_beta","fitness_psin","fitness_psiw","fitness_phin","fitness_phiw"
"3755","I","log10",3755,0.14381812,4.6782089,43.2980106,2.53322972,0.03958601,321.154451,9.39999312104274,6.53610383128486,8.5324806645812,4.54005199007291,9.43702521257992,9.516882664705
