"","iter","rho","burst","iota_N1","iota_N2","phi_N1","phi_N2","max_fitness_rho","max_fitness_beta","max_fitness_psin","max_fitness_psiw","max_fitness_phin","max_fitness_phiw","id"
"631",631,0.28281977,5.60338277,124.031757,1.05424055,0.003434,91.8461244,9.50615950643008,9.32084743026805,6.5333062357067,8.58513340784669,8.82696306994321,9.62620711640235,"I_log"
