"","cue","log","id","rho","burst","iota_N1","iota_N2","phi_N1","phi_N2","fitness_rho","fitness_beta","fitness_psin","fitness_psiw","fitness_phin","fitness_phiw"
"581","I","log10",581,0.18334292,4.60083836,18.0097233,2.06917723,0.10370767,2791.68835,9.44272492615787,6.24478926830302,9.46007788113014,5.33744637314823,8.33622012729723,9.47431240630523
