"","cue","log","id","rho","burst","iota_N1","iota_N2","phi_N1","phi_N2","fitness_rho","fitness_beta","fitness_psin","fitness_psiw","fitness_phin","fitness_phiw"
"4722","I","log10",4722,0.43148419,6.0598275,9.89383308,1.98639023,0.08989371,178.943522,9.53958118017394,8.45538088995965,9.55693780762355,5.50992128337864,8.55953761309891,9.5533817298253
