"","cue","log","id","rho","burst","iota_N1","iota_N2","phi_N1","phi_N2","fitness_rho","fitness_beta","fitness_psin","fitness_psiw","fitness_phin","fitness_phiw"
"2939","I","log10",2939,0.1113376,4.56211388,22.2275835,2.28129399,0.09817078,13440.7804,9.35337536652144,6.09638524016104,9.31928055546222,4.94110277514857,8.42399570685446,9.46980769476814
