"","cue","log","id","rho","burst","iota_N1","iota_N2","phi_N1","phi_N2","fitness_rho","fitness_beta","fitness_psin","fitness_psiw","fitness_phin","fitness_phiw"
"3590","I","log10",3590,0.24558615,4.01101612,73.0938065,0.99294732,0.01027938,163.229406,9.48807247803557,3.87731342181963,7.63058209590883,8.86639660007813,9.24758318317733,9.5611047250265
