"","cue","log","id","rho","burst","iota_N1","iota_N2","phi_N1","phi_N2","fitness_rho","fitness_beta","fitness_psin","fitness_psiw","fitness_phin","fitness_phiw"
"962","I","log10",962,0.32171821,4.07986927,10.116498,0.63111999,0.07955687,4181.20405,9.51988320218057,4.15700178872263,9.56092439212434,9.70199563424238,8.73593519034389,9.47242593953027
