"","cue","log","id","rho","burst","iota_N1","iota_N2","phi_N1","phi_N2","fitness_rho","fitness_beta","fitness_psin","fitness_psiw","fitness_phin","fitness_phiw"
"3202","I","log10",3202,0.26596649,4.70437923,7.94434088,0.58048459,0.05821016,267.687852,9.4986519871813,6.63298044778513,9.49172004981615,9.46212979509549,9.11894141015708,9.52621086488119
