"","cue","log","id","rho","burst","iota_N1","iota_N2","phi_N1","phi_N2","fitness_rho","fitness_beta","fitness_psin","fitness_psiw","fitness_phin","fitness_phiw"
"3073","I","log10",3073,0.31487148,5.51947102,7.48257064,1.05904122,0.06053367,99.2866819,9.51779159059853,9.14362498497211,9.46688398708614,8.56308720156974,9.07673440141028,9.61545833502865
