"","iter","rho","burst","iota_N1","iota_N2","phi_N1","phi_N2","max_fitness_rho","max_fitness_beta","max_fitness_psin","max_fitness_psiw","max_fitness_phin","max_fitness_phiw","id"
"479",479,0.27319103,4.73008288,25.8126091,1.80407367,0.10086604,96.3550157,9.50199881557275,6.72728481028995,9.18579452322676,5.93224367053198,8.38097869212517,9.61951300180628,"I_log"
