"","cue","log","id","rho","burst","iota_N1","iota_N2","phi_N1","phi_N2","fitness_rho","fitness_beta","fitness_psin","fitness_psiw","fitness_phin","fitness_phiw"
"1343","I","log10",1343,0.22718985,4.74215711,61.7970915,1.84863048,0.03862204,1087.55665,9.47691217479182,6.7712835233267,7.94170926570592,5.82312874044504,9.45109544463933,9.48314911156244
