"","cue","log","id","rho","burst","iota_N1","iota_N2","phi_N1","phi_N2","fitness_rho","fitness_beta","fitness_psin","fitness_psiw","fitness_phin","fitness_phiw"
"4756","I","log10",4756,0.35530744,4.80365062,7.47056036,0.44471719,0.05142874,631.990501,9.52843003937615,6.99237591911027,9.46618203434697,8.8602676506463,9.24079567391684,9.49347687306477
