"","iter","rho","burst","iota_N1","iota_N2","phi_N1","phi_N2","max_fitness_rho","max_fitness_beta","max_fitness_psin","max_fitness_psiw","max_fitness_phin","max_fitness_phiw","id"
"853",853,0.35784339,5.78508646,11.45073,0.88722017,0.02861372,282.011055,9.52896769172021,9.53080869953381,9.57314982536712,9.32783324758093,9.56082383917608,9.52337328417831,"I_log"
