"","cue","log","id","rho","burst","iota_N1","iota_N2","phi_N1","phi_N2","fitness_rho","fitness_beta","fitness_psin","fitness_psiw","fitness_phin","fitness_phiw"
"575","I","log10",575,0.19705761,4.80620027,41.6567203,1.94872261,0.04915988,1819.76654,9.45471463578384,7.0014356962495,8.59042160458777,5.59214840639745,9.28065037374693,9.47733298606703
