"","cue","log","id","rho","burst","iota_N1","iota_N2","phi_N1","phi_N2","fitness_rho","fitness_beta","fitness_psin","fitness_psiw","fitness_phin","fitness_phiw"
"864","I","log10",864,0.4554759,5.92340982,3.62721587,1.92225451,0.2893386,334.806877,9.54131952657706,9.28541204831467,9.09223721120106,5.65141865044921,6.30367616648353,9.51496811548421
