"","cue","log","id","rho","burst","iota_N1","iota_N2","phi_N1","phi_N2","fitness_rho","fitness_beta","fitness_psin","fitness_psiw","fitness_phin","fitness_phiw"
"4519","I","log10",4519,0.3641627,5.6074178,25.5907835,0.82601535,0.02511385,146.655376,9.53025768484632,9.3285300783728,9.1942298736142,9.55702435158805,9.57371445982714,9.57093346455911
