"","cue","log","id","rho","burst","iota_N1","iota_N2","phi_N1","phi_N2","fitness_rho","fitness_beta","fitness_psin","fitness_psiw","fitness_phin","fitness_phiw"
"368","I","log10",368,0.27295586,4.09407142,12.9682297,0.84604456,0.05329857,2743.57668,9.50189296253876,4.21492647035602,9.56745182830229,9.48670272199487,9.20751893822738,9.47440725356581
