"","cue","log","id","rho","burst","iota_N1","iota_N2","phi_N1","phi_N2","fitness_rho","fitness_beta","fitness_psin","fitness_psiw","fitness_phin","fitness_phiw"
"3998","I","log10",3998,0.35258133,3.9970776,22.1725293,0.70776661,0.02717009,1233.55932,9.5278309399514,3.82099425000748,9.32126442745277,9.81425052278267,9.56840432355362,9.48144215282166
