"","cue","log","id","rho","burst","iota_N1","iota_N2","phi_N1","phi_N2","fitness_rho","fitness_beta","fitness_psin","fitness_psiw","fitness_phin","fitness_phiw"
"1170","I","log10",1170,0.38167907,6.03746366,3.51233889,1.72196284,0.2491306,816.642441,9.53341856641899,8.60890107895384,9.07724565816418,6.14447248077461,6.64043718832482,9.48791740912176
