"","cue","log","id","rho","burst","iota_N1","iota_N2","phi_N1","phi_N2","fitness_rho","fitness_beta","fitness_psin","fitness_psiw","fitness_phin","fitness_phiw"
"1125","I","log10",1125,0.34265913,4.0077733,41.3001234,0.57549699,0.01681925,1347.44218,9.52552416506678,3.86420014071709,8.60313185264544,9.43534631254796,9.49510972854344,9.48036565051926
