"","cue","log","id","rho","burst","iota_N1","iota_N2","phi_N1","phi_N2","fitness_rho","fitness_beta","fitness_psin","fitness_psiw","fitness_phin","fitness_phiw"
"4132","I","log10",4132,0.29654954,4.70275111,12.9913965,0.64225175,0.01217927,18.4625909,9.51153415910669,6.62698130196364,9.56723544271221,9.73906529533006,9.34036332672318,9.98915088798537
