"","cue","log","id","rho","burst","iota_N1","iota_N2","phi_N1","phi_N2","fitness_rho","fitness_beta","fitness_psin","fitness_psiw","fitness_phin","fitness_phiw"
"771","I","log10",771,0.32227005,3.863522,18.1059252,0.91191116,0.04528508,3465.53734,9.52004485428374,3.28936475715577,9.45720413891915,9.22539018125472,9.34679130221609,9.4732065480184
