"","cue","log","id","rho","burst","iota_N1","iota_N2","phi_N1","phi_N2","fitness_rho","fitness_beta","fitness_psin","fitness_psiw","fitness_phin","fitness_phiw"
"2822","I","log10",2822,0.37900561,4.04840462,7.54780264,0.85007555,0.1055676,869.063075,9.53297442734809,4.02892394127801,9.4706382368413,9.47194105025834,8.3072492016649,9.4867635291714
