"","cue","log","id","rho","burst","iota_N1","iota_N2","phi_N1","phi_N2","fitness_rho","fitness_beta","fitness_psin","fitness_psiw","fitness_phin","fitness_phiw"
"911","I","log10",911,0.12182282,4.61320034,21.7198848,2.4119869,0.070354,988.259316,9.36976370736446,6.29180854180475,9.33746432030444,4.72472493710803,8.89889979485413,9.48459340898415
