"","cue","log","id","rho","burst","iota_N1","iota_N2","phi_N1","phi_N2","fitness_rho","fitness_beta","fitness_psin","fitness_psiw","fitness_phin","fitness_phiw"
"1850","I","log10",1850,0.23051221,3.99544083,11.8510285,0.85188752,0.0427148,65.288165,9.47905099829107,3.81438536750988,9.57342534036345,9.46524415761698,9.38877640941728,9.6816924330988
