"","cue","log","id","rho","burst","iota_N1","iota_N2","phi_N1","phi_N2","fitness_rho","fitness_beta","fitness_psin","fitness_psiw","fitness_phin","fitness_phiw"
"2884","I","log10",2884,0.33086071,4.76837381,12.0081885,0.48127889,0.03043492,129.839675,9.52248116166844,6.86616278324575,9.5731605485944,8.99328613051842,9.54747268500088,9.58328693630578
