"","iter","rho","burst","iota_N1","iota_N2","phi_N1","phi_N2","max_fitness_rho","max_fitness_beta","max_fitness_psin","max_fitness_psiw","max_fitness_phin","max_fitness_phiw","id"
"537",537,0.3629319,3.98468121,7.81290746,0.90551448,0.05972115,1321.71019,9.53001401215907,3.77100962529618,9.48505834852757,9.25235476083568,9.09150863977968,9.48059385248761,"I_log"
