"","cue","log","id","rho","burst","iota_N1","iota_N2","phi_N1","phi_N2","fitness_rho","fitness_beta","fitness_psin","fitness_psiw","fitness_phin","fitness_phiw"
"2319","I","log10",2319,0.26425831,4.03415473,10.3270077,0.73587828,0.04098108,305.851495,9.49783012587149,3.97105128966935,9.56414011433755,9.78642224721474,9.41596295164291,9.51922786851387
