"","cue","log","id","rho","burst","iota_N1","iota_N2","phi_N1","phi_N2","fitness_rho","fitness_beta","fitness_psin","fitness_psiw","fitness_phin","fitness_phiw"
"2896","I","log10",2896,0.50593621,4.7168416,2.20902236,0.35858534,0.16258921,656.126277,9.54296547086352,6.67880626476814,8.90266699468411,8.60800275724604,7.53010557678577,9.492573736361
