"","cue","log","id","rho","burst","iota_N1","iota_N2","phi_N1","phi_N2","fitness_rho","fitness_beta","fitness_psin","fitness_psiw","fitness_phin","fitness_phiw"
"3105","I","log10",3105,0.26104848,3.94600171,21.5567201,0.85826885,0.02483595,279.571711,9.49625814714111,3.61578636931186,9.34325335669608,9.4413641636861,9.57387231660984,9.52383819366066
