"","cue","log","id","rho","burst","iota_N1","iota_N2","phi_N1","phi_N2","fitness_rho","fitness_beta","fitness_psin","fitness_psiw","fitness_phin","fitness_phiw"
"4648","I","log10",4648,0.37736112,4.75521171,2.4417208,0.60609612,0.0440135,12.820554,9.53269353052836,6.81864178808968,8.93401254650897,9.59455852289324,9.3677889440585,10.0424635270298
