"","cue","log","id","rho","burst","iota_N1","iota_N2","phi_N1","phi_N2","fitness_rho","fitness_beta","fitness_psin","fitness_psiw","fitness_phin","fitness_phiw"
"244","I","log10",244,0.33682498,4.81109549,1.72599353,0.35287487,0.13685643,540.986103,9.5240616222285,7.01879573441575,8.83815299315543,8.59332723954541,7.85625001250163,9.49758847619903
