"","cue","log","id","rho","burst","iota_N1","iota_N2","phi_N1","phi_N2","fitness_rho","fitness_beta","fitness_psin","fitness_psiw","fitness_phin","fitness_phiw"
"2504","I","log10",2504,0.231471,4.08458508,15.1423998,0.97793728,0.03540678,1308.8372,9.47965823881516,4.17622728952148,9.53377260226674,8.93461652225658,9.49456671165062,9.48071191324087
