"","cue","log","id","rho","burst","iota_N1","iota_N2","phi_N1","phi_N2","fitness_rho","fitness_beta","fitness_psin","fitness_psiw","fitness_phin","fitness_phiw"
"2333","I","log10",2333,0.22214206,4.65850129,27.8129479,2.40705896,0.08257133,71.5148224,9.47355118230702,6.46258422567253,9.10919639484966,4.73254737960942,8.68370488323014,9.66548668007539
