"","iter","rho","burst","iota_N1","iota_N2","phi_N1","phi_N2","max_fitness_rho","max_fitness_beta","max_fitness_psin","max_fitness_psiw","max_fitness_phin","max_fitness_phiw","id"
"355",355,0.26987102,5.60040038,5.4073133,1.13764716,0.07512384,1580.30875,8.50319014879737,8.34344887396085,6.23156782867858,7.2744421693634,7.90300863106416,8.48087671388912,"I_none"
