"","cue","log","id","rho","burst","iota_N1","iota_N2","phi_N1","phi_N2","fitness_rho","fitness_beta","fitness_psin","fitness_psiw","fitness_phin","fitness_phiw"
"3081","I","none",3081,0.22995265,3.83348485,67.978275,0.74948173,0.00660211,2878.15226,8.47707732948796,2.49711770452055,7.27263814171011,7.62632499907619,6.03812324869347,8.47627440804433
