"","cue","log","id","rho","burst","iota_N1","iota_N2","phi_N1","phi_N2","fitness_rho","fitness_beta","fitness_psin","fitness_psiw","fitness_phin","fitness_phiw"
"3660","I","none",3660,0.41876175,6.4257383,225.141681,1.67983058,0.00398818,222.162737,8.43343895659916,5.01490797561954,5.12119739699296,5.75996143121387,5.94925828186038,8.54013678630378
