"","cue","log","id","rho","burst","iota_N1","iota_N2","phi_N1","phi_N2","fitness_rho","fitness_beta","fitness_psin","fitness_psiw","fitness_phin","fitness_phiw"
"1461","I","none",1461,0.23126075,3.93649177,90.6854019,0.86488079,0.00537064,599.959493,8.47817080610079,3.1446927366901,6.8964213792853,8.41274359178867,5.9942155084625,8.49729712999216
