"","cue","log","id","rho","burst","iota_N1","iota_N2","phi_N1","phi_N2","fitness_rho","fitness_beta","fitness_psin","fitness_psiw","fitness_phin","fitness_phiw"
"4526","I","none",4526,0.28864357,4.05037764,24.090771,0.7420796,0.03235264,754.337606,8.51011121813307,3.8328156557924,8.23025498974058,7.51454921503899,8.50007454086917,8.49192523744863
