"","cue","log","id","rho","burst","iota_N1","iota_N2","phi_N1","phi_N2","fitness_rho","fitness_beta","fitness_psin","fitness_psiw","fitness_phin","fitness_phiw"
"380","I","none",380,0.26562937,3.89999384,34.8094647,0.70191212,0.02121215,187.22375,8.50113660637662,2.91653456276742,7.92559860764145,7.1037843221423,6.82519411559094,8.55218232704182
