"","cue","log","id","rho","burst","iota_N1","iota_N2","phi_N1","phi_N2","fitness_rho","fitness_beta","fitness_psin","fitness_psiw","fitness_phin","fitness_phiw"
"2775","I","none",2775,0.34920108,3.99843451,4.18525005,0.71471954,0.08153105,419.951227,8.50565418215825,3.5244065795268,6.12194053268771,7.20397611398765,7.83184455603459,8.50840258979441
