"","cue","log","id","rho","burst","iota_N1","iota_N2","phi_N1","phi_N2","fitness_rho","fitness_beta","fitness_psin","fitness_psiw","fitness_phin","fitness_phiw"
"2541","I","none",2541,0.28416471,3.89326728,36.0549856,0.89536813,0.01980282,1325.21175,8.50878655385891,2.87424207417668,7.89582411850146,8.27642534767196,6.707488813008,8.48283358378203
