"","cue","log","id","rho","burst","iota_N1","iota_N2","phi_N1","phi_N2","fitness_rho","fitness_beta","fitness_psin","fitness_psiw","fitness_phin","fitness_phiw"
"1099","I","none",1099,0.38837494,5.38093402,26.0540483,0.78591965,0.02493124,473.03579,8.47593525969812,8.03732804152464,8.16566521152623,8.45879369744507,7.24396060361982,8.50427299237519
