"","cue","log","id","rho","burst","iota_N1","iota_N2","phi_N1","phi_N2","fitness_rho","fitness_beta","fitness_psin","fitness_psiw","fitness_phin","fitness_phiw"
"2904","I","none",2904,0.37103288,6.15377012,25.9743073,2.14843691,0.03272897,647.854017,8.49216256035023,5.60541804119612,8.16819039612689,4.88329892333148,8.50495823959659,8.49536363308191
