"","cue","log","id","rho","burst","iota_N1","iota_N2","phi_N1","phi_N2","fitness_rho","fitness_beta","fitness_psin","fitness_psiw","fitness_phin","fitness_phiw"
"4382","I","none",4382,0.35629097,3.9561714,14.6276285,0.81453012,0.06879073,911.68286,8.50205933670281,3.26651910638194,8.44739262703902,8.57113892220191,7.97793498906355,8.48829590600217
