"","cue","log","id","rho","burst","iota_N1","iota_N2","phi_N1","phi_N2","fitness_rho","fitness_beta","fitness_psin","fitness_psiw","fitness_phin","fitness_phiw"
"1688","I","none",1688,0.2163921,3.94666129,6.88171574,0.86243585,0.07570285,1349.39154,8.46483848069187,3.20776689090613,6.373018676638,8.42317800379277,7.89640578591008,8.48261443235853
