"","cue","log","id","rho","burst","iota_N1","iota_N2","phi_N1","phi_N2","fitness_rho","fitness_beta","fitness_psin","fitness_psiw","fitness_phin","fitness_phiw"
"1645","I","none",1645,0.29680209,5.47955581,22.4002748,1.12783635,0.02331924,1602.0735,8.51198372000564,8.17508072200042,8.29021858955631,7.30985619972629,7.0294088089565,8.4807377004761
