"","cue","log","id","rho","burst","iota_N1","iota_N2","phi_N1","phi_N2","fitness_rho","fitness_beta","fitness_psin","fitness_psiw","fitness_phin","fitness_phiw"
"3987","I","none",3987,0.39376584,3.93036519,4.14672799,0.71753475,0.1430354,81458.8816,8.46978044443755,3.10657749268038,6.11861628237449,7.22917287125641,7.26255462586432,8.47083038642679
