"","cue","log","id","rho","burst","iota_N1","iota_N2","phi_N1","phi_N2","fitness_rho","fitness_beta","fitness_psin","fitness_psiw","fitness_phin","fitness_phiw"
"1356","I","none",1356,0.40361395,6.49296065,5.74997508,1.61687486,0.09389789,1637.03083,8.45706271281171,4.91273961142926,6.26348849803458,5.90170038005043,7.70407502448808,8.48052360231153
