"","iter","rho","burst","iota_N1","iota_N2","phi_N1","phi_N2","max_fitness_rho","max_fitness_beta","max_fitness_psin","max_fitness_psiw","max_fitness_phin","max_fitness_phiw","id"
"705",705,0.32836954,3.90899187,6.65852449,0.77838198,0.04918549,743.167832,8.51222260566697,2.97300297126038,6.35072207135436,8.33401922544205,8.25701237027424,8.49224015715469,"I_none"
