"","cue","log","id","rho","burst","iota_N1","iota_N2","phi_N1","phi_N2","fitness_rho","fitness_beta","fitness_psin","fitness_psiw","fitness_phin","fitness_phiw"
"2119","I","none",2119,0.30566086,5.48955093,53.4002222,1.00946774,0.00708373,251.921648,8.51320359918017,8.18889213373599,7.53548619149084,7.7706220253814,6.05623859604869,8.53235703809892
