"","cue","log","id","rho","burst","iota_N1","iota_N2","phi_N1","phi_N2","fitness_rho","fitness_beta","fitness_psin","fitness_psiw","fitness_phin","fitness_phiw"
"550","I","none",550,0.38987412,4.85244532,9.68795649,0.41652584,0.01179363,131.388043,8.47427913754927,7.06175391975596,6.75100328790477,6.14354846288936,6.25323930255868,8.58310515055854
