"","cue","log","id","rho","burst","iota_N1","iota_N2","phi_N1","phi_N2","fitness_rho","fitness_beta","fitness_psin","fitness_psiw","fitness_phin","fitness_phiw"
"2920","I","none",2920,0.32508414,4.66080263,34.0927034,0.56380333,0.00836582,175.939898,8.51274641931464,6.53158614872411,7.94310850814476,6.48446261027597,6.10675676336719,8.5570016745587
