"","cue","log","id","rho","burst","iota_N1","iota_N2","phi_N1","phi_N2","fitness_rho","fitness_beta","fitness_psin","fitness_psiw","fitness_phin","fitness_phiw"
"3935","I","none",3935,0.23433017,4.43363595,34.4474931,1.9420281,0.0597075,321.215713,8.48066949566403,5.72578129617934,7.93440423210925,5.23547819710198,8.09628323517066,8.51957019018261
