"","cue","log","id","rho","burst","iota_N1","iota_N2","phi_N1","phi_N2","fitness_rho","fitness_beta","fitness_psin","fitness_psiw","fitness_phin","fitness_phiw"
"2235","I","none",2235,0.22622344,3.86926575,2.07596883,0.89341916,0.15238618,172.563395,8.47387807996838,2.72297299935674,5.95971388022413,8.28533172906568,7.18543919150434,8.55855695553089
