"","cue","log","id","rho","burst","iota_N1","iota_N2","phi_N1","phi_N2","fitness_rho","fitness_beta","fitness_psin","fitness_psiw","fitness_phin","fitness_phiw"
"221","I","none",221,0.21257237,4.79204801,23.6195206,1.95867088,0.08936059,1146.8836,8.46108416669165,6.90767830727413,8.2465498475362,5.20530737237429,7.74972469691385,8.48471092823064
