"","cue","log","id","rho","burst","iota_N1","iota_N2","phi_N1","phi_N2","fitness_rho","fitness_beta","fitness_psin","fitness_psiw","fitness_phin","fitness_phiw"
"1660","I","none",1660,0.36205371,4.76674387,15.514783,0.60601334,0.01917926,16.0861586,8.49859256312206,6.83970839129774,8.50444508426747,6.61062349215285,6.65884814738162,7.68288124357865
