"","cue","log","id","rho","burst","iota_N1","iota_N2","phi_N1","phi_N2","fitness_rho","fitness_beta","fitness_psin","fitness_psiw","fitness_phin","fitness_phiw"
"4423","I","none",4423,0.34715671,5.39491343,16.6179065,1.10854957,0.04191122,5111.82565,8.50655860833996,8.05714552163552,8.50120107836668,7.38062889984841,8.3873125953995,8.4738132694856
