"","cue","log","id","rho","burst","iota_N1","iota_N2","phi_N1","phi_N2","fitness_rho","fitness_beta","fitness_psin","fitness_psiw","fitness_phin","fitness_phiw"
"1604","I","none",1604,0.34524925,4.18851055,116.352612,0.86950833,0.00644251,2593.88198,8.50734906735127,4.59629769433324,6.50335899609499,8.39270029362083,6.03222920136173,8.47689001561111
