"","cue","log","id","rho","burst","iota_N1","iota_N2","phi_N1","phi_N2","fitness_rho","fitness_beta","fitness_psin","fitness_psiw","fitness_phin","fitness_phiw"
"2658","I","none",2658,0.58494234,6.16034493,42.7231339,1.78493063,0.02576697,848.004481,7.77085451536157,5.58573681127695,7.74760732536382,5.5378468747998,7.38177369123705,8.48960455309158
