"","iter","rho","burst","iota_N1","iota_N2","phi_N1","phi_N2","max_fitness_rho","max_fitness_beta","max_fitness_psin","max_fitness_psiw","max_fitness_phin","max_fitness_phiw","id"
"841",841,0.30746043,5.52415113,9.30797357,1.05301512,0.05290618,82.4838196,8.51334489091883,8.23674979645813,6.68621229865694,7.59350021465672,8.19659554688017,8.63670976550441,"I_none"
