"","cue","log","id","rho","burst","iota_N1","iota_N2","phi_N1","phi_N2","fitness_rho","fitness_beta","fitness_psin","fitness_psiw","fitness_phin","fitness_phiw"
"3548","I","none",3548,0.22267008,3.98191885,24.9389042,0.91224121,0.02306844,63.4261179,8.470711938296,3.42429680900091,8.20171759377043,8.19909913582552,7.00173234051566,8.6709296955065
