"","cue","log","id","rho","burst","iota_N1","iota_N2","phi_N1","phi_N2","fitness_rho","fitness_beta","fitness_psin","fitness_psiw","fitness_phin","fitness_phiw"
"3940","I","none",3940,0.38611049,4.73946864,14.0162357,0.52522787,0.03465148,24.9693521,8.47835851911399,6.76408749354664,8.32427543861166,6.37756611285754,8.50467402753342,8.37353130319906
