"","iter","rho","burst","iota_N1","iota_N2","phi_N1","phi_N2","max_fitness_rho","max_fitness_beta","max_fitness_psin","max_fitness_psiw","max_fitness_phin","max_fitness_phiw","id"
"407",407,0.19220207,4.59852546,47.6800133,2.14333936,0.04747491,5707.01805,8.4388274185577,6.33144894214455,7.64623210120307,4.89146095734121,8.28626472418989,8.47348227113215,"I_none"
