"","cue","log","id","rho","burst","iota_N1","iota_N2","phi_N1","phi_N2","fitness_rho","fitness_beta","fitness_psin","fitness_psiw","fitness_phin","fitness_phiw"
"3701","I","none",3701,0.27963739,4.67553388,11.91903,1.73409238,0.22987355,2062.83877,8.50723702747928,6.57680441593473,7.26518683306666,5.64313095912434,6.59491944468303,8.47849371737514
