"","cue","log","id","rho","burst","iota_N1","iota_N2","phi_N1","phi_N2","fitness_rho","fitness_beta","fitness_psin","fitness_psiw","fitness_phin","fitness_phiw"
"2531","I","none",2531,0.16041381,4.51527056,10.8668724,2.42058141,0.15728861,477.061754,8.39639424265546,6.03999199149522,6.97715628556689,4.48146782713042,7.145618067345,8.50399646711917
