"","cue","log","id","rho","burst","iota_N1","iota_N2","phi_N1","phi_N2","fitness_rho","fitness_beta","fitness_psin","fitness_psiw","fitness_phin","fitness_phiw"
"5000","I","none",5000,0.24507562,3.92327206,19.4508184,0.81202439,0.04894892,197.110501,8.48873636219957,3.06234152727548,8.40379363876167,8.57252073824113,8.26100044636062,8.54837327992649
