"","cue","log","id","rho","burst","iota_N1","iota_N2","phi_N1","phi_N2","fitness_rho","fitness_beta","fitness_psin","fitness_psiw","fitness_phin","fitness_phiw"
"4983","I","none",4983,0.37319517,3.97181986,9.02472458,0.9510056,0.08306367,327.556598,8.49042190556525,3.36264692752583,6.64044518005924,8.02334241782365,7.81539347840487,8.5186587049412
