"","cue","log","id","rho","burst","iota_N1","iota_N2","phi_N1","phi_N2","fitness_rho","fitness_beta","fitness_psin","fitness_psiw","fitness_phin","fitness_phiw"
"2453","I","none",2453,0.18039769,4.79149713,63.1461206,2.03058519,0.02383808,573.728165,8.4241824069063,6.9062214817395,7.35735153687983,5.07867162006524,7.09128598803368,8.49849404270259
