"","cue","log","id","rho","burst","iota_N1","iota_N2","phi_N1","phi_N2","fitness_rho","fitness_beta","fitness_psin","fitness_psiw","fitness_phin","fitness_phiw"
"2200","I","none",2200,0.3578334,4.85185949,10.9265516,0.6017267,0.03639164,47.5159977,8.50118074123265,7.06031387624874,6.990394532529,6.59687711801726,8.48469659397518,8.7019550771033
