"","cue","log","id","rho","burst","iota_N1","iota_N2","phi_N1","phi_N2","fitness_rho","fitness_beta","fitness_psin","fitness_psiw","fitness_phin","fitness_phiw"
"3788","I","none",3788,0.32674017,3.94358015,31.0999162,0.89040452,0.02297264,6496.1725,8.51249952151327,3.18868295353858,8.019693419001,8.29908033353099,6.99149030627148,8.47313597993448
