"","cue","log","id","rho","burst","iota_N1","iota_N2","phi_N1","phi_N2","fitness_rho","fitness_beta","fitness_psin","fitness_psiw","fitness_phin","fitness_phiw"
"1876","I","none",1876,0.38627444,4.82151289,44.5020341,0.51202536,0.01056945,81.7687088,8.47818380263938,6.98425139226823,7.7105341996313,6.34255331441499,6.19951071204724,8.63782946186001
