"","iter","rho","burst","iota_N1","iota_N2","phi_N1","phi_N2","max_fitness_rho","max_fitness_beta","max_fitness_psin","max_fitness_psiw","max_fitness_phin","max_fitness_phiw","id"
"791",791,0.16434829,4.61117489,8.83440861,2.00091502,0.1933203,324.99241,8.40216565100785,6.37329654089233,6.6110655887333,5.13019902871992,6.86394701055939,8.51902291104356,"I_none"
