"","cue","log","id","rho","burst","iota_N1","iota_N2","phi_N1","phi_N2","fitness_rho","fitness_beta","fitness_psin","fitness_psiw","fitness_phin","fitness_phiw"
"4164","I","none",4164,0.50825569,6.0494014,21.5740646,2.35260052,0.07885174,10450.9234,8.15521672517236,5.94124586063421,8.32104228421918,4.57606426815386,7.86111144345479,8.47218921068815
