"","cue","log","id","rho","burst","iota_N1","iota_N2","phi_N1","phi_N2","fitness_rho","fitness_beta","fitness_psin","fitness_psiw","fitness_phin","fitness_phiw"
"2222","I","none",2222,0.25236242,3.98641204,9.33848491,0.70312448,0.07466672,1640.14199,8.4935930302071,3.45162033160203,6.69127916545335,7.11250500924889,7.90825044817793,8.48050439822506
