"","cue","log","id","rho","burst","iota_N1","iota_N2","phi_N1","phi_N2","fitness_rho","fitness_beta","fitness_psin","fitness_psiw","fitness_phin","fitness_phiw"
"1810","I","none",1810,0.40898653,4.90297479,21.8817359,0.43525711,0.00758071,10977.9451,8.44926629515935,7.18228946265079,8.30945248287295,6.17406406639537,6.07544769071083,8.47211368112867
