"","iter","rho","burst","iota_N1","iota_N2","phi_N1","phi_N2","max_fitness_rho","max_fitness_beta","max_fitness_psin","max_fitness_psiw","max_fitness_phin","max_fitness_phiw","id"
"640",640,0.47096751,4.75543567,4.24042897,0.39647186,0.07027544,853.60415,8.30464650882095,6.80865773829037,6.12671117985983,6.1143025339664,7.95989461033204,8.48948426336758,"I_none"
