"","cue","log","id","rho","burst","iota_N1","iota_N2","phi_N1","phi_N2","fitness_rho","fitness_beta","fitness_psin","fitness_psiw","fitness_phin","fitness_phiw"
"35","I","none",35,0.31057776,4.65054183,37.7865822,1.71338088,0.08780165,1359.38516,8.51350111693741,6.49961984483696,7.85566886293522,5.68716606551201,7.76571438596994,8.48252711689436
