"","cue","log","id","rho","burst","iota_N1","iota_N2","phi_N1","phi_N2","fitness_rho","fitness_beta","fitness_psin","fitness_psiw","fitness_phin","fitness_phiw"
"4417","I","none",4417,0.31933361,5.24333144,11.4162398,0.94798512,0.05640788,222.513335,8.51334372242201,7.83201498450537,7.11214601796231,8.03684359377905,8.14345953486351,8.54003622862022
