"","cue","log","id","rho","burst","iota_N1","iota_N2","phi_N1","phi_N2","fitness_rho","fitness_beta","fitness_psin","fitness_psiw","fitness_phin","fitness_phiw"
"57","I","none",57,0.29337658,3.92570037,12.7494584,0.68378413,0.03888775,676.177749,8.51128166845661,3.07749772125915,7.61071050679233,6.98267279006107,8.44335652832454,8.494345059178
