"","cue","log","id","rho","burst","iota_N1","iota_N2","phi_N1","phi_N2","fitness_rho","fitness_beta","fitness_psin","fitness_psiw","fitness_phin","fitness_phiw"
"3942","I","none",3942,0.33237815,6.12093624,8.78711011,2.15231886,0.0927549,55.2223431,8.51140030734081,5.70856262398808,6.6039526664882,4.87710687720184,7.71545760763678,8.68776295000865
