"","cue","log","id","rho","burst","iota_N1","iota_N2","phi_N1","phi_N2","fitness_rho","fitness_beta","fitness_psin","fitness_psiw","fitness_phin","fitness_phiw"
"4720","I","none",4720,0.43469459,4.89903117,1.88332567,0.40390078,0.11315664,839.057196,8.4026130897802,7.17314416116817,5.94716929558107,6.12478950802584,7.52174333656618,8.48980415392994
