"","cue","log","id","rho","burst","iota_N1","iota_N2","phi_N1","phi_N2","fitness_rho","fitness_beta","fitness_psin","fitness_psiw","fitness_phin","fitness_phiw"
"2934","I","none",2934,0.39313781,6.02872545,8.18929942,2.06394137,0.1506172,1691.32513,8.47052731606459,6.01749305482582,6.52052119559844,5.02190033996179,7.19990715178986,8.48020760269005
