"","cue","log","id","rho","burst","iota_N1","iota_N2","phi_N1","phi_N2","fitness_rho","fitness_beta","fitness_psin","fitness_psiw","fitness_phin","fitness_phiw"
"3097","I","none",3097,0.29893839,5.52929588,5.59155486,1.01635063,0.08955706,114.228241,8.51235715431902,8.24388562497084,6.24867288161027,7.74199904961582,7.74772174530819,8.59772806642049
