"","cue","log","id","rho","burst","iota_N1","iota_N2","phi_N1","phi_N2","fitness_rho","fitness_beta","fitness_psin","fitness_psiw","fitness_phin","fitness_phiw"
"4277","I","none",4277,0.22828225,4.66345935,15.4822532,1.55375096,0.11345689,3478.25296,8.47566075758723,6.5398014844965,8.50368189593709,6.0510451163879,7.51901604054909,8.47530296933642
