"","cue","log","id","rho","burst","iota_N1","iota_N2","phi_N1","phi_N2","fitness_rho","fitness_beta","fitness_psin","fitness_psiw","fitness_phin","fitness_phiw"
"3315","I","none",3315,0.50427839,4.02115832,11.5110331,0.61502662,0.0732133,3571.48774,8.17357578999218,3.6605911146291,7.13879780018639,6.6408867353764,7.92507787488971,8.47518091864778
