"","cue","log","id","rho","burst","iota_N1","iota_N2","phi_N1","phi_N2","fitness_rho","fitness_beta","fitness_psin","fitness_psiw","fitness_phin","fitness_phiw"
"4327","I","none",4327,0.36676756,5.56910271,8.14124501,0.95035725,0.07304503,3426.35559,8.49537782808567,8.29938088944628,6.51433384035035,8.02623631672297,7.92704211620397,8.47537365565634
