"","cue","log","id","rho","burst","iota_N1","iota_N2","phi_N1","phi_N2","fitness_rho","fitness_beta","fitness_psin","fitness_psiw","fitness_phin","fitness_phiw"
"805","I","none",805,0.37121794,5.60369002,240.139361,1.15480021,0.0028759,45391.8616,8.4920165520244,8.34810156207011,4.96185923135216,7.213448628391,5.91625649846189,8.4709887577268
