"","cue","log","id","rho","burst","iota_N1","iota_N2","phi_N1","phi_N2","fitness_rho","fitness_beta","fitness_psin","fitness_psiw","fitness_phin","fitness_phiw"
"3667","I","none",3667,0.25760903,5.53377974,59.8790056,1.17460941,0.01060107,389.953138,8.49677789668635,8.25010837863658,7.41586152935745,7.14442040166006,6.20088079784297,8.51121747745703
