"","cue","log","id","rho","burst","iota_N1","iota_N2","phi_N1","phi_N2","fitness_rho","fitness_beta","fitness_psin","fitness_psiw","fitness_phin","fitness_phiw"
"3279","I","none",3279,0.3516697,4.04702995,35.1819814,0.81835027,0.01854127,278.538303,8.50448661571563,3.81325564239147,7.91660769807892,8.56690428144432,6.61173633547242,8.52673142164659
