"","cue","log","id","rho","burst","iota_N1","iota_N2","phi_N1","phi_N2","fitness_rho","fitness_beta","fitness_psin","fitness_psiw","fitness_phin","fitness_phiw"
"1047","I","none",1047,0.27897493,3.91278315,13.1796914,0.66538277,0.03498777,559.4909,8.50699334408627,2.99675857320648,7.88438837366521,6.87090595518296,8.50179213004134,8.49918500655845
