"","cue","log","id","rho","burst","iota_N1","iota_N2","phi_N1","phi_N2","fitness_rho","fitness_beta","fitness_psin","fitness_psiw","fitness_phin","fitness_phiw"
"532","I","none",532,0.39391432,4.69406771,38.2690601,0.39476892,0.00609382,625.713165,8.46960006697499,6.63257968263656,7.84471620690435,6.11194911540513,6.01956439348762,8.49622008804018
