"","cue","log","id","rho","burst","iota_N1","iota_N2","phi_N1","phi_N2","fitness_rho","fitness_beta","fitness_psin","fitness_psiw","fitness_phin","fitness_phiw"
"3219","I","none",3219,0.24105879,3.85902858,37.5805737,0.77061113,0.0122702,311.057062,8.48584562086864,2.65834593823908,7.8603766818423,8.13258399521632,6.27449497287512,8.52110502745704
