"","cue","log","id","rho","burst","iota_N1","iota_N2","phi_N1","phi_N2","fitness_rho","fitness_beta","fitness_psin","fitness_psiw","fitness_phin","fitness_phiw"
"2914","I","none",2914,0.37050276,4.75008825,6.19866329,0.46125572,0.05344859,165.232062,8.49257645509741,6.79382600464519,6.3060156065647,6.22304802295402,8.18814104185931,8.56212584929748
