"","cue","log","id","rho","burst","iota_N1","iota_N2","phi_N1","phi_N2","fitness_rho","fitness_beta","fitness_psin","fitness_psiw","fitness_phin","fitness_phiw"
"2185","I","none",2185,0.17994825,5.58484799,124.186664,1.12976722,0.00243126,20639.0794,8.42359684898147,8.32150508585129,6.3890995231757,7.30285753005575,5.90376913881536,8.47141970107954
