"","cue","log","id","rho","burst","iota_N1","iota_N2","phi_N1","phi_N2","fitness_rho","fitness_beta","fitness_psin","fitness_psiw","fitness_phin","fitness_phiw"
"4070","I","none",4070,0.30790168,3.96244987,19.6922634,0.7224036,0.03997025,8498.62779,8.51337426492871,3.30517060407626,8.39425120393775,7.27632754721065,8.42356299658022,8.47254515101997
