"","cue","log","id","rho","burst","iota_N1","iota_N2","phi_N1","phi_N2","fitness_rho","fitness_beta","fitness_psin","fitness_psiw","fitness_phin","fitness_phiw"
"2258","I","none",2258,0.29585018,3.94489818,12.1852913,0.82670348,0.05008087,71.6727823,8.51180209692571,3.19684895075698,7.35819309627115,8.55056458806196,8.24207459769443,8.65501498117334
