"","cue","log","id","rho","burst","iota_N1","iota_N2","phi_N1","phi_N2","fitness_rho","fitness_beta","fitness_psin","fitness_psiw","fitness_phin","fitness_phiw"
"1156","I","none",1156,0.31660384,4.68385758,249.938573,0.51024314,0.00085413,316.216454,8.51349192068545,6.60200468586079,4.86136102774673,6.33791451606529,5.86217259789016,8.520313005821
