"","cue","log","id","rho","burst","iota_N1","iota_N2","phi_N1","phi_N2","fitness_rho","fitness_beta","fitness_psin","fitness_psiw","fitness_phin","fitness_phiw"
"3050","I","none",3050,0.28005429,4.04423805,17.9043116,0.81682877,0.04017809,592.908,8.50738787135603,3.7969111967982,8.46302267641676,8.56887411745907,8.41970814074383,8.49760697071867
