"","cue","log","id","rho","burst","iota_N1","iota_N2","phi_N1","phi_N2","fitness_rho","fitness_beta","fitness_psin","fitness_psiw","fitness_phin","fitness_phiw"
"1653","I","none",1653,0.31704545,3.85459549,11.7010316,0.82634075,0.06836731,617.608081,8.51347206720168,2.63035386337288,7.19533324783666,8.55144048613008,7.98313799734909,8.49655037496416
