"","iter","rho","burst","iota_N1","iota_N2","phi_N1","phi_N2","max_fitness_rho","max_fitness_beta","max_fitness_psin","max_fitness_psiw","max_fitness_phin","max_fitness_phiw","id"
"19",19,0.32876565,5.46088533,3.82595235,1.00360484,0.14065544,2462.04459,8.51215037440179,8.14925968892458,6.09138791610507,7.79519055863268,7.28244093829965,8.47722269810512,"I_none"
