"","cue","log","id","rho","burst","iota_N1","iota_N2","phi_N1","phi_N2","fitness_rho","fitness_beta","fitness_psin","fitness_psiw","fitness_phin","fitness_phiw"
"3959","I","none",3959,0.24345645,4.65762825,13.0692133,1.90376707,0.18517208,144.643274,8.48758947276385,6.5217396463013,7.8084376239813,5.30613292595387,6.92609056329128,8.5738635130087
