"","cue","log","id","rho","burst","iota_N1","iota_N2","phi_N1","phi_N2","fitness_rho","fitness_beta","fitness_psin","fitness_psiw","fitness_phin","fitness_phiw"
"4445","I","none",4445,0.30200941,4.6386581,6.37512301,1.7412616,0.38930378,1253.5907,8.51280534385402,6.46210460724736,6.32300980363897,5.62804586261841,5.57785332194756,8.48352321096082
