"","cue","log","id","rho","burst","iota_N1","iota_N2","phi_N1","phi_N2","fitness_rho","fitness_beta","fitness_psin","fitness_psiw","fitness_phin","fitness_phiw"
"1629","I","none",1629,0.50830786,4.04799757,4.08178972,0.63460125,0.18134319,38.4989306,8.15497603917839,3.81891564243867,6.11304381450783,6.71596979432132,6.95559013895463,8.70310618174672
