"","cue","log","id","rho","burst","iota_N1","iota_N2","phi_N1","phi_N2","fitness_rho","fitness_beta","fitness_psin","fitness_psiw","fitness_phin","fitness_phiw"
"1481","I","none",1481,0.16571845,4.55542064,14.9659106,2.56284435,0.14601654,1134.87265,8.40414198417482,6.18407266437167,8.47991857840325,4.29444100779983,7.23779300443911,8.4848591362855
