"","cue","log","id","rho","burst","iota_N1","iota_N2","phi_N1","phi_N2","fitness_rho","fitness_beta","fitness_psin","fitness_psiw","fitness_phin","fitness_phiw"
"4038","I","none",4038,0.267898,6.06359201,16.006245,1.95241072,0.04732206,2098.05721,8.50225626086965,5.89342527021443,8.50878590815833,5.2166193312467,8.28892370572613,8.47836143134002
