"","cue","log","id","rho","burst","iota_N1","iota_N2","phi_N1","phi_N2","fitness_rho","fitness_beta","fitness_psin","fitness_psiw","fitness_phin","fitness_phiw"
"4061","I","none",4061,0.22207443,4.60365609,19.8953888,2.00504641,0.09457238,1483.61985,8.47017075087468,6.34849616558281,8.38622339277391,5.12296600121532,7.69739170923793,8.48153979807942
