"","cue","log","id","rho","burst","iota_N1","iota_N2","phi_N1","phi_N2","fitness_rho","fitness_beta","fitness_psin","fitness_psiw","fitness_phin","fitness_phiw"
"335","I","none",335,0.22573905,4.71834945,62.928817,1.60177998,0.02910723,4629.29037,8.47345529146049,6.70380276019526,7.3612094007097,5.93673260220793,8.25624656513017,8.4741439421264
