"","iter","rho","burst","iota_N1","iota_N2","phi_N1","phi_N2","max_fitness_rho","max_fitness_beta","max_fitness_psin","max_fitness_psiw","max_fitness_phin","max_fitness_phiw","id"
"676",676,0.33886139,4.8258839,18.4159171,0.49653577,0.01396274,34.5680813,8.50963631521291,6.99538000460116,8.44411919378897,6.30314827920659,6.35194195378468,8.68476020477807,"I_none"
