"","cue","log","id","rho","burst","iota_N1","iota_N2","phi_N1","phi_N2","fitness_rho","fitness_beta","fitness_psin","fitness_psiw","fitness_phin","fitness_phiw"
"1820","I","none",1820,0.2989764,3.99763615,26.6562383,0.94553523,0.02922676,3361.16392,8.51236339339117,3.51958916921433,8.14684653449468,8.04782439303709,8.27794590309302,8.47546534478781
