"","cue","log","id","rho","burst","iota_N1","iota_N2","phi_N1","phi_N2","fitness_rho","fitness_beta","fitness_psin","fitness_psiw","fitness_phin","fitness_phiw"
"965","I","none",965,0.21553281,4.56440255,25.803863,1.79022586,0.10504963,6059.55949,8.46400365801569,6.21539913489166,8.17361436671094,5.52710130947873,7.59657007043059,8.47331471489762
