"","cue","log","id","rho","burst","iota_N1","iota_N2","phi_N1","phi_N2","fitness_rho","fitness_beta","fitness_psin","fitness_psiw","fitness_phin","fitness_phiw"
"2265","I","none",2265,0.35594704,4.01649365,13.3452644,0.67561697,0.0258412,1223.73214,8.50225122546234,3.63278800463926,7.99817572431419,6.93173507383322,7.39521601145797,8.48383359549711
