"","cue","log","id","rho","burst","iota_N1","iota_N2","phi_N1","phi_N2","fitness_rho","fitness_beta","fitness_psin","fitness_psiw","fitness_phin","fitness_phiw"
"4202","I","none",4202,0.35390318,4.05214393,13.7169254,0.9571332,0.057125,240.832103,8.50335090454303,3.84311637518873,8.21103276598547,7.99607399589884,8.13298412389295,8.53504371039828
