"","cue","log","id","rho","burst","iota_N1","iota_N2","phi_N1","phi_N2","fitness_rho","fitness_beta","fitness_psin","fitness_psiw","fitness_phin","fitness_phiw"
"1377","I","none",1377,0.25622002,3.92923643,8.15386442,1.1120966,0.06068832,51.3512627,8.49595808050603,3.09954472199523,6.51594603539997,7.36749650392556,8.08274259138496,8.69540248052689
