"","cue","log","id","rho","burst","iota_N1","iota_N2","phi_N1","phi_N2","fitness_rho","fitness_beta","fitness_psin","fitness_psiw","fitness_phin","fitness_phiw"
"1663","I","none",1663,0.26200485,5.5886786,9.05599388,1.07591851,0.02298194,141.834601,8.49924314910423,8.32690144114594,6.64537949997703,7.50401424516818,6.99247415185248,8.57569602484114
