"","cue","log","id","rho","burst","iota_N1","iota_N2","phi_N1","phi_N2","fitness_rho","fitness_beta","fitness_psin","fitness_psiw","fitness_phin","fitness_phiw"
"755","I","none",755,0.21702389,4.60112717,82.5805073,2.22444093,0.02642216,505.209718,8.46544245238228,6.34010346882555,7.02715313191074,4.76460408370002,7.51198490870476,8.50218072816499
