"","cue","log","id","rho","burst","iota_N1","iota_N2","phi_N1","phi_N2","fitness_rho","fitness_beta","fitness_psin","fitness_psiw","fitness_phin","fitness_phiw"
"1899","I","none",1899,0.46317112,3.93215519,34.0859504,0.70693857,0.01632184,276.594903,8.32936834959747,3.11772210910704,7.94327552074068,7.14079493854715,6.4711154382833,8.52710548161274
