"","cue","log","id","rho","burst","iota_N1","iota_N2","phi_N1","phi_N2","fitness_rho","fitness_beta","fitness_psin","fitness_psiw","fitness_phin","fitness_phiw"
"2938","I","none",2938,0.411543,4.73910615,27.1292415,0.40466256,0.01088503,8833.85057,8.44533728862493,6.7630640461277,8.13236307641206,6.12588731493859,6.21323754815725,8.47247307412731
