"","cue","log","id","rho","burst","iota_N1","iota_N2","phi_N1","phi_N2","fitness_rho","fitness_beta","fitness_psin","fitness_psiw","fitness_phin","fitness_phiw"
"100","I","none",100,0.38264767,4.7100765,81.857102,0.5812482,0.00494533,1394.6199,8.48187925229873,6.67976788530145,7.03899647440468,6.5347530787416,5.9798993152416,8.48222947765063
