"","cue","log","id","rho","burst","iota_N1","iota_N2","phi_N1","phi_N2","fitness_rho","fitness_beta","fitness_psin","fitness_psiw","fitness_phin","fitness_phiw"
"2623","I","none",2623,0.32308034,5.63935802,28.2068584,0.96057527,0.00942667,473.866296,8.51300069827068,8.39853538045892,8.10029006334244,7.98083335073699,6.15064660465283,8.5042167138111
