"","cue","log","id","rho","burst","iota_N1","iota_N2","phi_N1","phi_N2","fitness_rho","fitness_beta","fitness_psin","fitness_psiw","fitness_phin","fitness_phiw"
"4204","I","none",4204,0.37307056,4.96557384,6.30204947,0.49426365,0.05258388,179.731455,8.49052548033761,7.32178335919172,6.31595075012489,6.29755367270943,8.20166211877438,8.55532112441538
