"","cue","log","id","rho","burst","iota_N1","iota_N2","phi_N1","phi_N2","fitness_rho","fitness_beta","fitness_psin","fitness_psiw","fitness_phin","fitness_phiw"
"3685","I","none",3685,0.32582301,5.58488717,18.8774642,1.1966814,0.0356849,2392.80971,8.51264043371027,8.32155863482923,8.42633709658029,7.06921410893702,8.49416558360666,8.47741308579399
