"","cue","log","id","rho","burst","iota_N1","iota_N2","phi_N1","phi_N2","fitness_rho","fitness_beta","fitness_psin","fitness_psiw","fitness_phin","fitness_phiw"
"2631","I","none",2631,0.24579838,3.90095778,84.7353123,0.85988251,0.00399413,289.891243,8.48923855321149,2.92258773903488,6.99205326108817,8.43394044405849,5.9494411683192,8.52462951610605
