"","cue","log","id","rho","burst","iota_N1","iota_N2","phi_N1","phi_N2","fitness_rho","fitness_beta","fitness_psin","fitness_psiw","fitness_phin","fitness_phiw"
"4582","I","none",4582,0.3978008,4.82987209,11.4330541,0.45964358,0.03510296,1637.78981,8.46480716969614,7.00548336731022,7.11678453468932,6.21976164468634,8.50067404181265,8.4805177977813
