"","cue","log","id","rho","burst","iota_N1","iota_N2","phi_N1","phi_N2","fitness_rho","fitness_beta","fitness_psin","fitness_psiw","fitness_phin","fitness_phiw"
"3457","I","none",3457,0.26515679,5.42584306,16.1178758,1.12505284,0.02850979,5698.88323,8.50089666910117,8.10056897383754,8.50826275655521,7.31997684401749,8.11977789166504,8.47348548209896
