"","cue","log","id","rho","burst","iota_N1","iota_N2","phi_N1","phi_N2","fitness_rho","fitness_beta","fitness_psin","fitness_psiw","fitness_phin","fitness_phiw"
"90","I","none",90,0.31997776,6.35896495,12.4539381,1.60167071,0.06136102,385.372248,8.51329820927011,5.14527894118398,7.46536137753746,5.9369886766303,8.07357363205594,8.51168630262704
