"","cue","log","id","rho","burst","iota_N1","iota_N2","phi_N1","phi_N2","fitness_rho","fitness_beta","fitness_psin","fitness_psiw","fitness_phin","fitness_phiw"
"4605","I","none",4605,0.33744789,3.98522764,5.47150872,0.87339557,0.08929917,63624.8513,8.51006628458686,3.44442751068258,6.2375127939675,8.37561299775582,7.75035331488766,8.47088661860627
