"","cue","log","id","rho","burst","iota_N1","iota_N2","phi_N1","phi_N2","fitness_rho","fitness_beta","fitness_psin","fitness_psiw","fitness_phin","fitness_phiw"
"672","I","none",672,0.390935,6.08107731,36.0561985,1.95016695,0.03330217,4854.51524,8.47308264277724,5.8366980122403,7.89579180305662,5.22068239454439,8.50860922847885,8.47397975829009
