"","cue","log","id","rho","burst","iota_N1","iota_N2","phi_N1","phi_N2","fitness_rho","fitness_beta","fitness_psin","fitness_psiw","fitness_phin","fitness_phiw"
"4152","I","none",4152,0.30876186,5.85936646,31.7940209,2.25014155,0.0278494,1288.63251,8.51342272399396,7.10951500579681,8.00138357681331,4.72566602511641,7.91843867084344,8.48317460700717
