"","cue","log","id","rho","burst","iota_N1","iota_N2","phi_N1","phi_N2","fitness_rho","fitness_beta","fitness_psin","fitness_psiw","fitness_phin","fitness_phiw"
"4266","I","none",4266,0.38791843,6.17621677,16.3404338,1.93537799,0.0785067,655.29113,8.47643067809974,5.54032380545424,8.50596684042135,5.24763097206782,7.86493009516661,8.49508625214025
