"","cue","log","id","rho","burst","iota_N1","iota_N2","phi_N1","phi_N2","fitness_rho","fitness_beta","fitness_psin","fitness_psiw","fitness_phin","fitness_phiw"
"4128","I","none",4128,0.27717778,6.07588567,28.7368517,2.03589213,0.02253649,686.334945,8.50630717126179,5.8534208108718,8.08495305336874,5.06955784784346,6.94694438738351,8.49399896829004
