"","cue","log","id","rho","burst","iota_N1","iota_N2","phi_N1","phi_N2","fitness_rho","fitness_beta","fitness_psin","fitness_psiw","fitness_phin","fitness_phiw"
"2427","I","none",2427,0.4271052,3.94167491,10.1312441,0.78369862,0.05762735,114.532084,8.41810755340242,3.17687488827134,6.8308222928057,8.42899670739188,8.12571734902576,8.59743845895538
