"","cue","log","id","rho","burst","iota_N1","iota_N2","phi_N1","phi_N2","fitness_rho","fitness_beta","fitness_psin","fitness_psiw","fitness_phin","fitness_phiw"
"2063","I","none",2063,0.24829404,4.73830879,60.9418005,1.93654862,0.03489421,116.467197,8.49094188498044,6.76081546618327,7.39670763893049,5.24548754383867,8.5026520729108,8.59561909574405
