"","cue","log","id","rho","burst","iota_N1","iota_N2","phi_N1","phi_N2","fitness_rho","fitness_beta","fitness_psin","fitness_psiw","fitness_phin","fitness_phiw"
"724","I","none",724,0.34797944,4.95020153,4.72601098,0.54327489,0.06257751,1437.18215,8.50620323178686,7.28849266354657,6.1695312520953,6.42688546983489,8.0572303281727,8.48188840130808
