"","cue","log","id","rho","burst","iota_N1","iota_N2","phi_N1","phi_N2","fitness_rho","fitness_beta","fitness_psin","fitness_psiw","fitness_phin","fitness_phiw"
"3405","I","none",3405,0.41160183,3.86846522,10.3398224,0.5652758,0.06373327,720.202285,8.4452445636359,2.7179193259632,6.8700424201126,6.48865779640978,8.0419679681275,8.49291729915978
