"","iter","rho","burst","iota_N1","iota_N2","phi_N1","phi_N2","max_fitness_rho","max_fitness_beta","max_fitness_psin","max_fitness_psiw","max_fitness_phin","max_fitness_phiw","id"
"27",27,0.3713071,4.06363352,15.6749645,0.77905986,0.03486508,1065.34852,8.49194644054413,3.90980395243204,8.50725154293126,8.34816718724693,8.50290988446408,8.48577553404353,"I_none"
