"","cue","log","id","rho","burst","iota_N1","iota_N2","phi_N1","phi_N2","fitness_rho","fitness_beta","fitness_psin","fitness_psiw","fitness_phin","fitness_phiw"
"4632","I","none",4632,0.31094738,6.05558577,31.0938685,2.31412426,0.04119703,820.711868,8.51351264852886,5.9200948602615,8.01985381533024,4.63121858443577,8.40068700407927,8.49022751587915
