"","cue","log","id","rho","burst","iota_N1","iota_N2","phi_N1","phi_N2","fitness_rho","fitness_beta","fitness_psin","fitness_psiw","fitness_phin","fitness_phiw"
"3210","I","none",3210,0.42725883,6.15427734,12.0163117,1.73092548,0.05744367,208.442731,8.41781300118931,5.60388569252599,7.29808782368398,5.64981986087198,8.12837023095208,8.54442138049092
