"","iter","rho","burst","iota_N1","iota_N2","phi_N1","phi_N2","max_fitness_rho","max_fitness_beta","max_fitness_psin","max_fitness_psiw","max_fitness_phin","max_fitness_phiw","id"
"535",535,0.29833387,5.58638666,36.5973165,1.07984476,0.01416137,849.050594,8.51225707180343,8.32367054757779,7.8830987274468,7.48891433570084,6.36131142666972,8.48958173602415,"I_none"
