"","cue","log","id","rho","burst","iota_N1","iota_N2","phi_N1","phi_N2","fitness_rho","fitness_beta","fitness_psin","fitness_psiw","fitness_phin","fitness_phiw"
"3474","I","none",3474,0.35322822,5.88905574,112.460983,2.0910919,0.01029484,1756.48948,8.50370341105212,6.81457214258699,6.56107191778363,4.97656722625976,6.18764477811731,8.4798554410336
