"","cue","log","id","rho","burst","iota_N1","iota_N2","phi_N1","phi_N2","fitness_rho","fitness_beta","fitness_psin","fitness_psiw","fitness_phin","fitness_phiw"
"3882","I","none",3882,0.39666884,6.2384933,279.877862,1.60571658,0.00373992,510.682447,8.4662362010385,5.39313675441263,4.57107140578858,5.92755472229311,5.94165727231167,8.50185019193472
