"","cue","log","id","rho","burst","iota_N1","iota_N2","phi_N1","phi_N2","fitness_rho","fitness_beta","fitness_psin","fitness_psiw","fitness_phin","fitness_phiw"
"2297","I","none",2297,0.26781947,4.71456315,77.5265384,1.96441402,0.0325369,4942.20688,8.50221999809233,6.69283273476145,7.11054562843634,5.19497528262282,8.50274499147748,8.47392182880742
