"","cue","log","id","rho","burst","iota_N1","iota_N2","phi_N1","phi_N2","fitness_rho","fitness_beta","fitness_psin","fitness_psiw","fitness_phin","fitness_phiw"
"4657","I","none",4657,0.37110326,5.59530797,29.1549049,0.89001817,0.01511535,2315.34766,8.49210301184675,8.33625404756253,8.07305184971504,8.30084085542086,6.40763243942045,8.4776380602846
