"","cue","log","id","rho","burst","iota_N1","iota_N2","phi_N1","phi_N2","fitness_rho","fitness_beta","fitness_psin","fitness_psiw","fitness_phin","fitness_phiw"
"4492","I","none",4492,0.35490952,4.85421695,5.5567407,0.50704933,0.04213187,71.1975439,8.50281814075088,7.06610845960749,6.24543260582324,6.32966768723286,8.38318297733979,8.65588889102651
