"","cue","log","id","rho","burst","iota_N1","iota_N2","phi_N1","phi_N2","fitness_rho","fitness_beta","fitness_psin","fitness_psiw","fitness_phin","fitness_phiw"
"4979","I","none",4979,0.39128377,4.67103316,35.8047531,1.81840198,0.12811473,167.744658,8.4726806863651,6.56307436790811,7.90173910294466,5.47061279071283,7.38921706460136,8.56087196904907
