"","cue","log","id","rho","burst","iota_N1","iota_N2","phi_N1","phi_N2","fitness_rho","fitness_beta","fitness_psin","fitness_psiw","fitness_phin","fitness_phiw"
"604","I","none",604,0.45310026,4.72836209,30.731956,0.44866031,0.01347379,262.50269,8.35818955472362,6.73257566099296,8.02954720802136,6.19826623706116,6.32918588292713,8.52998947105783
