"","cue","log","id","rho","burst","iota_N1","iota_N2","phi_N1","phi_N2","fitness_rho","fitness_beta","fitness_psin","fitness_psiw","fitness_phin","fitness_phiw"
"4472","I","none",4472,0.40147313,3.98574895,2354.61889,0.7048674,0.00036537,940.481408,8.45999722589089,3.44759540975678,0.515650511470541,7.12525918547693,5.84998063089866,8.48776139342384
