"","cue","log","id","rho","burst","iota_N1","iota_N2","phi_N1","phi_N2","fitness_rho","fitness_beta","fitness_psin","fitness_psiw","fitness_phin","fitness_phiw"
"326","I","none",326,0.32323996,3.99360325,5.18433636,0.84323199,0.1386141,275.37387,8.51298297104657,3.49521787304607,6.2110449476765,8.49943161390427,7.29959330092074,8.52734517770082
