"","iter","rho","burst","iota_N1","iota_N2","phi_N1","phi_N2","max_fitness_rho","max_fitness_beta","max_fitness_psin","max_fitness_psiw","max_fitness_phin","max_fitness_phiw","id"
"763",763,0.28765817,5.46292625,12.2427428,1.08154212,0.04977884,171.184164,8.50983905269423,8.15208599059778,7.37969275215348,7.48241255507023,8.24708492878428,8.55920641891489,"I_none"
