"","cue","log","id","rho","burst","iota_N1","iota_N2","phi_N1","phi_N2","fitness_rho","fitness_beta","fitness_psin","fitness_psiw","fitness_phin","fitness_phiw"
"912","I","none",912,0.31527855,5.83994436,33.6127757,1.9825426,0.02409559,491.096445,8.51352954648638,7.38668830038988,7.95500020581484,5.1626099602532,7.1245121637198,8.50306498987124
