"","cue","log","id","rho","burst","iota_N1","iota_N2","phi_N1","phi_N2","fitness_rho","fitness_beta","fitness_psin","fitness_psiw","fitness_phin","fitness_phiw"
"3024","I","none",3024,0.39849405,6.25857991,18.9084757,1.92893458,0.06174166,517.662856,8.46392115201543,5.35212569046246,8.42512582158396,5.25945301961106,8.06842739795538,8.50144015633922
