"","cue","log","id","rho","burst","iota_N1","iota_N2","phi_N1","phi_N2","fitness_rho","fitness_beta","fitness_psin","fitness_psiw","fitness_phin","fitness_phiw"
"1330","I","none",1330,0.37401462,4.96261559,12.2058893,0.49068765,0.01354149,2309.21377,8.48973999937076,7.31542425156759,7.36582573607686,6.28885651732466,6.33231109936661,8.47765788485809
