"","iter","rho","burst","iota_N1","iota_N2","phi_N1","phi_N2","max_fitness_rho","max_fitness_beta","max_fitness_psin","max_fitness_psiw","max_fitness_phin","max_fitness_phiw","id"
"294",294,0.46685635,5.9621659,11.4992096,1.89599059,0.07027105,2629.44376,8.31794421653459,6.33217851330836,7.13540383998393,5.32071854349413,7.95994687860019,8.47680431485099,"I_none"
