"","cue","log","id","rho","burst","iota_N1","iota_N2","phi_N1","phi_N2","fitness_rho","fitness_beta","fitness_psin","fitness_psiw","fitness_phin","fitness_phiw"
"1112","I","none",1112,0.32392548,4.05806014,12.1280444,0.7945459,0.07104117,60.7235444,8.51290080889282,3.87752390051855,7.33735256405973,8.53384109850384,7.95071173778251,8.67643751936304
