"","cue","log","id","rho","burst","iota_N1","iota_N2","phi_N1","phi_N2","fitness_rho","fitness_beta","fitness_psin","fitness_psiw","fitness_phin","fitness_phiw"
"3715","I","none",3715,0.31293188,5.62241874,104.483594,1.01616869,0.00440356,454.310784,8.51354693632526,8.37461034509185,6.68141424675566,7.74275001573471,5.96229060317834,8.50562171638988
