"","cue","log","id","rho","burst","iota_N1","iota_N2","phi_N1","phi_N2","fitness_rho","fitness_beta","fitness_psin","fitness_psiw","fitness_phin","fitness_phiw"
"1492","I","none",1492,0.29165432,4.6053194,46.6642223,0.5447862,0.00787358,1886.09312,8.51088461876078,6.35400330854586,7.66653923935961,6.43107417992962,6.08699558093247,8.47922449351696
