"","cue","log","id","rho","burst","iota_N1","iota_N2","phi_N1","phi_N2","fitness_rho","fitness_beta","fitness_psin","fitness_psiw","fitness_phin","fitness_phiw"
"107","I","none",107,0.22091839,4.61416494,55.785489,1.93780668,0.02662913,613.885381,8.46910991799676,6.38310145117068,7.49082289795196,5.24318482977891,7.55994463984488,8.49670448847014
