"","iter","rho","burst","iota_N1","iota_N2","phi_N1","phi_N2","max_fitness_rho","max_fitness_beta","max_fitness_psin","max_fitness_psiw","max_fitness_phin","max_fitness_phiw","id"
"932",932,0.31305118,4.00670965,17.5340269,0.74495653,0.03148278,264.747996,8.51354749645664,3.57421559914202,8.47580558598425,7.55582054763023,8.47835442899629,8.52950995247797,"I_none"
