"","cue","log","id","rho","burst","iota_N1","iota_N2","phi_N1","phi_N2","fitness_rho","fitness_beta","fitness_psin","fitness_psiw","fitness_phin","fitness_phiw"
"4504","I","none",4504,0.37012841,4.85111455,32.9109258,0.47643658,0.00589425,590.991536,8.49286965962063,7.05848307412134,7.97264354206896,6.25565038084179,6.0124447623997,8.49769383484911
