"","cue","log","id","rho","burst","iota_N1","iota_N2","phi_N1","phi_N2","fitness_rho","fitness_beta","fitness_psin","fitness_psiw","fitness_phin","fitness_phiw"
"531","I","none",531,0.3372719,3.9174034,49.0086788,0.86464568,0.01007635,1119.3159,8.51011726502983,3.02567261665861,7.61998764491131,8.41375574846572,6.17825524884937,8.48505243722311
