"","cue","log","id","rho","burst","iota_N1","iota_N2","phi_N1","phi_N2","fitness_rho","fitness_beta","fitness_psin","fitness_psiw","fitness_phin","fitness_phiw"
"3702","I","none",3702,0.30127536,5.87000898,11.6920948,2.31712826,0.05691079,435.594286,8.5127071126894,6.99032754408968,7.19257647491782,4.62686768021678,8.13609971989099,8.50708587590549
