"","cue","log","id","rho","burst","iota_N1","iota_N2","phi_N1","phi_N2","fitness_rho","fitness_beta","fitness_psin","fitness_psiw","fitness_phin","fitness_phiw"
"3658","I","none",3658,0.38068213,4.72047447,72.1838462,0.34546897,0.00400925,1419.67386,8.48378224132219,6.70993845867691,7.20045236829497,6.04972542828392,5.94991039239826,8.48202670798702
