"","cue","log","id","rho","burst","iota_N1","iota_N2","phi_N1","phi_N2","fitness_rho","fitness_beta","fitness_psin","fitness_psiw","fitness_phin","fitness_phiw"
"2086","I","none",2086,0.38203521,4.79073805,6.83580618,0.50513238,0.03624007,96.0460069,8.48247869365026,6.90421305721406,6.36839624273891,6.32476020439537,8.48684883240273,8.61770563177283
