"","cue","log","id","rho","burst","iota_N1","iota_N2","phi_N1","phi_N2","fitness_rho","fitness_beta","fitness_psin","fitness_psiw","fitness_phin","fitness_phiw"
"2212","I","none",2212,0.39001464,4.86832402,7.44448195,0.44316986,0.01584307,232.083295,8.47412291558561,7.10042780062633,6.43203731401638,6.18809109590818,6.44509255323917,8.53733604727893
