"","cue","log","id","rho","burst","iota_N1","iota_N2","phi_N1","phi_N2","fitness_rho","fitness_beta","fitness_psin","fitness_psiw","fitness_phin","fitness_phiw"
"4575","I","none",4575,0.3397613,3.92467474,7.20324585,0.86554402,0.05983532,190.891007,8.50934626296462,3.07109905430516,6.40613859695805,8.40989413311386,8.09450853599819,8.55072749239972
