"","cue","log","id","rho","burst","iota_N1","iota_N2","phi_N1","phi_N2","fitness_rho","fitness_beta","fitness_psin","fitness_psiw","fitness_phin","fitness_phiw"
"2561","I","none",2561,0.19612131,4.58369846,88.1074486,2.64236707,0.02872424,66.4972012,8.44340595223369,6.28159070338425,6.93762065054699,4.19580194179359,8.17434635860451,8.66482584798308
