"","cue","log","id","rho","burst","iota_N1","iota_N2","phi_N1","phi_N2","fitness_rho","fitness_beta","fitness_psin","fitness_psiw","fitness_phin","fitness_phiw"
"3537","I","none",3537,0.35375004,3.86602441,11.7719504,0.77903086,0.07622144,560.333972,8.50343339584533,2.70251433662748,7.21747926511553,8.34756341352036,7.89052199110268,8.49914388369433
