"","cue","log","id","rho","burst","iota_N1","iota_N2","phi_N1","phi_N2","fitness_rho","fitness_beta","fitness_psin","fitness_psiw","fitness_phin","fitness_phiw"
"184","I","none",184,0.36789397,4.80657605,16.9411567,0.59433205,0.01505698,48.6682881,8.49455520793681,6.94577452330556,8.49360983235305,6.57387268005511,6.40473012806907,8.70015197132748
