"","cue","log","id","rho","burst","iota_N1","iota_N2","phi_N1","phi_N2","fitness_rho","fitness_beta","fitness_psin","fitness_psiw","fitness_phin","fitness_phiw"
"4847","I","none",4847,0.24016916,4.57577264,20.715496,2.22062687,0.11044205,1401.57444,8.48518436068201,6.2545830986778,8.35402983256042,4.77043078602071,7.54652979882051,8.48217127008886
