"","cue","log","id","rho","burst","iota_N1","iota_N2","phi_N1","phi_N2","fitness_rho","fitness_beta","fitness_psin","fitness_psiw","fitness_phin","fitness_phiw"
"950","I","none",950,0.30523297,3.95429494,13.673992,0.6219141,0.054118,163.514928,8.51316510490176,3.25494517189995,8.19065785814973,6.665605581855,8.17782339462057,8.56300521450916
