"","cue","log","id","rho","burst","iota_N1","iota_N2","phi_N1","phi_N2","fitness_rho","fitness_beta","fitness_psin","fitness_psiw","fitness_phin","fitness_phiw"
"3336","I","none",3336,0.50017924,5.85433849,71.273157,1.81731101,0.01717717,213.676227,8.19193358273129,7.17349901987337,7.21596739175034,5.47278022227878,6.52108824719052,8.54272573456042
