"","cue","log","id","rho","burst","iota_N1","iota_N2","phi_N1","phi_N2","fitness_rho","fitness_beta","fitness_psin","fitness_psiw","fitness_phin","fitness_phiw"
"1945","I","none",1945,0.26961813,5.4801488,28.1204796,1.42211687,0.02377782,58112.6047,8.50307118577637,8.17590059389626,8.10281424686736,6.38869093603826,7.08375950988787,8.4709101631739
