"","cue","log","id","rho","burst","iota_N1","iota_N2","phi_N1","phi_N2","fitness_rho","fitness_beta","fitness_psin","fitness_psiw","fitness_phin","fitness_phiw"
"633","I","none",633,0.49808091,3.97715812,87.364859,0.58362358,0.01111677,457.158373,8.2011098319823,3.3952749266895,6.94955771843066,6.54174232961283,6.22337185342411,8.50541210170051
