"","cue","log","id","rho","burst","iota_N1","iota_N2","phi_N1","phi_N2","fitness_rho","fitness_beta","fitness_psin","fitness_psiw","fitness_phin","fitness_phiw"
"191","I","none",191,0.1861198,4.80271617,56.534238,2.03276291,0.03349844,697.396496,8.43144317911477,6.93571781338036,7.47696010933043,5.07492727749118,8.50899193869074,8.49363394294909
