"","cue","log","id","rho","burst","iota_N1","iota_N2","phi_N1","phi_N2","fitness_rho","fitness_beta","fitness_psin","fitness_psiw","fitness_phin","fitness_phiw"
"4858","I","none",4858,0.3657932,4.70403654,13.9812099,0.50870834,0.02783737,748.10359,8.49607001701601,6.66206949268071,8.3133580337242,6.33394005323279,7.91448661189754,8.49209884023097
