"","cue","log","id","rho","burst","iota_N1","iota_N2","phi_N1","phi_N2","fitness_rho","fitness_beta","fitness_psin","fitness_psiw","fitness_phin","fitness_phiw"
"3756","I","none",3756,0.37263002,6.04468016,23.6334332,2.02330545,0.04141198,315.845592,8.490883051725,5.9578217120305,8.24606340685018,5.09122285734182,8.3966613075353,8.52036962913696
