"","cue","log","id","rho","burst","iota_N1","iota_N2","phi_N1","phi_N2","fitness_rho","fitness_beta","fitness_psin","fitness_psiw","fitness_phin","fitness_phiw"
"4459","I","none",4459,0.28452024,5.46305887,8.78453581,0.89655151,0.06163825,463.75889,8.50889990337661,8.15226789217061,6.60356458454559,8.27101324489043,8.06982314332898,8.50492915462842
