"","cue","log","id","rho","burst","iota_N1","iota_N2","phi_N1","phi_N2","fitness_rho","fitness_beta","fitness_psin","fitness_psiw","fitness_phin","fitness_phiw"
"2847","I","none",2847,0.31534278,3.94825498,12.326276,0.68010336,0.0261753,248.957887,8.51352726980854,3.21762924768291,7.41218120719756,6.95947620060663,7.45950451243078,8.53305205324391
