"","cue","log","id","rho","burst","iota_N1","iota_N2","phi_N1","phi_N2","fitness_rho","fitness_beta","fitness_psin","fitness_psiw","fitness_phin","fitness_phiw"
"3274","I","none",3274,0.41706245,4.93186702,11.5055818,0.54765428,0.02461027,361.168656,8.43634621425368,7.24797778498813,7.1372326310214,6.43905041661725,7.19601380978748,8.51434208281267
