"","cue","log","id","rho","burst","iota_N1","iota_N2","phi_N1","phi_N2","fitness_rho","fitness_beta","fitness_psin","fitness_psiw","fitness_phin","fitness_phiw"
"2110","I","none",2110,0.32162588,4.78103723,0.90544159,0.50869213,0.2693198,81.8682794,8.51315400249849,6.87835695671795,5.88884951539646,6.33390281490836,6.32086734960606,8.63767191163336
