"","cue","log","id","rho","burst","iota_N1","iota_N2","phi_N1","phi_N2","fitness_rho","fitness_beta","fitness_psin","fitness_psiw","fitness_phin","fitness_phiw"
"2121","I","none",2121,0.234276,3.91094798,14.8000735,0.88309223,0.02271455,850.138295,8.48062494805797,2.98526080599543,8.46614269982919,8.33225210132961,6.96474997601835,8.48955893044805
