"","cue","log","id","rho","burst","iota_N1","iota_N2","phi_N1","phi_N2","fitness_rho","fitness_beta","fitness_psin","fitness_psiw","fitness_phin","fitness_phiw"
"106","I","none",106,0.41454464,4.74500144,16.8506203,0.45971568,0.02126932,1400.03002,8.44053629382356,6.779626133205,8.49592044776091,6.21991031315698,6.83017881408814,8.48218576711859
