"","cue","log","id","rho","burst","iota_N1","iota_N2","phi_N1","phi_N2","fitness_rho","fitness_beta","fitness_psin","fitness_psiw","fitness_phin","fitness_phiw"
"4703","I","none",4703,0.18683836,4.45895793,46.3436498,1.9467661,0.05428012,2768.87686,8.43233443478424,5.8263737228951,7.67299447149624,5.22685565241964,8.17534406344368,8.47649580491668
