"","cue","log","id","rho","burst","iota_N1","iota_N2","phi_N1","phi_N2","fitness_rho","fitness_beta","fitness_psin","fitness_psiw","fitness_phin","fitness_phiw"
"3259","I","none",3259,0.26409728,5.67895339,17.9150307,1.24404029,0.02481456,86.2158538,8.50035144110407,8.45281890578,8.46264084802701,6.91358588443504,7.22623559047198,8.63106906972854
