"","cue","log","id","rho","burst","iota_N1","iota_N2","phi_N1","phi_N2","fitness_rho","fitness_beta","fitness_psin","fitness_psiw","fitness_phin","fitness_phiw"
"522","I","none",522,0.38377567,6.46964216,11.767723,1.48216623,0.0617773,1837.68946,8.48075293866711,4.94516192763456,7.21613827177968,6.22998238303756,8.06794832621992,8.47944876559203
