"","cue","log","id","rho","burst","iota_N1","iota_N2","phi_N1","phi_N2","fitness_rho","fitness_beta","fitness_psin","fitness_psiw","fitness_phin","fitness_phiw"
"831","I","none",831,0.30129343,4.0242087,11.4980912,0.93775668,0.03952559,196.711626,8.51270885132433,3.67872997532763,7.13508783635562,8.08285060365095,8.43175837536707,8.54852053035578
