"","cue","log","id","rho","burst","iota_N1","iota_N2","phi_N1","phi_N2","fitness_rho","fitness_beta","fitness_psin","fitness_psiw","fitness_phin","fitness_phiw"
"3880","I","none",3880,0.36196634,4.99088381,138.363199,0.48692992,0.00094455,73.0857446,8.49864892323058,7.3752808963016,6.18863157621585,6.27987314896581,5.86446096486649,8.65245289208447
