"","cue","log","id","rho","burst","iota_N1","iota_N2","phi_N1","phi_N2","fitness_rho","fitness_beta","fitness_psin","fitness_psiw","fitness_phin","fitness_phiw"
"257","I","none",257,0.26579843,4.62178472,83.0450055,1.95289595,0.03879912,178.835034,8.5012227482489,6.40792504397761,7.01956345046666,5.21574170716731,8.44494737471162,8.55571157221909
