"","cue","log","id","rho","burst","iota_N1","iota_N2","phi_N1","phi_N2","fitness_rho","fitness_beta","fitness_psin","fitness_psiw","fitness_phin","fitness_phiw"
"4425","I","none",4425,0.42272088,3.94720797,5.93333134,0.63821828,0.06572281,279.69114,8.42638063067348,3.21115276008461,6.28075805346333,6.73169377325267,8.01626836167246,8.52650809936093
