"","cue","log","id","rho","burst","iota_N1","iota_N2","phi_N1","phi_N2","fitness_rho","fitness_beta","fitness_psin","fitness_psiw","fitness_phin","fitness_phiw"
"3956","I","none",3956,0.24038682,4.09766816,8.42297951,0.89713969,0.07536893,52.5599331,8.48534795598752,4.10401624918496,6.55168830705195,8.26832341597292,7.90021042966169,8.69308530512743
