"","cue","log","id","rho","burst","iota_N1","iota_N2","phi_N1","phi_N2","fitness_rho","fitness_beta","fitness_psin","fitness_psiw","fitness_phin","fitness_phiw"
"1625","I","none",1625,0.29195471,4.58891701,72.3897218,1.8079595,0.03251583,5016.04639,8.51095640374489,6.29923827464445,7.196947982722,5.4914148934152,8.50246496861818,8.47387271156046
