"","iter","rho","burst","iota_N1","iota_N2","phi_N1","phi_N2","max_fitness_rho","max_fitness_beta","max_fitness_psin","max_fitness_psiw","max_fitness_phin","max_fitness_phiw","id"
"205",205,0.44416643,5.72585124,209.51016,1.12315308,0.0035542,42.4625663,8.38102071835883,8.50319735990833,5.29466294175941,7.32690144029981,5.93606418004703,8.70666187027756,"I_none"
