"","cue","log","id","rho","burst","iota_N1","iota_N2","phi_N1","phi_N2","fitness_rho","fitness_beta","fitness_psin","fitness_psiw","fitness_phin","fitness_phiw"
"2384","I","none",2384,0.21538155,3.95033779,7.28117298,0.89314578,0.087586,707.531472,8.46385914328185,3.23051028294957,6.41439528455008,8.28657904236323,7.76793997881546,8.49330909167286
