"","cue","log","id","rho","burst","iota_N1","iota_N2","phi_N1","phi_N2","fitness_rho","fitness_beta","fitness_psin","fitness_psiw","fitness_phin","fitness_phiw"
"3031","I","none",3031,0.36188638,5.31695672,8.53701055,1.02379466,0.10670881,613.489897,8.49870003007272,7.94451906507472,6.56756690379528,7.71130985885192,7.58105267006217,8.49672086966455
