"","cue","log","id","rho","burst","iota_N1","iota_N2","phi_N1","phi_N2","fitness_rho","fitness_beta","fitness_psin","fitness_psiw","fitness_phin","fitness_phiw"
"1070","I","none",1070,0.29895074,3.9872731,19.3129852,0.75326748,0.03899878,1719.92725,8.51235986482639,3.45685121715275,8.40923471372433,7.69334732980762,8.44135468426407,8.48004992041675
