"","cue","log","id","rho","burst","iota_N1","iota_N2","phi_N1","phi_N2","fitness_rho","fitness_beta","fitness_psin","fitness_psiw","fitness_phin","fitness_phiw"
"3243","I","none",3243,0.21730063,4.00427279,3.52937715,1.00974192,0.10758007,468.878419,8.46570840775052,3.55957507264256,6.06694941152788,7.76947496311996,7.57294962551275,8.50456404372189
