"","cue","log","id","rho","burst","iota_N1","iota_N2","phi_N1","phi_N2","fitness_rho","fitness_beta","fitness_psin","fitness_psiw","fitness_phin","fitness_phiw"
"602","I","none",602,0.26147476,4.08449924,24.9044376,0.90143416,0.01580516,974.811975,8.4989565551674,4.02947439443223,8.20285790601527,8.24865280161327,6.44308650087638,8.48716751256994
