"","cue","log","id","rho","burst","iota_N1","iota_N2","phi_N1","phi_N2","fitness_rho","fitness_beta","fitness_psin","fitness_psiw","fitness_phin","fitness_phiw"
"4206","I","none",4206,0.52551808,6.11262399,23.8482935,1.71110914,0.07717252,207.062867,8.07009244072032,5.73528406232071,8.23859774099413,5.69203716991652,7.87980332819732,8.54488300533526
