"","cue","log","id","rho","burst","iota_N1","iota_N2","phi_N1","phi_N2","fitness_rho","fitness_beta","fitness_psin","fitness_psiw","fitness_phin","fitness_phiw"
"384","I","none",384,0.48344949,6.3796391,29.2214631,1.81928423,0.03427613,2339.61558,8.26043401017667,5.10261252967443,8.07117079113529,5.46886136713761,8.5071305857253,8.47756698853651
