"","cue","log","id","rho","burst","iota_N1","iota_N2","phi_N1","phi_N2","fitness_rho","fitness_beta","fitness_psin","fitness_psiw","fitness_phin","fitness_phiw"
"289","I","none",289,0.37603588,5.55019905,6.37548055,0.90469313,0.05071314,391.686338,8.4880139384428,8.27295407251873,6.3230496988436,8.23371168405141,8.23168358814252,8.5110437286931
