"","cue","log","id","rho","burst","iota_N1","iota_N2","phi_N1","phi_N2","fitness_rho","fitness_beta","fitness_psin","fitness_psiw","fitness_phin","fitness_phiw"
"2978","I","none",2978,0.41347039,4.13396456,32.5847938,0.58407865,0.01990695,8567.40605,8.44228241825319,4.30538179318741,7.98094931567336,6.5430886818579,6.71583332160272,8.47253184360804
