"","cue","log","id","rho","burst","iota_N1","iota_N2","phi_N1","phi_N2","fitness_rho","fitness_beta","fitness_psin","fitness_psiw","fitness_phin","fitness_phiw"
"1411","I","none",1411,0.40419806,5.68229817,4.21548357,0.9590557,0.14604071,687.270505,8.45624319654402,8.45715981100684,6.1245513012367,7.98755680306362,7.23759140220563,8.49396832307355
