"","cue","log","id","rho","burst","iota_N1","iota_N2","phi_N1","phi_N2","fitness_rho","fitness_beta","fitness_psin","fitness_psiw","fitness_phin","fitness_phiw"
"2452","I","none",2452,0.33614561,4.79692328,9.802705,0.54357549,0.02526342,37.3333788,8.51044127505043,6.92053580668257,6.77124367008777,6.42771794370792,7.296269665969,8.69977996230588
