"","cue","log","id","rho","burst","iota_N1","iota_N2","phi_N1","phi_N2","fitness_rho","fitness_beta","fitness_psin","fitness_psiw","fitness_phin","fitness_phiw"
"1443","I","none",1443,0.33331348,3.83193143,34.5920282,0.79523872,0.02059538,377.803537,8.51118103190237,2.48732452877897,7.93087732935341,8.53768689222888,6.77245861858171,8.51248099759219
