"","cue","log","id","rho","burst","iota_N1","iota_N2","phi_N1","phi_N2","fitness_rho","fitness_beta","fitness_psin","fitness_psiw","fitness_phin","fitness_phiw"
"625","I","none",625,0.32309459,5.79886693,3.55457994,0.95118071,0.07930752,317.170532,8.51299864284887,8.29441309909657,6.06899783930882,8.02256181856091,7.85608510227691,8.52017118444068
