"","cue","log","id","rho","burst","iota_N1","iota_N2","phi_N1","phi_N2","fitness_rho","fitness_beta","fitness_psin","fitness_psiw","fitness_phin","fitness_phiw"
"3096","I","none",3096,0.36485025,6.0472916,5.31717409,2.33439516,0.31459014,242.646487,8.49672656917585,5.9486061509504,6.2232467545091,4.60201093124957,6.0252691922689,8.53458922700989
