"","cue","log","id","rho","burst","iota_N1","iota_N2","phi_N1","phi_N2","fitness_rho","fitness_beta","fitness_psin","fitness_psiw","fitness_phin","fitness_phiw"
"4009","I","none",4009,0.2144115,5.50661319,5.65358671,1.32084803,0.0440103,81.9216949,8.46290707554544,8.21247215253464,6.25446072962477,6.67634615691554,8.34830256300213,8.63758490681123
