"","cue","log","id","rho","burst","iota_N1","iota_N2","phi_N1","phi_N2","fitness_rho","fitness_beta","fitness_psin","fitness_psiw","fitness_phin","fitness_phiw"
"3291","I","none",3291,0.34125459,4.00285567,76.5296142,0.73082403,0.00801956,485.620731,8.50884303336999,3.55105057708965,7.12717824192556,7.3692387475338,6.09281217904214,8.50342212089397
