"","cue","log","id","rho","burst","iota_N1","iota_N2","phi_N1","phi_N2","fitness_rho","fitness_beta","fitness_psin","fitness_psiw","fitness_phin","fitness_phiw"
"2637","I","none",2637,0.27766784,3.88546072,30.9868867,0.80859664,0.0160362,630.481411,8.5064985854686,2.82509811318304,8.02271088115916,8.57229865836878,6.45544206546985,8.49603188562033
