"","cue","log","id","rho","burst","iota_N1","iota_N2","phi_N1","phi_N2","fitness_rho","fitness_beta","fitness_psin","fitness_psiw","fitness_phin","fitness_phiw"
"2883","I","none",2883,0.34714066,3.83191809,12.5932353,0.56344012,0.04326132,311.455183,8.50656312371157,2.4872402469016,7.52953147731636,6.48343550918605,8.36213626683631,8.52104272930704
