"","cue","log","id","rho","burst","iota_N1","iota_N2","phi_N1","phi_N2","fitness_rho","fitness_beta","fitness_psin","fitness_psiw","fitness_phin","fitness_phiw"
"3820","I","none",3820,0.44622405,4.77477236,7.60080313,0.42871577,0.02546465,1319.57126,8.375986218087,6.86150012268079,6.44943008390261,6.16299888397367,7.32940305437383,8.48288390832831
