"","cue","log","id","rho","burst","iota_N1","iota_N2","phi_N1","phi_N2","fitness_rho","fitness_beta","fitness_psin","fitness_psiw","fitness_phin","fitness_phiw"
"1355","I","none",1355,0.29136936,4.5611662,87.1572819,1.87296784,0.04679402,185.124596,8.51081618816466,6.2041478830563,6.95289756941059,5.36435630625521,8.29816963361453,8.55303802738391
