"","iter","rho","burst","iota_N1","iota_N2","phi_N1","phi_N2","max_fitness_rho","max_fitness_beta","max_fitness_psin","max_fitness_psiw","max_fitness_phin","max_fitness_phiw","id"
"959",959,0.31152483,4.48467221,39.0656513,2.53290573,0.11069118,91.5709942,8.51352766248874,5.92562227511254,7.82683274520071,4.3326357250356,7.54424522837259,8.62353324240549,"I_none"
