"","iter","rho","burst","iota_N1","iota_N2","phi_N1","phi_N2","max_fitness_rho","max_fitness_beta","max_fitness_psin","max_fitness_psiw","max_fitness_phin","max_fitness_phiw","id"
"735",735,0.25616683,3.96981009,13.2574623,0.8445644,0.03580807,229.792495,8.49592515489612,3.35034104096434,7.93835121107928,8.49457814945827,8.49262549739136,8.53796346475762,"I_none"
