"","cue","log","id","rho","burst","iota_N1","iota_N2","phi_N1","phi_N2","fitness_rho","fitness_beta","fitness_psin","fitness_psiw","fitness_phin","fitness_phiw"
"4933","I","none",4933,0.37556715,5.46372096,64.5839021,0.93396422,0.01143132,261.355454,8.48842040461323,8.15318405651856,7.33193025472652,8.10000931731044,6.23720105638804,8.53023666905042
