"","iter","rho","burst","iota_N1","iota_N2","phi_N1","phi_N2","max_fitness_rho","max_fitness_beta","max_fitness_psin","max_fitness_psiw","max_fitness_phin","max_fitness_phiw","id"
"270",270,0.33320916,6.11266443,10.055815,2.11966463,0.07647653,240.52871,8.51120636825014,5.73515442887297,6.81692112502111,4.92968571638412,7.88763772406041,8.53512043034961,"I_none"
