"","cue","log","id","rho","burst","iota_N1","iota_N2","phi_N1","phi_N2","fitness_rho","fitness_beta","fitness_psin","fitness_psiw","fitness_phin","fitness_phiw"
"2237","I","none",2237,0.24174028,4.60723171,10.4830698,2.23328698,0.30583989,865.760524,8.48634615432322,6.36031803145806,6.89779660857302,4.75113585219921,6.08090135361873,8.48922174744896
