"","cue","log","id","rho","burst","iota_N1","iota_N2","phi_N1","phi_N2","fitness_rho","fitness_beta","fitness_psin","fitness_psiw","fitness_phin","fitness_phiw"
"599","I","none",599,0.40804953,4.48076307,165.009231,1.75633523,0.02238434,331.093917,8.45066939201973,5.91072182189341,5.83270555970978,5.59658603169324,6.93208443159723,8.51816528513044
