"","cue","log","id","rho","burst","iota_N1","iota_N2","phi_N1","phi_N2","fitness_rho","fitness_beta","fitness_psin","fitness_psiw","fitness_phin","fitness_phiw"
"951","I","none",951,0.30839703,3.91143456,5.55298441,0.79132526,0.06430692,173.418057,8.51340401005852,2.98830992688302,6.24508436761763,8.51220409533289,8.0344851990313,8.55815632841384
