"","cue","log","id","rho","burst","iota_N1","iota_N2","phi_N1","phi_N2","fitness_rho","fitness_beta","fitness_psin","fitness_psiw","fitness_phin","fitness_phiw"
"3014","I","none",3014,0.22381055,4.01267048,13.6609813,0.87172606,0.03174653,384.828364,8.47174110958334,3.60994430789156,8.18424949334135,8.38297557298623,8.48676769079819,8.51174124961613
