"","cue","log","id","rho","burst","iota_N1","iota_N2","phi_N1","phi_N2","fitness_rho","fitness_beta","fitness_psin","fitness_psiw","fitness_phin","fitness_phiw"
"3896","I","none",3896,0.30623786,4.07965389,71.2550246,0.75026286,0.00968392,372.849096,8.51325218758835,4.00185400447855,7.21627853652239,7.63943331001869,6.16151980474867,8.51301895963292
