"","cue","log","id","rho","burst","iota_N1","iota_N2","phi_N1","phi_N2","fitness_rho","fitness_beta","fitness_psin","fitness_psiw","fitness_phin","fitness_phiw"
"4975","I","none",4975,0.29374924,5.4255864,6.47630648,0.97778569,0.08275941,134.025305,8.51136503886558,8.10021152732645,6.33283823180598,7.90546905416331,7.81864467596952,8.58114130877721
