"","cue","log","id","rho","burst","iota_N1","iota_N2","phi_N1","phi_N2","fitness_rho","fitness_beta","fitness_psin","fitness_psiw","fitness_phin","fitness_phiw"
"1818","I","none",1818,0.36414447,6.21256945,9.54898149,1.76729336,0.09610719,134.649047,8.49720863386601,5.44920118515604,6.72689819937338,5.57393161729171,7.68228332905749,8.58068654856266
