"","cue","log","id","rho","burst","iota_N1","iota_N2","phi_N1","phi_N2","fitness_rho","fitness_beta","fitness_psin","fitness_psiw","fitness_phin","fitness_phiw"
"3539","I","none",3539,0.24722349,4.7460533,20.074319,1.85343632,0.09276564,453.256537,8.49021836633483,6.78257185799082,8.37916074327717,5.40192417459303,7.7153505816978,8.50570168562648
