"","cue","log","id","rho","burst","iota_N1","iota_N2","phi_N1","phi_N2","fitness_rho","fitness_beta","fitness_psin","fitness_psiw","fitness_phin","fitness_phiw"
"3635","I","none",3635,0.19821721,4.59823638,150.334439,2.34513389,0.01230336,2410.35543,8.44579538146719,6.3304822604589,6.0254357746738,4.58667490601018,6.27598210528215,8.4773657048772
