"","iter","rho","burst","iota_N1","iota_N2","phi_N1","phi_N2","max_fitness_rho","max_fitness_beta","max_fitness_psin","max_fitness_psiw","max_fitness_phin","max_fitness_phiw","id"
"731",731,0.14070567,4.51388905,15.9720715,1.99463079,0.0700065,2533.59053,8.36516008663637,6.03491527663276,8.50885201480691,5.14124432892108,7.96313967107071,8.47703794942621,"I_none"
