"","cue","log","id","rho","burst","iota_N1","iota_N2","phi_N1","phi_N2","fitness_rho","fitness_beta","fitness_psin","fitness_psiw","fitness_phin","fitness_phiw"
"3999","I","none",3999,0.28949021,3.89371027,36.7227532,0.79296846,0.01852962,795.2893,8.5103379732029,2.87703120079969,7.88017531347074,8.52405452255999,6.6108967948008,8.49084370726701
