"","iter","rho","burst","iota_N1","iota_N2","phi_N1","phi_N2","max_fitness_rho","max_fitness_beta","max_fitness_psin","max_fitness_psiw","max_fitness_phin","max_fitness_phiw","id"
"999",999,0.34269017,3.919468,16.9205282,0.7989827,0.03266487,232.362093,8.50833307003663,3.03858327497708,8.49414752326624,8.55428611370629,8.50428082911188,8.5372600730894,"I_none"
