"","cue","log","id","rho","burst","iota_N1","iota_N2","phi_N1","phi_N2","fitness_rho","fitness_beta","fitness_psin","fitness_psiw","fitness_phin","fitness_phiw"
"3236","I","none",3236,0.19143146,3.86927039,16.9169354,0.95173736,0.03609746,135.680992,8.43790788831621,2.7230032165824,8.49424082792628,8.02007702499065,8.48881653035511,8.57994087420938
