"","cue","log","id","rho","burst","iota_N1","iota_N2","phi_N1","phi_N2","fitness_rho","fitness_beta","fitness_psin","fitness_psiw","fitness_phin","fitness_phiw"
"2282","I","none",2282,0.35263909,4.04626416,22.9388413,0.96179795,0.03288472,138.72523,8.50400386573461,3.8087746836042,8.27066039205898,7.97543132495277,8.5063612714647,8.57780070608228
