"","cue","log","id","rho","burst","iota_N1","iota_N2","phi_N1","phi_N2","fitness_rho","fitness_beta","fitness_psin","fitness_psiw","fitness_phin","fitness_phiw"
"133","I","none",133,0.28602575,5.49535257,10.7570252,0.99479196,0.02832023,1785.08526,8.509361946939,8.19690906782828,6.95351621438891,7.83245432309118,8.06640523633115,8.47970901849059
