"","iter","rho","burst","iota_N1","iota_N2","phi_N1","phi_N2","max_fitness_rho","max_fitness_beta","max_fitness_psin","max_fitness_psiw","max_fitness_phin","max_fitness_phiw","id"
"260",260,0.34020336,4.00845876,10.7121786,0.78732941,0.0507306,10167.6065,8.50919926523611,3.58471330487128,6.9440969178414,8.47513734849632,8.23139710728013,8.47223202647652,"I_none"
