"","cue","log","id","rho","burst","iota_N1","iota_N2","phi_N1","phi_N2","fitness_rho","fitness_beta","fitness_psin","fitness_psiw","fitness_phin","fitness_phiw"
"1253","I","none",1253,0.37349803,4.61434198,58.1119683,1.47270668,0.10735338,2112.49353,8.49017151045963,6.3836808925659,7.44797776824126,6.25444196217214,7.57505438569224,8.47830845083877
