"","cue","log","id","rho","burst","iota_N1","iota_N2","phi_N1","phi_N2","fitness_rho","fitness_beta","fitness_psin","fitness_psiw","fitness_phin","fitness_phiw"
"2912","I","none",2912,0.28934425,3.91224404,8.86055622,0.6514854,0.06679057,489.053236,8.51030158527291,2.99338092817828,6.6150366466071,6.79511941189924,8.0027567379839,8.50319884472963
