"","cue","log","id","rho","burst","iota_N1","iota_N2","phi_N1","phi_N2","fitness_rho","fitness_beta","fitness_psin","fitness_psiw","fitness_phin","fitness_phiw"
"2218","I","none",2218,0.40153231,4.74305034,48.8633331,0.58889771,0.00350935,343.891353,8.45991485828815,6.77415860054247,7.62284142234587,6.55742533745771,5.934723776164,8.5164608605086
