"","cue","log","id","rho","burst","iota_N1","iota_N2","phi_N1","phi_N2","fitness_rho","fitness_beta","fitness_psin","fitness_psiw","fitness_phin","fitness_phiw"
"2877","I","none",2877,0.26785461,3.85281576,91.1770103,0.94035078,0.00724938,29.3791036,8.50223593127664,2.61911788345424,6.88860214039002,8.07114359576403,6.06258521654552,8.59895354913088
