"","cue","log","id","rho","burst","iota_N1","iota_N2","phi_N1","phi_N2","fitness_rho","fitness_beta","fitness_psin","fitness_psiw","fitness_phin","fitness_phiw"
"1655","I","none",1655,0.21079591,4.72593241,50.0479255,1.91501325,0.04479932,15757.7441,8.45929331358646,6.72562469255422,7.59969520379595,5.28517808084586,8.33387114428583,8.47166303815623
