"","cue","log","id","rho","burst","iota_N1","iota_N2","phi_N1","phi_N2","fitness_rho","fitness_beta","fitness_psin","fitness_psiw","fitness_phin","fitness_phiw"
"1108","I","none",1108,0.375071,4.78185939,4.2752103,0.43400351,0.03623462,461.166778,8.48884625190771,6.8805626354145,6.12973123729905,6.17190548852173,8.48692493257048,8.50511710570013
