"","cue","log","id","rho","burst","iota_N1","iota_N2","phi_N1","phi_N2","fitness_rho","fitness_beta","fitness_psin","fitness_psiw","fitness_phin","fitness_phiw"
"1658","I","none",1658,0.19032834,4.07186734,10.3076034,0.85509136,0.05560039,97.6691052,8.43659011710582,3.95725478846119,6.86390067481517,8.45370937511832,8.15541785155504,8.61568975727076
