"","cue","log","id","rho","burst","iota_N1","iota_N2","phi_N1","phi_N2","fitness_rho","fitness_beta","fitness_psin","fitness_psiw","fitness_phin","fitness_phiw"
"4071","I","none",4071,0.23049546,3.8529581,14.9591799,0.92010063,0.04228125,16878.6921,8.47753191543837,2.62001480128325,8.47942917891858,8.16312434911792,8.38039096119031,8.47159569044607
