"","iter","rho","burst","iota_N1","iota_N2","phi_N1","phi_N2","max_fitness_rho","max_fitness_beta","max_fitness_psin","max_fitness_psiw","max_fitness_phin","max_fitness_phiw","id"
"178",178,0.33342176,4.77367044,9.15442176,0.54122677,0.04045264,1428.11847,8.51115399382369,6.8585216339726,6.66111015679295,6.42122370724825,8.41460066520228,8.48196081448817,"I_none"
