"","cue","log","id","rho","burst","iota_N1","iota_N2","phi_N1","phi_N2","fitness_rho","fitness_beta","fitness_psin","fitness_psiw","fitness_phin","fitness_phiw"
"2694","I","none",2694,0.34432378,5.7659214,36.8265261,2.56827765,0.03580575,78.1285423,8.50771236668005,8.49069466872655,7.87776655483547,4.28757098524362,8.49265692125972,8.64372477780551
