"","cue","log","id","rho","burst","iota_N1","iota_N2","phi_N1","phi_N2","fitness_rho","fitness_beta","fitness_psin","fitness_psiw","fitness_phin","fitness_phiw"
"2431","I","none",2431,0.27529167,5.40517338,14.5260557,0.97748455,0.04746747,150.367583,8.50555305322411,8.07161090798725,8.43379568936746,7.90677718234506,8.28639161156857,8.5703138524619
