"","iter","rho","burst","iota_N1","iota_N2","phi_N1","phi_N2","max_fitness_rho","max_fitness_beta","max_fitness_psin","max_fitness_psiw","max_fitness_phin","max_fitness_phiw","id"
"398",398,0.34521592,4.15973579,15.2976871,0.77610062,0.03547997,215.096623,8.50736348846017,4.44460663913067,8.49790805814104,8.28190647757202,8.49661176258467,8.54227932819665,"I_none"
