"","cue","log","id","rho","burst","iota_N1","iota_N2","phi_N1","phi_N2","fitness_rho","fitness_beta","fitness_psin","fitness_psiw","fitness_phin","fitness_phiw"
"1414","I","none",1414,0.34070109,4.82243854,2.07406727,0.35918315,0.01972103,360.118825,8.50903228271014,6.98661188127727,5.9595896999907,6.06612809257474,6.70097313776877,8.51446719131406
