"","cue","log","id","rho","burst","iota_N1","iota_N2","phi_N1","phi_N2","fitness_rho","fitness_beta","fitness_psin","fitness_psiw","fitness_phin","fitness_phiw"
"206","Ig","log10",206,0.33325466,4.12494507,30.6639962,0.77142245,0.01970184,2027.13028,9.64945913247305,1.44305408154561,9.21552748216206,9.86507950791263,9.81790666476002,9.60220271828199
