"","cue","log","id","rho","burst","iota_N1","iota_N2","phi_N1","phi_N2","fitness_rho","fitness_beta","fitness_psin","fitness_psiw","fitness_phin","fitness_phiw"
"4993","Ig","log10",4993,0.44084415,5.30308274,94.9753476,1.07656844,0.0144796,3280.77533,9.67922658596374,8.56978538280454,7.32413126019422,8.77053517664532,9.87998511890627,9.59949975142243
