"","iter","rho","burst","iota_N1","iota_N2","phi_N1","phi_N2","max_fitness_rho","max_fitness_beta","max_fitness_psin","max_fitness_psiw","max_fitness_phin","max_fitness_phiw","id"
"972",972,0.34173917,5.98657912,8.23636006,2.2488743,0.11823955,552.230692,9.65231346982902,9.69649110876718,9.84603758173713,5.19772498864087,8.45875944868918,9.62091401640862,"Ig_log"
