"","cue","log","id","rho","burst","iota_N1","iota_N2","phi_N1","phi_N2","fitness_rho","fitness_beta","fitness_psin","fitness_psiw","fitness_phin","fitness_phiw"
"3747","Ig","log10",3747,0.5302952,4.05031857,27.1603924,0.51006608,0.06376887,294.159981,9.6963517804195,1.24266940494622,9.31958727254113,10.6476159060598,9.23041099015047,9.64306480441065
