"","cue","log","id","rho","burst","iota_N1","iota_N2","phi_N1","phi_N2","fitness_rho","fitness_beta","fitness_psin","fitness_psiw","fitness_phin","fitness_phiw"
"4611","Ig","log10",4611,0.32444694,3.89069255,41.9971403,0.68517138,0.01201373,1398.46195,9.6463877533364,0.900059337486559,8.87368875261484,10.1429505114353,9.90829820676188,9.60537311579586
