"","cue","log","id","rho","burst","iota_N1","iota_N2","phi_N1","phi_N2","fitness_rho","fitness_beta","fitness_psin","fitness_psiw","fitness_phin","fitness_phiw"
"837","Ig","log10",837,0.30897436,4.04830731,10.7317232,0.79660711,0.05847683,123.254323,9.64068476191071,1.23766231335725,9.782099533094,9.78065049989938,9.3043911428701,9.70623351876584
