"","cue","log","id","rho","burst","iota_N1","iota_N2","phi_N1","phi_N2","fitness_rho","fitness_beta","fitness_psin","fitness_psiw","fitness_phin","fitness_phiw"
"4454","Ig","log10",4454,0.23388908,4.03138237,9.23508124,0.88757192,0.07187643,1475.19641,9.60622811466587,1.19629606999221,9.82074654318214,9.46488902882449,9.11625714882698,9.6048422650761
