"","cue","log","id","rho","burst","iota_N1","iota_N2","phi_N1","phi_N2","fitness_rho","fitness_beta","fitness_psin","fitness_psiw","fitness_phin","fitness_phiw"
"1595","Ig","log10",1595,0.21205842,4.50580753,21.1167987,1.60452854,0.11251433,263.785425,9.59347692715759,3.07159866371512,9.49578212725415,6.88054677828663,8.53955014521899,9.64845642711408
