"","cue","log","id","rho","burst","iota_N1","iota_N2","phi_N1","phi_N2","fitness_rho","fitness_beta","fitness_psin","fitness_psiw","fitness_phin","fitness_phiw"
"1445","Ig","log10",1445,0.27407203,4.73230856,48.7993486,2.34636809,0.06146906,81.142343,9.62622867983666,4.65703079168404,8.66716100113025,5.00303358110078,9.26262010457376,9.75956077486648
