"","cue","log","id","rho","burst","iota_N1","iota_N2","phi_N1","phi_N2","fitness_rho","fitness_beta","fitness_psin","fitness_psiw","fitness_phin","fitness_phiw"
"4218","Ig","log10",4218,0.37227353,6.03083933,9.12118421,2.22119777,0.14515884,50199.5913,9.66176954335458,9.67809943332974,9.8236529788057,5.25547924748638,8.08378908174382,9.59539999296763
