"","cue","log","id","rho","burst","iota_N1","iota_N2","phi_N1","phi_N2","fitness_rho","fitness_beta","fitness_psin","fitness_psiw","fitness_phin","fitness_phiw"
"1083","Ig","log10",1083,0.46328801,3.93498256,19.7086173,0.74281626,0.0357078,206.04892,9.6840323541695,0.984842891326038,9.53603978520037,9.95923227793441,9.61436467010864,9.66295000053745
