"","cue","log","id","rho","burst","iota_N1","iota_N2","phi_N1","phi_N2","fitness_rho","fitness_beta","fitness_psin","fitness_psiw","fitness_phin","fitness_phiw"
"4053","Ig","log10",4053,0.29111757,4.04869203,26.3370861,0.73999098,0.0282825,917.765014,9.63358486739364,1.23861911771495,9.34386651073271,9.96842231166282,9.71086176669752,9.61070878910156
