"","cue","log","id","rho","burst","iota_N1","iota_N2","phi_N1","phi_N2","fitness_rho","fitness_beta","fitness_psin","fitness_psiw","fitness_phin","fitness_phiw"
"509","Ig","log10",509,0.20336722,4.46115925,65.2803255,1.99901139,0.03312811,1283.19096,9.58796515557243,2.81544010570537,8.17138040692931,5.76278713598712,9.64822948980686,9.60629385879683
