"","cue","log","id","rho","burst","iota_N1","iota_N2","phi_N1","phi_N2","fitness_rho","fitness_beta","fitness_psin","fitness_psiw","fitness_phin","fitness_phiw"
"1973","Ig","log10",1973,0.23819935,4.43260837,13.5511505,1.75233354,0.24270618,1854.26983,9.6085724031137,2.66184506944651,9.70717505452411,6.42719489157049,6.83749147305721,9.602859854409
