"","cue","log","id","rho","burst","iota_N1","iota_N2","phi_N1","phi_N2","fitness_rho","fitness_beta","fitness_psin","fitness_psiw","fitness_phin","fitness_phiw"
"4728","Ig","log10",4728,0.47513562,5.92642221,18.983209,2.04330598,0.05946185,229.824438,9.6864200300198,9.70895700985491,9.55663916911604,5.65513830521212,9.29065871899907,9.65612441337177
