"","cue","log","id","rho","burst","iota_N1","iota_N2","phi_N1","phi_N2","fitness_rho","fitness_beta","fitness_psin","fitness_psiw","fitness_phin","fitness_phiw"
"4572","Ig","log10",4572,0.39350056,5.96894682,22.8533805,2.26701557,0.05053888,1429.03252,9.6676748676586,9.70169744479872,9.44567756818168,5.16047520741216,9.41425986440595,9.60515316554285
