"","iter","rho","burst","iota_N1","iota_N2","phi_N1","phi_N2","max_fitness_rho","max_fitness_beta","max_fitness_psin","max_fitness_psiw","max_fitness_phin","max_fitness_phiw","id"
"753",753,0.31584473,3.98474369,55.4626184,0.76340619,0.00944717,483.881362,9.64326561196217,1.08908360856465,8.46546046844934,9.89165494207341,9.93697844833614,9.62451081129345,"Ig_log"
