"","cue","log","id","rho","burst","iota_N1","iota_N2","phi_N1","phi_N2","fitness_rho","fitness_beta","fitness_psin","fitness_psiw","fitness_phin","fitness_phiw"
"4264","Ig","log10",4264,0.30983775,4.6779704,2.94407816,0.51005021,0.0606469,411.995066,9.64101420628111,4.23846357223389,9.97181222283376,10.6476576650421,9.2741178880976,9.62956210692651
