"","cue","log","id","rho","burst","iota_N1","iota_N2","phi_N1","phi_N2","fitness_rho","fitness_beta","fitness_psin","fitness_psiw","fitness_phin","fitness_phiw"
"4729","Ig","log10",4729,0.39232829,5.84903788,4.15926701,0.93687489,0.08697063,109.152116,9.66736487991843,9.70130154343791,9.94434389758969,9.28771040457428,8.90218008862237,9.71977284818637
