"","cue","log","id","rho","burst","iota_N1","iota_N2","phi_N1","phi_N2","fitness_rho","fitness_beta","fitness_psin","fitness_psiw","fitness_phin","fitness_phiw"
"4844","Ig","log10",4844,0.29817909,3.97430476,18.3241934,0.7234162,0.0268627,305.819519,9.63646634704876,1.06638377237259,9.57526336791525,10.0219745737056,9.72893722470645,9.64127794874439
