"","cue","log","id","rho","burst","iota_N1","iota_N2","phi_N1","phi_N2","fitness_rho","fitness_beta","fitness_psin","fitness_psiw","fitness_phin","fitness_phiw"
"3475","Ig","log10",3475,0.30421354,5.51449109,197.219701,1.04427404,0.00321579,685.917707,9.63884969433375,9.27493275058184,5.10224817294355,8.89146293511338,10.0026605585055,9.61593632551824
