"","cue","log","id","rho","burst","iota_N1","iota_N2","phi_N1","phi_N2","fitness_rho","fitness_beta","fitness_psin","fitness_psiw","fitness_phin","fitness_phiw"
"3828","Ig","log10",3828,0.37147581,6.05300727,250.457245,2.02412824,0.00300849,146.40148,9.66153411725034,9.66619157064882,4.3254298413569,5.70132996068401,10.0047338891689,9.68941624069445
