"","cue","log","id","rho","burst","iota_N1","iota_N2","phi_N1","phi_N2","fitness_rho","fitness_beta","fitness_psin","fitness_psiw","fitness_phin","fitness_phiw"
"133","Ig","log10",133,0.28602575,5.49535257,10.7570252,0.99479196,0.02832023,1785.08526,9.63145039120717,9.22708537680248,9.78144255316389,9.07543053966646,9.71037859003812,9.60315946778246
