"","cue","log","id","rho","burst","iota_N1","iota_N2","phi_N1","phi_N2","fitness_rho","fitness_beta","fitness_psin","fitness_psiw","fitness_phin","fitness_phiw"
"932","Ig","log10",932,0.31305118,4.00670965,17.5340269,0.74495653,0.03148278,264.747996,9.64222660409282,1.13837738509839,9.5974721395272,9.95225189524678,9.66964681600359,9.64826837269038
