"","cue","log","id","rho","burst","iota_N1","iota_N2","phi_N1","phi_N2","fitness_rho","fitness_beta","fitness_psin","fitness_psiw","fitness_phin","fitness_phiw"
"3068","Ig","log10",3068,0.29499346,3.93733393,9.3735926,0.93294084,0.06799474,244.95845,9.63517587649557,0.989549392856564,9.81720823617649,9.30197866064062,9.17101718237023,9.65245377176531
