"","cue","log","id","rho","burst","iota_N1","iota_N2","phi_N1","phi_N2","fitness_rho","fitness_beta","fitness_psin","fitness_psiw","fitness_phin","fitness_phiw"
"4784","Ig","log10",4784,0.20394807,4.05391743,10.2230139,0.8027564,0.05402354,177.919191,9.5883413778488,1.25167357416094,9.79533393689026,9.75982656367064,9.36621452288087,9.67329943107765
