"","cue","log","id","rho","burst","iota_N1","iota_N2","phi_N1","phi_N2","fitness_rho","fitness_beta","fitness_psin","fitness_psiw","fitness_phin","fitness_phiw"
"1053","Ig","log10",1053,0.31372837,3.85142182,28.5235911,0.69796342,0.03282298,14738.0834,9.64247805671351,0.830636130353095,9.27923695841617,10.1028955466259,9.65221345929703,9.5960939672982
