"","iter","rho","burst","iota_N1","iota_N2","phi_N1","phi_N2","max_fitness_rho","max_fitness_beta","max_fitness_psin","max_fitness_psiw","max_fitness_phin","max_fitness_phiw","id"
"437",437,0.28946113,4.57936272,36.5792433,2.00793603,0.07181974,651.704899,9.63289590390293,3.53648284885649,9.03778898441273,5.74082344710375,9.11705813957164,9.61701604433981,"Ig_log"
