"","cue","log","id","rho","burst","iota_N1","iota_N2","phi_N1","phi_N2","fitness_rho","fitness_beta","fitness_psin","fitness_psiw","fitness_phin","fitness_phiw"
"3024","Ig","log10",3024,0.39849405,6.25857991,18.9084757,1.92893458,0.06174166,517.662856,9.66899831545808,9.48545882378532,9.55875645229993,5.94012012019369,9.25880957060189,9.62261532077869
