"","cue","log","id","rho","burst","iota_N1","iota_N2","phi_N1","phi_N2","fitness_rho","fitness_beta","fitness_psin","fitness_psiw","fitness_phin","fitness_phiw"
"2970","Ig","log10",2970,0.35519001,6.07359072,21.4683501,2.2676263,0.08788456,455.168045,9.65662673780594,9.65361221597071,9.48567616577799,5.15923575788201,8.88918685308529,9.62634121167945
