"","cue","log","id","rho","burst","iota_N1","iota_N2","phi_N1","phi_N2","fitness_rho","fitness_beta","fitness_psin","fitness_psiw","fitness_phin","fitness_phiw"
"333","Ig","log10",333,0.34139477,3.98714918,25.1848836,0.99731845,0.02708524,303.352008,9.6521993234966,1.09438292701968,9.37771323257346,9.06608335439535,9.72611570890597,9.641642800927
