"","cue","log","id","rho","burst","iota_N1","iota_N2","phi_N1","phi_N2","fitness_rho","fitness_beta","fitness_psin","fitness_psiw","fitness_phin","fitness_phiw"
"623","Ig","log10",623,0.18465738,4.6392608,25.4893628,2.06501808,0.06140587,510.782057,9.57513161677015,3.95298909652328,9.36878244851306,5.60360512893558,9.26350716302831,9.62298372135489
