"","cue","log","id","rho","burst","iota_N1","iota_N2","phi_N1","phi_N2","fitness_rho","fitness_beta","fitness_psin","fitness_psiw","fitness_phin","fitness_phiw"
"2528","Ig","log10",2528,0.22464091,3.86797576,12.5889997,0.97332465,0.04387567,344.497563,9.60100737764843,0.859268776722991,9.73303226390823,9.15455755422609,9.50515644147322,9.63619159337368
