"","cue","log","id","rho","burst","iota_N1","iota_N2","phi_N1","phi_N2","fitness_rho","fitness_beta","fitness_psin","fitness_psiw","fitness_phin","fitness_phiw"
"4942","Ig","log10",4942,0.43959262,4.61786507,8.55310446,0.44303829,0.04341464,2163.73059,9.67894634529037,3.80050622820573,9.83806355114233,10.8187915296886,9.51139293438894,9.60175477493556
