"","iter","rho","burst","iota_N1","iota_N2","phi_N1","phi_N2","max_fitness_rho","max_fitness_beta","max_fitness_psin","max_fitness_psiw","max_fitness_phin","max_fitness_phiw","id"
"738",738,0.39685071,6.12616538,5.16263191,1.87772357,0.20219647,867.905812,9.66856411363334,9.61530754565627,9.92097219148077,6.07534284695352,7.3299112459123,9.61159923999188,"Ig_log"
