"","cue","log","id","rho","burst","iota_N1","iota_N2","phi_N1","phi_N2","fitness_rho","fitness_beta","fitness_psin","fitness_psiw","fitness_phin","fitness_phiw"
"4340","Ig","log10",4340,0.24160239,4.11221423,8.93050994,0.97750216,0.05418956,137.889811,9.61039328179949,1.40676672928995,9.82850469371952,9.13919800136554,9.36391894403998,9.69497342130279
