"","iter","rho","burst","iota_N1","iota_N2","phi_N1","phi_N2","max_fitness_rho","max_fitness_beta","max_fitness_psin","max_fitness_psiw","max_fitness_phin","max_fitness_phiw","id"
"985",985,0.30364045,5.58817123,19.5777722,0.88934421,0.01493752,586.953811,9.63862711228417,9.43274125417307,9.53976358794879,9.45858468179319,9.87465254208379,9.61940645215107,"Ig_log"
