"","cue","log","id","rho","burst","iota_N1","iota_N2","phi_N1","phi_N2","fitness_rho","fitness_beta","fitness_psin","fitness_psiw","fitness_phin","fitness_phiw"
"146","Ig","log10",146,0.19243934,3.99360296,8.69273755,0.71040912,0.04195795,5711.09172,9.58063689124827,1.10871567522023,9.83453377363633,10.0635295273039,9.53104039983091,9.59763697661306
