"","iter","rho","burst","iota_N1","iota_N2","phi_N1","phi_N2","max_fitness_rho","max_fitness_beta","max_fitness_psin","max_fitness_psiw","max_fitness_phin","max_fitness_phiw","id"
"739",739,0.31531566,5.50059888,3.7778584,1.15032346,0.09173227,122.368844,9.64306792968723,9.24049484760506,9.95306806759325,8.49322777252845,8.83447137568424,9.70699417205239,"Ig_log"
