"","cue","log","id","rho","burst","iota_N1","iota_N2","phi_N1","phi_N2","fitness_rho","fitness_beta","fitness_psin","fitness_psiw","fitness_phin","fitness_phiw"
"1831","Ig","log10",1831,0.27225401,5.58829818,57.216704,1.0394111,0.01085604,443.392286,9.6254078694001,9.43297823548445,8.41258914160646,8.90962501432791,9.92133799668737,9.62715805051129
