"","iter","rho","burst","iota_N1","iota_N2","phi_N1","phi_N2","max_fitness_rho","max_fitness_beta","max_fitness_psin","max_fitness_psiw","max_fitness_phin","max_fitness_phiw","id"
"354",354,0.29130654,6.01430364,16.7746774,1.75967341,0.06312331,350.530358,9.63366079600527,9.6858294319311,9.61868756879474,6.40577097536562,9.23946484404014,9.6354940454035,"Ig_log"
