"","cue","log","id","rho","burst","iota_N1","iota_N2","phi_N1","phi_N2","fitness_rho","fitness_beta","fitness_psin","fitness_psiw","fitness_phin","fitness_phiw"
"4726","Ig","log10",4726,0.38328623,4.96863536,2.08299533,0.6777101,0.13744482,7.42275552,9.66489555483375,6.54534916483056,9.99066810749486,10.166120622316,8.19026533069156,10.5820675933243
