"","cue","log","id","rho","burst","iota_N1","iota_N2","phi_N1","phi_N2","fitness_rho","fitness_beta","fitness_psin","fitness_psiw","fitness_phin","fitness_phiw"
"2494","Ig","log10",2494,0.34798108,4.94832595,2.87982801,0.61226412,0.04309637,12.7116718,9.65434615568638,6.38905346552843,9.97323699723292,10.3631046320406,9.5156912691432,10.3261636547531
