"","cue","log","id","rho","burst","iota_N1","iota_N2","phi_N1","phi_N2","fitness_rho","fitness_beta","fitness_psin","fitness_psiw","fitness_phin","fitness_phiw"
"3188","Ig","log10",3188,0.24637715,4.06725399,17.1498338,0.64404699,0.03469641,590.767377,9.61288618889973,1.28561358297375,9.60822003274111,10.2688563504066,9.62768251774953,9.61925067504044
