"","cue","log","id","rho","burst","iota_N1","iota_N2","phi_N1","phi_N2","fitness_rho","fitness_beta","fitness_psin","fitness_psiw","fitness_phin","fitness_phiw"
"3374","Ig","log10",3374,0.31712132,4.11432087,17.4862836,0.66420657,0.0380855,484.334493,9.64373669659,1.41271055827042,9.59881120424193,10.207687812411,9.5828642007712,9.6244826056252
