"","cue","log","id","rho","burst","iota_N1","iota_N2","phi_N1","phi_N2","fitness_rho","fitness_beta","fitness_psin","fitness_psiw","fitness_phin","fitness_phiw"
"4393","Ig","log10",4393,0.29376334,5.40644838,33.5996909,1.09076579,0.01692502,240.018969,9.63467292910347,8.9648196601419,9.12757465026776,8.71723173880864,9.85125166457558,9.65360232644601
