"","cue","log","id","rho","burst","iota_N1","iota_N2","phi_N1","phi_N2","fitness_rho","fitness_beta","fitness_psin","fitness_psiw","fitness_phin","fitness_phiw"
"631","Ig","log10",631,0.28281977,5.60338277,124.031757,1.05424055,0.003434,91.8461244,9.63007897002383,9.4603361540111,6.57958312133683,8.8542013163502,10.0004674093837,9.74168771629808
