"","cue","log","id","rho","burst","iota_N1","iota_N2","phi_N1","phi_N2","fitness_rho","fitness_beta","fitness_psin","fitness_psiw","fitness_phin","fitness_phiw"
"1666","Ig","log10",1666,0.3803999,4.80739754,6.77784677,0.43353717,0.07978286,1463.57896,9.66409103821936,5.25851284817961,9.88218082981227,10.8420802140828,9.00428685167507,9.60492170461637
