"","cue","log","id","rho","burst","iota_N1","iota_N2","phi_N1","phi_N2","fitness_rho","fitness_beta","fitness_psin","fitness_psiw","fitness_phin","fitness_phiw"
"176","Ig","log10",176,0.30271561,3.9959038,13.9756079,0.69651397,0.05727875,230.216614,9.63826063278519,1.11386834027268,9.69568230078334,10.1074574754155,9.32106664407475,9.65602373616157
