"","cue","log","id","rho","burst","iota_N1","iota_N2","phi_N1","phi_N2","fitness_rho","fitness_beta","fitness_psin","fitness_psiw","fitness_phin","fitness_phiw"
"1631","Ig","log10",1631,0.21401137,4.56405594,28.984421,1.73757134,0.09403975,7031.44966,9.5946833612192,3.43538742464664,9.26555484081834,6.47059278797315,8.80165602262538,9.59716183877866
