"","cue","log","id","rho","burst","iota_N1","iota_N2","phi_N1","phi_N2","fitness_rho","fitness_beta","fitness_psin","fitness_psiw","fitness_phin","fitness_phiw"
"1162","Ig","log10",1162,0.29187709,4.69584586,9.08241115,0.49608495,0.02645799,52.2470788,9.63390048091363,4.37407981806377,9.82463943375859,10.6843255447181,9.73407110482612,9.8401250695572
