"","cue","log","id","rho","burst","iota_N1","iota_N2","phi_N1","phi_N2","fitness_rho","fitness_beta","fitness_psin","fitness_psiw","fitness_phin","fitness_phiw"
"3044","Ig","log10",3044,0.25625095,4.11835275,26.9046004,0.75149172,0.01475125,222.241614,9.617858702835,1.42415036767418,9.3271433345893,9.93087646205272,9.87682487262691,9.65814823642376
