"","cue","log","id","rho","burst","iota_N1","iota_N2","phi_N1","phi_N2","fitness_rho","fitness_beta","fitness_psin","fitness_psiw","fitness_phin","fitness_phiw"
"2350","Ig","log10",2350,0.3750407,4.74126753,3.24827362,0.51008362,0.09511094,1979.28172,9.66256663276899,4.72767274271436,9.96502430819048,10.6475708365699,8.78642274818035,9.60237266234463
