"","cue","log","id","rho","burst","iota_N1","iota_N2","phi_N1","phi_N2","fitness_rho","fitness_beta","fitness_psin","fitness_psiw","fitness_phin","fitness_phiw"
"82","Ig","log10",82,0.32477726,4.7121712,7.21535763,0.54701099,0.03700929,537.015522,9.64650297922803,4.49978993804756,9.87144351160746,10.5480522670533,9.5971542048541,9.62163744041891
