"","cue","log","id","rho","burst","iota_N1","iota_N2","phi_N1","phi_N2","fitness_rho","fitness_beta","fitness_psin","fitness_psiw","fitness_phin","fitness_phiw"
"2540","Ig","log10",2540,0.26438543,4.02912184,30.5999068,0.7856377,0.02561792,4518.61322,9.62176967764623,1.19087557785491,9.2174405921979,9.81759685983706,9.74468052331343,9.59829821067213
