"","cue","log","id","rho","burst","iota_N1","iota_N2","phi_N1","phi_N2","fitness_rho","fitness_beta","fitness_psin","fitness_psiw","fitness_phin","fitness_phiw"
"3546","Ig","log10",3546,0.26094863,6.07670079,11.7998091,2.12620178,0.06614782,333.218675,9.62013445775431,9.65158771357121,9.75402326756243,5.46259426755904,9.19700824315835,9.63755209951336
