"","cue","log","id","rho","burst","iota_N1","iota_N2","phi_N1","phi_N2","fitness_rho","fitness_beta","fitness_psin","fitness_psiw","fitness_phin","fitness_phiw"
"2680","Ig","log10",2680,0.34018247,4.93784908,7.09098582,0.5102735,0.03484596,5125.25721,9.65179889448678,6.30743163330169,9.8745027711309,10.6470697989781,9.625714524868,9.59792106059827
