"","cue","log","id","rho","burst","iota_N1","iota_N2","phi_N1","phi_N2","fitness_rho","fitness_beta","fitness_psin","fitness_psiw","fitness_phin","fitness_phiw"
"3200","Ig","log10",3200,0.26237344,4.06845834,11.5856015,0.79135445,0.05094507,1527.46926,9.62081649400915,1.28872233231259,9.75968624125317,9.79837595179692,9.4086758606092,9.60451182202744
