"","cue","log","id","rho","burst","iota_N1","iota_N2","phi_N1","phi_N2","fitness_rho","fitness_beta","fitness_psin","fitness_psiw","fitness_phin","fitness_phiw"
"3961","Ig","log10",3961,0.41195714,5.46584412,12.2844624,1.00201372,0.04396985,77.3115164,9.6724291056356,9.14748292224359,9.74115538164924,9.04870481783206,9.50388321037292,9.76706071784358
