"","cue","log","id","rho","burst","iota_N1","iota_N2","phi_N1","phi_N2","fitness_rho","fitness_beta","fitness_psin","fitness_psiw","fitness_phin","fitness_phiw"
"120","Ig","log10",120,0.46949607,6.04707971,7.63216254,2.2536975,0.15243868,4291.56125,9.68529555001271,9.66954337991569,9.86112738908441,5.18777379620321,7.9841613880453,9.59846668315573
