"","cue","log","id","rho","burst","iota_N1","iota_N2","phi_N1","phi_N2","fitness_rho","fitness_beta","fitness_psin","fitness_psiw","fitness_phin","fitness_phiw"
"3450","Ig","log10",3450,0.33009583,6.1448783,76.8290217,1.75241018,0.01177347,227.121806,9.64836981728054,9.59967686739267,7.8330483558666,6.42697009108285,9.91101773666824,9.65682992285994
