"","cue","log","id","rho","burst","iota_N1","iota_N2","phi_N1","phi_N2","fitness_rho","fitness_beta","fitness_psin","fitness_psiw","fitness_phin","fitness_phiw"
"228","Ig","log10",228,0.37573881,6.08325429,13.2405721,1.98416908,0.08171897,1999.959,9.66276655837555,9.64722567856011,9.71555145990819,5.7996134473607,8.97680126908506,9.60229797505195
