"","iter","rho","burst","iota_N1","iota_N2","phi_N1","phi_N2","max_fitness_rho","max_fitness_beta","max_fitness_psin","max_fitness_psiw","max_fitness_phin","max_fitness_phiw","id"
"436",436,0.43082765,4.89885706,1.74799203,0.41599734,0.09022798,150.568856,9.67695265884107,5.99873581938819,9.99786050991926,10.8844407611752,8.85586375791893,9.68691315887891,"Ig_log"
