"","cue","log","id","rho","burst","iota_N1","iota_N2","phi_N1","phi_N2","fitness_rho","fitness_beta","fitness_psin","fitness_psiw","fitness_phin","fitness_phiw"
"1868","Ig","log10",1868,0.18087084,3.88397242,5.79209875,1.07595319,0.10497274,26.2324563,9.57236414977984,0.887808020833073,9.90601896578238,8.77284341772633,8.64634665482686,10.0320326512599
