"","cue","log","id","rho","burst","iota_N1","iota_N2","phi_N1","phi_N2","fitness_rho","fitness_beta","fitness_psin","fitness_psiw","fitness_phin","fitness_phiw"
"3587","Ig","log10",3587,0.19919534,4.53800653,17.5278237,2.1654129,0.21643306,9560.50851,9.58522000770233,3.2685707434115,9.59764392043956,5.37540193764303,7.15247855061953,9.59662094752848
