"","cue","log","id","rho","burst","iota_N1","iota_N2","phi_N1","phi_N2","fitness_rho","fitness_beta","fitness_psin","fitness_psiw","fitness_phin","fitness_phiw"
"3902","Ig","log10",3902,0.24468,4.03450866,9.9397526,0.79457018,0.10437783,143.419269,9.61200686727486,1.20383532095413,9.80265935972503,9.78753179504035,8.65478682392301,9.69129173729306
