"","cue","log","id","rho","burst","iota_N1","iota_N2","phi_N1","phi_N2","fitness_rho","fitness_beta","fitness_psin","fitness_psiw","fitness_phin","fitness_phiw"
"1593","Ig","log10",1593,0.1925788,3.86770273,7.72373309,0.96717156,0.04751672,373.210101,9.58073426693509,0.858789515376043,9.85885329972542,9.17715032430186,9.45566176251686,9.63308186777733
