"","cue","log","id","rho","burst","iota_N1","iota_N2","phi_N1","phi_N2","fitness_rho","fitness_beta","fitness_psin","fitness_psiw","fitness_phin","fitness_phiw"
"4531","Ig","log10",4531,0.35229364,5.35358545,35.3212686,1.11448018,0.03730545,2327.157,9.65571929627597,8.77555180050834,9.07575116155993,8.62807804930746,9.59322766871432,9.6012911964144
