"","cue","log","id","rho","burst","iota_N1","iota_N2","phi_N1","phi_N2","fitness_rho","fitness_beta","fitness_psin","fitness_psiw","fitness_phin","fitness_phiw"
"3919","Ig","log10",3919,0.27293162,5.45385678,27.9126229,1.31579189,0.02348747,425.421612,9.62571475149087,9.11307376236179,9.29734524956208,7.87719393324101,9.77136100450436,9.62849069224863
