"","cue","log","id","rho","burst","iota_N1","iota_N2","phi_N1","phi_N2","fitness_rho","fitness_beta","fitness_psin","fitness_psiw","fitness_phin","fitness_phiw"
"4652","Ig","log10",4652,0.2394856,4.11527518,28.8388695,0.84212882,0.02413989,2078.18321,9.60926437755361,1.41540890273507,9.26987761068947,9.62462423195241,9.76322863765317,9.60202772949846
