"","cue","log","id","rho","burst","iota_N1","iota_N2","phi_N1","phi_N2","fitness_rho","fitness_beta","fitness_psin","fitness_psiw","fitness_phin","fitness_phiw"
"1630","Ig","log10",1630,0.39962082,4.67392767,10.5557452,0.4282602,0.05971508,159.342761,9.6692906205077,4.20810705979116,9.78668879847003,10.8549094923434,9.28712771731834,9.68205718008902
