"","cue","log","id","rho","burst","iota_N1","iota_N2","phi_N1","phi_N2","fitness_rho","fitness_beta","fitness_psin","fitness_psiw","fitness_phin","fitness_phiw"
"4249","Ig","log10",4249,0.40289912,5.34847105,16.8375645,1.09022469,0.05235338,1810.21067,9.67013790031705,8.75584544473226,9.61693495971419,8.71926246232214,9.38928273258627,9.60304764750875
