"","cue","log","id","rho","burst","iota_N1","iota_N2","phi_N1","phi_N2","fitness_rho","fitness_beta","fitness_psin","fitness_psiw","fitness_phin","fitness_phiw"
"4995","Ig","log10",4995,0.65750538,3.92416276,26.2478074,0.59001028,0.03857874,733.983913,9.71366120639585,0.9634639935622,9.3464956868502,10.4274788183174,9.57629980473316,9.61458089476577
