"","iter","rho","burst","iota_N1","iota_N2","phi_N1","phi_N2","max_fitness_rho","max_fitness_beta","max_fitness_psin","max_fitness_psiw","max_fitness_phin","max_fitness_phiw","id"
"316",316,0.40866092,4.90801026,9.55928925,0.57453813,0.01971989,28.4066416,9.67160406679818,6.07180987954294,9.8124515143824,10.4714443747137,9.81768896500065,10.0052994683209,"Ig_log"
