"","cue","log","id","rho","burst","iota_N1","iota_N2","phi_N1","phi_N2","fitness_rho","fitness_beta","fitness_psin","fitness_psiw","fitness_phin","fitness_phiw"
"3401","Ig","log10",3401,0.21973166,4.77494475,10.5969314,1.9258755,0.18335627,3151.82112,9.59813124639361,4.99633595628416,9.78561630104766,5.94806373174961,7.57168568565157,9.59968076585468
