"","cue","log","id","rho","burst","iota_N1","iota_N2","phi_N1","phi_N2","fitness_rho","fitness_beta","fitness_psin","fitness_psiw","fitness_phin","fitness_phiw"
"3811","Ig","log10",3811,0.33115249,5.51186011,22.3125672,0.97422443,0.03777176,186.091827,9.64873677955688,9.26852920363137,9.46133051350522,9.15125117501277,9.58703654283257,9.66998285141621
