"","cue","log","id","rho","burst","iota_N1","iota_N2","phi_N1","phi_N2","fitness_rho","fitness_beta","fitness_psin","fitness_psiw","fitness_phin","fitness_phiw"
"1339","Ig","log10",1339,0.34447754,5.34414074,9.27317565,0.89948702,0.06192411,461.952376,9.65321070636839,8.73896808086926,9.81977576042753,9.422411155124,9.25625894967102,9.6258893973236
