"","cue","log","id","rho","burst","iota_N1","iota_N2","phi_N1","phi_N2","fitness_rho","fitness_beta","fitness_psin","fitness_psiw","fitness_phin","fitness_phiw"
"4551","Ig","log10",4551,0.5348475,4.02250537,10.1706149,0.52052851,0.06694913,1513.92617,9.69709057132827,1.1751370772861,9.79668990393491,10.6197982452779,9.18573746032376,9.60459472582317
