"","iter","rho","burst","iota_N1","iota_N2","phi_N1","phi_N2","max_fitness_rho","max_fitness_beta","max_fitness_psin","max_fitness_psiw","max_fitness_phin","max_fitness_phiw","id"
"920",920,0.37943405,4.00070895,21.9798861,0.79938502,0.0520293,176.594086,9.66381946340985,1.12470150458256,9.47094107332719,9.77125322816812,9.39375039859331,9.67386557433639,"Ig_log"
