"","cue","log","id","rho","burst","iota_N1","iota_N2","phi_N1","phi_N2","fitness_rho","fitness_beta","fitness_psin","fitness_psiw","fitness_phin","fitness_phiw"
"4801","Ig","log10",4801,0.29865702,5.61978817,4.27837882,0.93549965,0.06793084,870.725651,9.63665324494009,9.4882639246007,9.94159994300218,9.29269884107973,9.17191829929075,9.61154799831204
