"","cue","log","id","rho","burst","iota_N1","iota_N2","phi_N1","phi_N2","fitness_rho","fitness_beta","fitness_psin","fitness_psiw","fitness_phin","fitness_phiw"
"1958","Ig","log10",1958,0.26379232,3.8888713,18.3136038,0.85719781,0.04310691,160.309733,9.62148772216321,0.896723145957372,9.57555997699016,9.57207282162517,9.51554831237733,9.68155199686331
