"","cue","log","id","rho","burst","iota_N1","iota_N2","phi_N1","phi_N2","fitness_rho","fitness_beta","fitness_psin","fitness_psiw","fitness_phin","fitness_phiw"
"4648","Ig","log10",4648,0.37736112,4.75521171,2.4417208,0.60609612,0.0440135,12.820554,9.66322961347124,4.83836977451918,9.98287802847546,10.381081655585,9.5032916394561,10.32226043001
