"","iter","rho","burst","iota_N1","iota_N2","phi_N1","phi_N2","max_fitness_rho","max_fitness_beta","max_fitness_psin","max_fitness_psiw","max_fitness_phin","max_fitness_phiw","id"
"92",92,0.31479169,4.00309083,14.5711739,0.85386515,0.04483297,879.739986,9.64287438679334,1.13011101391813,9.67947061231216,9.58373186970447,9.49218816142238,9.61138048298644,"Ig_log"
