"","cue","log","id","rho","burst","iota_N1","iota_N2","phi_N1","phi_N2","fitness_rho","fitness_beta","fitness_psin","fitness_psiw","fitness_phin","fitness_phiw"
"300","Ig","log10",300,0.36789266,6.00261191,66.1529445,1.88847046,0.01634086,122.711116,9.66048441873696,9.69068174896235,8.14549408744993,6.0465642827525,9.85816968987434,9.70670016835506
