"","cue","log","id","rho","burst","iota_N1","iota_N2","phi_N1","phi_N2","fitness_rho","fitness_beta","fitness_psin","fitness_psiw","fitness_phin","fitness_phiw"
"1608","Ig","log10",1608,0.38321449,6.31397721,331.22553,1.9515388,0.00261496,1318.38311,9.66487637294436,9.41978139195046,3.47242271485228,5.88195466254995,10.0086515241279,9.60599541750359
