"","cue","log","id","rho","burst","iota_N1","iota_N2","phi_N1","phi_N2","fitness_rho","fitness_beta","fitness_psin","fitness_psiw","fitness_phin","fitness_phiw"
"273","Ig","log10",273,0.25345077,3.99821701,2.93473361,0.91773315,0.1360534,64.4373042,9.6164722220549,1.11907145407843,9.9720192355232,9.35693210166134,8.20956513583407,9.79818062922867
