"","iter","rho","burst","iota_N1","iota_N2","phi_N1","phi_N2","max_fitness_rho","max_fitness_beta","max_fitness_psin","max_fitness_psiw","max_fitness_phin","max_fitness_phiw","id"
"97",97,0.30700347,5.35148815,12.3837371,1.25584932,0.06592598,5743.84541,9.63993063988713,8.76750506083197,9.73851018766942,8.0982195858267,9.20012582544093,9.5976190840308,"Ig_log"
