"","cue","log","id","rho","burst","iota_N1","iota_N2","phi_N1","phi_N2","fitness_rho","fitness_beta","fitness_psin","fitness_psiw","fitness_phin","fitness_phiw"
"2879","Ig","log10",2879,0.30692003,4.7562104,106.275773,1.86619674,0.02780083,183.830482,9.63989659877203,4.84633058620913,7.02371651364984,6.10644710220836,9.71700653432277,9.67087005027781
