"","iter","rho","burst","iota_N1","iota_N2","phi_N1","phi_N2","max_fitness_rho","max_fitness_beta","max_fitness_psin","max_fitness_psiw","max_fitness_phin","max_fitness_phiw","id"
"636",636,0.33399161,6.06377592,49.0426627,1.85161122,0.01409132,858.373746,9.64971272304584,9.65978852551823,8.6597792219397,6.14616492661275,9.88449039160405,9.61178148400442,"Ig_log"
