"","cue","log","id","rho","burst","iota_N1","iota_N2","phi_N1","phi_N2","fitness_rho","fitness_beta","fitness_psin","fitness_psiw","fitness_phin","fitness_phiw"
"3642","Ig","log10",3642,0.66640064,6.01280481,64.0703579,1.72243563,0.02036245,1891.04345,9.71465430111746,9.68648479555438,8.20734608049268,6.51552085996854,9.80987220853242,9.60271010678635
