"","iter","rho","burst","iota_N1","iota_N2","phi_N1","phi_N2","max_fitness_rho","max_fitness_beta","max_fitness_psin","max_fitness_psiw","max_fitness_phin","max_fitness_phiw","id"
"692",692,0.28682967,3.94624219,94.4453307,0.67249977,0.00812395,367.4032,9.63178931225778,1.00756536950331,7.33854670360432,10.1822155054888,9.95142379277374,9.6336722107827,"Ig_log"
