"","cue","log","id","rho","burst","iota_N1","iota_N2","phi_N1","phi_N2","fitness_rho","fitness_beta","fitness_psin","fitness_psiw","fitness_phin","fitness_phiw"
"2612","Ig","log10",2612,0.16909795,4.08587685,15.3727719,0.78195555,0.0249543,1450.59817,9.56334497726871,1.33450577852668,9.65749709350899,9.82994053011976,9.75302825237443,9.60500557516291
