"","cue","log","id","rho","burst","iota_N1","iota_N2","phi_N1","phi_N2","fitness_rho","fitness_beta","fitness_psin","fitness_psiw","fitness_phin","fitness_phiw"
"1786","Ig","log10",1786,0.35873705,4.64858436,6.35046562,0.44716346,0.06231015,184.7838,9.65772450568186,4.02065736803061,9.89257641331802,10.8086071934202,9.25085155832518,9.67049342542723
