"","cue","log","id","rho","burst","iota_N1","iota_N2","phi_N1","phi_N2","fitness_rho","fitness_beta","fitness_psin","fitness_psiw","fitness_phin","fitness_phiw"
"4805","Ig","log10",4805,0.15471339,4.59552514,16.7089944,2.17585728,0.14130553,8828.00285,9.55141584168422,3.64564469824169,9.62051520706536,5.35258807624196,8.13686729889209,9.59674633831073
