"","cue","log","id","rho","burst","iota_N1","iota_N2","phi_N1","phi_N2","fitness_rho","fitness_beta","fitness_psin","fitness_psiw","fitness_phin","fitness_phiw"
"4847","Ig","log10",4847,0.24016916,4.57577264,20.715496,2.22062687,0.11044205,1401.57444,9.60963027507745,3.51256734789448,9.50728862497535,5.25668595350665,8.56885790703633,9.60535119406116
