"","cue","log","id","rho","burst","iota_N1","iota_N2","phi_N1","phi_N2","fitness_rho","fitness_beta","fitness_psin","fitness_psiw","fitness_phin","fitness_phiw"
"1709","Ig","log10",1709,0.24213752,4.55721362,57.3050148,1.43598064,0.03683363,710.172306,9.61067563850605,3.39093227131058,8.40993078946271,7.44652382572501,9.59948278952391,9.61522944414242
