"","cue","log","id","rho","burst","iota_N1","iota_N2","phi_N1","phi_N2","fitness_rho","fitness_beta","fitness_psin","fitness_psiw","fitness_phin","fitness_phiw"
"1436","Ig","log10",1436,0.3343405,4.05505358,31.5290504,0.84766743,0.02929139,258.549819,9.64983118692612,1.25453212320541,9.18967711134902,9.60536030994273,9.69793472413847,9.64951215468455
