"","cue","log","id","rho","burst","iota_N1","iota_N2","phi_N1","phi_N2","fitness_rho","fitness_beta","fitness_psin","fitness_psiw","fitness_phin","fitness_phiw"
"161","Ig","log10",161,0.29495164,4.76360005,39.5135641,1.91901984,0.08362851,80.79671,9.63515862868178,4.90534611518249,8.94901080745908,5.9659237586498,8.94967869772629,9.76020848215587
