"","cue","log","id","rho","burst","iota_N1","iota_N2","phi_N1","phi_N2","fitness_rho","fitness_beta","fitness_psin","fitness_psiw","fitness_phin","fitness_phiw"
"4104","Ig","log10",4104,0.3552162,6.1576875,37.8861306,1.89147137,0.02324583,776.779239,9.65663496168054,9.58841898761907,8.99828322777876,6.03856718070999,9.77436887146193,9.61351890396685
