"","cue","log","id","rho","burst","iota_N1","iota_N2","phi_N1","phi_N2","fitness_rho","fitness_beta","fitness_psin","fitness_psiw","fitness_phin","fitness_phiw"
"2573","Ig","log10",2573,0.38306859,4.53415186,61.4913622,1.95177847,0.09344243,392.789926,9.66483576141969,3.24444972267175,8.28430104071182,5.88134914114973,8.81015222448132,9.63122217461811
