"","cue","log","id","rho","burst","iota_N1","iota_N2","phi_N1","phi_N2","fitness_rho","fitness_beta","fitness_psin","fitness_psiw","fitness_phin","fitness_phiw"
"2154","Ig","log10",2154,0.39466335,6.05740813,59.5168998,2.60092687,0.02564437,86.6839534,9.66798639405858,9.663620632181,8.34345100587235,4.55263473368915,9.74434797376039,9.74979282104141
