"","cue","log","id","rho","burst","iota_N1","iota_N2","phi_N1","phi_N2","fitness_rho","fitness_beta","fitness_psin","fitness_psiw","fitness_phin","fitness_phiw"
"3043","Ig","log10",3043,0.36745777,5.63192032,2.72664804,1.09166753,0.27495316,2038.54619,9.66035471383954,9.50772512522979,9.97662319978766,8.71384381003405,6.47353500518253,9.60216256948054
