"","cue","log","id","rho","burst","iota_N1","iota_N2","phi_N1","phi_N2","fitness_rho","fitness_beta","fitness_psin","fitness_psiw","fitness_phin","fitness_phiw"
"2774","Ig","log10",2774,0.30610472,4.0603231,6.24311134,0.81599459,0.16472191,1240.15209,9.6395825806982,1.26786461703689,9.89517477921628,9.71472198926718,7.81811347849538,9.6066757084575
