"","cue","log","id","rho","burst","iota_N1","iota_N2","phi_N1","phi_N2","fitness_rho","fitness_beta","fitness_psin","fitness_psiw","fitness_phin","fitness_phiw"
"432","Ig","log10",432,0.26348146,5.95624939,7.04389857,2.0083873,0.09976924,227.049412,9.62134307134045,9.70466156458079,9.87566148032337,5.7397132976002,8.72021637809615,9.65685075517388
