"","cue","log","id","rho","burst","iota_N1","iota_N2","phi_N1","phi_N2","fitness_rho","fitness_beta","fitness_psin","fitness_psiw","fitness_phin","fitness_phiw"
"285","Ig","log10",285,0.34840789,3.71179362,15.3364366,0.93383996,0.0830069,174.13449,9.65448446527959,0.621686080019124,9.65849987932515,9.29871778607104,8.95851211290777,9.67493787174039
