"","cue","log","id","rho","burst","iota_N1","iota_N2","phi_N1","phi_N2","fitness_rho","fitness_beta","fitness_psin","fitness_psiw","fitness_phin","fitness_phiw"
"2234","Ig","log10",2234,0.27730418,3.84968459,4.46791701,0.88805504,0.1959675,174.965774,9.62766912708314,0.827682791746578,9.93722299548331,9.46316917195634,7.4089883689546,9.67457233863276
