"","cue","log","id","rho","burst","iota_N1","iota_N2","phi_N1","phi_N2","fitness_rho","fitness_beta","fitness_psin","fitness_psiw","fitness_phin","fitness_phiw"
"1150","Ig","log10",1150,0.26855702,4.78571227,3.25728924,0.65605714,0.04371797,19.3073669,9.62371754629384,5.08305858936724,9.96482358471359,10.2325427234349,9.50729074326776,10.1460068691354
