"","iter","rho","burst","iota_N1","iota_N2","phi_N1","phi_N2","max_fitness_rho","max_fitness_beta","max_fitness_psin","max_fitness_psiw","max_fitness_phin","max_fitness_phiw","id"
"199",199,0.23014583,5.45450649,28.7545899,1.35034754,0.0227618,7620.78441,9.60414651804681,9.11496740387029,9.27237927283405,7.75145734103125,9.78037685636137,9.5970047237202,"Ig_log"
