"","cue","log","id","rho","burst","iota_N1","iota_N2","phi_N1","phi_N2","fitness_rho","fitness_beta","fitness_psin","fitness_psiw","fitness_phin","fitness_phiw"
"3407","Ig","log10",3407,0.15652242,4.5539735,19.9721224,2.31070768,0.07763874,17261.0327,9.55297489524955,3.37003142392938,9.52853544991362,5.07270073179461,9.03469792012173,9.59594821675126
