"","iter","rho","burst","iota_N1","iota_N2","phi_N1","phi_N2","max_fitness_rho","max_fitness_beta","max_fitness_psin","max_fitness_psiw","max_fitness_phin","max_fitness_phiw","id"
"745",745,0.36593174,5.77102712,17.1841123,1.05823272,0.03974658,17.424962,9.65990002907975,9.66320025941931,9.60726601278671,8.83925867227073,9.5607093291589,10.1878439098388,"Ig_log"
