"","cue","log","id","rho","burst","iota_N1","iota_N2","phi_N1","phi_N2","fitness_rho","fitness_beta","fitness_psin","fitness_psiw","fitness_phin","fitness_phiw"
"349","Ig","log10",349,0.24949148,5.43891029,1.86882739,1.19505095,0.23041904,1045.24033,9.61448281865575,9.06845127265473,9.99527683135743,8.32520387220623,6.98275922923455,9.60882073571081
