"","cue","log","id","rho","burst","iota_N1","iota_N2","phi_N1","phi_N2","fitness_rho","fitness_beta","fitness_psin","fitness_psiw","fitness_phin","fitness_phiw"
"3947","Ig","log10",3947,0.26918469,4.52178327,23.3608607,2.45538954,0.15844633,898.648855,9.62400590120988,3.16804511544648,9.43094693478269,4.80047493847168,7.90261166026352,9.61103833770354
