"","cue","log","id","rho","burst","iota_N1","iota_N2","phi_N1","phi_N2","fitness_rho","fitness_beta","fitness_psin","fitness_psiw","fitness_phin","fitness_phiw"
"4752","Ig","log10",4752,0.49711061,6.20051392,6.46252347,1.98171639,0.23459974,1432.95155,9.69059711985578,9.54764598009913,9.88985714142994,5.80573744193989,6.9329312266827,9.60512958909874
