"","cue","log","id","rho","burst","iota_N1","iota_N2","phi_N1","phi_N2","fitness_rho","fitness_beta","fitness_psin","fitness_psiw","fitness_phin","fitness_phiw"
"3675","Ig","log10",3675,0.39139418,3.95067932,122.701302,0.72099071,0.00459381,788.609749,9.66711646777618,1.0166560512019,6.61166131504476,10.0297570329339,9.98867523118705,9.61324303469176
