"","cue","log","id","rho","burst","iota_N1","iota_N2","phi_N1","phi_N2","fitness_rho","fitness_beta","fitness_psin","fitness_psiw","fitness_phin","fitness_phiw"
"1217","Ig","log10",1217,0.19702645,4.75251951,25.6227052,1.75350253,0.04689446,2856.92951,9.58377010095552,4.81693777263176,9.36486902649422,6.42377577171408,9.46415246169509,9.60014742050504
