"","cue","log","id","rho","burst","iota_N1","iota_N2","phi_N1","phi_N2","fitness_rho","fitness_beta","fitness_psin","fitness_psiw","fitness_phin","fitness_phiw"
"554","Ig","log10",554,0.43280451,3.96602119,35.6704553,0.57153162,0.0323402,420.658235,9.67740677031832,1.04868952002403,9.06522163882362,10.4799112883974,9.65850500940546,9.62886229149773
