"","cue","log","id","rho","burst","iota_N1","iota_N2","phi_N1","phi_N2","fitness_rho","fitness_beta","fitness_psin","fitness_psiw","fitness_phin","fitness_phiw"
"1208","Ig","log10",1208,0.28396,4.21251981,25.1769846,0.80100842,0.02421821,351.691432,9.6305688141927,1.71894016910826,9.37794222405051,9.76575336299105,9.76224924784586,9.6353638555473
