"","cue","log","id","rho","burst","iota_N1","iota_N2","phi_N1","phi_N2","fitness_rho","fitness_beta","fitness_psin","fitness_psiw","fitness_phin","fitness_phiw"
"2730","Ig","log10",2730,0.34483788,6.05177484,12.743144,1.83125726,0.05596442,17721.4196,9.65332951970019,9.66689407088343,9.72890800242574,6.20225572890197,9.3393252703299,9.59592910664715
