"","cue","log","id","rho","burst","iota_N1","iota_N2","phi_N1","phi_N2","fitness_rho","fitness_beta","fitness_psin","fitness_psiw","fitness_phin","fitness_phiw"
"1731","Ig","log10",1731,0.22125089,3.82061622,26.0902858,0.85450442,0.0189443,53.943313,9.59903104417751,0.779685466685628,9.35112942737172,9.58149621883322,9.82707478735852,9.8332840493633
