"","cue","log","id","rho","burst","iota_N1","iota_N2","phi_N1","phi_N2","fitness_rho","fitness_beta","fitness_psin","fitness_psiw","fitness_phin","fitness_phiw"
"62","Ig","log10",62,0.35643206,4.06083012,17.0177289,0.83611979,0.05437647,147.937053,9.65701342779735,1.269155504565,9.61190899659035,9.64546262030857,9.36133052047469,9.68847633992817
