"","cue","log","id","rho","burst","iota_N1","iota_N2","phi_N1","phi_N2","fitness_rho","fitness_beta","fitness_psin","fitness_psiw","fitness_phin","fitness_phiw"
"3617","Ig","log10",3617,0.18622371,4.6408578,75.6174637,2.12621758,0.01927119,1797.57876,9.57626035653592,3.9645325298944,7.86807209937443,5.46256075750113,9.82312558688297,9.60310515645388
