"","cue","log","id","rho","burst","iota_N1","iota_N2","phi_N1","phi_N2","fitness_rho","fitness_beta","fitness_psin","fitness_psiw","fitness_phin","fitness_phiw"
"4284","Ig","log10",4284,0.31355808,6.18786315,39.3760321,1.89583173,0.01995267,1108.93653,9.64241492283214,9.56017330178479,8.95317669482502,6.02697981971799,9.81485946944165,9.60803638945039
