"","cue","log","id","rho","burst","iota_N1","iota_N2","phi_N1","phi_N2","fitness_rho","fitness_beta","fitness_psin","fitness_psiw","fitness_phin","fitness_phiw"
"2965","Ig","log10",2965,0.30349329,5.5792203,13.5560586,0.97872013,0.01632222,1198.2634,9.63856468958836,9.4157268744687,9.70704228767097,9.13471483081549,9.85839135756069,9.60708038974275
