"","cue","log","id","rho","burst","iota_N1","iota_N2","phi_N1","phi_N2","fitness_rho","fitness_beta","fitness_psin","fitness_psiw","fitness_phin","fitness_phiw"
"2749","Ig","log10",2749,0.30365013,5.5241308,8.1710167,1.11446617,0.11268455,1198.91309,9.63863033096961,9.29793325087397,9.84767992934855,8.62812951369141,8.53714542705923,9.6070730584022
