"","cue","log","id","rho","burst","iota_N1","iota_N2","phi_N1","phi_N2","fitness_rho","fitness_beta","fitness_psin","fitness_psiw","fitness_phin","fitness_phiw"
"3621","Ig","log10",3621,0.31164278,3.9618248,17.4761613,0.78356535,0.03496087,260.542223,9.64169772617612,1.03983542729279,9.59909217411427,9.82454915016456,9.62420335880057,9.64910482686431
