"","cue","log","id","rho","burst","iota_N1","iota_N2","phi_N1","phi_N2","fitness_rho","fitness_beta","fitness_psin","fitness_psiw","fitness_phin","fitness_phiw"
"3544","Ig","log10",3544,0.40028465,4.90501848,5.17391223,0.4570311,0.03570435,147.370471,9.66946366402241,6.04796215015447,9.92070856098057,10.7840576748665,9.61440999405322,9.68881967328101
