"","cue","log","id","rho","burst","iota_N1","iota_N2","phi_N1","phi_N2","fitness_rho","fitness_beta","fitness_psin","fitness_psiw","fitness_phin","fitness_phiw"
"4358","Ig","log10",4358,0.29021669,3.99053892,69.652268,0.7716465,0.01078563,167.816617,9.63321311747262,1.10188738281773,8.04218368500181,9.86433624192112,9.92212815554806,9.67782977514251
