"","cue","log","id","rho","burst","iota_N1","iota_N2","phi_N1","phi_N2","fitness_rho","fitness_beta","fitness_psin","fitness_psiw","fitness_phin","fitness_phiw"
"1504","Ig","log10",1504,0.41515972,4.75092782,1.0142252,0.43035887,0.22460151,5623.83015,9.67321784658288,4.80427418568397,10.0133031842679,10.84981624025,7.05279198832537,9.59767288958675
