"","iter","rho","burst","iota_N1","iota_N2","phi_N1","phi_N2","max_fitness_rho","max_fitness_beta","max_fitness_psin","max_fitness_psiw","max_fitness_phin","max_fitness_phiw","id"
"374",374,0.27320623,4.05644429,12.1701775,0.70156083,0.04133198,828.446728,9.62583897570728,1.25803819146248,9.74419657974279,10.0915567093363,9.53945844289398,9.6123784318964,"Ig_log"
