"","cue","log","id","rho","burst","iota_N1","iota_N2","phi_N1","phi_N2","fitness_rho","fitness_beta","fitness_psin","fitness_psiw","fitness_phin","fitness_phiw"
"2275","Ig","log10",2275,0.30351404,5.43920211,43.2607064,0.90960361,0.01533509,481.945988,9.63857618834162,9.06934275184416,8.83533327626452,9.38616901218244,9.87000305362879,9.62462575838391
