"","cue","log","id","rho","burst","iota_N1","iota_N2","phi_N1","phi_N2","fitness_rho","fitness_beta","fitness_psin","fitness_psiw","fitness_phin","fitness_phiw"
"4390","Ig","log10",4390,0.28119694,4.62287663,79.4999792,0.45409205,0.00213979,49.7939227,9.62937631929525,3.83586350701613,7.75626116114242,10.7913965726005,10.0133441050808,9.85074173493087
