"","cue","log","id","rho","burst","iota_N1","iota_N2","phi_N1","phi_N2","fitness_rho","fitness_beta","fitness_psin","fitness_psiw","fitness_phin","fitness_phiw"
"4060","Ig","log10",4060,0.35918061,4.89038037,9.33160247,0.48221223,0.02091428,620.737362,9.65786145155322,5.93078791565138,9.81828031340781,10.7202239824399,9.80312880617402,9.6180970215664
