"","cue","log","id","rho","burst","iota_N1","iota_N2","phi_N1","phi_N2","fitness_rho","fitness_beta","fitness_psin","fitness_psiw","fitness_phin","fitness_phiw"
"3636","Ig","log10",3636,0.43457266,6.08265662,77.7170348,1.98276569,0.01664414,249.332807,9.67781255175649,9.64763046466713,7.80745156877979,5.80311558130142,9.85458339189672,9.6514720344124
