"","cue","log","id","rho","burst","iota_N1","iota_N2","phi_N1","phi_N2","fitness_rho","fitness_beta","fitness_psin","fitness_psiw","fitness_phin","fitness_phiw"
"1949","Ig","log10",1949,0.27616621,4.5243649,198.886113,1.97771667,0.01703563,1262.01779,9.62716519609624,3.18387119273564,5.07460746023804,5.81574712926264,9.84993730411774,9.60647812008804
