"","cue","log","id","rho","burst","iota_N1","iota_N2","phi_N1","phi_N2","fitness_rho","fitness_beta","fitness_psin","fitness_psiw","fitness_phin","fitness_phiw"
"3039","Ig","log10",3039,0.31224915,4.03580604,3.4224123,0.75338067,0.11976097,5817.9244,9.64192497224346,1.20697499671129,9.96111336561292,9.92468044344887,8.43733938863162,9.59758855177742
