"","cue","log","id","rho","burst","iota_N1","iota_N2","phi_N1","phi_N2","fitness_rho","fitness_beta","fitness_psin","fitness_psiw","fitness_phin","fitness_phiw"
"4886","Ig","log10",4886,0.26396875,3.85738097,9.45274951,0.8768257,0.0834825,4726.95601,9.62157227889667,0.84084038494097,9.81518036027803,9.50299426423615,8.95175460170869,9.59815924863686
