"","cue","log","id","rho","burst","iota_N1","iota_N2","phi_N1","phi_N2","fitness_rho","fitness_beta","fitness_psin","fitness_psiw","fitness_phin","fitness_phiw"
"4854","Ig","log10",4854,0.37112464,6.10394478,56.589231,1.67525794,0.0117186,646.560308,9.66143270630805,9.63254026687105,8.43148586235004,6.65839736983211,9.91163996617415,9.61718700439173
