"","cue","log","id","rho","burst","iota_N1","iota_N2","phi_N1","phi_N2","fitness_rho","fitness_beta","fitness_psin","fitness_psiw","fitness_phin","fitness_phiw"
"3741","Ig","log10",3741,0.32080384,3.91840288,22.9585521,0.68966152,0.02130715,350.234465,9.64507614837899,0.95226130812333,9.44262851057554,10.1289393367558,9.79831409857257,9.6355278190351
