"","cue","log","id","rho","burst","iota_N1","iota_N2","phi_N1","phi_N2","fitness_rho","fitness_beta","fitness_psin","fitness_psiw","fitness_phin","fitness_phiw"
"951","Ig","log10",951,0.30839703,3.91143456,5.55298441,0.79132526,0.06430692,173.418057,9.64046399501519,0.938874007581575,9.91172563575976,9.79847228637412,9.22286688648268,9.67525430620548
