"","iter","rho","burst","iota_N1","iota_N2","phi_N1","phi_N2","max_fitness_rho","max_fitness_beta","max_fitness_psin","max_fitness_psiw","max_fitness_phin","max_fitness_phiw","id"
"224",224,0.27138361,4.09181193,4.32292722,0.645238,0.13044506,3877.82637,9.62501324690615,1.35046505572649,9.94057128425184,10.265272501751,8.28760654290134,9.59882467965495,"Ig_log"
