"","cue","log","id","rho","burst","iota_N1","iota_N2","phi_N1","phi_N2","fitness_rho","fitness_beta","fitness_psin","fitness_psiw","fitness_phin","fitness_phiw"
"3123","Ig","log10",3123,0.56507503,3.89532644,4.39040226,0.58486649,0.30365718,1192.90804,9.70175114509142,0.908595345460327,9.93901259294815,10.4421678857525,6.17058830920051,9.60712990145812
