"","iter","rho","burst","iota_N1","iota_N2","phi_N1","phi_N2","max_fitness_rho","max_fitness_beta","max_fitness_psin","max_fitness_psiw","max_fitness_phin","max_fitness_phiw","id"
"383",383,0.24018638,4.50847823,149.438008,1.91441164,0.0194689,4340.84427,9.60964192234539,3.08754849989263,6.00441849802085,5.97798165686807,9.82073222251153,9.59842946098624,"Ig_log"
