"","iter","rho","burst","iota_N1","iota_N2","phi_N1","phi_N2","max_fitness_rho","max_fitness_beta","max_fitness_psin","max_fitness_psiw","max_fitness_phin","max_fitness_phiw","id"
"418",418,0.3683848,4.78703727,28.0414014,0.49124877,0.01543931,817.971329,9.66062971589891,5.09375137116891,9.29353294661265,10.6968988999795,9.86878381521974,9.61259833213547,"Ig_log"
