"","cue","log","id","rho","burst","iota_N1","iota_N2","phi_N1","phi_N2","fitness_rho","fitness_beta","fitness_psin","fitness_psiw","fitness_phin","fitness_phiw"
"2184","Ig","log10",2184,0.47652848,6.09411873,255.616625,2.14521759,0.00606177,3194.03986,9.68669433892009,9.63968366537822,4.26059716835518,5.42000568517466,9.9734218978279,9.59961915541125
