"","cue","log","id","rho","burst","iota_N1","iota_N2","phi_N1","phi_N2","fitness_rho","fitness_beta","fitness_psin","fitness_psiw","fitness_phin","fitness_phiw"
"329","Ig","log10",329,0.18394153,4.6549795,9.5185938,2.28751579,0.21718911,841.157681,9.57461660705199,4.06748283895237,9.81349337316458,5.11895768106452,7.14318402283307,9.61212091456048
