"","cue","log","id","rho","burst","iota_N1","iota_N2","phi_N1","phi_N2","fitness_rho","fitness_beta","fitness_psin","fitness_psiw","fitness_phin","fitness_phiw"
"873","Ig","log10",873,0.25466825,3.8252291,57.8269351,0.87741375,0.01307144,870.435631,9.61707565251096,0.787127269040089,8.39422594517194,9.50091340716997,9.89623908781699,9.61155282419617
