"","cue","log","id","rho","burst","iota_N1","iota_N2","phi_N1","phi_N2","fitness_rho","fitness_beta","fitness_psin","fitness_psiw","fitness_phin","fitness_phiw"
"1477","Ig","log10",1477,0.32073284,5.36449999,11.9996626,1.2917179,0.05302818,383.154559,9.64505445571613,8.8167731874844,9.74872743049387,7.96556010606513,9.37997108285463,9.63211581112067
