"","cue","log","id","rho","burst","iota_N1","iota_N2","phi_N1","phi_N2","fitness_rho","fitness_beta","fitness_psin","fitness_psiw","fitness_phin","fitness_phiw"
"250","Ig","log10",250,0.4327203,4.77846095,3.99803988,0.4526721,0.03277537,61.814385,9.67738692855048,5.02461844770625,9.94804104709448,10.7949339879278,9.65283411129439,9.80594886191703
