"","cue","log","id","rho","burst","iota_N1","iota_N2","phi_N1","phi_N2","fitness_rho","fitness_beta","fitness_psin","fitness_psiw","fitness_phin","fitness_phiw"
"4856","Ig","log10",4856,0.35955598,4.01158431,23.1464013,0.67038868,0.03348536,603.788456,9.65797657716188,1.14960126730772,9.43717656348113,10.1887162604201,9.64356060998634,9.6187347571166
