"","cue","log","id","rho","burst","iota_N1","iota_N2","phi_N1","phi_N2","fitness_rho","fitness_beta","fitness_psin","fitness_psiw","fitness_phin","fitness_phiw"
"2401","Ig","log10",2401,0.30727277,5.46900035,12.3162394,1.18595928,0.04548777,3049.5834,9.64003324142699,9.15634009683027,9.74030695943491,8.35931082556319,9.4832945988782,9.5998317320567
