"","cue","log","id","rho","burst","iota_N1","iota_N2","phi_N1","phi_N2","fitness_rho","fitness_beta","fitness_psin","fitness_psiw","fitness_phin","fitness_phiw"
"1255","Ig","log10",1255,0.23117344,5.46704563,3.06886389,1.19700647,0.16850086,356.957142,9.60472334727251,9.1508668563609,9.96903846183121,8.31787264623402,7.76758142086872,9.63478152154054
