"","iter","rho","burst","iota_N1","iota_N2","phi_N1","phi_N2","max_fitness_rho","max_fitness_beta","max_fitness_psin","max_fitness_psiw","max_fitness_phin","max_fitness_phiw","id"
"454",454,0.40367123,4.82279332,17.9487554,0.51452216,0.01750754,158.82705,9.67033645943131,5.38347947204344,9.58583189800483,10.6358039256033,9.84431717758759,9.68232794835017,"Ig_log"
