"","cue","log","id","rho","burst","iota_N1","iota_N2","phi_N1","phi_N2","fitness_rho","fitness_beta","fitness_psin","fitness_psiw","fitness_phin","fitness_phiw"
"2963","Ig","log10",2963,0.26181037,4.49955448,12.9605638,1.74431447,0.1957171,390.359804,9.62054645626488,3.03454128048551,9.72307709890183,6.45071913120456,7.41218359893157,9.63144106644214
