"","iter","rho","burst","iota_N1","iota_N2","phi_N1","phi_N2","max_fitness_rho","max_fitness_beta","max_fitness_psin","max_fitness_psiw","max_fitness_phin","max_fitness_phiw","id"
"451",451,0.24849853,5.74053865,12.4125166,1.18868981,0.02975201,244.04332,9.61397680609858,9.63921120517963,9.73774360674217,8.34906515870872,9.69201284551676,9.65266049120198,"Ig_log"
