"","iter","rho","burst","iota_N1","iota_N2","phi_N1","phi_N2","max_fitness_rho","max_fitness_beta","max_fitness_psin","max_fitness_psiw","max_fitness_phin","max_fitness_phiw","id"
"272",272,0.35439202,4.01683029,5.7404158,0.79493601,0.14979071,131.843716,9.6563756729579,1.16180047675112,9.90725507890916,9.78629578720193,8.0202989729509,9.69933415515471,"Ig_log"
