"","cue","log","id","rho","burst","iota_N1","iota_N2","phi_N1","phi_N2","fitness_rho","fitness_beta","fitness_psin","fitness_psiw","fitness_phin","fitness_phiw"
"2382","Ig","log10",2382,0.31822938,6.01076338,74.0419517,2.21732295,0.01147286,275.044963,9.64414123417012,9.68735825400573,7.91379434302714,5.26365815958801,9.91441286051497,9.64632644572774
