"","cue","log","id","rho","burst","iota_N1","iota_N2","phi_N1","phi_N2","fitness_rho","fitness_beta","fitness_psin","fitness_psiw","fitness_phin","fitness_phiw"
"3023","Ig","log10",3023,0.30222158,4.72581248,28.738803,1.67451713,0.06539187,911.157405,9.63806744393236,4.60606298383779,9.27284719771854,6.66067121153807,9.2076341833944,9.61082102522
