"","cue","log","id","rho","burst","iota_N1","iota_N2","phi_N1","phi_N2","fitness_rho","fitness_beta","fitness_psin","fitness_psiw","fitness_phin","fitness_phiw"
"254","Ig","log10",254,0.46151126,3.93777931,51.4710457,0.85921041,0.02103089,81.5987763,9.68366528064096,0.990442256993962,8.5861551704981,9.56502043428106,9.80170150623527,9.75870794134157
