"","cue","log","id","rho","burst","iota_N1","iota_N2","phi_N1","phi_N2","fitness_rho","fitness_beta","fitness_psin","fitness_psiw","fitness_phin","fitness_phiw"
"1266","Ig","log10",1266,0.38081567,6.21834156,79.5892273,2.35189397,0.01437392,555.948238,9.66420812697742,9.52935315637487,7.75370530514206,4.99239393933842,9.88121225311237,9.62074561871514
