"","cue","log","id","rho","burst","iota_N1","iota_N2","phi_N1","phi_N2","fitness_rho","fitness_beta","fitness_psin","fitness_psiw","fitness_phin","fitness_phiw"
"1090","Ig","log10",1090,0.40782283,4.77635376,7.48936122,0.49119024,0.04352106,1475.70076,9.67139325107288,5.00766673698382,9.86467277953255,10.6970512683305,9.50994979867047,9.60483863414852
