"","cue","log","id","rho","burst","iota_N1","iota_N2","phi_N1","phi_N2","fitness_rho","fitness_beta","fitness_psin","fitness_psiw","fitness_phin","fitness_phiw"
"2707","Ig","log10",2707,0.30551586,5.5657859,45.4563392,1.18382366,0.00870571,166.462341,9.63935455252614,9.38909530659412,8.76865542449699,8.36732499050569,9.94510042762298,9.67847874327035
