"","cue","log","id","rho","burst","iota_N1","iota_N2","phi_N1","phi_N2","fitness_rho","fitness_beta","fitness_psin","fitness_psiw","fitness_phin","fitness_phiw"
"2050","Ig","log10",2050,0.37376864,4.75426843,2.04956091,0.56842993,0.09702961,16.9358763,9.6622015309133,4.83085540427218,9.99138985211687,10.4886219327381,8.75914804290931,10.1997567106971
