"","cue","log","id","rho","burst","iota_N1","iota_N2","phi_N1","phi_N2","fitness_rho","fitness_beta","fitness_psin","fitness_psiw","fitness_phin","fitness_phiw"
"2824","Ig","log10",2824,0.39224626,4.72522239,12.1217702,0.47551244,0.03062687,297.929524,9.66734031547962,4.60144131631906,9.74548409244842,10.7373741390385,9.68072919767454,9.64247325393765
