"","cue","log","id","rho","burst","iota_N1","iota_N2","phi_N1","phi_N2","fitness_rho","fitness_beta","fitness_psin","fitness_psiw","fitness_phin","fitness_phiw"
"1527","Ig","log10",1527,0.29609931,3.8751362,20.9588738,0.8280077,0.02409967,2374.56455,9.63562475294357,0.871936646506743,9.50031429120111,9.67347785271619,9.76372905687928,9.60116737986547
