"","iter","rho","burst","iota_N1","iota_N2","phi_N1","phi_N2","max_fitness_rho","max_fitness_beta","max_fitness_psin","max_fitness_psiw","max_fitness_phin","max_fitness_phiw","id"
"447",447,0.27353603,3.87713627,10.6614666,0.61119486,0.08301096,225.136221,9.62598774055621,0.875505867488792,9.78393499914185,10.366228332845,8.95845367878855,9.65736051132009,"Ig_log"
