"","iter","rho","burst","iota_N1","iota_N2","phi_N1","phi_N2","max_fitness_rho","max_fitness_beta","max_fitness_psin","max_fitness_psiw","max_fitness_phin","max_fitness_phiw","id"
"443",443,0.19846205,4.6417372,15.5167132,2.12173599,0.15460091,394.595127,9.58473100151065,3.97089199391044,9.65353680157521,5.47267843055642,7.95473945251929,9.63105786611781,"Ig_log"
