"","cue","log","id","rho","burst","iota_N1","iota_N2","phi_N1","phi_N2","fitness_rho","fitness_beta","fitness_psin","fitness_psiw","fitness_phin","fitness_phiw"
"3232","Ig","log10",3232,0.39936255,4.76179619,3.41729853,0.43182801,0.08715256,491.714802,9.66922458618663,4.89092786022136,9.96123038202772,10.8462424426944,8.89959101902787,9.62404913511698
