"","cue","log","id","rho","burst","iota_N1","iota_N2","phi_N1","phi_N2","fitness_rho","fitness_beta","fitness_psin","fitness_psiw","fitness_phin","fitness_phiw"
"4051","Ig","log10",4051,0.26427401,5.66374997,52.0510589,1.1209019,0.01228545,3000.60883,9.62171624810053,9.55406405995809,8.56858332169434,8.60391959098845,9.90521367167967,9.59990802357597
