"","cue","log","id","rho","burst","iota_N1","iota_N2","phi_N1","phi_N2","fitness_rho","fitness_beta","fitness_psin","fitness_psiw","fitness_phin","fitness_phiw"
"2627","Ig","log10",2627,0.14897925,4.5838798,71.5570462,3.04629969,0.04376565,19.0564392,9.54635263364464,3.56674101316442,7.98629790481636,3.92542866809264,9.50664657426111,10.1512427213422
