"","cue","log","id","rho","burst","iota_N1","iota_N2","phi_N1","phi_N2","fitness_rho","fitness_beta","fitness_psin","fitness_psiw","fitness_phin","fitness_phiw"
"874","Ig","log10",874,0.40011336,4.87007005,4.70239311,0.52705942,0.05638981,1746.87689,9.66941864618917,5.76710420216866,9.93176698696703,10.6022832091458,9.33341914720529,9.60333495173736
