"","cue","log","id","rho","burst","iota_N1","iota_N2","phi_N1","phi_N2","fitness_rho","fitness_beta","fitness_psin","fitness_psiw","fitness_phin","fitness_phiw"
"3336","Ig","log10",3336,0.50017924,5.85433849,71.273157,1.81731101,0.01717717,213.676227,9.69115505837268,9.7027396461614,7.99460649492884,6.24113896728269,9.8482516828652,9.66060178856057
