"","cue","log","id","rho","burst","iota_N1","iota_N2","phi_N1","phi_N2","fitness_rho","fitness_beta","fitness_psin","fitness_psiw","fitness_phin","fitness_phiw"
"2106","Ig","log10",2106,0.38639436,6.0786471,119.278556,1.70204513,0.00545682,431.025144,9.66575377081336,9.65031051716314,6.69507294437716,6.57675059610496,9.97975145161583,9.62806289316696
