"","iter","rho","burst","iota_N1","iota_N2","phi_N1","phi_N2","max_fitness_rho","max_fitness_beta","max_fitness_psin","max_fitness_psiw","max_fitness_phin","max_fitness_phiw","id"
"19",19,0.32876565,5.46088533,3.82595235,1.00360484,0.14065544,2462.04459,9.64791005598257,9.13339829874739,9.95197079783978,9.04281207185824,8.14584565948264,9.60095515974573,"Ig_log"
