"","cue","log","id","rho","burst","iota_N1","iota_N2","phi_N1","phi_N2","fitness_rho","fitness_beta","fitness_psin","fitness_psiw","fitness_phin","fitness_phiw"
"1231","Ig","log10",1231,0.30774097,5.66356745,3.69069308,1.18309253,0.06941261,1061.01109,9.64021239605761,9.55382079398286,9.95505010910263,8.37007048706915,9.15103638382426,9.60861621112429
