"","cue","log","id","rho","burst","iota_N1","iota_N2","phi_N1","phi_N2","fitness_rho","fitness_beta","fitness_psin","fitness_psiw","fitness_phin","fitness_phiw"
"1713","Ig","log10",1713,0.34031399,4.04233356,7.15451837,0.60385186,0.03735697,1090.67959,9.65184021522545,1.22290726775736,9.87294197458431,10.3875960509381,9.59254666305083,9.60825460227691
