"","cue","log","id","rho","burst","iota_N1","iota_N2","phi_N1","phi_N2","fitness_rho","fitness_beta","fitness_psin","fitness_psiw","fitness_phin","fitness_phiw"
"4859","Ig","log10",4859,0.20331987,4.64844882,60.2393002,2.15589953,0.03206629,668.722453,9.58793226323811,4.01966848603302,8.32178604570592,5.39633688782576,9.6620660739532,9.61646242596961
