"","cue","log","id","rho","burst","iota_N1","iota_N2","phi_N1","phi_N2","fitness_rho","fitness_beta","fitness_psin","fitness_psiw","fitness_phin","fitness_phiw"
"3705","Ig","log10",3705,0.32172991,3.92539783,13.1431712,0.78885158,0.05081112,2769.68096,9.64541413924898,0.96588306727319,9.7181741631333,9.80680147285071,9.41051986588975,9.60030612629446
