"","cue","log","id","rho","burst","iota_N1","iota_N2","phi_N1","phi_N2","fitness_rho","fitness_beta","fitness_psin","fitness_psiw","fitness_phin","fitness_phiw"
"456","Ig","log10",456,0.4068861,6.14367551,69.2888024,1.71535317,0.01500271,1512.738,9.67115544871126,9.60071434579091,8.05287409962612,6.53670720665831,9.87389116143612,9.60460268333458
