"","cue","log","id","rho","burst","iota_N1","iota_N2","phi_N1","phi_N2","fitness_rho","fitness_beta","fitness_psin","fitness_psiw","fitness_phin","fitness_phiw"
"3385","Ig","log10",3385,0.28404827,5.64462564,16.3341701,1.1943479,0.02937897,58.1060173,9.63060783624286,9.52703308943974,9.63093454614883,8.32783990522112,9.69680731087022,9.81800558804264
