"","cue","log","id","rho","burst","iota_N1","iota_N2","phi_N1","phi_N2","fitness_rho","fitness_beta","fitness_psin","fitness_psiw","fitness_phin","fitness_phiw"
"3845","Ig","log10",3845,0.20993451,4.81891507,22.2347886,1.91287888,0.09065433,1024.01794,9.59215607531721,5.35198464792754,9.46357857214386,5.98200113369364,8.84980076890323,9.6091017472869
