"","iter","rho","burst","iota_N1","iota_N2","phi_N1","phi_N2","max_fitness_rho","max_fitness_beta","max_fitness_psin","max_fitness_psiw","max_fitness_phin","max_fitness_phiw","id"
"728",728,0.31007085,3.96575716,13.4137771,0.83698205,0.07488661,1726.41813,9.6411019205259,1.04813095502309,9.71088258885662,9.64247566892257,9.07368479739838,9.60343193155547,"Ig_log"
