"","cue","log","id","rho","burst","iota_N1","iota_N2","phi_N1","phi_N2","fitness_rho","fitness_beta","fitness_psin","fitness_psiw","fitness_phin","fitness_phiw"
"4737","Ig","log10",4737,0.3219768,3.75483853,15.0386707,0.80056101,0.04615948,81.5336019,9.64549669861096,0.680336683636119,9.66667849591104,9.76727074822803,9.47416265608644,9.7588293718871
