"","cue","log","id","rho","burst","iota_N1","iota_N2","phi_N1","phi_N2","fitness_rho","fitness_beta","fitness_psin","fitness_psiw","fitness_phin","fitness_phiw"
"2694","Ig","log10",2694,0.34432378,5.7659214,36.8265261,2.56827765,0.03580575,78.1285423,9.65316093710951,9.65955360087058,9.03032228930646,4.60613105922286,9.61307293556687,9.76540844979029
