"","cue","log","id","rho","burst","iota_N1","iota_N2","phi_N1","phi_N2","fitness_rho","fitness_beta","fitness_psin","fitness_psiw","fitness_phin","fitness_phiw"
"3790","Ig","log10",3790,0.34929658,4.7179324,31.8252398,0.46143299,0.00544799,2230.41403,9.6547702487606,4.54454108481053,9.18080908854489,10.7730220029753,9.97984241937787,9.60155912289808
