"","cue","log","id","rho","burst","iota_N1","iota_N2","phi_N1","phi_N2","fitness_rho","fitness_beta","fitness_psin","fitness_psiw","fitness_phin","fitness_phiw"
"1845","Ig","log10",1845,0.47616562,3.93403995,22.2669492,0.82442796,0.0409713,276.907444,9.68662345495192,0.982963688215201,9.46264868445686,9.68579886524765,9.54430328332916,9.64598764361067
