"","cue","log","id","rho","burst","iota_N1","iota_N2","phi_N1","phi_N2","fitness_rho","fitness_beta","fitness_psin","fitness_psiw","fitness_phin","fitness_phiw"
"2514","Ig","log10",2514,0.38008735,6.35620642,45.0033169,1.63512755,0.01534282,260.006105,9.66400409745926,9.36620630300444,8.78241289095732,6.78327932460611,9.86991217093052,9.64921252145375
