"","cue","log","id","rho","burst","iota_N1","iota_N2","phi_N1","phi_N2","fitness_rho","fitness_beta","fitness_psin","fitness_psiw","fitness_phin","fitness_phiw"
"338","Ig","log10",338,0.38444751,3.82910248,16.8930495,0.81097048,0.05752574,222.379117,9.66521616046654,0.79342568923206,9.61538952097866,9.73188304268376,9.3176311311342,9.65810829897107
