"","cue","log","id","rho","burst","iota_N1","iota_N2","phi_N1","phi_N2","fitness_rho","fitness_beta","fitness_psin","fitness_psiw","fitness_phin","fitness_phiw"
"3050","Ig","log10",3050,0.28005429,4.04423805,17.9043116,0.81682877,0.04017809,592.908,9.62887683397548,1.22759120884955,9.58707773588438,9.71186797829703,9.55493778054942,9.61916229600202
