"","cue","log","id","rho","burst","iota_N1","iota_N2","phi_N1","phi_N2","fitness_rho","fitness_beta","fitness_psin","fitness_psiw","fitness_phin","fitness_phiw"
"2997","Ig","log10",2997,0.25953841,3.75892712,9.73760402,0.7172864,0.10381383,605.386693,9.61945886870749,0.686157571520128,9.80787074805685,10.0416094696918,8.66279172237233,9.61867179950103
