"","cue","log","id","rho","burst","iota_N1","iota_N2","phi_N1","phi_N2","fitness_rho","fitness_beta","fitness_psin","fitness_psiw","fitness_phin","fitness_phiw"
"4673","Ig","log10",4673,0.20971188,4.64303854,110.378928,1.87620418,0.0264598,1287.52999,9.5920152688445,3.98032127440255,6.91801472957527,6.07943014376008,9.734045332555,9.6062534475154
