"","cue","log","id","rho","burst","iota_N1","iota_N2","phi_N1","phi_N2","fitness_rho","fitness_beta","fitness_psin","fitness_psiw","fitness_phin","fitness_phiw"
"1211","Ig","log10",1211,0.25474147,4.52186307,22.8419176,1.81627254,0.14723719,91.9356308,9.61711204924453,3.16853894831654,9.44601407148396,6.24405389063146,8.05526200690238,9.74155535585953
