"","cue","log","id","rho","burst","iota_N1","iota_N2","phi_N1","phi_N2","fitness_rho","fitness_beta","fitness_psin","fitness_psiw","fitness_phin","fitness_phiw"
"3724","Ig","log10",3724,0.30632466,4.8710772,11.3980336,0.47363165,0.02513645,745.588249,9.63966756609427,5.77524788364441,9.7646312612349,10.742168494536,9.75073803442699,9.61428152425973
