"","iter","rho","burst","iota_N1","iota_N2","phi_N1","phi_N2","max_fitness_rho","max_fitness_beta","max_fitness_psin","max_fitness_psiw","max_fitness_phin","max_fitness_phiw","id"
"124",124,0.41592167,4.87140638,2.56907256,0.49019563,0.11324845,241.51916,9.67340505814106,5.77790600595683,9.98009097783564,10.6996296564949,8.52917516187225,9.65324605147303,"Ig_log"
