"","cue","log","id","rho","burst","iota_N1","iota_N2","phi_N1","phi_N2","fitness_rho","fitness_beta","fitness_psin","fitness_psiw","fitness_phin","fitness_phiw"
"379","Ig","log10",379,0.27324838,5.75349794,18.0523494,1.16816852,0.03235473,1331.04996,9.62585671735979,9.65006204460213,9.58291731212364,8.42612721867879,9.65831504173959,9.60589114024325
