"","cue","log","id","rho","burst","iota_N1","iota_N2","phi_N1","phi_N2","fitness_rho","fitness_beta","fitness_psin","fitness_psiw","fitness_phin","fitness_phiw"
"3457","Ig","log10",3457,0.26515679,5.42584306,16.1178758,1.12505284,0.02850979,5698.88323,9.62213172377653,9.02785414254102,9.63693064321541,8.58830339339119,9.70795493551797,9.59764049036441
