"","cue","log","id","rho","burst","iota_N1","iota_N2","phi_N1","phi_N2","fitness_rho","fitness_beta","fitness_psin","fitness_psiw","fitness_phin","fitness_phiw"
"1058","Ig","log10",1058,0.24327896,4.00360191,27.1535719,0.88939393,0.02324437,1477.64232,9.61127165402581,1.13127461162138,9.31979153864353,9.45840379191965,9.77438759612727,9.60482824177412
