"","cue","log","id","rho","burst","iota_N1","iota_N2","phi_N1","phi_N2","fitness_rho","fitness_beta","fitness_psin","fitness_psiw","fitness_phin","fitness_phiw"
"967","Ig","log10",967,0.30547391,5.50859163,5.76904881,1.10136181,0.08699711,3728.6125,9.63933661093741,9.26049389250232,9.90657091833092,8.67741194228669,8.90180185984136,9.59897537124116
