"","cue","log","id","rho","burst","iota_N1","iota_N2","phi_N1","phi_N2","fitness_rho","fitness_beta","fitness_psin","fitness_psiw","fitness_phin","fitness_phiw"
"1479","Ig","log10",1479,0.43608558,4.03159279,8.49188522,0.66975376,0.08559178,999.216167,9.67815665596311,1.1968025643944,9.83960799333239,10.1906704707208,8.921781842072,9.60944698852607
