"","cue","log","id","rho","burst","iota_N1","iota_N2","phi_N1","phi_N2","fitness_rho","fitness_beta","fitness_psin","fitness_psiw","fitness_phin","fitness_phiw"
"1908","Ig","log10",1908,0.32249308,6.03210203,40.0971394,2.61097924,0.0372614,107.472078,9.64568699484742,9.67747153956699,8.93132049298464,4.53639889926575,9.59381319890168,9.72160954976168
