"","cue","log","id","rho","burst","iota_N1","iota_N2","phi_N1","phi_N2","fitness_rho","fitness_beta","fitness_psin","fitness_psiw","fitness_phin","fitness_phiw"
"1147","Ig","log10",1147,0.28464462,5.56404104,25.1866696,1.09634397,0.02338537,368.659267,9.63086271031322,9.38554440852689,9.37766016749668,8.69626971640068,9.77263573947126,9.63354466119723
