"","cue","log","id","rho","burst","iota_N1","iota_N2","phi_N1","phi_N2","fitness_rho","fitness_beta","fitness_psin","fitness_psiw","fitness_phin","fitness_phiw"
"2673","Ig","log10",2673,0.17940125,4.03808916,37.034212,0.74081121,0.00600336,2485.44421,9.5712731088816,1.21252783621808,9.02404206323742,9.96575580380179,9.97403520674891,9.6008996321181
