"","cue","log","id","rho","burst","iota_N1","iota_N2","phi_N1","phi_N2","fitness_rho","fitness_beta","fitness_psin","fitness_psiw","fitness_phin","fitness_phiw"
"2662","Ig","log10",2662,0.34642422,4.63085756,1.21349656,0.45331283,0.11874881,144.358411,9.65384265850393,3.89263019971222,10.0091510147398,10.7933377160498,8.45158481160837,9.69069138515465
