"","iter","rho","burst","iota_N1","iota_N2","phi_N1","phi_N2","max_fitness_rho","max_fitness_beta","max_fitness_psin","max_fitness_psiw","max_fitness_phin","max_fitness_phiw","id"
"2",2,0.25483632,4.05760761,43.9074619,0.86105239,0.01486683,1266.42334,9.61715990003389,1.26097772987066,8.81569363014302,9.55856031791918,9.8754768160503,9.60643728093286,"Ig_log"
