"","cue","log","id","rho","burst","iota_N1","iota_N2","phi_N1","phi_N2","fitness_rho","fitness_beta","fitness_psin","fitness_psiw","fitness_phin","fitness_phiw"
"4963","Ig","log10",4963,0.33826396,5.61208649,10.3386283,0.95463735,0.03640819,70.628126,9.65115651052775,9.47538866726936,9.79233351648939,9.22302972433094,9.60511357915954,9.78192632591517
