"","cue","log","id","rho","burst","iota_N1","iota_N2","phi_N1","phi_N2","fitness_rho","fitness_beta","fitness_psin","fitness_psiw","fitness_phin","fitness_phiw"
"4141","Ig","log10",4141,0.31182191,5.56963822,21.5808643,0.92474754,0.01441812,492.4249,9.6417645751081,9.39686955218797,9.48243385806597,9.33162515659319,9.88070023480179,9.62400742247909
