"","cue","log","id","rho","burst","iota_N1","iota_N2","phi_N1","phi_N2","fitness_rho","fitness_beta","fitness_psin","fitness_psiw","fitness_phin","fitness_phiw"
"4818","Ig","log10",4818,0.49748409,6.32357356,5.32734378,1.87244997,0.16169952,289.399621,9.69066474436521,9.40784918046715,9.91708274415346,6.08954410822674,7.85871720041447,9.64383819583354
