"","cue","log","id","rho","burst","iota_N1","iota_N2","phi_N1","phi_N2","fitness_rho","fitness_beta","fitness_psin","fitness_psiw","fitness_phin","fitness_phiw"
"1189","Ig","log10",1189,0.33264748,5.3242999,221.035541,1.22317666,0.00409992,184.75769,9.64925238960536,8.65928803171331,4.72874114141361,8.21993207264839,9.99372809216051,9.67050308683628
