"","iter","rho","burst","iota_N1","iota_N2","phi_N1","phi_N2","max_fitness_rho","max_fitness_beta","max_fitness_psin","max_fitness_psiw","max_fitness_phin","max_fitness_phiw","id"
"60",60,0.40182782,6.30689862,19.9506488,1.61860295,0.0382151,1644.46246,9.66986420930462,9.42847989977596,9.52914774126944,6.8355866654363,9.5811426955177,9.60384496310587,"Ig_log"
