"","cue","log","id","rho","burst","iota_N1","iota_N2","phi_N1","phi_N2","fitness_rho","fitness_beta","fitness_psin","fitness_psiw","fitness_phin","fitness_phiw"
"3197","Ig","log10",3197,0.21596732,4.4788487,64.2109083,2.44386125,0.03587459,5658.32128,9.59587356098183,2.91457974788969,8.20316966384229,4.82118099854219,9.61216410495074,9.59765890452252
