"","cue","log","id","rho","burst","iota_N1","iota_N2","phi_N1","phi_N2","fitness_rho","fitness_beta","fitness_psin","fitness_psiw","fitness_phin","fitness_phiw"
"2491","Ig","log10",2491,0.27071925,5.70342477,7.3200752,1.11291615,0.07006534,912.502562,9.62470939784638,9.60261315542771,9.8688583357736,8.63396190538848,9.14182867551069,9.61079885931546
