"","cue","log","id","rho","burst","iota_N1","iota_N2","phi_N1","phi_N2","fitness_rho","fitness_beta","fitness_psin","fitness_psiw","fitness_phin","fitness_phiw"
"1521","Ig","log10",1521,0.2682708,4.00783856,18.5700944,0.91640417,0.01951639,186.2484,9.62358267632084,1.14096696379051,9.56832310665386,9.36171819900566,9.82015614782696,9.66991754029143
