"","cue","log","id","rho","burst","iota_N1","iota_N2","phi_N1","phi_N2","fitness_rho","fitness_beta","fitness_psin","fitness_psiw","fitness_phin","fitness_phiw"
"2010","Ig","log10",2010,0.45275279,6.05694571,36.6167924,2.06473114,0.03360973,497.450954,9.68182536217063,9.66389262979397,9.03665452390529,5.60428332992253,9.64193185884593,9.6237207570339
