"","iter","rho","burst","iota_N1","iota_N2","phi_N1","phi_N2","max_fitness_rho","max_fitness_beta","max_fitness_psin","max_fitness_psiw","max_fitness_phin","max_fitness_phiw","id"
"827",827,0.17708111,4.73808492,16.4169817,1.82855579,0.08568412,1254.82877,9.5695277513453,4.7025315498056,9.62863542658128,6.20975958458831,8.92046943307091,9.60654161293533,"Ig_log"
