"","cue","log","id","rho","burst","iota_N1","iota_N2","phi_N1","phi_N2","fitness_rho","fitness_beta","fitness_psin","fitness_psiw","fitness_phin","fitness_phiw"
"3474","Ig","log10",3474,0.35322822,5.88905574,112.460983,2.0910919,0.01029484,1756.48948,9.65601240800572,9.70877582171046,6.86507659282449,5.54276133530028,9.9275996926818,9.60329138614175
