"","cue","log","id","rho","burst","iota_N1","iota_N2","phi_N1","phi_N2","fitness_rho","fitness_beta","fitness_psin","fitness_psiw","fitness_phin","fitness_phiw"
"2873","Ig","log10",2873,0.20930219,4.62481984,46.330564,2.45747844,0.06674823,8414.47396,9.59175847230111,3.84964070152126,8.74210923414758,4.79674351135226,9.18856492711554,9.59682773052611
