"","cue","log","id","rho","burst","iota_N1","iota_N2","phi_N1","phi_N2","fitness_rho","fitness_beta","fitness_psin","fitness_psiw","fitness_phin","fitness_phiw"
"4372","Ig","log10",4372,0.43273415,4.71803762,27.728323,0.44570141,0.00711923,80686.3117,9.67739208504126,4.54535822415216,9.30279983339942,10.8122224965659,9.96221990020638,9.59529301884502
