"","iter","rho","burst","iota_N1","iota_N2","phi_N1","phi_N2","max_fitness_rho","max_fitness_beta","max_fitness_psin","max_fitness_psiw","max_fitness_phin","max_fitness_phiw","id"
"674",674,0.2505995,4.08744398,19.1121528,0.9031258,0.03198126,97.9358292,9.61504086134727,1.33870438055517,9.55298337092553,9.40939447898962,9.66317389649903,9.73315043834261,"Ig_log"
