"","cue","log","id","rho","burst","iota_N1","iota_N2","phi_N1","phi_N2","fitness_rho","fitness_beta","fitness_psin","fitness_psiw","fitness_phin","fitness_phiw"
"386","Ig","log10",386,0.25155594,4.00407419,217.617521,1.05812506,0.00499648,435.219944,9.61552531406036,1.1323515121828,4.77959323092744,8.8396609546492,9.98452605653309,9.62775219883887
