"","cue","log","id","rho","burst","iota_N1","iota_N2","phi_N1","phi_N2","fitness_rho","fitness_beta","fitness_psin","fitness_psiw","fitness_phin","fitness_phiw"
"1855","Ig","log10",1855,0.31167546,5.5004118,13.8871555,1.25662241,0.04233097,80.0115699,9.64170877027054,9.2400239407811,9.69808325072585,8.09535221616029,9.52601729859248,9.76170290704487
