"","iter","rho","burst","iota_N1","iota_N2","phi_N1","phi_N2","max_fitness_rho","max_fitness_beta","max_fitness_psin","max_fitness_psiw","max_fitness_phin","max_fitness_phiw","id"
"801",801,0.5070264,3.8595762,129.955919,0.63854717,0.00671385,233706.967,9.69237987347115,0.844628712835133,6.43914899118205,10.2853587880375,9.96653604603145,9.59517707237991,"Ig_log"
