"","cue","log","id","rho","burst","iota_N1","iota_N2","phi_N1","phi_N2","fitness_rho","fitness_beta","fitness_psin","fitness_psiw","fitness_phin","fitness_phiw"
"1403","Ig","log10",1403,0.21088347,4.53824342,60.7257559,2.5724193,0.04263633,5694.80665,9.59274831750522,3.27005370891918,8.30721151581583,4.59928159398467,9.52189910660861,9.59764338641095
