"","cue","log","id","rho","burst","iota_N1","iota_N2","phi_N1","phi_N2","fitness_rho","fitness_beta","fitness_psin","fitness_psiw","fitness_phin","fitness_phiw"
"737","Ig","log10",737,0.26665883,4.6435178,16.6276202,1.91547357,0.18802001,71.9701945,9.62283668445949,3.98379623667246,9.62277871815344,5.97519949844546,7.5111170124334,9.77873959618811
