"","cue","log","id","rho","burst","iota_N1","iota_N2","phi_N1","phi_N2","fitness_rho","fitness_beta","fitness_psin","fitness_psiw","fitness_phin","fitness_phiw"
"659","Ig","log10",659,0.34849114,4.56005712,29.8379633,1.76860006,0.13716181,174.51114,9.65450842546701,3.40934860824502,9.24015951751254,6.37986063300562,8.19418799285518,9.67477138000364
