"","iter","rho","burst","iota_N1","iota_N2","phi_N1","phi_N2","max_fitness_rho","max_fitness_beta","max_fitness_psin","max_fitness_psiw","max_fitness_phin","max_fitness_phiw","id"
"748",748,0.34145623,4.71911153,36.5983487,0.49512355,0.01121976,1349.70971,9.65221883585026,4.55371901564753,9.03721614202157,10.6868297301561,9.91726001441826,9.60574021103215,"Ig_log"
