"","cue","log","id","rho","burst","iota_N1","iota_N2","phi_N1","phi_N2","fitness_rho","fitness_beta","fitness_psin","fitness_psiw","fitness_phin","fitness_phiw"
"2297","Ig","log10",2297,0.26781947,4.71456315,77.5265384,1.96441402,0.0325369,4942.20688,9.62337590835481,4.51834538767627,7.81293871556456,5.84923679205852,9.65594266542102,9.59802997232831
