"","iter","rho","burst","iota_N1","iota_N2","phi_N1","phi_N2","max_fitness_rho","max_fitness_beta","max_fitness_psin","max_fitness_psiw","max_fitness_phin","max_fitness_phiw","id"
"842",842,0.2297308,4.1492255,35.6322629,1.03009388,0.00790437,34.0428665,9.60391250879443,1.51483880389736,9.06637324246361,8.94437318390285,9.95379596992441,9.94904259289988,"Ig_log"
