"","cue","log","id","rho","burst","iota_N1","iota_N2","phi_N1","phi_N2","fitness_rho","fitness_beta","fitness_psin","fitness_psiw","fitness_phin","fitness_phiw"
"296","Ig","log10",296,0.21718107,4.03634932,60.863204,0.9332074,0.00884852,94.8553955,9.59660502277552,1.20829479372298,8.30309612397856,9.30101160795152,9.94354496142159,9.73734037366945
