"","cue","log","id","rho","burst","iota_N1","iota_N2","phi_N1","phi_N2","fitness_rho","fitness_beta","fitness_psin","fitness_psiw","fitness_phin","fitness_phiw"
"3110","Ig","log10",3110,0.2679247,3.99181189,16.7844465,0.99236447,0.03674383,611.854014,9.62342499109423,1.10471788315494,9.61841695174129,9.0843980354961,9.60067207708206,9.61842567701253
