"","cue","log","id","rho","burst","iota_N1","iota_N2","phi_N1","phi_N2","fitness_rho","fitness_beta","fitness_psin","fitness_psiw","fitness_phin","fitness_phiw"
"3750","Ig","log10",3750,0.45527708,6.03481435,16.8550628,2.2231574,0.06224358,363.528421,9.68236165386108,9.67609427596972,9.61644752066649,5.25135826880626,9.25178708812211,9.63407589038425
