"","cue","log","id","rho","burst","iota_N1","iota_N2","phi_N1","phi_N2","fitness_rho","fitness_beta","fitness_psin","fitness_psiw","fitness_phin","fitness_phiw"
"1761","Ig","log10",1761,0.37469644,3.96503331,148.369378,0.72570149,0.00555489,156.292688,9.66246725639324,1.04659921852462,6.02720500529754,10.0146335160911,9.97872974574835,9.68368588994236
