"","cue","log","id","rho","burst","iota_N1","iota_N2","phi_N1","phi_N2","fitness_rho","fitness_beta","fitness_psin","fitness_psiw","fitness_phin","fitness_phiw"
"131","Ig","log10",131,0.51709695,4.68597378,57.610435,2.14230072,0.09763432,273.444418,9.69413643893372,4.29890351892936,8.40073636502607,5.42649964193484,8.75055223528189,9.64661447748663
