"","cue","log","id","rho","burst","iota_N1","iota_N2","phi_N1","phi_N2","fitness_rho","fitness_beta","fitness_psin","fitness_psiw","fitness_phin","fitness_phiw"
"933","Ig","log10",933,0.29283922,3.93831335,13.6038001,0.72806765,0.04771209,224.420446,9.63429278501471,0.991514130635846,9.70575146300334,10.0070144997758,9.45299271176765,9.65755266018482
