"","cue","log","id","rho","burst","iota_N1","iota_N2","phi_N1","phi_N2","fitness_rho","fitness_beta","fitness_psin","fitness_psiw","fitness_phin","fitness_phiw"
"1546","Ig","log10",1546,0.35465999,4.77725008,4.35669102,0.44990059,0.03120027,234.237505,9.65646090909486,5.01488325739617,9.93979150718227,10.8018239329081,9.6733104623698,9.6550076187499
