"","cue","log","id","rho","burst","iota_N1","iota_N2","phi_N1","phi_N2","fitness_rho","fitness_beta","fitness_psin","fitness_psiw","fitness_phin","fitness_phiw"
"1842","Ig","log10",1842,0.39121433,6.10740504,22.0923756,2.04448703,0.04184067,861.073974,9.66706626784999,9.62995477441843,9.46769206562749,5.65231729042821,9.53261794219717,9.61172989875563
