"","cue","log","id","rho","burst","iota_N1","iota_N2","phi_N1","phi_N2","fitness_rho","fitness_beta","fitness_psin","fitness_psiw","fitness_phin","fitness_phiw"
"1924","Ig","log10",1924,0.33632936,4.61637205,3.99785319,0.57671479,0.08766252,152.285339,9.65050696566788,3.79001837079309,9.94804834285865,10.4652990064079,8.89234334131904,9.68592023860491
