"","cue","log","id","rho","burst","iota_N1","iota_N2","phi_N1","phi_N2","fitness_rho","fitness_beta","fitness_psin","fitness_psiw","fitness_phin","fitness_phiw"
"1041","Ig","log10",1041,0.22496154,3.87289164,2.24217378,1.11429845,0.23443003,13801.0577,9.60119301424196,0.867949074208244,9.98722285101119,8.62876052060228,6.93493959178937,9.59615787134601
