"","cue","log","id","rho","burst","iota_N1","iota_N2","phi_N1","phi_N2","fitness_rho","fitness_beta","fitness_psin","fitness_psiw","fitness_phin","fitness_phiw"
"578","Ig","log10",578,0.28637466,4.06992304,13.7080848,0.8243535,0.03882608,2084.86279,9.63159675643514,1.29251227002396,9.70293362536446,9.68605412536048,9.57300300603336,9.60200540648516
