"","cue","log","id","rho","burst","iota_N1","iota_N2","phi_N1","phi_N2","fitness_rho","fitness_beta","fitness_psin","fitness_psiw","fitness_phin","fitness_phiw"
"3630","Ig","log10",3630,0.533769,6.14657386,56.8054298,1.79327435,0.01688569,559.876524,9.69691812994805,9.59821303926537,8.42497307421778,6.30902399210181,9.85171871090259,9.6205665905625
