"","cue","log","id","rho","burst","iota_N1","iota_N2","phi_N1","phi_N2","fitness_rho","fitness_beta","fitness_psin","fitness_psiw","fitness_phin","fitness_phiw"
"3080","Ig","log10",3080,0.39293861,3.88702455,80.079395,0.82407952,0.01094054,3274.34448,9.66752709922127,0.893351817150943,7.73968433651233,9.68699622353497,9.92039374326852,9.59950774436768
