"","cue","log","id","rho","burst","iota_N1","iota_N2","phi_N1","phi_N2","fitness_rho","fitness_beta","fitness_psin","fitness_psiw","fitness_phin","fitness_phiw"
"501","Ig","none",501,0.35054379,4.00708699,10.3894422,0.60143422,0.0526858,614.112647,8.59577003161426,2.93004313036898,8.47417529587913,8.51695191465378,8.27293169416002,8.56965357997252
