"","cue","log","id","rho","burst","iota_N1","iota_N2","phi_N1","phi_N2","fitness_rho","fitness_beta","fitness_psin","fitness_psiw","fitness_phin","fitness_phiw"
"150","Ig","none",150,0.46263544,6.06049566,11.8623812,1.90703537,0.07814795,1982.09938,8.60306794867673,7.92216846264952,8.54561993805861,5.19633801418476,7.76361713787259,8.55684702531176
