"","cue","log","id","rho","burst","iota_N1","iota_N2","phi_N1","phi_N2","fitness_rho","fitness_beta","fitness_psin","fitness_psiw","fitness_phin","fitness_phiw"
"4231","Ig","none",4231,0.28001613,5.46412682,55.73352,1.03033556,0.00483453,215.654581,8.57831226763306,8.01055697357024,7.11512509546348,7.82660677069339,8.09053302146713,8.60243093251478
