"","cue","log","id","rho","burst","iota_N1","iota_N2","phi_N1","phi_N2","fitness_rho","fitness_beta","fitness_psin","fitness_psiw","fitness_phin","fitness_phiw"
"3044","Ig","none",3044,0.25625095,4.11835275,26.9046004,0.75149172,0.01475125,222.241614,8.5690271961716,3.56498692261712,8.18678548458019,8.70948700191605,8.27142993804777,8.60098076252641
