"","iter","rho","burst","iota_N1","iota_N2","phi_N1","phi_N2","max_fitness_rho","max_fitness_beta","max_fitness_psin","max_fitness_psiw","max_fitness_phin","max_fitness_phiw","id"
"99",99,0.33636413,3.83545335,45.2694005,0.80023204,0.01571543,1581.3823,8.59328016584619,1.90058004726118,7.45422790972397,8.6704571002507,8.29647195679512,8.55831949090895,"Ig_none"
