"","cue","log","id","rho","burst","iota_N1","iota_N2","phi_N1","phi_N2","fitness_rho","fitness_beta","fitness_psin","fitness_psiw","fitness_phin","fitness_phiw"
"1926","Ig","none",1926,0.43377458,6.03917277,12.674017,2.17347474,0.08160169,157.733745,8.60290087898995,7.97888120546711,8.57156937381764,4.73558166665443,7.70001815131893,8.62001675923685
