"","cue","log","id","rho","burst","iota_N1","iota_N2","phi_N1","phi_N2","fitness_rho","fitness_beta","fitness_psin","fitness_psiw","fitness_phin","fitness_phiw"
"149","Ig","none",149,0.20192789,4.70704163,8.3178598,2.22441299,0.2695553,5372.17865,8.53888818099831,5.86775846113342,8.34468998865678,4.65833251242676,5.64921397073974,8.55316232284221
