"","iter","rho","burst","iota_N1","iota_N2","phi_N1","phi_N2","max_fitness_rho","max_fitness_beta","max_fitness_psin","max_fitness_psiw","max_fitness_phin","max_fitness_phiw","id"
"463",463,0.37285288,5.39955411,15.4347129,1.17395901,0.0424471,5571.02717,8.59884605404898,7.83717050859825,8.59056522018384,7.23106339997165,8.47089324721226,8.55308482337137,"Ig_none"
