"","cue","log","id","rho","burst","iota_N1","iota_N2","phi_N1","phi_N2","fitness_rho","fitness_beta","fitness_psin","fitness_psiw","fitness_phin","fitness_phiw"
"1298","Ig","none",1298,0.30546997,4.04211009,7.75174898,0.60328189,0.11564644,8226.24078,8.5861749946978,3.13552006735241,8.3104246856967,8.5180519924652,7.14768605929341,8.55241119934233
