"","iter","rho","burst","iota_N1","iota_N2","phi_N1","phi_N2","max_fitness_rho","max_fitness_beta","max_fitness_psin","max_fitness_psiw","max_fitness_phin","max_fitness_phiw","id"
"632",632,0.20409732,4.07961058,37.1609866,0.94777232,0.01546778,386.852053,8.54037336605567,3.35019756027708,7.75499574463938,8.18548464806983,8.28987269975097,8.58031478317349,"Ig_none"
