"","cue","log","id","rho","burst","iota_N1","iota_N2","phi_N1","phi_N2","fitness_rho","fitness_beta","fitness_psin","fitness_psiw","fitness_phin","fitness_phiw"
"3052","Ig","none",3052,0.38826207,4.80708196,20.0790875,0.39344742,0.01810944,537.094016,8.60042330253772,6.15341213266096,8.47216439022348,8.51400295797311,8.36517444281542,8.57228045521572
