"","cue","log","id","rho","burst","iota_N1","iota_N2","phi_N1","phi_N2","fitness_rho","fitness_beta","fitness_psin","fitness_psiw","fitness_phin","fitness_phiw"
"1361","Ig","none",1361,0.21137758,4.65940758,79.9083386,2.2595716,0.0332571,237.550182,8.5451684265834,5.72818063759417,6.49332171608477,4.60674409417783,8.58699367660399,8.59790880642428
