"","cue","log","id","rho","burst","iota_N1","iota_N2","phi_N1","phi_N2","fitness_rho","fitness_beta","fitness_psin","fitness_psiw","fitness_phin","fitness_phiw"
"1622","Ig","none",1622,0.35183682,4.01150366,74.8599511,0.71633299,0.00914897,3610.50143,8.59597752343391,2.95617939881889,6.6076896220375,8.68106962081979,8.15730648165985,8.55421494847821
