"","cue","log","id","rho","burst","iota_N1","iota_N2","phi_N1","phi_N2","fitness_rho","fitness_beta","fitness_psin","fitness_psiw","fitness_phin","fitness_phiw"
"2938","Ig","none",2938,0.411543,4.73910615,27.1292415,0.40466256,0.01088503,8833.85057,8.60206542935304,5.96013852980395,8.17691296373844,8.51343151268961,8.18793587484505,8.55231407092271
