"","cue","log","id","rho","burst","iota_N1","iota_N2","phi_N1","phi_N2","fitness_rho","fitness_beta","fitness_psin","fitness_psiw","fitness_phin","fitness_phiw"
"2814","Ig","none",2814,0.39183865,6.10934605,17.3757969,1.95798554,0.06602793,606.319226,8.6007297849451,7.78478985679092,8.55648050295436,5.09996994647509,7.99878631809557,8.56989033471635
