"","cue","log","id","rho","burst","iota_N1","iota_N2","phi_N1","phi_N2","fitness_rho","fitness_beta","fitness_psin","fitness_psiw","fitness_phin","fitness_phiw"
"2427","Ig","none",2427,0.4271052,3.94167491,10.1312441,0.78369862,0.05762735,114.532084,8.60272150301356,2.53771762951377,8.45902093187381,8.69353984683106,8.1708062150039,8.6435592904315
