"","cue","log","id","rho","burst","iota_N1","iota_N2","phi_N1","phi_N2","fitness_rho","fitness_beta","fitness_psin","fitness_psiw","fitness_phin","fitness_phiw"
"3956","Ig","none",3956,0.24038682,4.09766816,8.42297951,0.89713969,0.07536893,52.5599331,8.56162072365058,3.45125814196538,8.35126237060861,8.39018437830483,7.81590796613877,8.73012575456714
