"","cue","log","id","rho","burst","iota_N1","iota_N2","phi_N1","phi_N2","fitness_rho","fitness_beta","fitness_psin","fitness_psiw","fitness_phin","fitness_phiw"
"3423","Ig","none",3423,0.27131341,4.0331813,8.05700677,0.80891587,0.03582437,653.279193,8.57514650066427,3.08354866351856,8.32864747516974,8.65472194801123,8.56558007879569,8.56855423810811
