"","iter","rho","burst","iota_N1","iota_N2","phi_N1","phi_N2","max_fitness_rho","max_fitness_beta","max_fitness_psin","max_fitness_psiw","max_fitness_phin","max_fitness_phiw","id"
"620",620,0.39197354,4.03406548,13.8793544,0.73263218,0.08299093,356.391726,8.60074124616786,3.08870724070284,8.59196899862682,8.69986827959312,7.67486549766188,8.58274554015015,"Ig_none"
