"","cue","log","id","rho","burst","iota_N1","iota_N2","phi_N1","phi_N2","fitness_rho","fitness_beta","fitness_psin","fitness_psiw","fitness_phin","fitness_phiw"
"4864","Ig","none",4864,0.38870155,4.76708123,15.6625057,0.43783824,0.01202595,2778.47457,8.60046181891084,6.03999946655259,8.58817815620339,8.51006545915306,8.21003481190339,8.55517669366834
