"","cue","log","id","rho","burst","iota_N1","iota_N2","phi_N1","phi_N2","fitness_rho","fitness_beta","fitness_psin","fitness_psiw","fitness_phin","fitness_phiw"
"3436","Ig","none",3436,0.40295178,4.61579984,14.3368711,0.49996598,0.02038834,297.176255,8.60155855107822,5.59705950658486,8.59449949273339,8.5016108117899,8.43395986465257,8.58884267623355
