"","cue","log","id","rho","burst","iota_N1","iota_N2","phi_N1","phi_N2","fitness_rho","fitness_beta","fitness_psin","fitness_psiw","fitness_phin","fitness_phiw"
"4578","Ig","none",4578,0.39819923,5.98451325,5.81495146,1.9252462,0.30738087,175.483661,8.60122888131645,8.1110795958741,8.21232197159073,5.16139605440773,5.41060571959143,8.61347467204782
