"","cue","log","id","rho","burst","iota_N1","iota_N2","phi_N1","phi_N2","fitness_rho","fitness_beta","fitness_psin","fitness_psiw","fitness_phin","fitness_phiw"
"1254","Ig","none",1254,0.33715368,6.10139507,6.58157598,1.92687934,0.14693262,641.671281,8.593430194855,7.80706466133009,8.24742960968124,5.15828948028274,6.73640652623697,8.56886748068874
