"","cue","log","id","rho","burst","iota_N1","iota_N2","phi_N1","phi_N2","fitness_rho","fitness_beta","fitness_psin","fitness_psiw","fitness_phin","fitness_phiw"
"3209","Ig","none",3209,0.19166866,4.56737806,17.619573,2.11100879,0.14659846,393.771336,8.53149794110157,5.44649332018881,8.55031300467848,4.83463576175981,6.74040150620301,8.57981289724462
