"","cue","log","id","rho","burst","iota_N1","iota_N2","phi_N1","phi_N2","fitness_rho","fitness_beta","fitness_psin","fitness_psiw","fitness_phin","fitness_phiw"
"3842","Ig","none",3842,0.25018075,4.03187943,21.7319786,0.88895124,0.02450211,7521.61093,8.5663154317725,3.07594468427121,8.40853981856912,8.42077053803527,8.53802003472456,8.55254361731325
