"","cue","log","id","rho","burst","iota_N1","iota_N2","phi_N1","phi_N2","fitness_rho","fitness_beta","fitness_psin","fitness_psiw","fitness_phin","fitness_phiw"
"1235","Ig","none",1235,0.21256617,4.70763164,22.4871428,1.75711716,0.10792838,632.69701,8.54592505106829,5.86946792848397,8.37766545472258,5.50682013774465,7.26212059038949,8.56911672677284
