"","cue","log","id","rho","burst","iota_N1","iota_N2","phi_N1","phi_N2","fitness_rho","fitness_beta","fitness_psin","fitness_psiw","fitness_phin","fitness_phiw"
"408","Ig","none",408,0.30468652,5.92300681,54.7298941,1.73555892,0.0139494,656.151271,8.58596189469593,8.26635951331171,7.14552283587668,5.55507443465191,8.25195319310548,8.56847836672622
