"","cue","log","id","rho","burst","iota_N1","iota_N2","phi_N1","phi_N2","fitness_rho","fitness_beta","fitness_psin","fitness_psiw","fitness_phin","fitness_phiw"
"3654","Ig","none",3654,0.42720851,6.01396506,53.5913131,2.1291138,0.03008471,3687.10211,8.60272362112761,8.04165452848224,7.18052306069658,4.80541309707895,8.59478909405043,8.55414899829631
