"","iter","rho","burst","iota_N1","iota_N2","phi_N1","phi_N2","max_fitness_rho","max_fitness_beta","max_fitness_psin","max_fitness_psiw","max_fitness_phin","max_fitness_phiw","id"
"461",461,0.2118842,4.47737801,16.4132056,2.11868037,0.19115904,605.522047,8.5454910548265,5.14800312726829,8.57705347249367,4.82220165996103,6.26843059957283,8.56991433326041,"Ig_none"
