"","cue","log","id","rho","burst","iota_N1","iota_N2","phi_N1","phi_N2","fitness_rho","fitness_beta","fitness_psin","fitness_psiw","fitness_phin","fitness_phiw"
"1690","Ig","none",1690,0.33565411,4.72955451,8.08367782,0.58025204,0.03647347,134.751811,8.59314280663109,5.93272493071663,8.33027210276896,8.50735609631962,8.55848585975777,8.63082744340623
