"","cue","log","id","rho","burst","iota_N1","iota_N2","phi_N1","phi_N2","fitness_rho","fitness_beta","fitness_psin","fitness_psiw","fitness_phin","fitness_phiw"
"2128","Ig","none",2128,0.33080415,4.68950264,6.43081948,0.50206788,0.04194041,226.469972,8.59217827812233,5.81673766850684,8.24015520293439,8.50140948169243,8.47953026512853,8.60009388452718
