"","cue","log","id","rho","burst","iota_N1","iota_N2","phi_N1","phi_N2","fitness_rho","fitness_beta","fitness_psin","fitness_psiw","fitness_phin","fitness_phiw"
"1617","Ig","none",1617,0.33712968,3.88143365,16.4383792,0.82151345,0.04691414,2189.85475,8.59342295181751,2.17387609653372,8.57659923489526,8.62786437717545,8.38870053304102,8.55629399719047
