"","cue","log","id","rho","burst","iota_N1","iota_N2","phi_N1","phi_N2","fitness_rho","fitness_beta","fitness_psin","fitness_psiw","fitness_phin","fitness_phiw"
"164","Ig","none",164,0.2584574,4.01927216,16.9078677,0.96975481,0.03702692,180.023116,8.56997677482089,3.00200311201712,8.56727848020648,8.09122511907912,8.55197887641214,8.61199586044553
