"","cue","log","id","rho","burst","iota_N1","iota_N2","phi_N1","phi_N2","fitness_rho","fitness_beta","fitness_psin","fitness_psiw","fitness_phin","fitness_phiw"
"4669","Ig","none",4669,0.33274655,5.41063207,4.48630803,1.25105397,0.13643763,624.351462,8.59257148554536,7.86725612845612,8.16059840709546,6.94337220422049,6.86574408312678,8.56935489485455
