"","cue","log","id","rho","burst","iota_N1","iota_N2","phi_N1","phi_N2","fitness_rho","fitness_beta","fitness_psin","fitness_psiw","fitness_phin","fitness_phiw"
"2895","Ig","none",2895,0.2214828,3.9811204,2.04459301,0.85351096,0.16622083,1628.42037,8.55136225106559,2.77529756826222,8.08193220740693,8.54112824338621,6.51830739006297,8.558107613331
