"","cue","log","id","rho","burst","iota_N1","iota_N2","phi_N1","phi_N2","fitness_rho","fitness_beta","fitness_psin","fitness_psiw","fitness_phin","fitness_phiw"
"185","Ig","none",185,0.29213977,4.72557946,16.6295108,1.61913113,0.13871139,518.164907,8.5823053800018,5.92129605732053,8.57299923030912,5.83309864690533,6.837030589264,8.57303878753027
