"","cue","log","id","rho","burst","iota_N1","iota_N2","phi_N1","phi_N2","fitness_rho","fitness_beta","fitness_psin","fitness_psiw","fitness_phin","fitness_phiw"
"1918","Ig","none",1918,0.37004757,4.79051098,6.15003858,0.48076492,0.01392808,218.432552,8.59851112687901,6.10651183159444,8.2271079434747,8.50391040106051,8.25145550515553,8.60181058746987
