"","cue","log","id","rho","burst","iota_N1","iota_N2","phi_N1","phi_N2","fitness_rho","fitness_beta","fitness_psin","fitness_psiw","fitness_phin","fitness_phiw"
"2951","Ig","none",2951,0.19150967,4.57057922,11.3598179,2.03859311,0.15543456,364.63518,8.53137952843271,5.45663600238093,8.52454716808505,4.95594727536427,6.63731038771833,8.58204969359711
