"","cue","log","id","rho","burst","iota_N1","iota_N2","phi_N1","phi_N2","fitness_rho","fitness_beta","fitness_psin","fitness_psiw","fitness_phin","fitness_phiw"
"1341","Ig","none",1341,0.27471872,3.9712357,9.52967941,0.99880441,0.03267474,1037.1633,8.57641720755432,2.71598419799507,8.42183811034238,7.96455562626009,8.59014547606939,8.56212458904709
