"","cue","log","id","rho","burst","iota_N1","iota_N2","phi_N1","phi_N2","fitness_rho","fitness_beta","fitness_psin","fitness_psiw","fitness_phin","fitness_phiw"
"1905","Ig","none",1905,0.43298619,3.82104721,22.4859267,0.6040947,0.02933073,32.632354,8.60288172168246,1.81658077890208,8.37771849448585,8.51855155067582,8.59287268519022,8.80119357485545
