"","cue","log","id","rho","burst","iota_N1","iota_N2","phi_N1","phi_N2","fitness_rho","fitness_beta","fitness_psin","fitness_psiw","fitness_phin","fitness_phiw"
"4415","Ig","none",4415,0.25885337,4.6516671,17.9561452,2.0421092,0.19648489,5503.81571,8.5701458170906,5.70517009011635,8.54124284642154,4.94988719331401,6.21911527924108,8.55310967120625
