"","cue","log","id","rho","burst","iota_N1","iota_N2","phi_N1","phi_N2","fitness_rho","fitness_beta","fitness_psin","fitness_psiw","fitness_phin","fitness_phiw"
"680","Ig","none",680,0.28270292,3.9498615,31.6645666,0.81924055,0.01932944,756.2844,8.57923804108477,2.58718719869313,7.98017812397251,8.63304330709927,8.40214011652181,8.56619694178709
