"","iter","rho","burst","iota_N1","iota_N2","phi_N1","phi_N2","max_fitness_rho","max_fitness_beta","max_fitness_psin","max_fitness_psiw","max_fitness_phin","max_fitness_phiw","id"
"265",265,0.30426227,5.53679434,14.507244,1.17547162,0.0226823,3033.27008,8.58584605482268,8.19876521863918,8.59477681549108,7.22520161708894,8.49733620407944,8.55482449446346,"Ig_none"
