"","cue","log","id","rho","burst","iota_N1","iota_N2","phi_N1","phi_N2","fitness_rho","fitness_beta","fitness_psin","fitness_psiw","fitness_phin","fitness_phiw"
"1196","Ig","none",1196,0.23170183,3.98759431,21.7795678,0.98777158,0.03519384,70.6693607,8.55711322466298,2.81403432837276,8.40662465598432,8.01282152401628,8.57187104382009,8.69204575106301
