"","cue","log","id","rho","burst","iota_N1","iota_N2","phi_N1","phi_N2","fitness_rho","fitness_beta","fitness_psin","fitness_psiw","fitness_phin","fitness_phiw"
"1124","Ig","none",1124,0.31118455,3.91526071,24.2619206,0.88133913,0.0320792,113.22272,8.58767877604483,2.37792328581798,8.30234652987794,8.44836586734506,8.59262322666759,8.64452412959048
