"","cue","log","id","rho","burst","iota_N1","iota_N2","phi_N1","phi_N2","fitness_rho","fitness_beta","fitness_psin","fitness_psiw","fitness_phin","fitness_phiw"
"2768","Ig","none",2768,0.26844292,4.04980791,17.1165412,0.712959,0.02550734,28.8737429,8.57404330012159,3.18007694461198,8.56263747667663,8.67614232749928,8.55590286377403,8.81964410744863
