"","cue","log","id","rho","burst","iota_N1","iota_N2","phi_N1","phi_N2","fitness_rho","fitness_beta","fitness_psin","fitness_psiw","fitness_phin","fitness_phiw"
"4133","Ig","none",4133,0.22530062,4.54210079,266.625736,2.39751042,0.01119444,72.4174005,8.55356946620872,5.36536738365283,4.30902964388855,4.41671272298426,8.19375492390362,8.68918241670764
