"","iter","rho","burst","iota_N1","iota_N2","phi_N1","phi_N2","max_fitness_rho","max_fitness_beta","max_fitness_psin","max_fitness_psiw","max_fitness_phin","max_fitness_phiw","id"
"921",921,0.32113396,3.93909075,17.1671518,0.87435114,0.02810223,66.0686545,8.59008265193916,2.52209161744421,8.56147006054987,8.47292254802431,8.58615580465387,8.70015576540325,"Ig_none"
