"","cue","log","id","rho","burst","iota_N1","iota_N2","phi_N1","phi_N2","fitness_rho","fitness_beta","fitness_psin","fitness_psiw","fitness_phin","fitness_phiw"
"1377","Ig","none",1377,0.25622002,3.92923643,8.15386442,1.1120966,0.06068832,51.3512627,8.56901284725323,2.46247931967738,8.33456459845254,7.47863016494964,8.10757930481078,8.73337136627286
