"","cue","log","id","rho","burst","iota_N1","iota_N2","phi_N1","phi_N2","fitness_rho","fitness_beta","fitness_psin","fitness_psiw","fitness_phin","fitness_phiw"
"3191","Ig","none",3191,0.16421134,4.69128603,15.7655625,2.30004599,0.11268424,302.453875,8.50844117512354,5.82194297356245,8.58694285446928,4.54901137758638,7.19093276829635,8.58820391703169
