"","cue","log","id","rho","burst","iota_N1","iota_N2","phi_N1","phi_N2","fitness_rho","fitness_beta","fitness_psin","fitness_psiw","fitness_phin","fitness_phiw"
"856","Ig","none",856,0.3407844,4.80016271,4.11457213,0.52933431,0.09867606,219.532835,8.59410462218593,6.13384003475983,8.14762161017046,8.49997699538478,7.40715288996352,8.6015672834052
