"","cue","log","id","rho","burst","iota_N1","iota_N2","phi_N1","phi_N2","fitness_rho","fitness_beta","fitness_psin","fitness_psiw","fitness_phin","fitness_phiw"
"2962","Ig","none",2962,0.42817947,4.76194242,14.0482926,0.47603752,0.02232632,9461.34651,8.60275274434024,6.02537330893793,8.59321230107173,8.50456621020883,8.488253940151,8.55222555013455
