"","cue","log","id","rho","burst","iota_N1","iota_N2","phi_N1","phi_N2","fitness_rho","fitness_beta","fitness_psin","fitness_psiw","fitness_phin","fitness_phiw"
"4452","Ig","none",4452,0.4872415,5.93590123,56.2212234,2.33073164,0.03037652,281.724015,8.60250912453293,8.23049899388937,7.10050448303203,4.50636694545976,8.59510668241869,8.59083681599628
