"","iter","rho","burst","iota_N1","iota_N2","phi_N1","phi_N2","max_fitness_rho","max_fitness_beta","max_fitness_psin","max_fitness_psiw","max_fitness_phin","max_fitness_phiw","id"
"412",412,0.42279411,4.79701014,93.788688,0.46447612,0.00207438,2171.22539,8.60257278010047,6.12491952129484,6.21195894069657,8.50624717234935,8.05140837398958,8.55633961319475,"Ig_none"
