"","iter","rho","burst","iota_N1","iota_N2","phi_N1","phi_N2","max_fitness_rho","max_fitness_beta","max_fitness_psin","max_fitness_psiw","max_fitness_phin","max_fitness_phiw","id"
"901",901,0.24843891,5.56679415,8.35880007,1.04548867,0.04879126,6229.6777,8.5655108483156,8.2732769712359,8.34724618167678,7.76073766192538,8.35183697137965,8.55286520724316,"Ig_none"
