"","cue","log","id","rho","burst","iota_N1","iota_N2","phi_N1","phi_N2","fitness_rho","fitness_beta","fitness_psin","fitness_psiw","fitness_phin","fitness_phiw"
"1842","Ig","none",1842,0.39121433,6.10740504,22.0923756,2.04448703,0.04184067,861.073974,8.60067719561259,7.79019816403145,8.39391686466458,4.94579822908975,8.48120904579271,8.56436962267312
