"","cue","log","id","rho","burst","iota_N1","iota_N2","phi_N1","phi_N2","fitness_rho","fitness_beta","fitness_psin","fitness_psiw","fitness_phin","fitness_phiw"
"726","Ig","none",726,0.30179302,5.96922416,10.9558093,1.85840739,0.06339706,1626.14785,8.58516006188299,8.14696917612971,8.5050019971966,5.29246555205956,8.0520795515683,8.55811809457987
