"","cue","log","id","rho","burst","iota_N1","iota_N2","phi_N1","phi_N2","fitness_rho","fitness_beta","fitness_psin","fitness_psiw","fitness_phin","fitness_phiw"
"684","Ig","none",684,0.34846829,6.03979282,29.9672068,2.11308666,0.01892459,665.032781,8.59543543559341,7.97728040096809,8.05295784606274,4.83126103200448,8.38984232053346,8.56824993010681
