"","cue","log","id","rho","burst","iota_N1","iota_N2","phi_N1","phi_N2","fitness_rho","fitness_beta","fitness_psin","fitness_psiw","fitness_phin","fitness_phiw"
"4403","Ig","none",4403,0.22262753,4.4858718,19.4276987,1.92146027,0.1255066,2783.67508,8.55203166792744,5.17740053089951,8.49520733074964,5.16861474179194,7.00943982035873,8.55516719900465
