"","cue","log","id","rho","burst","iota_N1","iota_N2","phi_N1","phi_N2","fitness_rho","fitness_beta","fitness_psin","fitness_psiw","fitness_phin","fitness_phiw"
"929","Ig","none",929,0.25647877,4.52205024,22.2908676,1.93465509,0.10287004,604.20436,8.569126263569,5.29959865479252,8.3857768367908,5.14356090934052,7.34030528535656,8.56995678320722
