"","cue","log","id","rho","burst","iota_N1","iota_N2","phi_N1","phi_N2","fitness_rho","fitness_beta","fitness_psin","fitness_psiw","fitness_phin","fitness_phiw"
"3719","Ig","none",3719,0.26826586,4.40180926,16.675799,2.4473656,0.24782665,299.255277,8.57397803632803,4.87289622901548,8.57208531864258,4.35242786165369,5.80113417234637,8.58858915154287
