"","cue","log","id","rho","burst","iota_N1","iota_N2","phi_N1","phi_N2","fitness_rho","fitness_beta","fitness_psin","fitness_psiw","fitness_phin","fitness_phiw"
"2885","Ig","none",2885,0.14812965,4.63782174,11.1047277,1.99459425,0.13005113,525.886689,8.49241477059547,5.66374060234612,8.51246395578329,5.03332744737203,6.94853020809076,8.5727236040275
