"","cue","log","id","rho","burst","iota_N1","iota_N2","phi_N1","phi_N2","fitness_rho","fitness_beta","fitness_psin","fitness_psiw","fitness_phin","fitness_phiw"
"2019","Ig","none",2019,0.35566993,4.09707054,2.83700693,0.76842981,0.10706113,55.7251958,8.59656635291201,3.44793848019631,8.10609216227423,8.70611164502159,7.27534294863499,8.72212522069432
