"","cue","log","id","rho","burst","iota_N1","iota_N2","phi_N1","phi_N2","fitness_rho","fitness_beta","fitness_psin","fitness_psiw","fitness_phin","fitness_phiw"
"2203","Ig","none",2203,0.29093548,5.47659765,17.8489932,1.07285942,0.03827867,5771.65378,8.5819299431994,8.0434507547507,8.54419789421063,7.6431185946854,8.53583455187535,8.55301206191452
