"","cue","log","id","rho","burst","iota_N1","iota_N2","phi_N1","phi_N2","fitness_rho","fitness_beta","fitness_psin","fitness_psiw","fitness_phin","fitness_phiw"
"3995","Ig","none",3995,0.25018978,4.7942077,47.6328963,1.75966245,0.04239187,2586.89715,8.56632041604338,6.1169829442942,7.37314419716424,5.50118536192545,8.47184390518908,8.55548498333986
