"","cue","log","id","rho","burst","iota_N1","iota_N2","phi_N1","phi_N2","fitness_rho","fitness_beta","fitness_psin","fitness_psiw","fitness_phin","fitness_phiw"
"4009","Ig","none",4009,0.2144115,5.50661319,5.65358671,1.32084803,0.0440103,81.9216949,8.54708278992779,8.12168559228993,8.2054912578247,6.70153517807086,8.44324770838842,8.67541713518538
