"","iter","rho","burst","iota_N1","iota_N2","phi_N1","phi_N2","max_fitness_rho","max_fitness_beta","max_fitness_psin","max_fitness_psiw","max_fitness_phin","max_fitness_phiw","id"
"493",493,0.29277638,5.58275223,10.0716457,1.15157344,0.02871644,505.060669,8.58250343146014,8.31179281431202,8.45544457908871,7.31891240521272,8.5900885192363,8.5735993307252,"Ig_none"
