"","cue","log","id","rho","burst","iota_N1","iota_N2","phi_N1","phi_N2","fitness_rho","fitness_beta","fitness_psin","fitness_psiw","fitness_phin","fitness_phiw"
"3550","Ig","none",3550,0.35949344,4.646224,34.2020587,0.52215519,0.0108022,191.240689,8.59712343201901,5.68892406851378,7.87409303074698,8.50009555960963,8.18639929486609,8.60862339454659
