"","cue","log","id","rho","burst","iota_N1","iota_N2","phi_N1","phi_N2","fitness_rho","fitness_beta","fitness_psin","fitness_psiw","fitness_phin","fitness_phiw"
"1787","Ig","none",1787,0.28252862,4.70010318,42.039924,2.14563866,0.07233817,182.717947,8.57917836809548,5.84762141303689,7.56967393318907,4.77911233965066,7.87407039844508,8.61114896235644
