"","cue","log","id","rho","burst","iota_N1","iota_N2","phi_N1","phi_N2","fitness_rho","fitness_beta","fitness_psin","fitness_psiw","fitness_phin","fitness_phiw"
"4276","Ig","none",4276,0.30707348,4.6898327,14.1618163,0.57246584,0.01931367,2865.6172,8.58660444592159,5.81770115365185,8.59384279388549,8.50500708887558,8.40167076891198,8.55504977565893
