"","cue","log","id","rho","burst","iota_N1","iota_N2","phi_N1","phi_N2","fitness_rho","fitness_beta","fitness_psin","fitness_psiw","fitness_phin","fitness_phiw"
"1231","Ig","none",1231,0.30774097,5.66356745,3.69069308,1.18309253,0.06941261,1061.01109,8.58678236631806,8.48643134135536,8.13338587723526,7.1957888405668,7.93130504673876,8.5618762973415
