"","cue","log","id","rho","burst","iota_N1","iota_N2","phi_N1","phi_N2","fitness_rho","fitness_beta","fitness_psin","fitness_psiw","fitness_phin","fitness_phiw"
"3216","Ig","none",3216,0.31209498,6.11688326,25.5889085,2.04728975,0.03589201,201.193776,8.58790799901035,7.76400909097442,8.24455796683521,4.94098856917434,8.56487074531758,8.60592722527922
