"","iter","rho","burst","iota_N1","iota_N2","phi_N1","phi_N2","max_fitness_rho","max_fitness_beta","max_fitness_psin","max_fitness_psiw","max_fitness_phin","max_fitness_phiw","id"
"498",498,0.39025487,6.04465773,31.412766,1.73755389,0.01775148,1156.9059,8.60059770996567,7.96462258309608,7.99089068193502,5.5505658562127,8.35445374267998,8.56098120314627,"Ig_none"
