"","iter","rho","burst","iota_N1","iota_N2","phi_N1","phi_N2","max_fitness_rho","max_fitness_beta","max_fitness_psin","max_fitness_psiw","max_fitness_phin","max_fitness_phiw","id"
"77",77,0.32670901,4.4352183,65.3223747,2.35508192,0.06921245,821.899804,8.59131890122245,4.99767282568257,6.84473064555487,4.47318509822164,7.93525981924033,8.56500026774198,"Ig_none"
