"","iter","rho","burst","iota_N1","iota_N2","phi_N1","phi_N2","max_fitness_rho","max_fitness_beta","max_fitness_psin","max_fitness_psiw","max_fitness_phin","max_fitness_phiw","id"
"657",657,0.3297235,3.93148945,5.99083172,0.8659251,0.15308125,36442.8769,8.59195575816574,2.4761122410695,8.2199803460904,8.5014556580598,6.66425548489811,8.55131368500056,"Ig_none"
