"","cue","log","id","rho","burst","iota_N1","iota_N2","phi_N1","phi_N2","fitness_rho","fitness_beta","fitness_psin","fitness_psiw","fitness_phin","fitness_phiw"
"1062","Ig","none",1062,0.36591933,6.07342423,31.399111,1.85453409,0.0264596,4805.13992,8.59799362751391,7.88629428218853,7.99147215833718,5.30030720064775,8.56964278171475,8.55341588254089
