"","cue","log","id","rho","burst","iota_N1","iota_N2","phi_N1","phi_N2","fitness_rho","fitness_beta","fitness_psin","fitness_psiw","fitness_phin","fitness_phiw"
"3904","Ig","none",3904,0.35658437,4.70537396,3.78161121,0.49549482,0.0435675,54.3953724,8.59670254797904,5.86292517284376,8.1363950007412,8.50208233972523,8.45121961618331,8.72540123126101
