"","cue","log","id","rho","burst","iota_N1","iota_N2","phi_N1","phi_N2","fitness_rho","fitness_beta","fitness_psin","fitness_psiw","fitness_phin","fitness_phiw"
"1891","Ig","none",1891,0.28557491,5.44045709,5.99028805,1.17444495,0.09627428,1916.95343,8.58020180541228,7.94757440484758,8.21995009654629,7.22917834877273,7.4462955029608,8.55704496742357
