"","cue","log","id","rho","burst","iota_N1","iota_N2","phi_N1","phi_N2","fitness_rho","fitness_beta","fitness_psin","fitness_psiw","fitness_phin","fitness_phiw"
"2502","Ig","none",2502,0.34743404,6.06308348,67.3492378,1.91940325,0.0123359,3241.41216,8.59526197692106,7.91506310158981,6.79188004473469,5.17254457968593,8.21636381679004,8.55457920394931
