"","cue","log","id","rho","burst","iota_N1","iota_N2","phi_N1","phi_N2","fitness_rho","fitness_beta","fitness_psin","fitness_psiw","fitness_phin","fitness_phiw"
"1002","Ig","none",1002,0.33009118,6.07919912,23.0945672,1.95187331,0.0327003,596.280582,8.5920311109544,7.8700125205529,8.35225151371643,5.11130556864168,8.5900213996604,8.57020355889513
