"","cue","log","id","rho","burst","iota_N1","iota_N2","phi_N1","phi_N2","fitness_rho","fitness_beta","fitness_psin","fitness_psiw","fitness_phin","fitness_phiw"
"4300","Ig","none",4300,0.38708033,4.73755036,189.200356,0.44799785,0.00196729,1010.68493,8.6003166222048,5.95568233292262,4.97038333093716,8.50866393034328,8.04992715913494,8.56241113278949
