"","iter","rho","burst","iota_N1","iota_N2","phi_N1","phi_N2","max_fitness_rho","max_fitness_beta","max_fitness_psin","max_fitness_psiw","max_fitness_phin","max_fitness_phiw","id"
"481",481,0.31832245,5.58810383,32.6862681,1.01455979,0.00881614,110.449125,8.58942960903976,8.32449561344957,7.93704484531331,7.89555189495516,8.15175602016085,8.64663412555866,"Ig_none"
