"","cue","log","id","rho","burst","iota_N1","iota_N2","phi_N1","phi_N2","fitness_rho","fitness_beta","fitness_psin","fitness_psiw","fitness_phin","fitness_phiw"
"1058","Ig","none",1058,0.24327896,4.00360191,27.1535719,0.88939393,0.02324437,1477.64232,8.56305077485534,2.90937653929808,8.17584204602795,8.41913920927313,8.51097604809819,8.55882964473287
