"","iter","rho","burst","iota_N1","iota_N2","phi_N1","phi_N2","max_fitness_rho","max_fitness_beta","max_fitness_psin","max_fitness_psiw","max_fitness_phin","max_fitness_phiw","id"
"75",75,0.32827894,3.90121441,42.5090359,0.77050988,0.01514351,30.8444678,8.59165121166406,2.29303198149676,7.552562346759,8.70492367796592,8.28140334280796,8.80976802340481,"Ig_none"
