"","cue","log","id","rho","burst","iota_N1","iota_N2","phi_N1","phi_N2","fitness_rho","fitness_beta","fitness_psin","fitness_psiw","fitness_phin","fitness_phiw"
"273","Ig","none",273,0.25345077,3.99821701,2.93473361,0.91773315,0.1360534,64.4373042,8.56779400830514,2.87737733833108,8.10914037742518,8.30972257399406,6.87063418969431,8.70325412373225
