"","cue","log","id","rho","burst","iota_N1","iota_N2","phi_N1","phi_N2","fitness_rho","fitness_beta","fitness_psin","fitness_psiw","fitness_phin","fitness_phiw"
"857","Ig","none",857,0.26697521,4.5446333,9.95979082,1.64319888,0.31542881,5566.35165,8.57346949691131,5.3735819184016,8.44865268785804,5.77311743048237,5.3633813612696,8.55308620076942
