"","cue","log","id","rho","burst","iota_N1","iota_N2","phi_N1","phi_N2","fitness_rho","fitness_beta","fitness_psin","fitness_psiw","fitness_phin","fitness_phiw"
"1844","Ig","none",1844,0.25878391,4.00327771,19.7741766,0.91662071,0.03073462,22798.7702,8.57011607435899,2.90745030790083,8.48312433172431,8.31418355228655,8.59518685136351,8.55150731996321
