"","cue","log","id","rho","burst","iota_N1","iota_N2","phi_N1","phi_N2","fitness_rho","fitness_beta","fitness_psin","fitness_psiw","fitness_phin","fitness_phiw"
"4709","Ig","none",4709,0.21226167,4.4077222,246.522376,1.95340648,0.01336562,322.483235,8.54573096926683,4.8953687323337,4.46611694823185,5.10845672610779,8.23853919038713,8.58597237526014
