"","cue","log","id","rho","burst","iota_N1","iota_N2","phi_N1","phi_N2","fitness_rho","fitness_beta","fitness_psin","fitness_psiw","fitness_phin","fitness_phiw"
"2544","Ig","none",2544,0.44169043,6.00581037,37.808933,2.23839063,0.04184849,1414.52131,8.60304200322235,8.06114659167861,7.72959721380235,4.63766065472154,8.48107868968737,8.55917643719749
