"","cue","log","id","rho","burst","iota_N1","iota_N2","phi_N1","phi_N2","fitness_rho","fitness_beta","fitness_psin","fitness_psiw","fitness_phin","fitness_phiw"
"1396","Ig","none",1396,0.43913519,5.00331982,2.58582998,0.37866871,0.11042214,595.346813,8.60300550659587,6.70936221447583,8.09833019998132,8.51428627240139,7.22452029525997,8.5702324551368
