"","cue","log","id","rho","burst","iota_N1","iota_N2","phi_N1","phi_N2","fitness_rho","fitness_beta","fitness_psin","fitness_psiw","fitness_phin","fitness_phiw"
"2072","Ig","none",2072,0.43163278,4.08752372,22.0393191,0.93539308,0.03675876,1280.05965,8.6028493811945,3.39468023517719,8.39608251040397,8.23747694457679,8.55518158431122,8.56002672102231
