"","cue","log","id","rho","burst","iota_N1","iota_N2","phi_N1","phi_N2","fitness_rho","fitness_beta","fitness_psin","fitness_psiw","fitness_phin","fitness_phiw"
"1836","Ig","none",1836,0.36149045,6.02090286,13.7132402,2.00502818,0.05546949,1268.21951,8.59740398151759,8.02479312061937,8.59037530141723,5.01471411189592,8.21549723568196,8.56011172860571
