"","cue","log","id","rho","burst","iota_N1","iota_N2","phi_N1","phi_N2","fitness_rho","fitness_beta","fitness_psin","fitness_psiw","fitness_phin","fitness_phiw"
"1333","Ig","none",1333,0.28685331,5.37569003,11.7295282,0.96747513,0.0342612,8876.84587,8.58062310531018,7.77191671691944,8.54041262233029,8.10108931237685,8.57999293651195,8.5523068811737
