"","cue","log","id","rho","burst","iota_N1","iota_N2","phi_N1","phi_N2","fitness_rho","fitness_beta","fitness_psin","fitness_psiw","fitness_phin","fitness_phiw"
"36","Ig","none",36,0.60879709,6.04331829,37.3057996,2.08543806,0.03994433,362.379867,8.59309956827533,7.96811874315238,7.74929551990569,4.87664578915564,8.51170372206706,8.58223612934937
