"","cue","log","id","rho","burst","iota_N1","iota_N2","phi_N1","phi_N2","fitness_rho","fitness_beta","fitness_psin","fitness_psiw","fitness_phin","fitness_phiw"
"2201","Ig","none",2201,0.24237067,4.62849409,9.51685347,1.88621942,0.2411899,10595.1672,8.56260785914943,5.63561847113746,8.42102659880552,5.23697576437706,5.8501166305805,8.5520957709494
