"","cue","log","id","rho","burst","iota_N1","iota_N2","phi_N1","phi_N2","fitness_rho","fitness_beta","fitness_psin","fitness_psiw","fitness_phin","fitness_phiw"
"3109","Ig","none",3109,0.30262781,5.47954621,19.8521304,1.08448406,0.03309188,279.73845,8.58539145170049,8.05119539291809,8.48034791544447,7.59383540722086,8.58795858979135,8.59110902571734
