"","cue","log","id","rho","burst","iota_N1","iota_N2","phi_N1","phi_N2","fitness_rho","fitness_beta","fitness_psin","fitness_psiw","fitness_phin","fitness_phiw"
"2307","Ig","none",2307,0.23358271,4.05788831,38.3159727,0.78097615,0.00706993,271.799217,8.5581172390763,3.22658747906519,7.70989378567921,8.69641936621493,8.12394095200022,8.59223510704877
