"","cue","log","id","rho","burst","iota_N1","iota_N2","phi_N1","phi_N2","fitness_rho","fitness_beta","fitness_psin","fitness_psiw","fitness_phin","fitness_phiw"
"4542","Ig","none",4542,0.34460817,5.98040965,122.07636,1.91621337,0.01051765,976.852381,8.59478310857843,8.12065882164717,5.75009405200811,5.17865833117031,8.18118113518091,8.56280259833914
