"","cue","log","id","rho","burst","iota_N1","iota_N2","phi_N1","phi_N2","fitness_rho","fitness_beta","fitness_psin","fitness_psiw","fitness_phin","fitness_phiw"
"4576","Ig","none",4576,0.34187639,4.71420905,6.47165705,0.5960752,0.06816894,416.268992,8.59430567859722,5.88850224840442,8.24210932828066,8.51402806779967,7.95595212551487,8.57829588663881
