"","iter","rho","burst","iota_N1","iota_N2","phi_N1","phi_N2","max_fitness_rho","max_fitness_beta","max_fitness_psin","max_fitness_psiw","max_fitness_phin","max_fitness_phiw","id"
"506",506,0.35200709,4.01645187,15.2615382,0.76054801,0.0432522,3133.41809,8.59600486511746,2.98539065247139,8.59204000454492,8.70909979489048,8.45683136991286,8.55470267698436,"Ig_none"
