"","cue","log","id","rho","burst","iota_N1","iota_N2","phi_N1","phi_N2","fitness_rho","fitness_beta","fitness_psin","fitness_psiw","fitness_phin","fitness_phiw"
"4161","Ig","none",4161,0.34615591,4.10349951,14.5238469,0.69802954,0.03737958,761.636204,8.59504855270703,3.48354646637599,8.59478548086248,8.65115091149294,8.54762015308256,8.56609191237524
