"","iter","rho","burst","iota_N1","iota_N2","phi_N1","phi_N2","max_fitness_rho","max_fitness_beta","max_fitness_psin","max_fitness_psiw","max_fitness_phin","max_fitness_phiw","id"
"161",161,0.29495164,4.76360005,39.5135641,1.91901984,0.08362851,80.79671,8.5831730705834,6.0300921312429,7.66394462854013,5.17328017245656,7.66340220642997,8.67690564586186,"Ig_none"
