"","cue","log","id","rho","burst","iota_N1","iota_N2","phi_N1","phi_N2","fitness_rho","fitness_beta","fitness_psin","fitness_psiw","fitness_phin","fitness_phiw"
"2828","Ig","none",2828,0.37578325,3.94642279,25.5170662,0.8063359,0.04043275,2808.99182,8.59917624115224,2.56641332415837,8.24770511983,8.6596431740999,8.50412582318904,8.55512868624034
