"","cue","log","id","rho","burst","iota_N1","iota_N2","phi_N1","phi_N2","fitness_rho","fitness_beta","fitness_psin","fitness_psiw","fitness_phin","fitness_phiw"
"4200","Ig","none",4200,0.37876007,6.00295004,17.4974817,1.99857219,0.07111907,4609.34899,8.59949820765475,8.06791688619437,8.55344554826749,5.02620911727075,7.89779387536307,8.55351885297487
