"","cue","log","id","rho","burst","iota_N1","iota_N2","phi_N1","phi_N2","fitness_rho","fitness_beta","fitness_psin","fitness_psiw","fitness_phin","fitness_phiw"
"4826","Ig","none",4826,0.33961259,4.02197285,28.2841186,0.84341073,0.02672176,653.779913,8.59389123843019,3.01789158750718,8.12623329330409,8.57109312624023,8.57288718847477,8.56854157935345
