"","iter","rho","burst","iota_N1","iota_N2","phi_N1","phi_N2","max_fitness_rho","max_fitness_beta","max_fitness_psin","max_fitness_psiw","max_fitness_phin","max_fitness_phiw","id"
"268",268,0.33991256,4.76554573,9.19681808,0.5484422,0.02350343,69.3358469,8.59394651662583,6.03563246002742,8.40059813066669,8.50081110039842,8.51695679846607,8.69430775673467,"Ig_none"
