"","cue","log","id","rho","burst","iota_N1","iota_N2","phi_N1","phi_N2","fitness_rho","fitness_beta","fitness_psin","fitness_psiw","fitness_phin","fitness_phiw"
"2461","Ig","none",2461,0.26997252,5.48334679,1.3983338,1.13522617,0.31442184,277.695171,8.57463423525972,8.0611617343383,8.06285236708233,7.38431673946402,5.36922740092574,8.59139215437685
