"","cue","log","id","rho","burst","iota_N1","iota_N2","phi_N1","phi_N2","fitness_rho","fitness_beta","fitness_psin","fitness_psiw","fitness_phin","fitness_phiw"
"4118","Ig","none",4118,0.24459111,3.98287348,14.721107,0.85387734,0.05018483,1501.80382,8.56368648438549,2.78579659928202,8.59464434172836,8.5399998709951,8.3239000757253,8.55870368866982
