"","cue","log","id","rho","burst","iota_N1","iota_N2","phi_N1","phi_N2","fitness_rho","fitness_beta","fitness_psin","fitness_psiw","fitness_phin","fitness_phiw"
"1813","Ig","none",1813,0.39848227,5.34645157,25.2830573,1.21575098,0.02950001,933.839869,8.60124737055013,7.69117350099339,8.2579445741069,7.07230923971126,8.5934414561599,8.56334019853695
