"","cue","log","id","rho","burst","iota_N1","iota_N2","phi_N1","phi_N2","fitness_rho","fitness_beta","fitness_psin","fitness_psiw","fitness_phin","fitness_phiw"
"77","Ig","none",77,0.32670901,4.4352183,65.3223747,2.35508192,0.06921245,821.899804,8.591317788386,4.99767377657729,6.84473403703048,4.47318554933248,7.93526021293011,8.56499894323921
