"","cue","log","id","rho","burst","iota_N1","iota_N2","phi_N1","phi_N2","fitness_rho","fitness_beta","fitness_psin","fitness_psiw","fitness_phin","fitness_phiw"
"182","Ig","none",182,0.24734857,4.13859013,15.1466546,0.79637284,0.02500073,105.059519,8.56499929790178,3.67402656806477,8.59285449682853,8.67667543996561,8.54732114479168,8.65101654323288
