"","cue","log","id","rho","burst","iota_N1","iota_N2","phi_N1","phi_N2","fitness_rho","fitness_beta","fitness_psin","fitness_psiw","fitness_phin","fitness_phiw"
"3303","Ig","none",3303,0.39115199,4.01503835,137.318097,0.77717828,0.00616799,172.572505,8.60067509303457,2.97705453909989,5.54390908447745,8.69997892727798,8.11022641071004,8.61446178995896
