"","cue","log","id","rho","burst","iota_N1","iota_N2","phi_N1","phi_N2","fitness_rho","fitness_beta","fitness_psin","fitness_psiw","fitness_phin","fitness_phiw"
"1937","Ig","none",1937,0.29070916,4.54857187,51.5947105,1.940043,0.086255,131.079218,8.58185854227585,5.38631872107175,7.2432666691945,5.13341491693911,7.61672123029298,8.63287190267977
