"","cue","log","id","rho","burst","iota_N1","iota_N2","phi_N1","phi_N2","fitness_rho","fitness_beta","fitness_psin","fitness_psiw","fitness_phin","fitness_phiw"
"3795","Ig","none",3795,0.37466319,3.96308637,14.4040391,0.81723033,0.04195104,277.778712,8.59905440562398,2.66695454706472,8.59464992103597,8.63750530684849,8.47935186364938,8.59138229379737
