"","cue","log","id","rho","burst","iota_N1","iota_N2","phi_N1","phi_N2","fitness_rho","fitness_beta","fitness_psin","fitness_psiw","fitness_phin","fitness_phiw"
"335","Ig","none",335,0.22573905,4.71834945,62.928817,1.60177998,0.02910723,4629.29037,8.55381733811109,5.90045889909501,6.90899620492967,5.87719032080639,8.59198779116156,8.55350666171139
