"","cue","log","id","rho","burst","iota_N1","iota_N2","phi_N1","phi_N2","fitness_rho","fitness_beta","fitness_psin","fitness_psiw","fitness_phin","fitness_phiw"
"2863","Ig","none",2863,0.29179663,5.64138931,5.4246918,0.99988561,0.06606933,425.474979,8.58219781231977,8.44303447152832,8.19608912364949,7.95982121878727,7.99795709895433,8.57772062664082
