"","cue","log","id","rho","burst","iota_N1","iota_N2","phi_N1","phi_N2","fitness_rho","fitness_beta","fitness_psin","fitness_psiw","fitness_phin","fitness_phiw"
"1739","Ig","none",1739,0.23105499,4.63028952,44.4233966,1.7097482,0.04142018,658.332197,8.5567652088864,5.64104547734982,7.48394085825251,5.6141306828584,8.48821301876933,8.56842137384986
