"","cue","log","id","rho","burst","iota_N1","iota_N2","phi_N1","phi_N2","fitness_rho","fitness_beta","fitness_psin","fitness_psiw","fitness_phin","fitness_phiw"
"1501","Ig","none",1501,0.51614323,5.70455318,2.14075052,0.85562135,0.6189901,194.240671,8.60115906846166,8.5522832260621,8.08481536768616,8.53459421877444,4.06301738807562,8.60778216074836
