"","cue","log","id","rho","burst","iota_N1","iota_N2","phi_N1","phi_N2","fitness_rho","fitness_beta","fitness_psin","fitness_psiw","fitness_phin","fitness_phiw"
"901","Ig","none",901,0.24843891,5.56679415,8.35880007,1.04548867,0.04879126,6229.6777,8.56550993121541,8.2732764501882,8.34724369337849,7.76074046971242,8.35183733825706,8.55286322515446
