"","iter","rho","burst","iota_N1","iota_N2","phi_N1","phi_N2","max_fitness_rho","max_fitness_beta","max_fitness_psin","max_fitness_psiw","max_fitness_phin","max_fitness_phiw","id"
"50",50,0.26370631,3.89914799,7.63888323,0.74239277,0.09586232,195.564636,8.57215881828549,2.28055938173259,8.30385495490989,8.70657461456302,7.45307280283631,8.60742036520678,"Ig_none"
