"","cue","log","id","rho","burst","iota_N1","iota_N2","phi_N1","phi_N2","fitness_rho","fitness_beta","fitness_psin","fitness_psiw","fitness_phin","fitness_phiw"
"640","Ig","none",640,0.47096751,4.75543567,4.24042897,0.39647186,0.07027544,853.60415,8.60294243558586,6.00682321737953,8.15195922355959,8.51387980745752,7.914318889084,8.56448748374464
