"","cue","log","id","rho","burst","iota_N1","iota_N2","phi_N1","phi_N2","fitness_rho","fitness_beta","fitness_psin","fitness_psiw","fitness_phin","fitness_phiw"
"1163","Ig","none",1163,0.29869134,4.65416112,40.6615373,1.77016408,0.0669523,660.553749,8.58427362831418,5.7125959093321,7.62066797891635,5.47807995690535,7.9802328440918,8.56836717562522
