"","cue","log","id","rho","burst","iota_N1","iota_N2","phi_N1","phi_N2","fitness_rho","fitness_beta","fitness_psin","fitness_psiw","fitness_phin","fitness_phiw"
"1237","Ig","none",1237,0.3092021,5.51904676,15.8682588,1.18833083,0.03392176,121.646781,8.58716491247596,8.15365556221743,8.58561264946377,7.17570313921549,8.5825685702851,8.63864477325477
