"","cue","log","id","rho","burst","iota_N1","iota_N2","phi_N1","phi_N2","fitness_rho","fitness_beta","fitness_psin","fitness_psiw","fitness_phin","fitness_phiw"
"2140","Ig","none",2140,0.34621161,4.72975777,17.2087288,0.57471738,0.03193676,3297.53757,8.59505687029458,5.93331112177975,8.56049713761598,8.50563029360638,8.59309709272949,8.5545206376182
