"","cue","log","id","rho","burst","iota_N1","iota_N2","phi_N1","phi_N2","fitness_rho","fitness_beta","fitness_psin","fitness_psiw","fitness_phin","fitness_phiw"
"3546","Ig","none",3546,0.26094863,6.07670079,11.7998091,2.12620178,0.06614782,333.218675,8.57102676424745,7.87706962540854,8.54319975186829,4.81008582537988,7.99637680619042,8.58488131221409
