"","cue","log","id","rho","burst","iota_N1","iota_N2","phi_N1","phi_N2","fitness_rho","fitness_beta","fitness_psin","fitness_psiw","fitness_phin","fitness_phiw"
"49","Ig","none",49,0.31803085,5.65418578,49.8215813,1.0756629,0.01601819,5148.35039,8.58935841321866,8.46861881802885,7.30048733874629,7.6311928313543,8.30468713007462,8.55325455000287
