"","cue","log","id","rho","burst","iota_N1","iota_N2","phi_N1","phi_N2","fitness_rho","fitness_beta","fitness_psin","fitness_psiw","fitness_phin","fitness_phiw"
"2250","Ig","none",2250,0.35137503,6.30209517,15.0090894,1.65517372,0.03034655,1038.8748,8.59590513855148,7.39235454457059,8.59364726563958,5.74377474351979,8.59508504425505,8.56210323395485
