"","cue","log","id","rho","burst","iota_N1","iota_N2","phi_N1","phi_N2","fitness_rho","fitness_beta","fitness_psin","fitness_psiw","fitness_phin","fitness_phiw"
"3030","Ig","none",3030,0.32166841,6.09066239,15.5438695,2.3817438,0.10265317,323.591562,8.59020528446576,7.83746472251031,8.58948118894469,4.43750468350233,7.34371755293032,8.58585473554644
