"","iter","rho","burst","iota_N1","iota_N2","phi_N1","phi_N2","max_fitness_rho","max_fitness_beta","max_fitness_psin","max_fitness_psiw","max_fitness_phin","max_fitness_phiw","id"
"167",167,0.26138063,4.55701025,20.7933895,1.85150972,0.12770158,411.366186,8.57120794510294,5.41344719944373,8.44545971569402,5.30644507848405,6.9798072706934,8.57861326528688,"Ig_none"
