"","cue","log","id","rho","burst","iota_N1","iota_N2","phi_N1","phi_N2","fitness_rho","fitness_beta","fitness_psin","fitness_psiw","fitness_phin","fitness_phiw"
"3826","Ig","none",3826,0.34425109,4.66428015,172.102347,0.58559072,0.00198786,20.4061798,8.59472154753386,5.74261524677147,5.1428619149916,8.5093022690543,8.050210904406,8.86348520545938
