"","cue","log","id","rho","burst","iota_N1","iota_N2","phi_N1","phi_N2","fitness_rho","fitness_beta","fitness_psin","fitness_psiw","fitness_phin","fitness_phiw"
"2723","Ig","none",2723,0.1971405,4.69984834,24.4410743,2.43076524,0.0944141,1120.93591,8.53551647988986,5.84688334636881,8.29459485091,4.37359025474354,7.47705400284137,8.56129853882211
