"","cue","log","id","rho","burst","iota_N1","iota_N2","phi_N1","phi_N2","fitness_rho","fitness_beta","fitness_psin","fitness_psiw","fitness_phin","fitness_phiw"
"2898","Ig","none",2898,0.35294627,6.06107567,2.9083788,2.07217511,0.22366016,6199.31788,8.59615213612376,7.92057993698696,8.10831943452547,4.89878623233415,5.98612158689928,8.55287320624443
