"","cue","log","id","rho","burst","iota_N1","iota_N2","phi_N1","phi_N2","fitness_rho","fitness_beta","fitness_psin","fitness_psiw","fitness_phin","fitness_phiw"
"2265","Ig","none",2265,0.35594704,4.01649365,13.3452644,0.67561697,0.0258412,1223.73214,8.59660790749144,2.98563546874539,8.58549632632204,8.60896124430179,8.56106806373408,8.56044209226179
