"","cue","log","id","rho","burst","iota_N1","iota_N2","phi_N1","phi_N2","fitness_rho","fitness_beta","fitness_psin","fitness_psiw","fitness_phin","fitness_phiw"
"4989","Ig","none",4989,0.3075446,3.92940646,37.7082722,0.94501729,0.01644306,4227.59664,8.58673215519761,2.46350816942461,7.73353045059927,8.19713455264572,8.31648318563951,8.55374705815463
