"","cue","log","id","rho","burst","iota_N1","iota_N2","phi_N1","phi_N2","fitness_rho","fitness_beta","fitness_psin","fitness_psiw","fitness_phin","fitness_phiw"
"2144","Ig","none",2144,0.24373841,3.95188643,13.191488,0.9732404,0.05292071,8240.23111,8.56327279669867,2.59941209815609,8.58289146737441,8.07611772633489,8.26810674877016,8.55240920051768
