"","iter","rho","burst","iota_N1","iota_N2","phi_N1","phi_N2","max_fitness_rho","max_fitness_beta","max_fitness_psin","max_fitness_psiw","max_fitness_phin","max_fitness_phiw","id"
"543",543,0.40661641,4.09260828,38.0446256,0.79151266,0.0123163,257.941787,8.60178788056649,3.42310318379882,7.72042009315128,8.68379823281968,8.21595815054646,8.59435714394822,"Ig_none"
