"","cue","log","id","rho","burst","iota_N1","iota_N2","phi_N1","phi_N2","fitness_rho","fitness_beta","fitness_psin","fitness_psiw","fitness_phin","fitness_phiw"
"360","Ig","none",360,0.28602471,6.03630296,48.0079824,2.03589376,0.02138833,59.1555275,8.58035126811168,7.9862526730657,7.36053041001604,4.96061230565597,8.46286021160642,8.71418722500266
