"","cue","log","id","rho","burst","iota_N1","iota_N2","phi_N1","phi_N2","fitness_rho","fitness_beta","fitness_psin","fitness_psiw","fitness_phin","fitness_phiw"
"3825","Ig","none",3825,0.32330492,3.83501196,160.20193,0.7649162,0.00497147,85.6945817,8.59057314952535,1.89799055743689,5.2713676804624,8.7077473613182,8.09253224129507,8.67067091002199
