"","cue","log","id","rho","burst","iota_N1","iota_N2","phi_N1","phi_N2","fitness_rho","fitness_beta","fitness_psin","fitness_psiw","fitness_phin","fitness_phiw"
"2703","Ig","none",2703,0.29994784,3.90304738,22.5947931,0.87950462,0.02206686,321.252365,8.58463535346404,2.30410022735718,8.37319729783132,8.45488625638414,8.48143170674934,8.5861008918218
