"","cue","log","id","rho","burst","iota_N1","iota_N2","phi_N1","phi_N2","fitness_rho","fitness_beta","fitness_psin","fitness_psiw","fitness_phin","fitness_phiw"
"3301","Ig","none",3301,0.35171014,5.3971218,6.93758264,1.09990995,0.11439651,151.870201,8.59595594541959,7.8305498810392,8.26536242882844,7.52913737182276,7.16583656812441,8.62248688192157
