"","cue","log","id","rho","burst","iota_N1","iota_N2","phi_N1","phi_N2","fitness_rho","fitness_beta","fitness_psin","fitness_psiw","fitness_phin","fitness_phiw"
"1477","Ig","none",1477,0.32073284,5.36449999,11.9996626,1.2917179,0.05302818,383.154559,8.58999027708668,7.74111610606114,8.55071762350861,6.80043429726293,8.26589619482299,8.58058976473389
