"","cue","log","id","rho","burst","iota_N1","iota_N2","phi_N1","phi_N2","fitness_rho","fitness_beta","fitness_psin","fitness_psiw","fitness_phin","fitness_phiw"
"1462","Ig","none",1462,0.34433065,4.76774615,58.5756381,0.52848672,0.00321803,472.558715,8.59473536247686,6.04189243446174,7.03128726235399,8.49998043133617,8.06738747858843,8.57511877269818
