"","cue","log","id","rho","burst","iota_N1","iota_N2","phi_N1","phi_N2","fitness_rho","fitness_beta","fitness_psin","fitness_psiw","fitness_phin","fitness_phiw"
"4336","Ig","none",4336,0.31677846,4.73803422,3.77784381,0.52217311,0.07643207,54.4520547,8.58906144438718,5.95706739198201,8.13627195587889,8.5000994252894,7.79578870016234,8.72525932509781
