"","iter","rho","burst","iota_N1","iota_N2","phi_N1","phi_N2","max_fitness_rho","max_fitness_beta","max_fitness_psin","max_fitness_psiw","max_fitness_phin","max_fitness_phiw","id"
"938",938,0.25947112,3.97876985,129.5652,1.10376706,0.00529912,911.330377,8.57040670943526,2.76121050886826,5.64585184168698,7.51309417598752,8.09732544663355,8.56364018563931,"Ig_none"
