"","cue","log","id","rho","burst","iota_N1","iota_N2","phi_N1","phi_N2","fitness_rho","fitness_beta","fitness_psin","fitness_psiw","fitness_phin","fitness_phiw"
"1792","Ig","none",1792,0.3306786,4.88555143,35.0038564,0.44656321,0.00438339,227.132375,8.59215265713428,6.37489305485259,7.84131802225815,8.5088758583941,8.08399780644747,8.59995532353764
