"","cue","log","id","rho","burst","iota_N1","iota_N2","phi_N1","phi_N2","fitness_rho","fitness_beta","fitness_psin","fitness_psiw","fitness_phin","fitness_phiw"
"1123","Ig","none",1123,0.2736892,5.51067919,37.7511106,1.17960674,0.01353136,77.9578782,8.57603896158551,8.13217213990151,7.73185650194627,7.20921283841166,8.24228162431161,8.68082058533686
