"","cue","log","id","rho","burst","iota_N1","iota_N2","phi_N1","phi_N2","fitness_rho","fitness_beta","fitness_psin","fitness_psiw","fitness_phin","fitness_phiw"
"2936","Ig","none",2936,0.24999255,3.99585563,18.4008729,0.92358563,0.03417371,3902.57019,8.56622957171201,2.86332330801723,8.52834763691072,8.28606853959653,8.58067651841626,8.55397396639406
