"","cue","log","id","rho","burst","iota_N1","iota_N2","phi_N1","phi_N2","fitness_rho","fitness_beta","fitness_psin","fitness_psiw","fitness_phin","fitness_phiw"
"2955","Ig","none",2955,0.3521636,3.86959229,12.0566899,0.76285906,0.04256398,1190.0601,8.59602763293309,2.10289979006564,8.55274724982055,8.70847881860011,8.46887678328264,8.56070529279877
