"","cue","log","id","rho","burst","iota_N1","iota_N2","phi_N1","phi_N2","fitness_rho","fitness_beta","fitness_psin","fitness_psiw","fitness_phin","fitness_phiw"
"3734","Ig","none",3734,0.36714179,3.99285907,39.104949,0.84175403,0.01767911,1267.12216,8.59814939017556,2.84546544915156,7.67953185472578,8.57579528261501,8.35230063807081,8.56011948149068
