"","cue","log","id","rho","burst","iota_N1","iota_N2","phi_N1","phi_N2","fitness_rho","fitness_beta","fitness_psin","fitness_psiw","fitness_phin","fitness_phiw"
"28","Ig","none",28,0.33421368,4.77617139,10.052886,0.49459365,0.02028395,918.466768,8.59286295569638,6.06584163186134,8.45431227394229,8.5021833631112,8.430861725997,8.56354530414607
