"","cue","log","id","rho","burst","iota_N1","iota_N2","phi_N1","phi_N2","fitness_rho","fitness_beta","fitness_psin","fitness_psiw","fitness_phin","fitness_phiw"
"749","Ig","none",749,0.17128675,4.6087336,49.1715456,2.10419707,0.03875957,2374.9269,8.51487246041063,5.57544394043107,7.3218282663669,4.84573969735844,8.52915637080915,8.55588645539356
