"","cue","log","id","rho","burst","iota_N1","iota_N2","phi_N1","phi_N2","fitness_rho","fitness_beta","fitness_psin","fitness_psiw","fitness_phin","fitness_phiw"
"2545","Ig","none",2545,0.31886195,5.53837222,32.9833088,1.02316725,0.02005931,2675.81194,8.5895550009739,8.20274233469532,7.92460950870523,7.85790316872107,8.42416204552934,8.5553343240519
