"","iter","rho","burst","iota_N1","iota_N2","phi_N1","phi_N2","max_fitness_rho","max_fitness_beta","max_fitness_psin","max_fitness_psiw","max_fitness_phin","max_fitness_phiw","id"
"883",883,0.23456997,5.54878399,5.08705608,1.20437441,0.07491639,264.735877,8.55863894460631,8.22883180630267,8.18280422101331,7.11485573321834,7.82451970099785,8.59328921063775,"Ig_none"
