"","cue","log","id","rho","burst","iota_N1","iota_N2","phi_N1","phi_N2","fitness_rho","fitness_beta","fitness_psin","fitness_psiw","fitness_phin","fitness_phiw"
"866","Ig","none",866,0.31105338,3.87154218,18.2067003,0.90261848,0.06337823,3753.07093,8.58764243501863,2.1145630686114,8.53410080218832,8.36924275352755,8.05246459704568,8.55409047136927
