"","cue","log","id","rho","burst","iota_N1","iota_N2","phi_N1","phi_N2","fitness_rho","fitness_beta","fitness_psin","fitness_psiw","fitness_phin","fitness_phiw"
"194","Ig","none",194,0.30724704,3.99052892,22.5257244,0.83408474,0.03516103,6326.34366,8.58665083177606,2.83156228245657,8.37606806067367,8.5967257930718,8.5721807119303,8.55283644779689
