"","cue","log","id","rho","burst","iota_N1","iota_N2","phi_N1","phi_N2","fitness_rho","fitness_beta","fitness_psin","fitness_psiw","fitness_phin","fitness_phiw"
"3789","Ig","none",3789,0.32109693,3.82973407,37.5125932,0.65061571,0.0117084,153.080555,8.59007074241753,1.86711581350496,7.74118473272402,8.56619058749251,8.20370038216574,8.62196423408828
