"","cue","log","id","rho","burst","iota_N1","iota_N2","phi_N1","phi_N2","fitness_rho","fitness_beta","fitness_psin","fitness_psiw","fitness_phin","fitness_phiw"
"1272","Ig","none",1272,0.38658034,6.13576065,19.7423467,1.80735014,0.03963156,1541.48396,8.60027220870846,7.71390861819969,8.4842496564515,5.39803178800232,8.51644131528514,8.55850705218676
