"","cue","log","id","rho","burst","iota_N1","iota_N2","phi_N1","phi_N2","fitness_rho","fitness_beta","fitness_psin","fitness_psiw","fitness_phin","fitness_phiw"
"4708","Ig","none",4708,0.34665945,4.8500497,7.9975156,0.53266914,0.02672713,11.1719779,8.59513423135423,6.27471373058402,8.32505165537017,8.49999432424594,8.57294871095084,8.84243786390443
