"","cue","log","id","rho","burst","iota_N1","iota_N2","phi_N1","phi_N2","fitness_rho","fitness_beta","fitness_psin","fitness_psiw","fitness_phin","fitness_phiw"
"1364","Ig","none",1364,0.41397018,4.01052453,254.323336,0.78384489,0.00403201,1297.57614,8.60218791747912,2.95038917112588,4.40414694192976,8.69337514196777,8.07895357824211,8.55990856635745
