"","cue","log","id","rho","burst","iota_N1","iota_N2","phi_N1","phi_N2","fitness_rho","fitness_beta","fitness_psin","fitness_psiw","fitness_phin","fitness_phiw"
"3250","Ig","none",3250,0.35733682,4.83817156,3.41743688,0.50661845,0.07170777,101.790825,8.59681363998718,6.24120567692713,8.12446742699849,8.50100189903866,7.8863137373028,8.65387347565024
