"","cue","log","id","rho","burst","iota_N1","iota_N2","phi_N1","phi_N2","fitness_rho","fitness_beta","fitness_psin","fitness_psiw","fitness_phin","fitness_phiw"
"1212","Ig","none",1212,0.39052362,6.00977333,45.765045,2.07985676,0.02209361,224.811547,8.60062219013895,8.05171107215795,7.43699017709292,4.88593311525421,8.48213665724891,8.60043782404605
