"","iter","rho","burst","iota_N1","iota_N2","phi_N1","phi_N2","max_fitness_rho","max_fitness_beta","max_fitness_psin","max_fitness_psiw","max_fitness_phin","max_fitness_phiw","id"
"223",223,0.32543468,5.70194919,10.9726183,0.85996186,0.04312677,251.680613,8.59104250160578,8.54878820595355,8.50585887747015,8.52088181923702,8.45904907865365,8.59538781200235,"Ig_none"
