"","cue","log","id","rho","burst","iota_N1","iota_N2","phi_N1","phi_N2","fitness_rho","fitness_beta","fitness_psin","fitness_psiw","fitness_phin","fitness_phiw"
"3754","Ig","none",3754,0.4316119,4.79044713,7.06933327,0.4566503,0.03436709,289.937459,8.6028490551324,6.10633234595089,8.27227767122105,8.50740695353561,8.57914545445979,8.58975186326167
