"","cue","log","id","rho","burst","iota_N1","iota_N2","phi_N1","phi_N2","fitness_rho","fitness_beta","fitness_psin","fitness_psiw","fitness_phin","fitness_phiw"
"2107","Ig","none",2107,0.2537874,5.6820379,54.0627561,1.09798229,0.00271097,52.6587499,8.56794442951706,8.51877187323723,7.1659597762547,7.53717599149713,8.06025963475529,8.72986214445203
