"","cue","log","id","rho","burst","iota_N1","iota_N2","phi_N1","phi_N2","fitness_rho","fitness_beta","fitness_psin","fitness_psiw","fitness_phin","fitness_phiw"
"874","Ig","none",874,0.40011336,4.87007005,4.70239311,0.52705942,0.05638981,1746.87689,8.60136456973927,6.33119508210318,8.16839303060956,8.49999579222508,8.19643981252815,8.55762896298761
