"","cue","log","id","rho","burst","iota_N1","iota_N2","phi_N1","phi_N2","fitness_rho","fitness_beta","fitness_psin","fitness_psiw","fitness_phin","fitness_phiw"
"3263","Ig","none",3263,0.13555478,4.5378896,40.3697038,2.04512045,0.03574348,216.846045,8.47839886667153,5.35166483191423,7.63159634614572,4.94471029085352,8.56642356254449,8.60216311306151
