"","cue","log","id","rho","burst","iota_N1","iota_N2","phi_N1","phi_N2","fitness_rho","fitness_beta","fitness_psin","fitness_psiw","fitness_phin","fitness_phiw"
"3755","Ig","none",3755,0.14381812,4.6782089,43.2980106,2.53322972,0.03958601,321.154451,8.48776454733602,5.78366647965188,7.52404617256951,4.24655735051762,8.51712190729062,8.58611037119177
