"","cue","log","id","rho","burst","iota_N1","iota_N2","phi_N1","phi_N2","fitness_rho","fitness_beta","fitness_psin","fitness_psiw","fitness_phin","fitness_phiw"
"1879","Ig","none",1879,0.2653651,5.37741883,49.3321264,1.27869554,0.02033364,345.71481,8.57283164637306,7.77666585757252,7.31653867147705,6.84557651033268,8.43233768325163,8.58369382420661
