"","cue","log","id","rho","burst","iota_N1","iota_N2","phi_N1","phi_N2","fitness_rho","fitness_beta","fitness_psin","fitness_psiw","fitness_phin","fitness_phiw"
"1546","Ig","none",1546,0.35465999,4.77725008,4.35669102,0.44990059,0.03120027,234.237505,8.59641714250671,6.06890343461303,8.15601539263667,8.50838980673665,8.59479691404903,8.59854162402287
