"","cue","log","id","rho","burst","iota_N1","iota_N2","phi_N1","phi_N2","fitness_rho","fitness_beta","fitness_psin","fitness_psiw","fitness_phin","fitness_phiw"
"2219","Ig","none",2219,0.12475023,4.48791855,41.3222618,2.25736159,0.03546202,745.550135,8.46521076727146,5.18444429234884,7.59609428542499,4.6099475768598,8.56926982848514,8.56641323659325
