"","iter","rho","burst","iota_N1","iota_N2","phi_N1","phi_N2","max_fitness_rho","max_fitness_beta","max_fitness_psin","max_fitness_psiw","max_fitness_phin","max_fitness_phiw","id"
"908",908,0.36455534,4.13945196,22.0369464,0.74665407,0.03023272,1025.29608,8.59781647957034,3.67861976537907,8.39618218708909,8.70834919854733,8.59497806395724,8.56224905664527,"Ig_none"
