"","cue","log","id","rho","burst","iota_N1","iota_N2","phi_N1","phi_N2","fitness_rho","fitness_beta","fitness_psin","fitness_psiw","fitness_phin","fitness_phiw"
"3389","Ig","none",3389,0.1992049,4.78096058,45.0909476,1.91249577,0.04570811,368.300208,8.53698737335367,6.07943572407211,7.46046689833349,5.1858021065267,8.4117836977759,8.58174662859739
