"","iter","rho","burst","iota_N1","iota_N2","phi_N1","phi_N2","max_fitness_rho","max_fitness_beta","max_fitness_psin","max_fitness_psiw","max_fitness_phin","max_fitness_phiw","id"
"471",471,0.24247145,3.97711467,10.1713151,0.87308681,0.02946164,2227.5316,8.56265155837487,2.75128386445033,8.46141766224424,8.47728274952953,8.59332212572744,8.55620586942089,"Ig_none"
