"","cue","log","id","rho","burst","iota_N1","iota_N2","phi_N1","phi_N2","fitness_rho","fitness_beta","fitness_psin","fitness_psiw","fitness_phin","fitness_phiw"
"2333","Ig","none",2333,0.22214206,4.65850129,27.8129479,2.40705896,0.08257133,71.5148224,8.55174745496297,5.72549255981036,8.14688347951223,4.40423105506027,7.6824344766991,8.69064602902998
