"","cue","log","id","rho","burst","iota_N1","iota_N2","phi_N1","phi_N2","fitness_rho","fitness_beta","fitness_psin","fitness_psiw","fitness_phin","fitness_phiw"
"1579","Ig","none",1579,0.37363095,5.436855,4.01044854,1.10384249,0.16788525,158.088141,8.59893597253855,7.93792816143725,8.14407230422789,7.51277898494641,6.50057367599459,8.61987299452593
