"","cue","log","id","rho","burst","iota_N1","iota_N2","phi_N1","phi_N2","fitness_rho","fitness_beta","fitness_psin","fitness_psiw","fitness_phin","fitness_phiw"
"4445","Ig","none",4445,0.30200941,4.6386581,6.37512301,1.7412616,0.38930378,1253.5907,8.58521934586682,5.66625064000809,8.23751993667264,5.54221350583977,4.97371861720755,8.56021867434998
