"","iter","rho","burst","iota_N1","iota_N2","phi_N1","phi_N2","max_fitness_rho","max_fitness_beta","max_fitness_psin","max_fitness_psiw","max_fitness_phin","max_fitness_phiw","id"
"170",170,0.29033892,3.98621809,71.8696451,0.86632539,0.0101758,82.6181249,8.58174148609513,2.80580910297786,6.67891176904736,8.50012886387978,8.17504033322022,8.67451206173793,"Ig_none"
