"","cue","log","id","rho","burst","iota_N1","iota_N2","phi_N1","phi_N2","fitness_rho","fitness_beta","fitness_psin","fitness_psiw","fitness_phin","fitness_phiw"
"556","Ig","none",556,0.33000058,4.97701443,54.9758189,0.50683338,0.00372377,2389.08793,8.59201154100935,6.63424107924623,7.13803530953298,8.50098674592204,8.07455265120313,8.55585243916418
