"","cue","log","id","rho","burst","iota_N1","iota_N2","phi_N1","phi_N2","fitness_rho","fitness_beta","fitness_psin","fitness_psiw","fitness_phin","fitness_phiw"
"117","Ig","none",117,0.39061809,4.03952823,2.90154546,0.71929042,0.16313903,2210.94821,8.60062914353976,3.12052222643776,8.10810202134631,8.68512116695072,6.55157553041116,8.55624349625376
