"","cue","log","id","rho","burst","iota_N1","iota_N2","phi_N1","phi_N2","fitness_rho","fitness_beta","fitness_psin","fitness_psiw","fitness_phin","fitness_phiw"
"1187","Ig","none",1187,0.30453852,4.73636767,212.330927,2.10500076,0.01101275,258.70245,8.58592185688045,5.95228645453212,4.75516758027813,4.84442837158144,8.19032361785296,8.59423426774515
