"","cue","log","id","rho","burst","iota_N1","iota_N2","phi_N1","phi_N2","fitness_rho","fitness_beta","fitness_psin","fitness_psiw","fitness_phin","fitness_phiw"
"3088","Ig","none",3088,0.37282709,4.77095774,19.4186228,0.54329478,0.01383465,178.225243,8.59884137132052,6.05102802395608,8.49551779671598,8.50038867280283,8.24926321829633,8.61257466157952
