"","cue","log","id","rho","burst","iota_N1","iota_N2","phi_N1","phi_N2","fitness_rho","fitness_beta","fitness_psin","fitness_psiw","fitness_phin","fitness_phiw"
"4151","Ig","none",4151,0.17400967,4.6492863,65.7114628,2.43642009,0.02927839,649.454911,8.51725512530169,5.6980753072493,6.83447369031878,4.36635706686459,8.59267542154834,8.56865702526532
