"","iter","rho","burst","iota_N1","iota_N2","phi_N1","phi_N2","max_fitness_rho","max_fitness_beta","max_fitness_psin","max_fitness_psiw","max_fitness_phin","max_fitness_phiw","id"
"29",29,0.40912076,4.58223203,13.2391891,1.79078855,0.3001994,62206.8195,8.60193440831206,5.4933166946817,8.58373686064112,5.43334856924936,5.45371514604718,8.5511844328903,"Ig_none"
