"","cue","log","id","rho","burst","iota_N1","iota_N2","phi_N1","phi_N2","fitness_rho","fitness_beta","fitness_psin","fitness_psiw","fitness_phin","fitness_phiw"
"1325","Ig","none",1325,0.23990486,4.7186099,14.6613436,1.96529734,0.21214921,184.434911,8.56137923763413,5.90121023806069,8.59473540873609,5.08649095823064,6.08123554561666,8.61062521567541
