"","cue","log","id","rho","burst","iota_N1","iota_N2","phi_N1","phi_N2","fitness_rho","fitness_beta","fitness_psin","fitness_psiw","fitness_phin","fitness_phiw"
"1935","Ig","none",1935,0.3463859,3.93104736,37.8532327,0.88348428,0.01502763,80.4246688,8.59508997454181,2.4734382252613,7.72787050685073,8.4406741181795,8.27843005242054,8.67740678658687
