"","cue","log","id","rho","burst","iota_N1","iota_N2","phi_N1","phi_N2","fitness_rho","fitness_beta","fitness_psin","fitness_psiw","fitness_phin","fitness_phiw"
"2907","R","log10",2907,0.24475331,3.95427099,16.9571642,0.73087596,0.01440369,896.354862,8.09072619486485,3.21943133705187,8.18646133980128,8.24576782371631,7.52919471186734,8.18240266185428
