"","cue","cue_b","log","log_b","id","rho","burst","iota_N1","iota_N2","phi_N1","phi_N2","fitness_rho","fitness_beta","fitness_psin","fitness_psiw","fitness_phin","fitness_phiw"
"1690","R","I","log10","log10",1690,0.33565411,4.72955451,8.08367782,0.58025204,0.03647347,134.751811,8.10131390013435,4.08244243042815,5.89932728605427,10.0471971304089,9.66183353389933,9.91453686024198
