"","cue","cue_b","log","log_b","id","rho","burst","iota_N1","iota_N2","phi_N1","phi_N2","fitness_rho","fitness_beta","fitness_psin","fitness_psiw","fitness_phin","fitness_phiw"
"1502","R","I","log10","log10",1502,0.25643419,3.93778037,4.60915938,0.74633919,0.21598463,14284.2758,9.82462594039179,2.08927684241056,5.3534075808078,10.0718646976876,3.99628858385802,9.83409702412887
