"","iter","rho","burst","iota_N1","iota_N2","phi_N1","phi_N2","max_fitness_rho","max_fitness_beta","max_fitness_psin","max_fitness_psiw","max_fitness_phin","max_fitness_phiw","id"
"143",143,0.1589226,4.61167078,3.73648697,1.94624829,0.4536625,297.548061,5.94773060458772,5.7033805824427,7.31512589326673,4.75867221328497,1.77981380362138,8.21379115101417,"R_log"
