"","cue","cue_b","log","log_b","id","rho","burst","iota_N1","iota_N2","phi_N1","phi_N2","fitness_rho","fitness_beta","fitness_psin","fitness_psiw","fitness_phin","fitness_phiw"
"3950","R","I","log10","log10",3950,0.27227838,4.07594753,17.4640598,0.75672268,0.02287803,3373.35811,9.80760620880542,2.39746038265077,9.5389961411018,10.0563085022532,6.48656501031406,9.83673530582374
