"","cue","cue_b","log","log_b","id","rho","burst","iota_N1","iota_N2","phi_N1","phi_N2","fitness_rho","fitness_beta","fitness_psin","fitness_psiw","fitness_phin","fitness_phiw"
"1588","R","I","log10","log10",1588,0.3314617,4.79124177,38.3306504,0.45562349,0.01078722,1429.09351,8.20769306644745,4.26064412362878,5.36882615824128,9.90420141677475,5.43557235683249,9.8414136832502
