"","iter","rho","burst","iota_N1","iota_N2","phi_N1","phi_N2","max_fitness_rho","max_fitness_beta","max_fitness_psin","max_fitness_psiw","max_fitness_phin","max_fitness_phiw","id"
"440",440,0.28204503,3.97398628,6.04171501,0.92734364,0.1309275,440.756648,8.19048007245768,3.33285316065548,7.46658556845129,7.84736553319198,3.76509750261889,8.19870017628836,"R_log"
