"","cue","log","id","rho","burst","iota_N1","iota_N2","phi_N1","phi_N2","fitness_rho","fitness_beta","fitness_psin","fitness_psiw","fitness_phin","fitness_phiw"
"831","R","log10",831,0.30129343,4.0242087,11.4980912,0.93775668,0.03952559,196.711626,8.13452505646117,3.61269755286762,7.95874098571835,7.79789289877584,8.06042888312299,8.23693096658337
