"","cue","log","id","rho","burst","iota_N1","iota_N2","phi_N1","phi_N2","fitness_rho","fitness_beta","fitness_psin","fitness_psiw","fitness_phin","fitness_phiw"
"4095","R","log10",4095,0.49530241,4.05526879,31.509609,0.75227057,0.02407122,2297.83319,7.43626507314253,3.77844102107072,5.73382617889095,8.30750997492768,7.94849209167727,8.1726133175026
