"","cue","log","id","rho","burst","iota_N1","iota_N2","phi_N1","phi_N2","fitness_rho","fitness_beta","fitness_psin","fitness_psiw","fitness_phin","fitness_phiw"
"3613","R","log10",3613,0.26188727,5.4832754,7.46554298,1.02128147,0.04584921,675.999249,8.19044716066713,7.59441730235232,7.58553694277685,7.38208255051208,7.39611398957864,8.18758352912755
