"","cue","cue_b","log","log_b","id","rho","burst","iota_N1","iota_N2","phi_N1","phi_N2","fitness_rho","fitness_beta","fitness_psin","fitness_psiw","fitness_phin","fitness_phiw"
"2629","R","I","log10","log10",2629,0.37382574,5.38198162,22.8114024,0.82284089,0.02361668,11315.99,7.42459380756264,6.50691008793078,6.75415624025486,9.91243562132783,6.5758280237314,9.83431159475145
