"","cue","cue_b","log","log_b","id","rho","burst","iota_N1","iota_N2","phi_N1","phi_N2","fitness_rho","fitness_beta","fitness_psin","fitness_psiw","fitness_phin","fitness_phiw"
"1603","R","I","log10","log10",1603,0.36463017,5.54944805,4.05545215,1.0509712,0.17804203,563.440139,7.55112026447906,7.95408602417732,5.27602333830291,8.86561953173833,4.23523344187458,9.85371209546764
