"","cue","cue_b","log","log_b","id","rho","burst","iota_N1","iota_N2","phi_N1","phi_N2","fitness_rho","fitness_beta","fitness_psin","fitness_psiw","fitness_phin","fitness_phiw"
"3607","R","I","log10","log10",3607,0.31146385,5.73840614,54.8284384,1.13557141,0.00977215,1125.6775,8.81692489602101,9.84742473608356,4.79943245706274,8.31084260863749,5.36632821486289,9.84358715471613
