"","cue","cue_b","log","log_b","id","rho","burst","iota_N1","iota_N2","phi_N1","phi_N2","fitness_rho","fitness_beta","fitness_psin","fitness_psiw","fitness_phin","fitness_phiw"
"1786","R","I","log10","log10",1786,0.35873705,4.64858436,6.35046562,0.44716346,0.06231015,184.7838,7.64192036226317,3.85410863600078,5.60971964706435,9.89568930884274,5.91749211921096,9.89359542107276
