"","cue","cue_b","log","log_b","id","rho","burst","iota_N1","iota_N2","phi_N1","phi_N2","fitness_rho","fitness_beta","fitness_psin","fitness_psiw","fitness_phin","fitness_phiw"
"3119","R","I","log10","log10",3119,0.26289423,4.6065063,14.9909364,2.70661778,0.18124136,761.984546,9.85426896896681,3.73771171125383,8.71891165207875,4.03508005316333,4.21255180351475,9.84845010580958
