"","cue","cue_b","log","log_b","id","rho","burst","iota_N1","iota_N2","phi_N1","phi_N2","fitness_rho","fitness_beta","fitness_psin","fitness_psiw","fitness_phin","fitness_phiw"
"3451","R","I","log10","log10",3451,0.26521898,5.54328626,55.8636145,0.92503716,0.00940857,682.951986,9.851986387465,7.87997151988649,4.77202929192857,9.55534590886047,5.34182150436609,9.85018399925158
