"","iter","rho","burst","iota_N1","iota_N2","phi_N1","phi_N2","max_fitness_rho","max_fitness_beta","max_fitness_psin","max_fitness_psiw","max_fitness_phin","max_fitness_phiw","id"
"115",115,0.2528322,5.51186505,22.1154143,1.08980585,0.02801729,2141.85916,9.78345946466596,7.5334180902832,6.92090128540728,8.61176480659821,7.31581265915842,9.83871786141089,"R_log-I_log"
