"","cue","cue_b","log","log_b","id","rho","burst","iota_N1","iota_N2","phi_N1","phi_N2","fitness_rho","fitness_beta","fitness_psin","fitness_psiw","fitness_phin","fitness_phiw"
"787","R","I+Ig","log10","log10",787,0.30240539,5.49087008,14.226375,1.26894794,0.0375412,3910.25969,9.72542286344437,9.27649613166302,9.70682320548769,8.06381690823315,9.68300753579033,9.75481356418475
