"","cue","cue_b","log","log_b","id","rho","burst","iota_N1","iota_N2","phi_N1","phi_N2","fitness_rho","fitness_beta","fitness_psin","fitness_psiw","fitness_phin","fitness_phiw"
"513","R","I","log10","log10",513,0.34138136,3.96010811,38.8816731,0.78458958,0.02165013,2291.17608,7.96867620980818,2.13788491463521,5.34379145807307,10.0046796776374,6.3498230395978,9.83836518777766
