"","cue","log","id","rho","burst","iota_N1","iota_N2","phi_N1","phi_N2","fitness_rho","fitness_beta","fitness_psin","fitness_psiw","fitness_phin","fitness_phiw"
"770","R","log10",770,0.29973217,3.88631715,15.9309663,0.66292474,0.06456449,4012.34969,8.14025739384178,2.81644041732459,8.19618392669538,7.85274781837373,5.77498145749151,8.16991624386672
