"","cue","cue_b","log","log_b","id","rho","burst","iota_N1","iota_N2","phi_N1","phi_N2","fitness_rho","fitness_beta","fitness_psin","fitness_psiw","fitness_phin","fitness_phiw"
"1085","R","I","log10","log10",1085,0.23441559,4.59968848,35.5147097,2.37398917,0.07330987,1832.61763,9.33044842544895,3.71899588871471,5.50795668032341,4.4758124700833,5.57110853640605,9.83963202937619
