"","cue","log","id","rho","burst","iota_N1","iota_N2","phi_N1","phi_N2","fitness_rho","fitness_beta","fitness_psin","fitness_psiw","fitness_phin","fitness_phiw"
"3224","R","log10",3224,0.27071478,3.94553821,9.3968842,0.65929448,0.08120798,56595.1703,8.2010376617458,3.16862152588044,7.76508298421781,7.83194876753232,4.92208110529812,8.16654435680623
