"","cue","cue_b","log","log_b","id","rho","burst","iota_N1","iota_N2","phi_N1","phi_N2","fitness_rho","fitness_beta","fitness_psin","fitness_psiw","fitness_phin","fitness_phiw"
"2820","R","I","log10","log10",2820,0.47210666,6.11970504,24.6145623,2.22273727,0.04671962,149.279922,6.61671805793542,6.92447040781262,6.42973539115393,4.7134658284602,6.93351127939021,9.90709802270994
