"","cue","cue_b","log","log_b","id","rho","burst","iota_N1","iota_N2","phi_N1","phi_N2","fitness_rho","fitness_beta","fitness_psin","fitness_psiw","fitness_phin","fitness_phiw"
"499","R","I","log10","log10",499,0.35007299,5.60349631,23.353796,0.92338065,0.02287913,104.316693,7.79248124135443,8.69457932946175,6.64303733791886,9.56249029911801,6.48668829591258,9.93627424682629
