"","cue","cue_b","log","log_b","id","rho","burst","iota_N1","iota_N2","phi_N1","phi_N2","fitness_rho","fitness_beta","fitness_psin","fitness_psiw","fitness_phin","fitness_phiw"
"721","R","I+Ig","log10","log10",721,0.27905002,5.49301318,32.217661,0.9485306,0.02094573,19989.8184,9.77030859216315,9.28268722565312,7.45531466899283,9.40135349006191,9.4192162754664,9.75231144474474
