"","cue","cue_b","log","log_b","id","rho","burst","iota_N1","iota_N2","phi_N1","phi_N2","fitness_rho","fitness_beta","fitness_psin","fitness_psiw","fitness_phin","fitness_phiw"
"2638","R","I","log10","log10",2638,0.31850797,4.85385853,12.6089312,0.44078271,0.01234864,132.092443,8.58638238542247,4.44588669170115,7.00132443138389,9.88939525705813,5.54529174230669,9.9160650329795
