"","iter","rho","burst","iota_N1","iota_N2","phi_N1","phi_N2","max_fitness_rho","max_fitness_beta","max_fitness_psin","max_fitness_psiw","max_fitness_phin","max_fitness_phiw","id"
"502",502,0.32055873,4.70954141,5.88607563,0.48041463,0.03740316,3497.61872,8.52183769787346,4.02544712592929,5.53876245611306,9.93014547199131,9.3257644144731,9.83661513406133,"R_log-I_log"
