"","cue","cue_b","log","log_b","id","rho","burst","iota_N1","iota_N2","phi_N1","phi_N2","fitness_rho","fitness_beta","fitness_psin","fitness_psiw","fitness_phin","fitness_phiw"
"3392","R","I","log10","log10",3392,0.37716813,3.92300113,35.7519805,0.73190937,0.02784768,376.378085,7.38247600393792,2.05736053877132,5.49542235588547,10.0899281751457,7.27554181144499,9.86362700978013
