"","cue","log","id","rho","burst","iota_N1","iota_N2","phi_N1","phi_N2","fitness_rho","fitness_beta","fitness_psin","fitness_psiw","fitness_phin","fitness_phiw"
"2554","R","log10",2554,0.3286803,4.70277158,21.71397,0.50095844,0.02211859,358.87513,8.0168699294791,5.88517065221925,7.43217509121852,7.06110296838109,7.8648133575488,8.20589471084118
