"","cue","log","id","rho","burst","iota_N1","iota_N2","phi_N1","phi_N2","fitness_rho","fitness_beta","fitness_psin","fitness_psiw","fitness_phin","fitness_phiw"
"4603","R","log10",4603,0.41132666,5.56825358,27.3548297,0.87651149,0.03811947,230.677857,7.66563324347851,7.8486370555686,6.31638636451537,8.07071248723894,8.12754353271153,8.22697871481295
