"","cue","cue_b","log","log_b","id","rho","burst","iota_N1","iota_N2","phi_N1","phi_N2","fitness_rho","fitness_beta","fitness_psin","fitness_psiw","fitness_phin","fitness_phiw"
"4373","R","I","log10","log10",4373,0.23051648,4.62356044,77.6582063,1.84788008,0.03640764,8197.06218,9.20565769758377,3.78470945601408,4.31135137650589,5.45575697382479,9.68047525011703,9.83470274892425
