"","cue","cue_b","log","log_b","id","rho","burst","iota_N1","iota_N2","phi_N1","phi_N2","fitness_rho","fitness_beta","fitness_psin","fitness_psiw","fitness_phin","fitness_phiw"
"869","R","I+Ig","log10","log10",869,0.19828768,4.82169388,19.6595056,1.99504905,0.09904516,6901.52279,9.3450180798586,6.78610180528596,9.34164622737632,5.89746022466932,6.38404793892067,9.75346950613257
