"","cue","log","id","rho","burst","iota_N1","iota_N2","phi_N1","phi_N2","fitness_rho","fitness_beta","fitness_psin","fitness_psiw","fitness_phin","fitness_phiw"
"4387","R","log10",4387,0.34101592,5.59292207,12.1856396,0.87354531,0.02429398,315.209609,7.9594025334205,7.91930564592483,8.01577088673723,8.08250869516674,7.95767408111546,8.2112125081589
