"","iter","rho","burst","iota_N1","iota_N2","phi_N1","phi_N2","max_fitness_rho","max_fitness_beta","max_fitness_psin","max_fitness_psiw","max_fitness_phin","max_fitness_phiw","id"
"24",24,0.55540904,5.88213474,35.583306,1.77822473,0.03262709,219.45284,9.18471349903117,9.71011227682356,7.13602164867763,6.43745333234748,9.77339438222891,9.80506070563644,"R_log-I+Ig_log"
