"","cue","log","id","rho","burst","iota_N1","iota_N2","phi_N1","phi_N2","fitness_rho","fitness_beta","fitness_psin","fitness_psiw","fitness_phin","fitness_phiw"
"4823","R","log10",4823,0.26222017,4.51995834,8.83928644,2.0772184,0.27067675,10964.5286,8.19123097028325,5.49796059550908,7.7121466356731,4.57814376631075,2.51592245402972,8.1676170370042
