"","cue","cue_b","log","log_b","id","rho","burst","iota_N1","iota_N2","phi_N1","phi_N2","fitness_rho","fitness_beta","fitness_psin","fitness_psiw","fitness_phin","fitness_phiw"
"627","R","I+Ig","log10","log10",627,0.36827676,3.88656946,114.884635,0.64032933,0.0057033,33.4494097,9.55274147287343,2.37282143752583,3.96627611760294,10.1659075537037,7.64340610136895,10.0350766221658
