"","cue","cue_b","log","log_b","id","rho","burst","iota_N1","iota_N2","phi_N1","phi_N2","fitness_rho","fitness_beta","fitness_psin","fitness_psiw","fitness_phin","fitness_phiw"
"4749","R","I","log10","log10",4749,0.30391173,3.87231856,1.87322191,0.86459169,0.3353061,2743.97927,9.06843362938592,1.94949837034278,4.97655077793936,9.78616135887831,3.48723581963022,9.8375266386654
