"","cue","cue_b","log","log_b","id","rho","burst","iota_N1","iota_N2","phi_N1","phi_N2","fitness_rho","fitness_beta","fitness_psin","fitness_psiw","fitness_phin","fitness_phiw"
"2865","R","I","log10","log10",2865,0.32674,4.00659358,7.95054666,0.76134664,0.08724799,71.409329,8.33724291857079,2.24056719546079,5.87550820911995,10.0487199124216,5.26127816338687,9.97810363718123
