"","cue","cue_b","log","log_b","id","rho","burst","iota_N1","iota_N2","phi_N1","phi_N2","fitness_rho","fitness_beta","fitness_psin","fitness_psiw","fitness_phin","fitness_phiw"
"2428","R","I","log10","log10",2428,0.41228738,4.82487931,5.88438298,0.40937605,0.03324948,88.1733439,7.0252853454732,4.35955557015326,5.53850822672533,9.85959197271884,9.51547636223528,9.95328982554225
