"","cue","log","id","rho","burst","iota_N1","iota_N2","phi_N1","phi_N2","fitness_rho","fitness_beta","fitness_psin","fitness_psiw","fitness_phin","fitness_phiw"
"1480","R","log10",1480,0.3587892,4.70290082,4.09894658,0.4672461,0.0772918,1569.84512,7.87761392878367,5.88541511040808,7.33507800301942,6.91942088709515,5.08655664239625,8.17553004770233
