"","cue","log","id","rho","burst","iota_N1","iota_N2","phi_N1","phi_N2","fitness_rho","fitness_beta","fitness_psin","fitness_psiw","fitness_phin","fitness_phiw"
"2657","R","log10",2657,0.28761141,4.82755142,74.4462638,2.51231644,0.04550408,2787.10199,8.17817616095748,6.11392385855062,3.43194487076452,4.08159075279963,7.43915379195272,8.17150772757628
