"","cue","cue_b","log","log_b","id","rho","burst","iota_N1","iota_N2","phi_N1","phi_N2","fitness_rho","fitness_beta","fitness_psin","fitness_psiw","fitness_phin","fitness_phiw"
"233","R","I+Ig","log10","log10",233,0.23232512,4.68874962,32.2463473,1.90635035,0.06955102,628.939569,9.66326008820834,6.09887843658004,7.45248168599962,6.1110785158447,7.41869290040597,9.77081105535824
