"","cue","log","id","rho","burst","iota_N1","iota_N2","phi_N1","phi_N2","fitness_rho","fitness_beta","fitness_psin","fitness_psiw","fitness_phin","fitness_phiw"
"3404","R","log10",3404,0.26415769,4.09712798,5.83290606,0.73877698,0.0669582,3448.98044,8.19514165280878,3.99203186982733,7.45059279768139,8.27422428932274,5.62469546393333,8.17051127197048
