"","cue","cue_b","log","log_b","id","rho","burst","iota_N1","iota_N2","phi_N1","phi_N2","fitness_rho","fitness_beta","fitness_psin","fitness_psiw","fitness_phin","fitness_phiw"
"45","R","I+Ig","log10","log10",45,0.28965634,3.85883144,39.3163319,0.72654761,0.01154613,281.307805,9.75404485040204,2.28228342956578,6.82193440382281,10.0619004490876,8.60470756760592,9.79369164261245
