"","cue","log","id","rho","burst","iota_N1","iota_N2","phi_N1","phi_N2","fitness_rho","fitness_beta","fitness_psin","fitness_psiw","fitness_phin","fitness_phiw"
"2755","R","log10",2755,0.24855214,5.58977786,13.3264051,1.07977453,0.04983886,6467.61797,8.12507155944956,7.91045250714772,8.09781719348107,7.09210297900014,6.95319605629079,8.1685400812511
