"","iter","rho","burst","iota_N1","iota_N2","phi_N1","phi_N2","max_fitness_rho","max_fitness_beta","max_fitness_psin","max_fitness_psiw","max_fitness_phin","max_fitness_phiw","id"
"91",91,0.26556898,5.58889315,15.9063243,1.01310996,0.02502959,1059.10448,9.77535744637357,9.53969846211515,9.78275529616977,9.13979239166352,9.54973133824053,9.76311539600263,"R_log-I+Ig_log"
