"","iter","rho","burst","iota_N1","iota_N2","phi_N1","phi_N2","max_fitness_rho","max_fitness_beta","max_fitness_psin","max_fitness_psiw","max_fitness_phin","max_fitness_phiw","id"
"56",56,0.2608722,4.17049606,6.1182811,0.95646667,0.07955531,1657.43835,8.18784439475544,4.33743633960878,7.47255238709777,7.70695106865913,4.98926342090591,8.17504421615254,"R_log"
