"","cue","cue_b","log","log_b","id","rho","burst","iota_N1","iota_N2","phi_N1","phi_N2","fitness_rho","fitness_beta","fitness_psin","fitness_psiw","fitness_phin","fitness_phiw"
"561","R","I+Ig","log10","log10",561,0.30435877,3.87555814,12.1659699,0.86149527,0.04418259,5079.84532,9.72045231201435,2.33655479201314,9.56511104271261,9.71511877520559,9.08099260747634,9.75409921416163
