"","cue","cue_b","log","log_b","id","rho","burst","iota_N1","iota_N2","phi_N1","phi_N2","fitness_rho","fitness_beta","fitness_psin","fitness_psiw","fitness_phin","fitness_phiw"
"4649","R","I","log10","log10",4649,0.15624547,4.72810233,46.1333735,2.07564565,0.04619326,852.559604,7.41666457900057,4.0782917802851,5.06155919366177,4.9743535624309,7.00103458556089,9.84685431298541
