"","cue","log","id","rho","burst","iota_N1","iota_N2","phi_N1","phi_N2","fitness_rho","fitness_beta","fitness_psin","fitness_psiw","fitness_phin","fitness_phiw"
"3477","R","log10",3477,0.33602215,3.80001549,6.27973345,0.70999885,0.0799377,354.660135,7.98271004620962,2.29010328980075,7.48530695039024,8.14130058970154,4.97343701389355,8.20635325790619
