"","cue","log","id","rho","burst","iota_N1","iota_N2","phi_N1","phi_N2","fitness_rho","fitness_beta","fitness_psin","fitness_psiw","fitness_phin","fitness_phiw"
"3043","R","log10",3043,0.36745777,5.63192032,2.72664804,1.09166753,0.27495316,2038.54619,7.83909834692179,8.02381128525721,7.26759739106285,7.03481678964377,2.49162856538172,8.1734156091093
