"","cue","cue_b","log","log_b","id","rho","burst","iota_N1","iota_N2","phi_N1","phi_N2","fitness_rho","fitness_beta","fitness_psin","fitness_psiw","fitness_phin","fitness_phiw"
"4425","R","I","log10","log10",4425,0.42272088,3.94720797,5.93333134,0.63821828,0.06572281,279.69114,6.94023224806016,2.10974388382649,5.54587740473237,10.1042701400095,5.79528290680441,9.87378383107439
