"","cue","cue_b","log","log_b","id","rho","burst","iota_N1","iota_N2","phi_N1","phi_N2","fitness_rho","fitness_beta","fitness_psin","fitness_psiw","fitness_phin","fitness_phiw"
"3401","R","I","log10","log10",3401,0.21973166,4.77494475,10.5969314,1.9258755,0.18335627,3151.82112,8.8618439605611,4.21317195609767,6.41026991355689,5.27836692456746,4.19785129226764,9.8369800976359
