"","cue","log","id","rho","burst","iota_N1","iota_N2","phi_N1","phi_N2","fitness_rho","fitness_beta","fitness_psin","fitness_psiw","fitness_phin","fitness_phiw"
"2120","R","log10",2120,0.2928499,4.05052185,20.9894721,0.75696892,0.02993163,1681.44317,8.16340077299459,3.75349738355533,7.62155763539425,8.31479633332945,8.14557949273035,8.17492155667508
