"","cue","log","id","rho","burst","iota_N1","iota_N2","phi_N1","phi_N2","fitness_rho","fitness_beta","fitness_psin","fitness_psiw","fitness_phin","fitness_phiw"
"2361","R","log10",2361,0.37726903,4.041663,52.4546513,0.78536431,0.00845431,260.963459,7.79702516860633,3.70656887169643,4.16962765455323,8.31954624600445,7.33073195049964,8.22020236592929
