"","cue","cue_b","log","log_b","id","rho","burst","iota_N1","iota_N2","phi_N1","phi_N2","fitness_rho","fitness_beta","fitness_psin","fitness_psiw","fitness_phin","fitness_phiw"
"3002","R","I","log10","log10",3002,0.2487586,3.94395144,2.14029092,0.96220746,0.3970218,357.845379,9.71516109226923,2.10266396080165,5.01329748228793,9.38132766513922,3.29583161336149,9.86515997967935
