"","cue","log","id","rho","burst","iota_N1","iota_N2","phi_N1","phi_N2","fitness_rho","fitness_beta","fitness_psin","fitness_psiw","fitness_phin","fitness_phiw"
"2692","R","log10",2692,0.37311883,4.77674918,6.28126913,0.4592141,0.03176085,830.345074,7.81461146967214,6.02252155594204,7.48543162370364,6.88639160718649,8.18006208590279,8.18366981559805
