"","iter","rho","burst","iota_N1","iota_N2","phi_N1","phi_N2","max_fitness_rho","max_fitness_beta","max_fitness_psin","max_fitness_psiw","max_fitness_phin","max_fitness_phiw","id"
"697",697,0.27224395,5.59352831,47.5815713,1.10165404,0.01073991,281.835168,9.80795307110323,8.54687076375019,5.01326577784973,8.53346895008969,5.43231521446864,9.87348797962456,"R_log-I_log"
