"","iter","rho","burst","iota_N1","iota_N2","phi_N1","phi_N2","max_fitness_rho","max_fitness_beta","max_fitness_psin","max_fitness_psiw","max_fitness_phin","max_fitness_phiw","id"
"472",472,0.3579236,4.76610803,20.2897898,0.52602281,0.01283166,565.847396,7.65514091897696,4.18755483318914,7.55570315336498,9.98190486780923,5.58022737027857,9.85362492389315,"R_log-I_log"
