"","cue","cue_b","log","log_b","id","rho","burst","iota_N1","iota_N2","phi_N1","phi_N2","fitness_rho","fitness_beta","fitness_psin","fitness_psiw","fitness_phin","fitness_phiw"
"860","R","I+Ig","log10","log10",860,0.24293796,3.93815931,3.57384587,0.80780171,0.14633769,223.831128,9.7225449324871,2.54849925623972,7.96054050074504,9.87703017292911,5.3690389184959,9.80405754072316
