"","cue","log","id","rho","burst","iota_N1","iota_N2","phi_N1","phi_N2","fitness_rho","fitness_beta","fitness_psin","fitness_psiw","fitness_phin","fitness_phiw"
"4388","R","log10",4388,0.40781698,3.955237,48.2590443,0.67431597,0.02346092,353.271186,7.67807748180169,3.22503103717539,4.3712291272561,7.92018586262662,7.92290344860616,8.20650626124312
