"","iter","rho","burst","iota_N1","iota_N2","phi_N1","phi_N2","max_fitness_rho","max_fitness_beta","max_fitness_psin","max_fitness_psiw","max_fitness_phin","max_fitness_phiw","id"
"623",623,0.18465738,4.6392608,25.4893628,2.06501808,0.06140587,510.782057,7.94662892809648,3.82818816350844,6.30797272260364,4.99453866331662,5.95289600214085,9.85578234886926,"R_log-I_log"
