"","iter","rho","burst","iota_N1","iota_N2","phi_N1","phi_N2","max_fitness_rho","max_fitness_beta","max_fitness_psin","max_fitness_psiw","max_fitness_phin","max_fitness_phiw","id"
"390",390,0.37761212,6.23256734,199.007978,1.78226294,0.0042871,626.271978,7.79558523917021,5.44504988654688,1.68802758892301,5.01654959536864,7.24294927846961,8.18924757719599,"R_log"
