"","cue","cue_b","log","log_b","id","rho","burst","iota_N1","iota_N2","phi_N1","phi_N2","fitness_rho","fitness_beta","fitness_psin","fitness_psiw","fitness_phin","fitness_phiw"
"1961","R","I","log10","log10",1961,0.25631645,4.49328275,41.5882319,2.10218749,0.06018583,280.895835,9.82357054452804,3.43177719196906,5.22921743966192,4.92478597950891,6.00302297107979,9.873617101888
