"","cue","cue_b","log","log_b","id","rho","burst","iota_N1","iota_N2","phi_N1","phi_N2","fitness_rho","fitness_beta","fitness_psin","fitness_psiw","fitness_phin","fitness_phiw"
"3800","R","I","log10","log10",3800,0.33433307,3.94189519,49.8193768,0.91029343,0.02013926,1151.11795,8.13396162370709,2.09819908716095,4.94264119026046,9.61728297848135,6.19598130910072,9.84336276241503
