"","cue","log","id","rho","burst","iota_N1","iota_N2","phi_N1","phi_N2","fitness_rho","fitness_beta","fitness_psin","fitness_psiw","fitness_phin","fitness_phiw"
"2173","R","log10",2173,0.27241202,5.67596842,12.2682903,0.95801901,0.01735531,1094.64685,8.20095262429194,8.12401676174839,8.02228991651833,7.69931140590885,7.65258477327683,8.1795107225076
