"","cue","log","id","rho","burst","iota_N1","iota_N2","phi_N1","phi_N2","fitness_rho","fitness_beta","fitness_psin","fitness_psiw","fitness_phin","fitness_phiw"
"3881","R","log10",3881,0.24572473,4.57744849,425.279579,2.17532312,0.00541588,156.178767,8.100341111626,5.62986418493547,0.752932193860673,4.45418281646677,7.26230829633041,8.25409744382277
