"","cue","cue_b","log","log_b","id","rho","burst","iota_N1","iota_N2","phi_N1","phi_N2","fitness_rho","fitness_beta","fitness_psin","fitness_psiw","fitness_phin","fitness_phiw"
"399","R","I","log10","log10",399,0.22165274,3.98513583,9.66173641,0.82441796,0.03713025,63.4867774,8.92173730614623,2.19291761459529,6.20417163157881,9.90814070863673,9.43517878815861,9.99376332924635
