"","iter","rho","burst","iota_N1","iota_N2","phi_N1","phi_N2","max_fitness_rho","max_fitness_beta","max_fitness_psin","max_fitness_psiw","max_fitness_phin","max_fitness_phiw","id"
"338",338,0.38444751,3.82910248,16.8930495,0.81097048,0.05752574,222.379117,9.52092959907083,2.18821948949182,9.7641998423338,9.86827529973201,8.05504697301603,9.80438561340876,"R_log-I+Ig_log"
