"","cue","cue_b","log","log_b","id","rho","burst","iota_N1","iota_N2","phi_N1","phi_N2","fitness_rho","fitness_beta","fitness_psin","fitness_psiw","fitness_phin","fitness_phiw"
"4694","R","I","log10","log10",4694,0.27817184,4.04549235,12.4105908,0.68349469,0.04995452,134.35251,9.73144224005769,2.32802444224335,6.92840243586624,10.1189130912974,6.60238710781321,9.91476543286952
