"","cue","log","id","rho","burst","iota_N1","iota_N2","phi_N1","phi_N2","fitness_rho","fitness_beta","fitness_psin","fitness_psiw","fitness_phin","fitness_phiw"
"2875","R","log10",2875,0.45896051,5.64622265,48.9363311,0.79446376,0.0082669,1365.74541,7.52065394764992,8.05892354767927,4.33641876006173,8.3094622633817,7.32582976485079,8.17690250345987
