"","cue","cue_b","log","log_b","id","rho","burst","iota_N1","iota_N2","phi_N1","phi_N2","fitness_rho","fitness_beta","fitness_psin","fitness_psiw","fitness_phin","fitness_phiw"
"1660","R","I","log10","log10",1660,0.36205371,4.76674387,15.514783,0.60601334,0.01917926,16.0861586,7.58979101167682,4.18939628043419,9.28807024598609,10.0758807082726,6.10418669904445,10.2739970070867
