"","iter","rho","burst","iota_N1","iota_N2","phi_N1","phi_N2","max_fitness_rho","max_fitness_beta","max_fitness_psin","max_fitness_psiw","max_fitness_phin","max_fitness_phiw","id"
"349",349,0.24949148,5.43891029,1.86882739,1.19505095,0.23041904,1045.24033,8.13228766459924,7.46191909141113,7.23666623763497,6.57240722226636,2.77115500970584,8.1801287732831,"R_log"
