"","iter","rho","burst","iota_N1","iota_N2","phi_N1","phi_N2","max_fitness_rho","max_fitness_beta","max_fitness_psin","max_fitness_psiw","max_fitness_phin","max_fitness_phiw","id"
"797",797,0.21522912,4.54947372,14.5223845,2.27564038,0.1457809,131.487938,7.43154213667997,5.5671033716078,8.16118450449454,4.33556810808541,3.56348756336528,8.26932806923427,"R_log"
