"","cue","cue_b","log","log_b","id","rho","burst","iota_N1","iota_N2","phi_N1","phi_N2","fitness_rho","fitness_beta","fitness_psin","fitness_psiw","fitness_phin","fitness_phiw"
"2380","R","I","log10","log10",2380,0.41966255,4.90262856,121.638392,0.46953498,0.00196378,149.482131,6.96441777597173,4.59377182660613,3.74107870209573,9.91855613330717,4.84761977021564,9.90700480857013
