"","cue","log","id","rho","burst","iota_N1","iota_N2","phi_N1","phi_N2","fitness_rho","fitness_beta","fitness_psin","fitness_psiw","fitness_phin","fitness_phiw"
"2126","R","log10",2126,0.39317763,4.1426533,11.5399827,0.55907894,0.07025531,358.038566,7.73270464003276,4.21080908322689,7.96234609711238,7.32079684181761,5.4341484802134,8.20598507403604
