"","iter","rho","burst","iota_N1","iota_N2","phi_N1","phi_N2","max_fitness_rho","max_fitness_beta","max_fitness_psin","max_fitness_psiw","max_fitness_phin","max_fitness_phiw","id"
"947",947,0.25524574,4.55454735,24.9257665,2.13268437,0.10598316,211.463109,9.81304578875106,3.59601334116361,6.38440385318723,4.86925355503312,4.95430339482691,9.88630683182366,"R_log-I_log"
