"","iter","rho","burst","iota_N1","iota_N2","phi_N1","phi_N2","max_fitness_rho","max_fitness_beta","max_fitness_psin","max_fitness_psiw","max_fitness_phin","max_fitness_phiw","id"
"419",419,0.16203202,4.7366462,64.6123773,2.21146955,0.02077902,4962.85869,7.51277653135758,4.10273414513317,4.5637474264545,4.73232227869382,6.25955062754056,9.83563245066785,"R_log-I_log"
