"","iter","rho","burst","iota_N1","iota_N2","phi_N1","phi_N2","max_fitness_rho","max_fitness_beta","max_fitness_psin","max_fitness_psiw","max_fitness_phin","max_fitness_phiw","id"
"615",615,0.36449266,3.94123977,7.51910272,0.82583934,0.05285987,206.58777,7.55309955109182,2.09677541639465,5.80020181350252,9.90423613905184,6.38562967322155,9.88750507021045,"R_log-I_log"
