"","cue","cue_b","log","log_b","id","rho","burst","iota_N1","iota_N2","phi_N1","phi_N2","fitness_rho","fitness_beta","fitness_psin","fitness_psiw","fitness_phin","fitness_phiw"
"243","R","I+Ig","log10","log10",243,0.19333453,3.9963,5.96869106,0.84770264,0.05420273,900.746471,9.29112668637201,2.75818524009409,8.73551735275528,9.75934639520066,8.26820011862259,9.76510264205239
