"","iter","rho","burst","iota_N1","iota_N2","phi_N1","phi_N2","max_fitness_rho","max_fitness_beta","max_fitness_psin","max_fitness_psiw","max_fitness_phin","max_fitness_phiw","id"
"368",368,0.27295586,4.09407142,12.9682297,0.84604456,0.05329857,2743.57668,8.20079870595423,3.97682842865191,8.07402737630225,8.18292908698824,6.6245973732138,8.17159011597236,"R_log"
