"","cue","cue_b","log","log_b","id","rho","burst","iota_N1","iota_N2","phi_N1","phi_N2","fitness_rho","fitness_beta","fitness_psin","fitness_psiw","fitness_phin","fitness_phiw"
"2330","R","I","log10","log10",2330,0.26015708,3.87409586,31.3248722,0.80526351,0.02148694,30.1298192,9.8483911231027,1.95323743591482,5.7624227548486,9.95772140138958,6.33254812920022,10.1262867281947
