"","cue","log","id","rho","burst","iota_N1","iota_N2","phi_N1","phi_N2","fitness_rho","fitness_beta","fitness_psin","fitness_psiw","fitness_phin","fitness_phiw"
"1177","R","log10",1177,0.40539145,5.60761044,27.2773005,0.99201232,0.02049526,289.105964,7.68682025008238,7.95991794337391,6.32858895777919,7.52962574926613,7.79251416361866,8.21513167933407
