"","cue","cue_b","log","log_b","id","rho","burst","iota_N1","iota_N2","phi_N1","phi_N2","fitness_rho","fitness_beta","fitness_psin","fitness_psiw","fitness_phin","fitness_phiw"
"3710","R","I","log10","log10",3710,0.2709095,3.97952926,99.2961212,0.69846454,0.0076316,373.374775,9.8203760314843,2.18053845981473,3.99283658202726,10.1151983409232,5.22365642775484,9.86386601344482
