"","cue","log","id","rho","burst","iota_N1","iota_N2","phi_N1","phi_N2","fitness_rho","fitness_beta","fitness_psin","fitness_psiw","fitness_phin","fitness_phiw"
"3638","R","log10",3638,0.24834794,3.90117949,43.687215,0.78559889,0.01371806,1133.48967,8.12344116852174,2.90590426214532,4.63558028416755,8.31934596187705,7.50248334779573,8.17905940181565
