"","iter","rho","burst","iota_N1","iota_N2","phi_N1","phi_N2","max_fitness_rho","max_fitness_beta","max_fitness_psin","max_fitness_psiw","max_fitness_phin","max_fitness_phiw","id"
"790",790,0.31785389,4.85442733,8.32250232,0.45167408,0.02405069,384.317936,8.06609277768814,6.16183850870579,7.66362067106125,6.85570001418893,7.94763633823279,8.20333789622517,"R_log"
