"","cue","log","id","rho","burst","iota_N1","iota_N2","phi_N1","phi_N2","fitness_rho","fitness_beta","fitness_psin","fitness_psiw","fitness_phin","fitness_phiw"
"2623","R","log10",2623,0.32308034,5.63935802,28.2068584,0.96057527,0.00942667,473.866296,8.04258334675179,8.04233164319727,6.18612340561709,7.68669992739057,7.35757587853819,8.19648066007529
