"","cue","log","id","rho","burst","iota_N1","iota_N2","phi_N1","phi_N2","fitness_rho","fitness_beta","fitness_psin","fitness_psiw","fitness_phin","fitness_phiw"
"2466","R","log10",2466,0.40521263,6.27761389,14.2433757,1.91055367,0.05573863,122.127695,7.68746931617382,5.31779949825317,8.14883605462068,4.8114256270525,6.41556161262043,8.27656941368658
