"","cue","cue_b","log","log_b","id","rho","burst","iota_N1","iota_N2","phi_N1","phi_N2","fitness_rho","fitness_beta","fitness_psin","fitness_psiw","fitness_phin","fitness_phiw"
"4113","R","I","log10","log10",4113,0.28602307,3.90453415,13.4950804,0.87778266,0.0295522,348.920665,9.5802825327301,2.01777319371419,7.40886095641048,9.7408181905891,7.77550401120497,9.86595405654493
