"","iter","rho","burst","iota_N1","iota_N2","phi_N1","phi_N2","max_fitness_rho","max_fitness_beta","max_fitness_psin","max_fitness_psiw","max_fitness_phin","max_fitness_phiw","id"
"914",914,0.31544737,4.04603243,18.4215296,0.72826984,0.02276708,2711.53469,9.69048606365764,2.94764301040827,9.58776016918643,10.0588281747502,9.48267821327716,9.75618473252563,"R_log-I+Ig_log"
