"","iter","rho","burst","iota_N1","iota_N2","phi_N1","phi_N2","max_fitness_rho","max_fitness_beta","max_fitness_psin","max_fitness_psiw","max_fitness_phin","max_fitness_phiw","id"
"42",42,0.30488806,6.0151643,10.424627,2.2188518,0.09077127,1539.89039,8.1207540549784,6.53066402481122,7.86211362904241,4.40178379689115,4.58890908191199,8.17571131946289,"R_log"
