"","cue","log","id","rho","burst","iota_N1","iota_N2","phi_N1","phi_N2","fitness_rho","fitness_beta","fitness_psin","fitness_psiw","fitness_phin","fitness_phiw"
"3180","R","log10",3180,0.47339663,6.15841086,10.0804947,1.63511967,0.09089681,29680.2898,7.48471183898037,5.7273100844844,7.82989069952583,5.29015405873242,4.58509647649513,8.16677838535686
