"","cue","log","id","rho","burst","iota_N1","iota_N2","phi_N1","phi_N2","fitness_rho","fitness_beta","fitness_psin","fitness_psiw","fitness_phin","fitness_phiw"
"4171","R","log10",4171,0.29997837,5.46257818,13.0511762,0.9905882,0.03207139,14153.6222,8.13936591626524,7.53228375839578,8.07971104032162,7.53679728534812,8.18420427700526,8.16731692679877
