"","cue","log","id","rho","burst","iota_N1","iota_N2","phi_N1","phi_N2","fitness_rho","fitness_beta","fitness_psin","fitness_psiw","fitness_phin","fitness_phiw"
"1058","R","log10",1058,0.24327896,4.00360191,27.1535719,0.88939393,0.02324437,1477.64232,8.0749429414038,3.49955345862143,6.34820982457126,8.01764530713812,7.91368739342443,8.17610476897622
