"","cue","cue_b","log","log_b","id","rho","burst","iota_N1","iota_N2","phi_N1","phi_N2","fitness_rho","fitness_beta","fitness_psin","fitness_psiw","fitness_phin","fitness_phiw"
"622","R","I","log10","log10",622,0.37398426,4.90282002,1.50450281,0.57796206,0.13050266,22.7610819,7.42255629081115,4.59436191675291,4.92550419704201,10.0444978544441,4.65217532650097,10.1899932348351
