"","cue","cue_b","log","log_b","id","rho","burst","iota_N1","iota_N2","phi_N1","phi_N2","fitness_rho","fitness_beta","fitness_psin","fitness_psiw","fitness_phin","fitness_phiw"
"196","R","I","log10","log10",196,0.30436642,4.72889485,14.1963371,0.52628053,0.01464326,566.532868,9.05347087113175,4.08055063154438,7.90155495577268,9.98222182084509,5.71661435856321,9.85360178526168
