"","cue","cue_b","log","log_b","id","rho","burst","iota_N1","iota_N2","phi_N1","phi_N2","fitness_rho","fitness_beta","fitness_psin","fitness_psiw","fitness_phin","fitness_phiw"
"4599","R","I","log10","log10",4599,0.52437511,4.06421752,25.0422568,0.59072192,0.02356275,242.025491,6.370276389118,2.37061619104383,6.36803557439567,10.0592940382444,6.56910630806277,9.87985729400316
