"","cue","cue_b","log","log_b","id","rho","burst","iota_N1","iota_N2","phi_N1","phi_N2","fitness_rho","fitness_beta","fitness_psin","fitness_psiw","fitness_phin","fitness_phiw"
"4116","R","I","log10","log10",4116,0.46298612,6.23123928,6.49100773,1.60848087,0.18068735,483.647389,6.66841319484233,6.46952905145097,5.63167350118068,6.11092822288188,4.21644338163207,9.85702133171482
