"","cue","log","id","rho","burst","iota_N1","iota_N2","phi_N1","phi_N2","fitness_rho","fitness_beta","fitness_psin","fitness_psiw","fitness_phin","fitness_phiw"
"731","R","log10",731,0.14070567,4.51388905,15.9720715,1.99463079,0.0700065,2533.59053,5.63866477990502,5.4833424234785,8.19643120369216,4.68973429144666,5.44786687023902,8.17202839084498
