"","cue","cue_b","log","log_b","id","rho","burst","iota_N1","iota_N2","phi_N1","phi_N2","fitness_rho","fitness_beta","fitness_psin","fitness_psiw","fitness_phin","fitness_phiw"
"1889","R","I","log10","log10",1889,0.29898871,4.44500431,10.2818571,1.70656427,0.37846962,3032.04036,9.22638714822725,3.30450018179734,6.3379234741469,5.81918920418524,3.3500590097505,9.83712409928476
