"","cue","cue_b","log","log_b","id","rho","burst","iota_N1","iota_N2","phi_N1","phi_N2","fitness_rho","fitness_beta","fitness_psin","fitness_psiw","fitness_phin","fitness_phiw"
"1257","R","I","log10","log10",1257,0.31090308,3.86094102,11.9374773,0.87515024,0.04706874,114.648078,8.83565561172236,1.92562767660671,6.77092540860029,9.75008113576714,6.89123557559895,9.9277023324499
