"","cue","cue_b","log","log_b","id","rho","burst","iota_N1","iota_N2","phi_N1","phi_N2","fitness_rho","fitness_beta","fitness_psin","fitness_psiw","fitness_phin","fitness_phiw"
"543","R","I","log10","log10",543,0.40661641,4.09260828,38.0446256,0.79151266,0.0123163,257.941787,7.07479618849938,2.43580125320121,5.3820696998405,9.98974132462614,5.5429818208577,9.8770831603202
