"","cue","cue_b","log","log_b","id","rho","burst","iota_N1","iota_N2","phi_N1","phi_N2","fitness_rho","fitness_beta","fitness_psin","fitness_psiw","fitness_phin","fitness_phiw"
"3679","R","I","log10","log10",3679,0.35762883,5.52816188,111.902122,0.87637649,0.00460661,1759.21854,7.65998894757989,7.70684445789626,3.84368741388884,9.74577689218245,5.02471119023543,9.83989399050541
