"","cue","log","id","rho","burst","iota_N1","iota_N2","phi_N1","phi_N2","fitness_rho","fitness_beta","fitness_psin","fitness_psiw","fitness_phin","fitness_phiw"
"4886","R","log10",4886,0.26396875,3.85738097,9.45274951,0.8768257,0.0834825,4726.95601,8.19480963350986,2.64080241663255,7.77039367820755,8.06945242991512,4.83459152113388,8.16936812288159
