"","cue","cue_b","log","log_b","id","rho","burst","iota_N1","iota_N2","phi_N1","phi_N2","fitness_rho","fitness_beta","fitness_psin","fitness_psiw","fitness_phin","fitness_phiw"
"783","R","I","log10","log10",783,0.27776631,3.98580856,16.7532245,0.72235676,0.01051505,122.223456,9.73774559659866,2.19440710513614,9.85058566439765,10.0995318198184,5.41686047278619,9.9222695883159
