"","iter","rho","burst","iota_N1","iota_N2","phi_N1","phi_N2","max_fitness_rho","max_fitness_beta","max_fitness_psin","max_fitness_psiw","max_fitness_phin","max_fitness_phiw","id"
"484",484,0.24144796,4.75968489,32.5082384,0.5172375,0.00560051,4635.59835,8.05322130381349,5.99140001543594,5.61207486740712,7.13133658819049,7.26578926985581,8.16942874447878,"R_log"
