"","cue","cue_b","log","log_b","id","rho","burst","iota_N1","iota_N2","phi_N1","phi_N2","fitness_rho","fitness_beta","fitness_psin","fitness_psiw","fitness_phin","fitness_phiw"
"778","R","I","log10","log10",778,0.35671189,4.74642357,14.9832034,0.44177564,0.01236787,310.333484,7.67516670437551,4.13078111022313,8.71007910931677,9.89035513715358,5.54667814455414,9.86990060392848
