"","iter","rho","burst","iota_N1","iota_N2","phi_N1","phi_N2","max_fitness_rho","max_fitness_beta","max_fitness_psin","max_fitness_psiw","max_fitness_phin","max_fitness_phiw","id"
"806",806,0.29722878,4.06313338,17.6814881,0.81722666,0.03242224,243.737975,9.28048917660905,2.36814000427059,9.36099252019368,9.92742033729646,9.1604334177623,9.87954397966857,"R_log-I_log"
