"","cue","log","id","rho","burst","iota_N1","iota_N2","phi_N1","phi_N2","fitness_rho","fitness_beta","fitness_psin","fitness_psiw","fitness_phin","fitness_phiw"
"773","R","log10",773,0.21804426,4.67990024,17.9490227,2.20087007,0.12203176,2025.66697,7.52008664730155,5.84112199489299,8.1392035951373,4.42325027339944,3.90321195279185,8.1734616071274
