"","cue","cue_b","log","log_b","id","rho","burst","iota_N1","iota_N2","phi_N1","phi_N2","fitness_rho","fitness_beta","fitness_psin","fitness_psiw","fitness_phin","fitness_phiw"
"16","R","I","log10","log10",16,0.30884181,4.6086141,2.86735777,0.62609195,0.11334135,1210.14362,8.90453167953362,3.74350970081139,5.11281869895156,10.094908057214,4.85441073851819,9.84287415431274
