"","cue","log","id","rho","burst","iota_N1","iota_N2","phi_N1","phi_N2","fitness_rho","fitness_beta","fitness_psin","fitness_psiw","fitness_phin","fitness_phiw"
"4391","R","log10",4391,0.1838645,4.6254706,37.2852671,1.87995693,0.06179155,2165.91076,6.52412818867925,5.73211925240724,5.121137125769,4.8580321750528,5.96118037231039,8.17299898247608
