"","cue","cue_b","log","log_b","id","rho","burst","iota_N1","iota_N2","phi_N1","phi_N2","fitness_rho","fitness_beta","fitness_psin","fitness_psiw","fitness_phin","fitness_phiw"
"4604","R","I","log10","log10",4604,0.2639409,3.99619055,7.71384939,0.82862818,0.10291697,610.88519,9.85404315922087,2.21741369657093,5.83383925310056,9.89648976477797,4.99884194464992,9.85214910217043
