"","cue","cue_b","log","log_b","id","rho","burst","iota_N1","iota_N2","phi_N1","phi_N2","fitness_rho","fitness_beta","fitness_psin","fitness_psiw","fitness_phin","fitness_phiw"
"3374","R","I","log10","log10",3374,0.31712132,4.11432087,17.4862836,0.66420657,0.0380855,484.334493,8.63083440104129,2.48614485083397,9.52196767114375,10.1170930908739,9.04011490496341,9.85698715306668
