"","cue","log","id","rho","burst","iota_N1","iota_N2","phi_N1","phi_N2","fitness_rho","fitness_beta","fitness_psin","fitness_psiw","fitness_phin","fitness_phiw"
"744","R","log10",744,0.35913065,5.93324751,5.53653325,2.14167271,0.17668537,36.2984889,7.87607636067654,7.10966093480338,7.42861406649267,4.49574256059992,3.21956022699595,8.46472067751546
