"","iter","rho","burst","iota_N1","iota_N2","phi_N1","phi_N2","max_fitness_rho","max_fitness_beta","max_fitness_psin","max_fitness_psiw","max_fitness_phin","max_fitness_phiw","id"
"903",903,0.34426824,4.02089454,76.8606536,0.89437462,0.00734948,767.107578,7.90699257878019,2.27255789725632,4.32518885575981,9.67993266644543,5.20506351790602,9.84834809471086,"R_log-I_log"
