"","cue","log","id","rho","burst","iota_N1","iota_N2","phi_N1","phi_N2","fitness_rho","fitness_beta","fitness_psin","fitness_psiw","fitness_phin","fitness_phiw"
"1820","R","log10",1820,0.2989764,3.99763615,26.6562383,0.94553523,0.02922676,3361.16392,8.14297770626624,3.46635166163365,6.42883585603092,7.76036738510446,8.12813400324073,8.17061693751132
