"","cue","cue_b","log","log_b","id","rho","burst","iota_N1","iota_N2","phi_N1","phi_N2","fitness_rho","fitness_beta","fitness_psin","fitness_psiw","fitness_phin","fitness_phiw"
"2700","R","I","log10","log10",2700,0.37875178,6.00052683,27.4674884,1.97192338,0.03123349,274.012437,7.3631543721471,7.58750331024655,6.08323661841433,5.18015550212982,8.53755279775637,9.87459633331689
