"","cue","cue_b","log","log_b","id","rho","burst","iota_N1","iota_N2","phi_N1","phi_N2","fitness_rho","fitness_beta","fitness_psin","fitness_psiw","fitness_phin","fitness_phiw"
"3388","R","I","log10","log10",3388,0.37350112,4.70924851,8.36873134,0.40059698,0.02927569,58.2473259,7.42878786257053,4.02461818630897,5.95126938905224,9.85162105441665,7.67764580127734,10.0061107434012
