"","cue","cue_b","log","log_b","id","rho","burst","iota_N1","iota_N2","phi_N1","phi_N2","fitness_rho","fitness_beta","fitness_psin","fitness_psiw","fitness_phin","fitness_phiw"
"4554","R","I","log10","log10",4554,0.43811189,6.1813074,4.57414245,1.71747044,0.16875844,592.455105,6.82687462341217,6.6690745762665,5.34847476032911,5.78892430140007,4.30430036463097,9.85272705710131
