"","cue","log","id","rho","burst","iota_N1","iota_N2","phi_N1","phi_N2","fitness_rho","fitness_beta","fitness_psin","fitness_psiw","fitness_phin","fitness_phiw"
"1607","R","log10",1607,0.23031874,4.74117857,192.754951,2.23221156,0.01419214,77731.7861,7.86046725456252,5.95731032797418,1.73743170248029,4.38599831594105,7.52086178908044,8.16647521379388
