"","cue","log","id","rho","burst","iota_N1","iota_N2","phi_N1","phi_N2","fitness_rho","fitness_beta","fitness_psin","fitness_psiw","fitness_phin","fitness_phiw"
"2998","R","log10",2998,0.37120677,4.60026732,5.69165609,0.44221891,0.08210686,2225.88894,7.82281496956012,5.67925438884756,7.44001066115658,6.81771839169868,4.88683350376137,8.17281750099015
