"","cue","log","id","rho","burst","iota_N1","iota_N2","phi_N1","phi_N2","fitness_rho","fitness_beta","fitness_psin","fitness_psiw","fitness_phin","fitness_phiw"
"2157","R","log10",2157,0.34785062,4.01123138,30.8327199,0.63932633,0.0195211,889.614229,7.9276295461229,3.54173139799452,5.82034258983571,7.72265939304471,7.74875476656758,8.1825232564385
