"","cue","log","id","rho","burst","iota_N1","iota_N2","phi_N1","phi_N2","fitness_rho","fitness_beta","fitness_psin","fitness_psiw","fitness_phin","fitness_phiw"
"1431","R","log10",1431,0.25037342,3.98445075,25.3580982,0.66074237,0.01184163,3912.54269,8.13863770030558,3.39228094218868,6.65418352727032,7.84020943844498,7.43409890434177,8.17000928510805
