"","cue","cue_b","log","log_b","id","rho","burst","iota_N1","iota_N2","phi_N1","phi_N2","fitness_rho","fitness_beta","fitness_psin","fitness_psiw","fitness_phin","fitness_phiw"
"1598","R","I","log10","log10",1598,0.30889466,4.01606615,6.83223909,0.8320811,0.08614589,140.819015,8.90280014312546,2.26173610307786,5.68601033116739,9.88673288019028,5.28250482252159,9.91125792893256
