"","cue","log","id","rho","burst","iota_N1","iota_N2","phi_N1","phi_N2","fitness_rho","fitness_beta","fitness_psin","fitness_psiw","fitness_phin","fitness_phiw"
"71","R","log10",71,0.15765045,4.66844095,24.4907867,1.88728936,0.06070281,5406.33342,5.92286956320225,5.81869391337637,6.81763780621727,4.84674014483195,6.03774210325669,8.16898167214096
