"","cue","log","id","rho","burst","iota_N1","iota_N2","phi_N1","phi_N2","fitness_rho","fitness_beta","fitness_psin","fitness_psiw","fitness_phin","fitness_phiw"
"163","R","log10",163,0.29121341,5.41512107,4.09137473,0.98311312,0.11407862,88.2080106,8.16831057973968,7.39223287458531,7.33464529696385,7.57436934946098,4.04185339202819,8.31407693419086
