"","cue","cue_b","log","log_b","id","rho","burst","iota_N1","iota_N2","phi_N1","phi_N2","fitness_rho","fitness_beta","fitness_psin","fitness_psiw","fitness_phin","fitness_phiw"
"4152","R","I","log10","log10",4152,0.30876186,5.85936646,31.7940209,2.25014155,0.0278494,1288.63251,8.90725538532076,8.75196256412858,5.73019042640186,4.66830090431437,7.27594700764076,9.84229292576351
