"","cue","cue_b","log","log_b","id","rho","burst","iota_N1","iota_N2","phi_N1","phi_N2","fitness_rho","fitness_beta","fitness_psin","fitness_psiw","fitness_phin","fitness_phiw"
"1045","R","I","log10","log10",1045,0.32143746,5.7419871,1.31029138,0.9149579,0.26576995,9546.84918,8.49463828068842,9.8392125440919,4.89841922464214,9.59809839863179,3.75274821746441,9.83450366072563
