"","cue","log","id","rho","burst","iota_N1","iota_N2","phi_N1","phi_N2","fitness_rho","fitness_beta","fitness_psin","fitness_psiw","fitness_phin","fitness_phiw"
"3802","R","log10",3802,0.31380355,4.73587471,14.2102568,0.49033686,0.01455295,7248.46815,8.0838374499184,5.94746676276737,8.14726668605201,7.01596115331593,7.5351226670142,8.1682986466691
