"","cue","cue_b","log","log_b","id","rho","burst","iota_N1","iota_N2","phi_N1","phi_N2","fitness_rho","fitness_beta","fitness_psin","fitness_psiw","fitness_phin","fitness_phiw"
"3331","R","I","log10","log10",3331,0.3073222,5.51195131,14.9623235,1.10822993,0.04282325,1301.13512,8.95536182092386,7.53430989889062,8.68625517862197,8.49006060822495,7.57233741648892,9.84220597003696
