"","cue","log","id","rho","burst","iota_N1","iota_N2","phi_N1","phi_N2","fitness_rho","fitness_beta","fitness_psin","fitness_psiw","fitness_phin","fitness_phiw"
"4931","R","log10",4931,0.22495426,4.6175311,163.665416,2.10682357,0.01319061,128.72375,7.72557674930633,5.71564526730815,2.00115752022847,4.53982057811366,7.48253492939795,8.2713665985867
