"","cue","log","id","rho","burst","iota_N1","iota_N2","phi_N1","phi_N2","fitness_rho","fitness_beta","fitness_psin","fitness_psiw","fitness_phin","fitness_phiw"
"5006","R","log10",5006,0.29913037,3.92616475,15.3460934,0.80412789,0.04655672,139.913253,8.1424264025555,3.05476901359843,8.18763247960459,8.29392797799779,7.31022565572282,8.26357414177789
