"","cue","cue_b","log","log_b","id","rho","burst","iota_N1","iota_N2","phi_N1","phi_N2","fitness_rho","fitness_beta","fitness_psin","fitness_psiw","fitness_phin","fitness_phiw"
"1659","R","I","log10","log10",1659,0.25386687,3.89397084,10.3642896,0.73954436,0.02762675,1026.63046,9.7971444055617,1.99527369569808,6.35652467124209,10.0808845042177,7.2254317772165,9.84457564357925
