"","cue","log","id","rho","burst","iota_N1","iota_N2","phi_N1","phi_N2","fitness_rho","fitness_beta","fitness_psin","fitness_psiw","fitness_phin","fitness_phiw"
"2797","R","log10",2797,0.34671833,5.48837839,4.44406293,1.10447957,0.12460879,2938.31312,7.93287028102116,7.60978785442067,7.35546962552211,6.97392548607036,3.86156779921684,8.17123914376856
