"","cue","log","id","rho","burst","iota_N1","iota_N2","phi_N1","phi_N2","fitness_rho","fitness_beta","fitness_psin","fitness_psiw","fitness_phin","fitness_phiw"
"4055","R","log10",4055,0.25932693,4.49533583,39.1926893,2.57440399,0.1198276,176.925262,8.18324523325497,5.43774126160867,4.95945850766361,4.01991791575061,3.94002351384143,8.24438635768747
