"","cue","cue_b","log","log_b","id","rho","burst","iota_N1","iota_N2","phi_N1","phi_N2","fitness_rho","fitness_beta","fitness_psin","fitness_psiw","fitness_phin","fitness_phiw"
"2839","R","I","log10","log10",2839,0.40043391,5.57199282,12.7031573,0.95492128,0.06876624,566.073775,7.13175635916866,8.24366273462291,7.03772464061931,9.4175174171907,5.69871854095315,9.85361907379845
