"","iter","rho","burst","iota_N1","iota_N2","phi_N1","phi_N2","max_fitness_rho","max_fitness_beta","max_fitness_psin","max_fitness_psiw","max_fitness_phin","max_fitness_phiw","id"
"117",117,0.39061809,4.03952823,2.90154546,0.71929042,0.16313903,2210.94821,7.74271151812495,3.69518797554043,7.27496841795372,8.19244864648908,3.36030731442503,8.17286107748823,"R_log"
