"","cue","log","id","rho","burst","iota_N1","iota_N2","phi_N1","phi_N2","fitness_rho","fitness_beta","fitness_psin","fitness_psiw","fitness_phin","fitness_phiw"
"3568","R","log10",3568,0.37564639,4.83351917,4.97234277,0.46708699,0.05829138,246.875389,7.80386246427319,6.12457818981087,7.38924816272033,6.91875979305104,6.21468346480433,8.2231554540638
