"","iter","rho","burst","iota_N1","iota_N2","phi_N1","phi_N2","max_fitness_rho","max_fitness_beta","max_fitness_psin","max_fitness_psiw","max_fitness_phin","max_fitness_phiw","id"
"500",500,0.24790548,3.96749861,9.65090388,0.84476445,0.06955471,2443.71782,9.69804150967517,2.1540719902071,6.2019195825266,9.84937081422394,5.67527784858971,9.83804740144892,"R_log-I_log"
