"","cue","cue_b","log","log_b","id","rho","burst","iota_N1","iota_N2","phi_N1","phi_N2","fitness_rho","fitness_beta","fitness_psin","fitness_psiw","fitness_phin","fitness_phiw"
"865","R","I","log10","log10",865,0.32025501,5.4834375,2.35770309,0.98182922,0.14061401,392.247466,8.53130345487481,7.25989481926424,5.04311055296053,9.27876961006059,4.54856667157473,9.86242726923836
