"","cue","cue_b","log","log_b","id","rho","burst","iota_N1","iota_N2","phi_N1","phi_N2","fitness_rho","fitness_beta","fitness_psin","fitness_psiw","fitness_phin","fitness_phiw"
"191","R","I","log10","log10",191,0.1861198,4.80271617,56.534238,2.03276291,0.03349844,697.396496,7.9782570253271,4.29422820007725,4.75462379524655,5.057007176803,9.59903230732954,9.84984005895962
