"","cue","log","id","rho","burst","iota_N1","iota_N2","phi_N1","phi_N2","fitness_rho","fitness_beta","fitness_psin","fitness_psiw","fitness_phin","fitness_phiw"
"2979","R","log10",2979,0.28386936,4.00816081,27.3408222,0.72423916,0.0155506,17863.4996,8.18687900272184,3.52479619884851,6.3185838922689,8.21682297624544,7.57568002834773,8.16710288718713
