"","cue","log","id","rho","burst","iota_N1","iota_N2","phi_N1","phi_N2","fitness_rho","fitness_beta","fitness_psin","fitness_psiw","fitness_phin","fitness_phiw"
"3245","R","log10",3245,0.16763848,4.71367716,18.4324043,1.88127652,0.07723152,498.679335,6.13050956411208,5.90587020134118,8.09874912613104,4.85599360075259,5.08923464725718,8.19500735486108
