"","cue","log","id","rho","burst","iota_N1","iota_N2","phi_N1","phi_N2","fitness_rho","fitness_beta","fitness_psin","fitness_psiw","fitness_phin","fitness_phiw"
"4381","R","log10",4381,0.30511535,5.44562001,6.97537289,1.24863862,0.08255915,2690.52123,8.11985717297432,7.48177715708491,7.54281578712616,6.36067743832248,4.86943521023188,8.17169426798199
