"","cue","cue_b","log","log_b","id","rho","burst","iota_N1","iota_N2","phi_N1","phi_N2","fitness_rho","fitness_beta","fitness_psin","fitness_psiw","fitness_phin","fitness_phiw"
"3909","R","I","log10","log10",3909,0.32531937,3.88618086,27.4783815,0.97616391,0.02642589,14.1815982,8.37821931348106,1.97875139691178,6.08214652150905,9.30913397847154,6.98946348375862,10.3040858666018
