"","cue","log","id","rho","burst","iota_N1","iota_N2","phi_N1","phi_N2","fitness_rho","fitness_beta","fitness_psin","fitness_psiw","fitness_phin","fitness_phiw"
"2041","R","log10",2041,0.27225586,5.45403583,49.1260024,1.04743029,0.01486388,698.913056,8.20098509026116,7.50678809159759,4.32684163408888,7.25109825948486,7.54758787148773,8.18689179086997
