"","cue","log","id","rho","burst","iota_N1","iota_N2","phi_N1","phi_N2","fitness_rho","fitness_beta","fitness_psin","fitness_psiw","fitness_phin","fitness_phiw"
"2295","R","log10",2295,0.43722883,3.89284219,41.2673304,0.66157488,0.02113909,77.4736838,7.58148069287502,2.85579248211209,4.80080754793395,7.84497305996249,7.82135185408122,8.33178114389012
