"","cue","log","id","rho","burst","iota_N1","iota_N2","phi_N1","phi_N2","fitness_rho","fitness_beta","fitness_psin","fitness_psiw","fitness_phin","fitness_phiw"
"3198","R","log10",3198,0.34117607,5.81161246,38.6658993,2.02252612,0.03331359,653.846009,7.95865391318304,8.07856856464995,5.00250750600676,4.65122811468816,8.195194515278,8.18829331359123
