"","cue","log","id","rho","burst","iota_N1","iota_N2","phi_N1","phi_N2","fitness_rho","fitness_beta","fitness_psin","fitness_psiw","fitness_phin","fitness_phiw"
"4619","R","log10",4619,0.19310871,4.71545789,21.8210341,2.44897801,0.09142148,365.719402,6.77418440964058,5.90923179506947,7.40480512639788,4.14645994328718,4.56928903337689,8.20517435827102
