"","iter","rho","burst","iota_N1","iota_N2","phi_N1","phi_N2","max_fitness_rho","max_fitness_beta","max_fitness_psin","max_fitness_psiw","max_fitness_phin","max_fitness_phiw","id"
"299",299,0.28699644,4.57570356,110.619159,2.05192128,0.02186002,370.416851,8.17972222755745,5.62602366561023,2.68490541853078,4.61156477138909,7.85340760049539,8.20469346485887,"R_log"
