"","cue","cue_b","log","log_b","id","rho","burst","iota_N1","iota_N2","phi_N1","phi_N2","fitness_rho","fitness_beta","fitness_psin","fitness_psiw","fitness_phin","fitness_phiw"
"3144","R","I","log10","log10",3144,0.36513545,6.17490676,10.3215535,2.15282517,0.09081845,67.3419939,7.54372065273377,6.69513786374109,6.34685428845667,4.83337850127957,5.19541339831635,9.98574313625733
