"","cue","cue_b","log","log_b","id","rho","burst","iota_N1","iota_N2","phi_N1","phi_N2","fitness_rho","fitness_beta","fitness_psin","fitness_psiw","fitness_phin","fitness_phiw"
"4875","R","I","log10","log10",4875,0.41579504,3.88964359,13.7073685,0.65589166,0.07873224,1226.69417,6.99585731865463,1.98608730990111,7.53705211888678,10.1141822531277,5.43852647316225,9.84274457013582
