"","cue","cue_b","log","log_b","id","rho","burst","iota_N1","iota_N2","phi_N1","phi_N2","fitness_rho","fitness_beta","fitness_psin","fitness_psiw","fitness_phin","fitness_phiw"
"1140","R","I","log10","log10",1140,0.43534297,6.39152556,54.1845459,2.14325909,0.02388336,2689.79777,6.84630604816874,5.98642047303202,4.81683138087764,4.85034396823019,6.60964009334315,9.83761270113654
