"","cue","cue_b","log","log_b","id","rho","burst","iota_N1","iota_N2","phi_N1","phi_N2","fitness_rho","fitness_beta","fitness_psin","fitness_psiw","fitness_phin","fitness_phiw"
"399","R","I+Ig","log10","log10",399,0.22165274,3.98513583,9.66173641,0.82441796,0.03713025,63.4867774,9.58074125249952,2.71694211823737,9.3902389413913,9.82996147218571,9.70604187508428,9.91935333237439
