"","iter","rho","burst","iota_N1","iota_N2","phi_N1","phi_N2","max_fitness_rho","max_fitness_beta","max_fitness_psin","max_fitness_psiw","max_fitness_phin","max_fitness_phiw","id"
"428",428,0.31889906,4.02339663,6.75168534,0.78709434,0.1094206,246.556525,8.57397568110842,2.27817743873995,5.67304239904932,9.99936853777656,4.90647473490005,9.87903230148594,"R_log-I_log"
