"","cue","log","id","rho","burst","iota_N1","iota_N2","phi_N1","phi_N2","fitness_rho","fitness_beta","fitness_psin","fitness_psiw","fitness_phin","fitness_phiw"
"462","R","log10",462,0.49199877,6.13290236,20.3398785,1.72495374,0.05631239,1734.55988,7.44313158568534,5.84656210527151,7.78404174058769,5.11748926119611,6.36895462644362,8.17465980816328
