"","iter","rho","burst","iota_N1","iota_N2","phi_N1","phi_N2","max_fitness_rho","max_fitness_beta","max_fitness_psin","max_fitness_psiw","max_fitness_phin","max_fitness_phiw","id"
"906",906,0.55592527,6.33340214,180.892554,1.64947152,0.00901167,21798.4864,6.25107313412573,6.1256074329081,3.26221150955641,5.98450338141804,5.31522807862853,9.83381283261828,"R_log-I_log"
