"","cue","cue_b","log","log_b","id","rho","burst","iota_N1","iota_N2","phi_N1","phi_N2","fitness_rho","fitness_beta","fitness_psin","fitness_psiw","fitness_phin","fitness_phiw"
"1829","R","I","log10","log10",1829,0.21364572,4.63378585,43.9611722,2.05657882,0.04816361,81.7805581,8.67819982861614,3.81300566128807,5.13836641702633,5.01070115646211,6.77014006333535,9.96168032520611
