"","cue","cue_b","log","log_b","id","rho","burst","iota_N1","iota_N2","phi_N1","phi_N2","fitness_rho","fitness_beta","fitness_psin","fitness_psiw","fitness_phin","fitness_phiw"
"55","R","I+Ig","log10","log10",55,0.30850241,5.59301462,8.45932371,1.1968327,0.11060957,185.836276,9.70954795970857,9.54958666465737,9.25022176416372,8.3569095656948,6.07531692351368,9.81426382716042
