"","cue","log","id","rho","burst","iota_N1","iota_N2","phi_N1","phi_N2","fitness_rho","fitness_beta","fitness_psin","fitness_psiw","fitness_phin","fitness_phiw"
"3941","R","log10",3941,0.20711346,4.72683129,75.724452,2.02930182,0.03603507,112.748081,7.17934947047722,5.93060290201173,3.3986259602267,4.6420052267675,8.18232547044449,8.28491409782997
