"","cue","log","id","rho","burst","iota_N1","iota_N2","phi_N1","phi_N2","fitness_rho","fitness_beta","fitness_psin","fitness_psiw","fitness_phin","fitness_phiw"
"3384","R","log10",3384,0.35510939,6.15022143,12.9118554,2.14024112,0.09099934,34.369276,7.89428929945833,5.76439479832184,8.07010804296334,4.4975346346854,4.58198849887742,8.47535912065694
