"","cue","log","id","rho","burst","iota_N1","iota_N2","phi_N1","phi_N2","fitness_rho","fitness_beta","fitness_psin","fitness_psiw","fitness_phin","fitness_phiw"
"2631","R","log10",2631,0.24579838,3.90095778,84.7353123,0.85988251,0.00399413,289.891243,8.10104671642684,2.90457403767009,3.18167704917601,8.13455410764186,7.23846549360596,8.2150043390069
