"","cue","cue_b","log","log_b","id","rho","burst","iota_N1","iota_N2","phi_N1","phi_N2","fitness_rho","fitness_beta","fitness_psin","fitness_psiw","fitness_phin","fitness_phiw"
"3842","R","I","log10","log10",3842,0.25018075,4.03187943,21.7319786,0.88895124,0.02450211,7521.61093,9.74157069386387,2.29726023457969,7.0273486209261,9.70031744537993,6.69178397259401,9.83483282798478
