"","iter","rho","burst","iota_N1","iota_N2","phi_N1","phi_N2","max_fitness_rho","max_fitness_beta","max_fitness_psin","max_fitness_psiw","max_fitness_phin","max_fitness_phiw","id"
"172",172,0.41259362,4.58411157,20.3403778,0.53161915,0.01070388,53.6594782,7.66120595428289,5.64444515425984,7.78391862101445,7.19475614351376,7.39634366336763,8.39068937745227,"R_log"
