"","cue","cue_b","log","log_b","id","rho","burst","iota_N1","iota_N2","phi_N1","phi_N2","fitness_rho","fitness_beta","fitness_psin","fitness_psiw","fitness_phin","fitness_phiw"
"737","R","I","log10","log10",737,0.26665883,4.6435178,16.6276202,1.91547357,0.18802001,71.9701945,9.8473866311091,3.84001211609678,9.85422398986535,5.30119639288477,4.16622316820281,9.97710843395804
