"","cue","cue_b","log","log_b","id","rho","burst","iota_N1","iota_N2","phi_N1","phi_N2","fitness_rho","fitness_beta","fitness_psin","fitness_psiw","fitness_phin","fitness_phiw"
"3918","R","I","log10","log10",3918,0.26953301,6.04999596,31.8949508,2.11027761,0.03273943,1081.40839,9.83125355243161,7.26640612962529,5.723410315571,4.90991184699102,9.30921927595756,9.84400532600538
