"","cue","log","id","rho","burst","iota_N1","iota_N2","phi_N1","phi_N2","fitness_rho","fitness_beta","fitness_psin","fitness_psiw","fitness_phin","fitness_phiw"
"2279","R","log10",2279,0.16177802,4.71387235,21.6898299,1.98332694,0.07539101,2153.74756,6.00525168891283,5.90623778664433,7.43837923945197,4.70559108169231,5.17332059536947,8.17303724058995
