"","cue","cue_b","log","log_b","id","rho","burst","iota_N1","iota_N2","phi_N1","phi_N2","fitness_rho","fitness_beta","fitness_psin","fitness_psiw","fitness_phin","fitness_phiw"
"2789","R","I","log10","log10",2789,0.17170714,4.57870954,476.550504,2.19119892,0.00327925,1919.57623,7.68638582984856,3.66164027659641,2.03966382449388,4.76669776706669,4.93655405734295,9.83934173041746
