"","iter","rho","burst","iota_N1","iota_N2","phi_N1","phi_N2","max_fitness_rho","max_fitness_beta","max_fitness_psin","max_fitness_psiw","max_fitness_phin","max_fitness_phiw","id"
"834",834,0.36915424,6.15960047,22.4418123,2.1649491,0.04024395,120.231189,7.83170211336078,5.72202289109696,7.2525093524434,4.46689400680444,8.01444713059707,8.27815923254532,"R_log"
