"","cue","log","id","rho","burst","iota_N1","iota_N2","phi_N1","phi_N2","fitness_rho","fitness_beta","fitness_psin","fitness_psiw","fitness_phin","fitness_phiw"
"2098","R","log10",2098,0.40882466,4.88269641,61.0228612,0.39197201,0.00186592,1237.93729,7.6744753755914,6.21217134189264,3.83500932025033,6.62955369174894,7.21247202802386,8.1779916307786
