"","cue","log","id","rho","burst","iota_N1","iota_N2","phi_N1","phi_N2","fitness_rho","fitness_beta","fitness_psin","fitness_psiw","fitness_phin","fitness_phiw"
"662","R","log10",662,0.27080917,3.89375564,94.0191331,0.83766016,0.00751135,531.57831,8.20104917932029,2.86129005198302,2.98508931039586,8.20979805152325,7.30696940037566,8.19326307746539
