"","cue","log","id","rho","burst","iota_N1","iota_N2","phi_N1","phi_N2","fitness_rho","fitness_beta","fitness_psin","fitness_psiw","fitness_phin","fitness_phiw"
"2588","R","log10",2588,0.31081872,4.15267935,28.7327514,0.67450492,0.01591917,231.904981,8.09656626267154,4.25704092521576,6.10888216245562,7.92133725588942,7.59104726141438,8.22666955634627
