"","cue","log","id","rho","burst","iota_N1","iota_N2","phi_N1","phi_N2","fitness_rho","fitness_beta","fitness_psin","fitness_psiw","fitness_phin","fitness_phiw"
"3768","R","log10",3768,0.45316156,6.11010691,42.4661756,1.94387967,0.02012326,1698.95775,7.53606543019678,5.96230131953261,4.71645621627761,4.76212140424143,7.77580524611709,8.17483212237962
