"","iter","rho","burst","iota_N1","iota_N2","phi_N1","phi_N2","max_fitness_rho","max_fitness_beta","max_fitness_psin","max_fitness_psiw","max_fitness_phin","max_fitness_phiw","id"
"924",924,0.3517289,5.98481039,13.8518743,1.8784747,0.08425521,256.052474,7.76194519459805,7.70034482455822,7.63394069128874,5.38442139393803,5.32000157520725,9.87739641725192,"R_log-I_log"
