"","iter","rho","burst","iota_N1","iota_N2","phi_N1","phi_N2","max_fitness_rho","max_fitness_beta","max_fitness_psin","max_fitness_psiw","max_fitness_phin","max_fitness_phiw","id"
"899",899,0.24905886,4.50617422,13.9967531,2.32496253,0.28005031,1708.76544,9.7209640183289,3.46608369975792,7.73988902189371,4.54984778396669,3.69251118545199,9.84008909559727,"R_log-I_log"
