"","cue","log","id","rho","burst","iota_N1","iota_N2","phi_N1","phi_N2","fitness_rho","fitness_beta","fitness_psin","fitness_psiw","fitness_phin","fitness_phiw"
"4163","R","log10",4163,0.2545366,4.57257108,21.1275208,2.29934601,0.15451346,2639.95586,8.16354872287076,5.61910146533514,7.58540802305106,4.30859775500867,3.45763883078138,8.17179890734313
