"","cue","log","id","rho","burst","iota_N1","iota_N2","phi_N1","phi_N2","fitness_rho","fitness_beta","fitness_psin","fitness_psiw","fitness_phin","fitness_phiw"
"187","R","log10",187,0.25784214,5.40866902,16.5628589,1.1894571,0.05559867,229.041363,8.17805857864044,7.37354322060593,8.19430880054658,6.59563077891553,6.42705940374385,8.22739252734938
