"","cue","log","id","rho","burst","iota_N1","iota_N2","phi_N1","phi_N2","fitness_rho","fitness_beta","fitness_psin","fitness_psiw","fitness_phin","fitness_phiw"
"3077","R","log10",3077,0.21733299,4.62608152,16.4200386,2.06319515,0.12268052,796.268909,7.49780868279918,5.73337834916857,8.19583173552457,4.59658978294624,3.89259229879747,8.18440371791765
