"","cue","cue_b","log","log_b","id","rho","burst","iota_N1","iota_N2","phi_N1","phi_N2","fitness_rho","fitness_beta","fitness_psin","fitness_psiw","fitness_phin","fitness_phiw"
"241","R","I","log10","log10",241,0.34746563,5.54881138,15.8728058,1.15340677,0.03054342,1662.83857,7.84242629886563,7.94633958550858,9.58580442185325,8.19588694487146,8.19170724818615,9.84027519143041
