"","cue","cue_b","log","log_b","id","rho","burst","iota_N1","iota_N2","phi_N1","phi_N2","fitness_rho","fitness_beta","fitness_psin","fitness_psiw","fitness_phin","fitness_phiw"
"654","R","I","log10","log10",654,0.28868029,6.17144256,560.392018,1.95880348,0.00222679,275.223059,9.51732642585287,6.70927942065231,1.85000305839047,5.20767886680678,4.86556483479417,9.87442063174136
