"","cue","cue_b","log","log_b","id","rho","burst","iota_N1","iota_N2","phi_N1","phi_N2","fitness_rho","fitness_beta","fitness_psin","fitness_psiw","fitness_phin","fitness_phiw"
"3021","R","I","log10","log10",3021,0.3474999,3.98749766,4.76676952,0.76213481,0.05881901,2029.57075,7.84176299812292,2.1981439586647,5.37569542092356,10.0473870298299,6.06278687056876,9.8390140073622
