"","cue","cue_b","log","log_b","id","rho","burst","iota_N1","iota_N2","phi_N1","phi_N2","fitness_rho","fitness_beta","fitness_psin","fitness_psiw","fitness_phin","fitness_phiw"
"2151","R","I","log10","log10",2151,0.33794898,3.97710859,24.8168197,0.84887827,0.03207775,146.394114,8.04645209675016,2.17520408472565,6.39999780767752,9.83673453898157,8.98594768271717,9.90846528731163
