"","cue","log","id","rho","burst","iota_N1","iota_N2","phi_N1","phi_N2","fitness_rho","fitness_beta","fitness_psin","fitness_psiw","fitness_phin","fitness_phiw"
"2065","R","log10",2065,0.29373335,5.42646274,11.1016039,1.08309573,0.04104474,300.721183,8.16064805915544,7.42530953459571,7.92392925444249,7.07603641830599,7.95260902837201,8.21330631117625
