"","cue","cue_b","log","log_b","id","rho","burst","iota_N1","iota_N2","phi_N1","phi_N2","fitness_rho","fitness_beta","fitness_psin","fitness_psiw","fitness_phin","fitness_phiw"
"526","R","I","log10","log10",526,0.35143919,4.71211241,41.8423434,0.51455092,0.00723522,98.7917808,7.76722280887197,4.03274869890432,5.21910013491277,9.96840482372307,5.19753761657474,9.94152958715349
