"","iter","rho","burst","iota_N1","iota_N2","phi_N1","phi_N2","max_fitness_rho","max_fitness_beta","max_fitness_psin","max_fitness_psiw","max_fitness_phin","max_fitness_phiw","id"
"233",233,0.23232512,4.68874962,32.2463473,1.90635035,0.06955102,628.939569,9.66326008820834,6.09887843658004,7.45248168599962,6.1110785158447,7.41869290040597,9.77081105535824,"R_log-I+Ig_log"
