"","cue","log","id","rho","burst","iota_N1","iota_N2","phi_N1","phi_N2","fitness_rho","fitness_beta","fitness_psin","fitness_psiw","fitness_phin","fitness_phiw"
"1539","R","log10",1539,0.46476107,3.97867284,54.2090561,0.64434585,0.0113239,3265.1879,7.50580658840058,3.35953587779274,4.09393338072324,7.74944585077175,7.41655182109152,8.17074392130746
