"","cue","log","id","rho","burst","iota_N1","iota_N2","phi_N1","phi_N2","fitness_rho","fitness_beta","fitness_psin","fitness_psiw","fitness_phin","fitness_phiw"
"3050","R","log10",3050,0.28005429,4.04423805,17.9043116,0.81682877,0.04017809,592.908,8.1938742225109,3.72026150201579,8.14230688974641,8.26702555838636,8.01902599898794,8.19051658986263
