"","cue","log","id","rho","burst","iota_N1","iota_N2","phi_N1","phi_N2","fitness_rho","fitness_beta","fitness_psin","fitness_psiw","fitness_phin","fitness_phiw"
"3137","R","log10",3137,0.18475591,4.74032661,23.8002349,1.95565771,0.08047354,5170.34623,6.54755731220447,5.9557299792447,6.95542690553253,4.74504316640357,4.95154858408643,8.16910556673864
