"","iter","rho","burst","iota_N1","iota_N2","phi_N1","phi_N2","max_fitness_rho","max_fitness_beta","max_fitness_psin","max_fitness_psiw","max_fitness_phin","max_fitness_phiw","id"
"902",902,0.2730467,3.94935963,100.927037,0.85388137,0.0072778,650.618101,8.20077003483148,3.19089913315237,2.8530867110409,8.1561215860265,7.30143158355784,8.1883998646107,"R_log"
