"","cue","cue_b","log","log_b","id","rho","burst","iota_N1","iota_N2","phi_N1","phi_N2","fitness_rho","fitness_beta","fitness_psin","fitness_psiw","fitness_phin","fitness_phiw"
"3898","R","I","log10","log10",3898,0.41593737,4.91189509,90.1391944,0.40492334,0.00376955,74.4129844,6.99469536123842,4.62227556623548,4.11592164309032,9.85553077116799,4.96926178589055,9.97293336366323
