"","cue","cue_b","log","log_b","id","rho","burst","iota_N1","iota_N2","phi_N1","phi_N2","fitness_rho","fitness_beta","fitness_psin","fitness_psiw","fitness_phin","fitness_phiw"
"424","R","I","log10","log10",424,0.32607657,4.70064241,73.767488,0.54575823,0.00359433,857.560476,8.35627280519206,4.00022349880957,4.38064935625364,10.0056599989269,4.95759459337224,9.84677710711054
