"","cue","cue_b","log","log_b","id","rho","burst","iota_N1","iota_N2","phi_N1","phi_N2","fitness_rho","fitness_beta","fitness_psin","fitness_psiw","fitness_phin","fitness_phiw"
"1447","R","I","log10","log10",1447,0.33235605,5.55467931,33.4369052,1.10884566,0.02336619,313.904459,8.18431607473856,8.01867668094474,5.62548918169605,8.48599856070576,6.54486410299671,9.86949528356211
