"","cue","cue_b","log","log_b","id","rho","burst","iota_N1","iota_N2","phi_N1","phi_N2","fitness_rho","fitness_beta","fitness_psin","fitness_psiw","fitness_phin","fitness_phiw"
"4329","R","I","log10","log10",4329,0.2871634,3.94291892,30.697477,0.80143024,0.02602646,6089.75049,9.55395207784693,2.10042020028285,5.80738036919913,9.96695560160993,6.92120519576931,9.83519718864567
