"","cue","cue_b","log","log_b","id","rho","burst","iota_N1","iota_N2","phi_N1","phi_N2","fitness_rho","fitness_beta","fitness_psin","fitness_psiw","fitness_phin","fitness_phiw"
"4527","R","I","log10","log10",4527,0.37194396,4.10619294,30.4913986,0.82091774,0.01563924,724.603748,7.44916041314194,2.46724467129105,5.82265067717239,9.9176228337673,5.79572778874801,9.84922485415009
