"","cue","log","id","rho","burst","iota_N1","iota_N2","phi_N1","phi_N2","fitness_rho","fitness_beta","fitness_psin","fitness_psiw","fitness_phin","fitness_phiw"
"376","R","log10",376,0.2875317,4.73491153,5.90683867,0.48135897,0.01851434,1144.97266,8.17838052566327,5.94567640105559,7.45621013769461,6.97816884987074,7.7037152767365,8.17893306823948
