"","cue","log","id","rho","burst","iota_N1","iota_N2","phi_N1","phi_N2","fitness_rho","fitness_beta","fitness_psin","fitness_psiw","fitness_phin","fitness_phiw"
"4968","R","log10",4968,0.49484621,6.33681883,16.7075048,2.00591324,0.07838381,1055.57048,7.4372052278167,5.18902201161125,8.19206691849881,4.67405664115437,5.03883200065415,8.17999424919835
