"","iter","rho","burst","iota_N1","iota_N2","phi_N1","phi_N2","max_fitness_rho","max_fitness_beta","max_fitness_psin","max_fitness_psiw","max_fitness_phin","max_fitness_phiw","id"
"90",90,0.31997776,6.35896495,12.4539381,1.60167071,0.06136102,385.372248,8.5399698807297,6.06036833316963,6.9439440116007,6.13261067910234,5.9546718674137,9.86293602853991,"R_log-I_log"
