"","cue","cue_b","log","log_b","id","rho","burst","iota_N1","iota_N2","phi_N1","phi_N2","fitness_rho","fitness_beta","fitness_psin","fitness_psiw","fitness_phin","fitness_phiw"
"820","R","I+Ig","log10","log10",820,0.34216038,4.84618132,16.2421196,0.51577819,0.00671927,115.084326,9.61585870642372,6.9069728946471,9.78364764664625,10.1735243224059,7.82483934674914,9.84988676419628
