"","cue","cue_b","log","log_b","id","rho","burst","iota_N1","iota_N2","phi_N1","phi_N2","fitness_rho","fitness_beta","fitness_psin","fitness_psiw","fitness_phin","fitness_phiw"
"611","R","I+Ig","log10","log10",611,0.20253268,4.64728988,1862.1735,2.23955215,0.00105555,11927.7272,9.39092360322436,5.87732146655252,0.502042207795655,5.35496616985633,6.81225209505562,9.75272633508232
