"","cue","cue_b","log","log_b","id","rho","burst","iota_N1","iota_N2","phi_N1","phi_N2","fitness_rho","fitness_beta","fitness_psin","fitness_psiw","fitness_phin","fitness_phiw"
"2871","R","I","log10","log10",2871,0.26484806,3.9757881,17.7214905,0.82913882,0.01951905,4174.14631,9.85278218456681,2.17229337745113,9.32613136750263,9.89505790775428,6.13622543350028,9.83607477498318
