"","cue","log","id","rho","burst","iota_N1","iota_N2","phi_N1","phi_N2","fitness_rho","fitness_beta","fitness_psin","fitness_psiw","fitness_phin","fitness_phiw"
"4457","R","log10",4457,0.14989117,4.542703,10.7525728,2.56953823,0.17805242,5454.22087,5.78186958916375,5.55152136024224,7.8923713971641,4.02468581092217,3.20608991313389,8.1689593919808
