"","cue","log","id","rho","burst","iota_N1","iota_N2","phi_N1","phi_N2","fitness_rho","fitness_beta","fitness_psin","fitness_psiw","fitness_phin","fitness_phiw"
"1024","R","log10",1024,0.42459249,4.86108416,54.0343911,0.49439458,0.00530892,1024.72406,7.62087827496885,6.17369005736005,4.10127181945197,7.03315250776536,7.26033325642635,8.18040372548708
