"","cue","cue_b","log","log_b","id","rho","burst","iota_N1","iota_N2","phi_N1","phi_N2","fitness_rho","fitness_beta","fitness_psin","fitness_psiw","fitness_phin","fitness_phiw"
"1910","R","I","log10","log10",1910,0.21999253,4.0430932,11.1146482,0.715444,0.06076531,428.703244,8.86992175256644,2.32259016741247,6.53777802325607,10.1053054160577,5.97885770382191,9.86000155324548
