"","cue","log","id","rho","burst","iota_N1","iota_N2","phi_N1","phi_N2","fitness_rho","fitness_beta","fitness_psin","fitness_psiw","fitness_phin","fitness_phiw"
"1523","R","log10",1523,0.2059559,4.54070751,19.273295,2.11060853,0.14147778,1029.65416,7.1444566174451,5.54689677203327,7.99335695569404,4.53498091411195,3.61879661782349,8.18033519468209
