"","cue","log","id","rho","burst","iota_N1","iota_N2","phi_N1","phi_N2","fitness_rho","fitness_beta","fitness_psin","fitness_psiw","fitness_phin","fitness_phiw"
"1415","R","log10",1415,0.21413795,4.627431,40.4909886,2.25681355,0.0556931,332.516769,7.39711729971898,5.73616172308239,4.85822257294329,4.35726369928919,6.41929846189243,8.2089431769635
