"","cue","cue_b","log","log_b","id","rho","burst","iota_N1","iota_N2","phi_N1","phi_N2","fitness_rho","fitness_beta","fitness_psin","fitness_psiw","fitness_phin","fitness_phiw"
"1812","R","I","log10","log10",1812,0.38134195,6.07289628,31.6168904,1.93876618,0.04144301,430.760581,7.33236543827058,7.14164238524935,5.74222845601648,5.2504178502013,7.89801816817608,9.85987813433002
