"","cue","cue_b","log","log_b","id","rho","burst","iota_N1","iota_N2","phi_N1","phi_N2","fitness_rho","fitness_beta","fitness_psin","fitness_psiw","fitness_phin","fitness_phiw"
"4041","R","I","log10","log10",4041,0.29034308,3.93728107,67.2889362,0.71865366,0.00718251,383.976316,9.4751548259493,2.08819363661203,4.50700809056342,10.1027545894885,5.19406942338203,9.86304017969545
