"","cue","log","id","rho","burst","iota_N1","iota_N2","phi_N1","phi_N2","fitness_rho","fitness_beta","fitness_psin","fitness_psiw","fitness_phin","fitness_phiw"
"4408","R","log10",4408,0.28655273,4.66825775,6.56352855,0.50928507,0.03601027,113.304211,8.18080811114875,5.81833333972617,7.50828925676797,7.09684488231146,8.18271063561894,8.28438083871803
