"","cue","log","id","rho","burst","iota_N1","iota_N2","phi_N1","phi_N2","fitness_rho","fitness_beta","fitness_psin","fitness_psiw","fitness_phin","fitness_phiw"
"4601","R","log10",4601,0.2018373,4.65203497,29.7877571,1.70888518,0.05212677,869.950673,7.02262224001763,5.7861235136853,5.96011075431532,5.14700067487411,6.73161363496659,8.18288588539599
