"","cue","cue_b","log","log_b","id","rho","burst","iota_N1","iota_N2","phi_N1","phi_N2","fitness_rho","fitness_beta","fitness_psin","fitness_psiw","fitness_phin","fitness_phiw"
"902","R","I+Ig","log10","log10",902,0.2730467,3.94935963,100.927037,0.85388137,0.0072778,650.618101,9.77512390097266,2.58791982838827,4.29150412850625,9.73974598152545,7.9230513404555,9.77018279763145
