"","iter","rho","burst","iota_N1","iota_N2","phi_N1","phi_N2","max_fitness_rho","max_fitness_beta","max_fitness_psin","max_fitness_psiw","max_fitness_phin","max_fitness_phiw","id"
"79",79,0.43916033,5.49842479,43.5148678,1.10922221,0.01941255,90.6118558,6.81961871351985,7.39979595749978,5.15486345628387,8.48350416755002,6.12613265889203,9.95036906173227,"R_log-I_log"
