"","cue","log","id","rho","burst","iota_N1","iota_N2","phi_N1","phi_N2","fitness_rho","fitness_beta","fitness_psin","fitness_psiw","fitness_phin","fitness_phiw"
"2048","R","log10",2048,0.26535867,3.94451677,8.42965566,0.85496807,0.08942227,87.5895458,8.19703303187464,3.16265789103088,7.6736156390357,8.15227150432334,4.63073744425602,8.31499597112177
