"","cue","cue_b","log","log_b","id","rho","burst","iota_N1","iota_N2","phi_N1","phi_N2","fitness_rho","fitness_beta","fitness_psin","fitness_psiw","fitness_phin","fitness_phiw"
"2251","R","I","log10","log10",2251,0.41542424,5.48115493,12.3814947,1.07092523,0.07663373,2918.67408,6.99893251666543,7.23941114373976,6.91810022745526,8.73606381247628,5.48766866398076,9.83727421618143
