"","cue","cue_b","log","log_b","id","rho","burst","iota_N1","iota_N2","phi_N1","phi_N2","fitness_rho","fitness_beta","fitness_psin","fitness_psiw","fitness_phin","fitness_phiw"
"4951","R","I","log10","log10",4951,0.30101032,5.52498418,1.95323198,1.18517628,0.2922391,40.1315107,9.16252515478508,7.67200436837575,4.98757829779902,7.99670388553153,3.64370413662241,10.0684496649693
