"","cue","cue_b","log","log_b","id","rho","burst","iota_N1","iota_N2","phi_N1","phi_N2","fitness_rho","fitness_beta","fitness_psin","fitness_psiw","fitness_phin","fitness_phiw"
"1183","R","I","log10","log10",1183,0.29956583,5.55169626,90.907822,1.33439649,0.00327709,45.2195253,9.20832465257375,7.9816521105829,4.10502229072126,7.18043509245968,4.93641424076144,10.0468674547686
