"","cue","cue_b","log","log_b","id","rho","burst","iota_N1","iota_N2","phi_N1","phi_N2","fitness_rho","fitness_beta","fitness_psin","fitness_psiw","fitness_phin","fitness_phiw"
"2158","R","I","log10","log10",2158,0.45291653,4.74118461,12.1831363,0.42139685,0.01915616,598.846712,6.72927139467738,4.11573835256841,6.85009737810364,9.87075637824797,6.10202872070081,9.85252275253278
