"","cue","log","id","rho","burst","iota_N1","iota_N2","phi_N1","phi_N2","fitness_rho","fitness_beta","fitness_psin","fitness_psiw","fitness_phin","fitness_phiw"
"2698","R","log10",2698,0.36089824,4.7570201,30.555171,0.44585251,0.00667577,245.368222,7.86814179389776,5.98651567465617,5.85673306606866,6.83224647927837,7.28780695353812,8.22349041213823
