"","cue","cue_b","log","log_b","id","rho","burst","iota_N1","iota_N2","phi_N1","phi_N2","fitness_rho","fitness_beta","fitness_psin","fitness_psiw","fitness_phin","fitness_phiw"
"1248","R","I","log10","log10",1248,0.32146879,6.10245297,88.7350085,1.8567105,0.00580347,4152.04181,8.49366059713006,7.00022165148994,4.13614988035751,5.43492275848373,5.10347370939721,9.83609167604905
