"","cue","cue_b","log","log_b","id","rho","burst","iota_N1","iota_N2","phi_N1","phi_N2","fitness_rho","fitness_beta","fitness_psin","fitness_psiw","fitness_phin","fitness_phiw"
"42","R","I+Ig","log10","log10",42,0.30488806,6.0151643,10.424627,2.2188518,0.09077127,1539.89039,9.71908204282413,9.4613625874776,9.45285363630386,5.39837829686871,6.62182110018539,9.75957217309998
