"","cue","log","id","rho","burst","iota_N1","iota_N2","phi_N1","phi_N2","fitness_rho","fitness_beta","fitness_psin","fitness_psiw","fitness_phin","fitness_phiw"
"4542","R","log10",4542,0.34460817,5.98040965,122.07636,1.91621337,0.01051765,976.852381,7.94266728862273,6.76495526256089,2.50742198502348,4.80294781071561,7.39044890860947,8.18108616112659
