"","cue","cue_b","log","log_b","id","rho","burst","iota_N1","iota_N2","phi_N1","phi_N2","fitness_rho","fitness_beta","fitness_psin","fitness_psiw","fitness_phin","fitness_phiw"
"2443","R","I","log10","log10",2443,0.31575131,5.66370184,10.9844122,0.94001936,0.04139076,7379.92958,8.67525703416425,9.53355801086246,6.50454142706655,9.48835406720794,7.91170172153662,9.8348621784337
