"","cue","log","id","rho","burst","iota_N1","iota_N2","phi_N1","phi_N2","fitness_rho","fitness_beta","fitness_psin","fitness_psiw","fitness_phin","fitness_phiw"
"3319","R","log10",3319,0.31263894,5.64690365,8.51161373,0.94865912,0.04201894,1088.63966,8.08884439948823,8.06054231133796,7.68128569750155,7.74517815072458,7.86156547208638,8.17958046260332
