"","cue","cue_b","log","log_b","id","rho","burst","iota_N1","iota_N2","phi_N1","phi_N2","fitness_rho","fitness_beta","fitness_psin","fitness_psiw","fitness_phin","fitness_phiw"
"3520","R","I","log10","log10",3520,0.4161867,4.84544806,1.34589422,0.38663257,0.15685428,718.706727,6.99264589227105,4.42072041201735,4.90339388439668,9.83926036359582,4.40063981914678,9.84935471399103
