"","cue","cue_b","log","log_b","id","rho","burst","iota_N1","iota_N2","phi_N1","phi_N2","fitness_rho","fitness_beta","fitness_psin","fitness_psiw","fitness_phin","fitness_phiw"
"777","R","I","log10","log10",777,0.25478715,4.03831611,23.096258,0.82479575,0.01387723,2681.60011,9.80805280049474,2.31178781433307,6.69402595728197,9.90710756918053,5.65784236817865,9.83762538123649
