"","cue","log","id","rho","burst","iota_N1","iota_N2","phi_N1","phi_N2","fitness_rho","fitness_beta","fitness_psin","fitness_psiw","fitness_phin","fitness_phiw"
"3876","R","log10",3876,0.48291817,6.18900202,495.910301,1.83225677,0.00166657,607.783133,7.46279285540277,5.59913682282925,0.624056344033708,4.93346970270146,7.21062799676926,8.18993499529058
