"","cue","cue_b","log","log_b","id","rho","burst","iota_N1","iota_N2","phi_N1","phi_N2","fitness_rho","fitness_beta","fitness_psin","fitness_psiw","fitness_phin","fitness_phiw"
"2041","R","I","log10","log10",2041,0.27225586,5.45403583,49.1260024,1.04743029,0.01486388,698.913056,9.80783391235253,7.01031961183534,4.9640370511209,8.8882763949283,5.73387256052925,9.84980160204045
