"","cue","log","id","rho","burst","iota_N1","iota_N2","phi_N1","phi_N2","fitness_rho","fitness_beta","fitness_psin","fitness_psiw","fitness_phin","fitness_phiw"
"110","R","log10",110,0.20156023,3.97858547,16.1635184,0.84238275,0.02886098,590.881672,7.01455158711401,3.35904263224512,8.1969204325692,8.1949075362713,8.11826090271578,8.19059800989023
