"","cue","log","id","rho","burst","iota_N1","iota_N2","phi_N1","phi_N2","fitness_rho","fitness_beta","fitness_psin","fitness_psiw","fitness_phin","fitness_phiw"
"1492","R","log10",1492,0.29165432,4.6053194,46.6642223,0.5447862,0.00787358,1886.09312,8.16701282984622,5.6899883958613,4.45726498381655,7.25430126309487,7.31582972172345,8.17398744203712
