"","iter","rho","burst","iota_N1","iota_N2","phi_N1","phi_N2","max_fitness_rho","max_fitness_beta","max_fitness_psin","max_fitness_psiw","max_fitness_phin","max_fitness_phiw","id"
"700",700,0.35742339,4.75862701,3.09823229,0.50509537,0.08665306,275.405241,9.57722864538795,6.46573097591113,7.78520508716815,10.1696844871694,6.74892533683261,9.79456298306036,"R_log-I+Ig_log"
