"","cue","log","id","rho","burst","iota_N1","iota_N2","phi_N1","phi_N2","fitness_rho","fitness_beta","fitness_psin","fitness_psiw","fitness_phin","fitness_phiw"
"4512","R","log10",4512,0.56017526,6.00651259,19.783804,1.78396254,0.06698717,7428.42653,7.32791365238416,6.58782455258303,7.90393802281238,5.01365288945029,5.62293407389105,8.1682509899633
