"","cue","cue_b","log","log_b","id","rho","burst","iota_N1","iota_N2","phi_N1","phi_N2","fitness_rho","fitness_beta","fitness_psin","fitness_psiw","fitness_phin","fitness_phiw"
"3762","R","I","log10","log10",3762,0.32865539,5.90278236,15.6934104,1.97812989,0.06795363,268.682144,8.28345642607484,8.33703614209677,9.44950292690424,5.16725223677592,5.72351492491292,9.87538881491054
