"","cue","cue_b","log","log_b","id","rho","burst","iota_N1","iota_N2","phi_N1","phi_N2","fitness_rho","fitness_beta","fitness_psin","fitness_psiw","fitness_phin","fitness_phiw"
"2441","R","I","log10","log10",2441,0.33346209,4.57916603,14.6125097,1.87943376,0.26840253,2070.32115,8.15591967665784,3.66288417780217,8.2998319770353,5.38222032381177,3.74137700997534,9.83890402387682
