"","cue","log","id","rho","burst","iota_N1","iota_N2","phi_N1","phi_N2","fitness_rho","fitness_beta","fitness_psin","fitness_psiw","fitness_phin","fitness_phiw"
"783","R","log10",783,0.27776631,3.98580856,16.7532245,0.72235676,0.01051505,122.223456,8.19704322224284,3.39995062295317,8.19120767237954,8.20782413984608,7.39036494142311,8.27648938914905
