"","cue","cue_b","log","log_b","id","rho","burst","iota_N1","iota_N2","phi_N1","phi_N2","fitness_rho","fitness_beta","fitness_psin","fitness_psiw","fitness_phin","fitness_phiw"
"4545","R","I","log10","log10",4545,0.255808,3.94744852,36.7131834,0.82708907,0.0175682,849.403375,9.81877116491035,2.11026842728033,5.44626148572283,9.90077872475035,5.95831687953212,9.84690535055039
