"","cue","cue_b","log","log_b","id","rho","burst","iota_N1","iota_N2","phi_N1","phi_N2","fitness_rho","fitness_beta","fitness_psin","fitness_psiw","fitness_phin","fitness_phiw"
"626","R","I","log10","log10",626,0.27912405,3.91071317,112.672533,0.91347316,0.00819681,426.690019,9.71603600588646,2.03098149211189,3.83520489731523,9.60424911853527,5.2610121896045,9.86012367743556
