"","cue","cue_b","log","log_b","id","rho","burst","iota_N1","iota_N2","phi_N1","phi_N2","fitness_rho","fitness_beta","fitness_psin","fitness_psiw","fitness_phin","fitness_phiw"
"3556","R","I","log10","log10",3556,0.37807986,4.91116939,20.4058865,0.45729553,0.01368472,1296.00929,7.37130336715554,4.62003422882483,7.50416202377533,9.90588917362316,5.64333599070781,9.84224186163399
