"","cue","log","id","rho","burst","iota_N1","iota_N2","phi_N1","phi_N2","fitness_rho","fitness_beta","fitness_psin","fitness_psiw","fitness_phin","fitness_phiw"
"3028","R","log10",3028,0.43774054,4.82147242,3.73702933,0.45654927,0.09086499,248.496076,7.57995045993585,6.10305867179333,7.31515240795641,6.87550875095184,4.58606219644085,8.2227986138691
