"","cue","log","id","rho","burst","iota_N1","iota_N2","phi_N1","phi_N2","fitness_rho","fitness_beta","fitness_psin","fitness_psiw","fitness_phin","fitness_phiw"
"986","R","log10",986,0.29856619,4.00116524,15.187927,0.78898188,0.06286982,465.321024,8.14443529033143,3.48601877991057,8.18379187210606,8.3161051771578,5.88728104760533,8.19702296926513
