"","cue","log","id","rho","burst","iota_N1","iota_N2","phi_N1","phi_N2","fitness_rho","fitness_beta","fitness_psin","fitness_psiw","fitness_phin","fitness_phiw"
"1924","R","log10",1924,0.33632936,4.61637205,3.99785319,0.57671479,0.08766252,152.285339,7.98127850451102,5.71322557023155,7.32936159527022,7.40546369464057,4.68766378013701,8.25619512290732
