"","cue","cue_b","log","log_b","id","rho","burst","iota_N1","iota_N2","phi_N1","phi_N2","fitness_rho","fitness_beta","fitness_psin","fitness_psiw","fitness_phin","fitness_phiw"
"629","R","I","log10","log10",629,0.21098933,4.66880802,75.3936658,2.20560135,0.02450458,3796.03481,8.6012535787802,3.91059245309579,4.35112868172121,4.74221893076784,6.69211761481466,9.83635250401035
