"","iter","rho","burst","iota_N1","iota_N2","phi_N1","phi_N2","max_fitness_rho","max_fitness_beta","max_fitness_psin","max_fitness_psiw","max_fitness_phin","max_fitness_phiw","id"
"851",851,0.22034442,4.82470684,12.4717861,1.92146948,0.16149621,1012.48855,7.59116623064261,6.10884387851401,8.03799170184809,4.79511420648798,3.37834342615521,8.18057334134721,"R_log"
