"","cue","log","id","rho","burst","iota_N1","iota_N2","phi_N1","phi_N2","fitness_rho","fitness_beta","fitness_psin","fitness_psiw","fitness_phin","fitness_phiw"
"737","R","log10",737,0.26665883,4.6435178,16.6276202,1.91547357,0.18802001,71.9701945,8.19864852896678,5.76898447986717,8.19339300988727,4.80405293748652,3.11158504457623,8.34256259357935
