"","cue","cue_b","log","log_b","id","rho","burst","iota_N1","iota_N2","phi_N1","phi_N2","fitness_rho","fitness_beta","fitness_psin","fitness_psiw","fitness_phin","fitness_phiw"
"3799","R","I","log10","log10",3799,0.27933248,5.48619103,21.6151471,1.05255386,0.04294507,350.264689,9.7125567836898,7.2849290798334,7.06219669998223,8.8554446775667,7.54660206207494,9.86583166456411
