"","cue","log","id","rho","burst","iota_N1","iota_N2","phi_N1","phi_N2","fitness_rho","fitness_beta","fitness_psin","fitness_psiw","fitness_phin","fitness_phiw"
"2273","R","log10",2273,0.25177207,4.54699347,109.845959,2.26043012,0.02195669,407.382277,8.14790736978344,5.56141109629436,2.69766692897126,4.35307759498248,7.85767895050069,8.20129047651471
