"","cue","log","id","rho","burst","iota_N1","iota_N2","phi_N1","phi_N2","fitness_rho","fitness_beta","fitness_psin","fitness_psiw","fitness_phin","fitness_phiw"
"1799","R","log10",1799,0.16805762,4.74825488,94.2518071,1.96363031,0.02097224,210.665501,6.13983356445085,5.9703895566411,2.98045802824681,4.73357911253993,7.81389258081076,8.23247191298294
