"","cue","log","id","rho","burst","iota_N1","iota_N2","phi_N1","phi_N2","fitness_rho","fitness_beta","fitness_psin","fitness_psiw","fitness_phin","fitness_phiw"
"1670","R","log10",1670,0.32346153,3.95463248,25.5401344,0.62557138,0.02393272,288.79313,8.04084893160671,3.22152660580684,6.62120798585419,7.65082033995331,7.94273706347841,8.21518379171077
