"","cue","cue_b","log","log_b","id","rho","burst","iota_N1","iota_N2","phi_N1","phi_N2","fitness_rho","fitness_beta","fitness_psin","fitness_psiw","fitness_phin","fitness_phiw"
"4917","R","I","log10","log10",4917,0.47455513,4.08583659,54.0096595,0.86432337,0.01368166,47797.6348,6.60335132590934,2.42018555007639,4.82160055854055,9.7870519849015,5.64310568213659,9.83352202132886
