"","cue","log","id","rho","burst","iota_N1","iota_N2","phi_N1","phi_N2","fitness_rho","fitness_beta","fitness_psin","fitness_psiw","fitness_phin","fitness_phiw"
"3824","R","log10",3824,0.30772484,3.90934503,187.209339,0.87020238,0.0058442,45.8983053,8.10938916553039,2.95478226815455,1.7832297825952,8.09560105335477,7.27051690135499,8.41932353126761
