"","cue","log","id","rho","burst","iota_N1","iota_N2","phi_N1","phi_N2","fitness_rho","fitness_beta","fitness_psin","fitness_psiw","fitness_phin","fitness_phiw"
"4864","R","log10",4864,0.38870155,4.76708123,15.6625057,0.43783824,0.01202595,2778.47457,7.75028734515212,6.00492319901511,8.19340242898504,6.80034745455911,7.44048648553909,8.17152521335155
