"","cue","cue_b","log","log_b","id","rho","burst","iota_N1","iota_N2","phi_N1","phi_N2","fitness_rho","fitness_beta","fitness_psin","fitness_psiw","fitness_phin","fitness_phiw"
"1160","R","I","log10","log10",1160,0.34054954,4.04863741,26.5084362,0.80702203,0.03578568,113.375967,7.98706920807498,2.33515399937686,6.18498690152983,9.95341070320094,9.81030322453304,9.92868227606537
