"","cue","cue_b","log","log_b","id","rho","burst","iota_N1","iota_N2","phi_N1","phi_N2","fitness_rho","fitness_beta","fitness_psin","fitness_psiw","fitness_phin","fitness_phiw"
"4368","R","I","log10","log10",4368,0.41499167,6.14644826,23.8185232,2.19339529,0.04591642,298.184274,7.00253231035184,6.81199446810859,6.55806531749433,4.76294572736208,7.03852125577966,9.87134689877783
