"","cue","cue_b","log","log_b","id","rho","burst","iota_N1","iota_N2","phi_N1","phi_N2","fitness_rho","fitness_beta","fitness_psin","fitness_psiw","fitness_phin","fitness_phiw"
"884","R","I+Ig","log10","log10",884,0.29095945,4.06473798,27.3233824,0.81024817,0.02718773,678.992336,9.75149339278876,3.02134417052594,8.02280075991068,9.8702820684319,9.61648048736328,9.76942197212119
