"","cue","log","id","rho","burst","iota_N1","iota_N2","phi_N1","phi_N2","fitness_rho","fitness_beta","fitness_psin","fitness_psiw","fitness_phin","fitness_phiw"
"1615","R","log10",1615,0.32091838,5.77573183,3.66027099,0.89458381,0.09028959,102.20414,8.05237942696132,8.18583632806723,7.31111924650936,7.99549241746401,4.60367025556834,8.29592046236221
