"","cue","log","id","rho","burst","iota_N1","iota_N2","phi_N1","phi_N2","fitness_rho","fitness_beta","fitness_psin","fitness_psiw","fitness_phin","fitness_phiw"
"3671","R","log10",3671,0.18436065,4.4234394,12.2064201,2.6705496,0.25297329,3505.72363,6.53714395685855,5.24674980334334,8.01741726219774,3.92783571189537,2.62179836222068,8.1704426897564
