"","cue","cue_b","log","log_b","id","rho","burst","iota_N1","iota_N2","phi_N1","phi_N2","fitness_rho","fitness_beta","fitness_psin","fitness_psiw","fitness_phin","fitness_phiw"
"3266","R","I","log10","log10",3266,0.2219992,3.99979303,25.268156,0.95570532,0.01926598,4524.60372,8.93263926278311,2.22541863396322,6.33715878443165,9.4136711625363,6.11232152020153,9.83585831420458
