"","cue","log","id","rho","burst","iota_N1","iota_N2","phi_N1","phi_N2","fitness_rho","fitness_beta","fitness_psin","fitness_psiw","fitness_phin","fitness_phiw"
"2366","R","log10",2366,0.44596098,4.01418017,36.0513047,0.76138881,0.03896289,1063.22578,7.5560236144109,3.55794209057732,5.23498448539169,8.31977843803989,8.09069384039485,8.17989440647992
