"","iter","rho","burst","iota_N1","iota_N2","phi_N1","phi_N2","max_fitness_rho","max_fitness_beta","max_fitness_psin","max_fitness_psiw","max_fitness_phin","max_fitness_phiw","id"
"179",179,0.26739846,4.66378218,40.4779671,2.3123256,0.06402287,1025.89343,9.7759632674394,5.96570269664577,6.73678321385046,5.20592256979159,7.68044734902386,9.7634831937181,"R_log-I+Ig_log"
