"","cue","log","id","rho","burst","iota_N1","iota_N2","phi_N1","phi_N2","fitness_rho","fitness_beta","fitness_psin","fitness_psiw","fitness_phin","fitness_phiw"
"3614","R","log10",3614,0.36967276,4.04499724,12.8856734,0.73628218,0.06291418,557.916601,7.82945418270447,3.72428978291795,8.06827134304789,8.26596158075496,5.88427272091624,8.19201236022666
