"","iter","rho","burst","iota_N1","iota_N2","phi_N1","phi_N2","max_fitness_rho","max_fitness_beta","max_fitness_psin","max_fitness_psiw","max_fitness_phin","max_fitness_phiw","id"
"30",30,0.31054484,6.00309769,8.37549191,1.67711406,0.06470292,1282.23883,9.7040274876788,9.48514441873628,9.23809589098672,6.71222676637134,7.64575404496852,9.76114245590418,"R_log-I+Ig_log"
