"","iter","rho","burst","iota_N1","iota_N2","phi_N1","phi_N2","max_fitness_rho","max_fitness_beta","max_fitness_psin","max_fitness_psiw","max_fitness_phin","max_fitness_phiw","id"
"5",5,0.136123,4.60260258,54.1518138,2.12705195,0.0420811,2168.60582,5.57631141619332,5.68422486401428,4.09633399853448,4.51410371431238,7.85517330054272,8.17298670150052,"R_log"
