"","cue","log","id","rho","burst","iota_N1","iota_N2","phi_N1","phi_N2","fitness_rho","fitness_beta","fitness_psin","fitness_psiw","fitness_phin","fitness_phiw"
"2694","R","log10",2694,0.34432378,5.7659214,36.8265261,2.56827765,0.03580575,78.1285423,7.94399227149622,8.19784942052224,5.1625509929767,4.02592253605631,8.18568812165043,8.3305810065147
