"","cue","log","id","rho","burst","iota_N1","iota_N2","phi_N1","phi_N2","fitness_rho","fitness_beta","fitness_psin","fitness_psiw","fitness_phin","fitness_phiw"
"3862","R","log10",3862,0.35565733,4.94860013,33.2481089,0.59086215,0.00297746,38.9724625,7.89179367255634,6.33040613679625,5.52644514859601,7.47515915414146,7.22460295858517,8.45082604590242
