"","cue","cue_b","log","log_b","id","rho","burst","iota_N1","iota_N2","phi_N1","phi_N2","fitness_rho","fitness_beta","fitness_psin","fitness_psiw","fitness_phin","fitness_phiw"
"1328","R","I","log10","log10",1328,0.34688843,3.97970206,11.7262786,0.6110626,0.05221806,4212.81659,7.85381473993941,2.18091962856423,6.70675471658476,10.0810104230867,6.42895537678131,9.83604883792294
