"","cue","log","id","rho","burst","iota_N1","iota_N2","phi_N1","phi_N2","fitness_rho","fitness_beta","fitness_psin","fitness_psiw","fitness_phin","fitness_phiw"
"1393","R","log10",1393,0.27240519,5.45390769,176.368475,1.16239737,0.00328123,356.382454,8.20095165259202,7.50640652088717,1.87858196913304,6.71096868918027,7.22846728767902,8.20616508210389
