"","cue","cue_b","log","log_b","id","rho","burst","iota_N1","iota_N2","phi_N1","phi_N2","fitness_rho","fitness_beta","fitness_psin","fitness_psiw","fitness_phin","fitness_phiw"
"4039","R","I","log10","log10",4039,0.20497256,5.45464519,5.06831521,1.02582485,0.05340606,621.405423,8.43458332811425,7.01518744129015,5.41872643356113,9.02375807511534,6.35043173421374,9.85183211908144
