"","cue","cue_b","log","log_b","id","rho","burst","iota_N1","iota_N2","phi_N1","phi_N2","fitness_rho","fitness_beta","fitness_psin","fitness_psiw","fitness_phin","fitness_phiw"
"2811","R","I","log10","log10",2811,0.49065463,3.8302409,15.9111674,0.64983716,0.06437535,941.748816,6.52047639783685,1.86185572496279,9.61134609440487,10.1113258032903,5.84155916234046,9.84558096483054
