"","cue","log","id","rho","burst","iota_N1","iota_N2","phi_N1","phi_N2","fitness_rho","fitness_beta","fitness_psin","fitness_psiw","fitness_phin","fitness_phiw"
"3296","R","log10",3296,0.32252301,4.15374916,10.2741841,0.75059391,0.07862934,1631.53734,8.04511947944972,4.26193060755382,7.84807540109241,8.30439114555951,5.0283060964874,8.17518298024864
