"","iter","rho","burst","iota_N1","iota_N2","phi_N1","phi_N2","max_fitness_rho","max_fitness_beta","max_fitness_psin","max_fitness_psiw","max_fitness_phin","max_fitness_phiw","id"
"594",594,0.47342466,6.30674466,140.869648,1.5563429,0.00552729,167.248725,9.38212653354111,8.92144827995765,3.51185993492402,7.0652700931001,7.61171130941113,9.82085685615183,"R_log-I+Ig_log"
