"","cue","cue_b","log","log_b","id","rho","burst","iota_N1","iota_N2","phi_N1","phi_N2","fitness_rho","fitness_beta","fitness_psin","fitness_psiw","fitness_phin","fitness_phiw"
"1624","R","I","log10","log10",1624,0.37283411,4.82065224,75.4741782,0.45253086,0.00336926,1401.59876,7.43746349120245,4.3470537133801,4.3496876955314,9.90106985155938,4.94257745699845,9.84157091876634
