"","cue","cue_b","log","log_b","id","rho","burst","iota_N1","iota_N2","phi_N1","phi_N2","fitness_rho","fitness_beta","fitness_psin","fitness_psiw","fitness_phin","fitness_phiw"
"989","R","I+Ig","log10","log10",989,0.28257358,4.66698756,45.2884255,1.64255415,0.06335225,1267.04826,9.76588539562315,5.98284030180487,6.41694963689311,6.81021638351369,7.71555370869105,9.7612558839437
