"","cue","cue_b","log","log_b","id","rho","burst","iota_N1","iota_N2","phi_N1","phi_N2","fitness_rho","fitness_beta","fitness_psin","fitness_psiw","fitness_phin","fitness_phiw"
"641","R","I+Ig","log10","log10",641,0.19429067,4.62494663,32.728226,1.65997669,0.07588884,5198.25961,9.30152975771767,5.75723074472405,7.40532462622239,6.7605354963958,7.14736640315882,9.75404516258798
