"","cue","cue_b","log","log_b","id","rho","burst","iota_N1","iota_N2","phi_N1","phi_N2","fitness_rho","fitness_beta","fitness_psin","fitness_psiw","fitness_phin","fitness_phiw"
"4754","R","I","log10","log10",4754,0.32228502,3.97492113,22.1536348,0.92031855,0.04269644,582.196706,8.46869339672729,2.17038850722651,6.91090691204548,9.5755866637895,7.59961540638967,9.85306540396024
