"","iter","rho","burst","iota_N1","iota_N2","phi_N1","phi_N2","max_fitness_rho","max_fitness_beta","max_fitness_psin","max_fitness_psiw","max_fitness_phin","max_fitness_phiw","id"
"982",982,0.38872448,4.92747957,17.4581524,0.37734232,0.01266897,799.264254,7.24975474820283,4.67053480361463,9.54347646980574,9.83126675042634,5.56841119250711,9.84775167548997,"R_log-I_log"
