"","cue","cue_b","log","log_b","id","rho","burst","iota_N1","iota_N2","phi_N1","phi_N2","fitness_rho","fitness_beta","fitness_psin","fitness_psiw","fitness_phin","fitness_phiw"
"2066","R","I","log10","log10",2066,0.34236724,4.01257449,19.1463913,0.7642245,0.03671417,14121.5119,7.94723523544203,2.25392834192034,8.17771280917307,10.043792471556,9.58665535105916,9.83410624587834
