"","cue","log","id","rho","burst","iota_N1","iota_N2","phi_N1","phi_N2","fitness_rho","fitness_beta","fitness_psin","fitness_psiw","fitness_phin","fitness_phiw"
"2269","R","log10",2269,0.40473924,5.48695271,10.1598446,0.9248592,0.06429578,380.182903,7.68919445850418,7.60549068809511,7.83735396245964,7.85902230165478,5.7924709439376,8.20373325243502
