"","cue","cue_b","log","log_b","id","rho","burst","iota_N1","iota_N2","phi_N1","phi_N2","fitness_rho","fitness_beta","fitness_psin","fitness_psiw","fitness_phin","fitness_phiw"
"562","R","I","log10","log10",562,0.3457067,4.80516759,15.3952325,0.42949967,0.01010042,2461.25633,7.87748693691079,4.30143242983062,9.16782014908891,9.87845599355735,5.38856984628638,9.8380132964701
