"","cue","cue_b","log","log_b","id","rho","burst","iota_N1","iota_N2","phi_N1","phi_N2","fitness_rho","fitness_beta","fitness_psin","fitness_psiw","fitness_phin","fitness_phiw"
"920","R","I","log10","log10",920,0.37943405,4.00070895,21.9798861,0.79938502,0.0520293,176.594086,7.3549595802263,2.22745868439072,6.95720120048602,9.97178605423312,6.44213319753583,9.89625255657955
