"","cue","log","id","rho","burst","iota_N1","iota_N2","phi_N1","phi_N2","fitness_rho","fitness_beta","fitness_psin","fitness_psiw","fitness_phin","fitness_phiw"
"4021","R","log10",4021,0.29800911,5.48514786,37.0005909,1.09388916,0.01758414,1302.30369,8.1463954733744,7.60005623132192,5.1467152412739,7.02419350196007,7.66259335063432,8.17741737885591
