"","cue","cue_b","log","log_b","id","rho","burst","iota_N1","iota_N2","phi_N1","phi_N2","fitness_rho","fitness_beta","fitness_psin","fitness_psiw","fitness_phin","fitness_phiw"
"3001","R","I","log10","log10",3001,0.36756932,5.56339173,5.48730644,0.91147461,0.14784132,2240.7153,7.50884712470289,8.12970811241163,5.47954154438909,9.61246321120523,4.48016408267517,9.83847843541924
