"","cue","cue_b","log","log_b","id","rho","burst","iota_N1","iota_N2","phi_N1","phi_N2","fitness_rho","fitness_beta","fitness_psin","fitness_psiw","fitness_phin","fitness_phiw"
"569","R","I","log10","log10",569,0.24219488,4.50290322,13.0789121,2.3971424,0.22712585,2154.84764,9.56121731717525,3.45736321747234,7.19687286752726,4.4417683284752,3.93630315836966,9.83868345741346
