"","cue","log","id","rho","burst","iota_N1","iota_N2","phi_N1","phi_N2","fitness_rho","fitness_beta","fitness_psin","fitness_psiw","fitness_phin","fitness_phiw"
"3432","R","log10",3432,0.28390717,6.10598914,10.6053776,2.16776858,0.06660919,376.705008,8.18680176278564,5.98411868325372,7.87885420391672,4.46343072335452,5.64598250281899,8.20406814036667
