"","cue","cue_b","log","log_b","id","rho","burst","iota_N1","iota_N2","phi_N1","phi_N2","fitness_rho","fitness_beta","fitness_psin","fitness_psiw","fitness_phin","fitness_phiw"
"994","R","I+Ig","log10","log10",994,0.3856182,4.59988585,26.1701181,0.35128183,0.01716397,7578.15838,9.51882316926726,5.62221262294304,8.18061086187709,10.1090095051875,9.20955865046002,9.75331221798555
