"","cue","cue_b","log","log_b","id","rho","burst","iota_N1","iota_N2","phi_N1","phi_N2","fitness_rho","fitness_beta","fitness_psin","fitness_psiw","fitness_phin","fitness_phiw"
"3489","R","I","log10","log10",3489,0.27889689,3.99468261,13.5502478,0.90712037,0.02262409,47.991651,9.71978552385193,2.21406820506039,7.44068269767615,9.63011100413781,6.45720300540463,10.0366818510766
