"","cue","log","id","rho","burst","iota_N1","iota_N2","phi_N1","phi_N2","fitness_rho","fitness_beta","fitness_psin","fitness_psiw","fitness_phin","fitness_phiw"
"1662","R","log10",1662,0.31054497,5.79037472,7.75228578,2.08877792,0.10853328,377.157868,8.09771576464007,8.1555072826592,7.61124076706693,4.56308056295818,4.14947831930272,8.20402546560733
