"","cue","log","id","rho","burst","iota_N1","iota_N2","phi_N1","phi_N2","fitness_rho","fitness_beta","fitness_psin","fitness_psiw","fitness_phin","fitness_phiw"
"4218","R","log10",4218,0.37227353,6.03083933,9.12118421,2.22119777,0.14515884,50199.5913,7.81822823752871,6.42887160585443,7.7388718608087,4.39900270536602,3.57134356463959,8.1665783900886
