"","iter","rho","burst","iota_N1","iota_N2","phi_N1","phi_N2","max_fitness_rho","max_fitness_beta","max_fitness_psin","max_fitness_psiw","max_fitness_phin","max_fitness_phiw","id"
"201",201,0.21310631,3.94512647,155.030423,0.68954926,0.00206624,511.219464,8.66240476212579,2.10521718282191,3.44813851434101,10.1179633732238,4.85462257498443,9.85576194335088,"R_log-I_log"
