"","cue","cue_b","log","log_b","id","rho","burst","iota_N1","iota_N2","phi_N1","phi_N2","fitness_rho","fitness_beta","fitness_psin","fitness_psiw","fitness_phin","fitness_phiw"
"2521","R","I","log10","log10",2521,0.28413026,5.47907451,8.661578,1.07057677,0.05673342,114.622828,9.62162541158539,7.2208914077534,6.00598560562409,8.73834088572775,6.16262754672565,9.92772111469257
