"","cue","log","id","rho","burst","iota_N1","iota_N2","phi_N1","phi_N2","fitness_rho","fitness_beta","fitness_psin","fitness_psiw","fitness_phin","fitness_phiw"
"1713","R","log10",1713,0.34031399,4.04233356,7.15451837,0.60385186,0.03735697,1090.67959,7.96267630774902,3.71013880496483,7.55823539963224,7.54019068105115,8.15306388396168,8.17955651674717
