"","cue","log","id","rho","burst","iota_N1","iota_N2","phi_N1","phi_N2","fitness_rho","fitness_beta","fitness_psin","fitness_psiw","fitness_phin","fitness_phiw"
"3608","R","log10",3608,0.23926618,3.94435657,16.6830724,0.80085615,0.04887832,2060.35173,8.0240370487632,3.16172290326866,8.19249501311064,8.29970297990535,7.0517894569287,8.17334015848214
