"","iter","rho","burst","iota_N1","iota_N2","phi_N1","phi_N2","max_fitness_rho","max_fitness_beta","max_fitness_psin","max_fitness_psiw","max_fitness_phin","max_fitness_phiw","id"
"181",181,0.42855533,5.59213647,5.57533556,0.75301863,0.05382529,1179.21215,7.60818780044532,7.91709751117813,7.43144497981547,8.3088101918595,6.57791081375934,8.17856831665236,"R_log"
