"","cue","cue_b","log","log_b","id","rho","burst","iota_N1","iota_N2","phi_N1","phi_N2","fitness_rho","fitness_beta","fitness_psin","fitness_psiw","fitness_phin","fitness_phiw"
"3587","R","I","log10","log10",3587,0.19919534,4.53800653,17.5278237,2.1654129,0.21643306,9560.50851,8.28448879711541,3.55137291599948,9.48931074824219,4.81126591177659,3.99379984420077,9.83449993747418
