"","cue","log","id","rho","burst","iota_N1","iota_N2","phi_N1","phi_N2","fitness_rho","fitness_beta","fitness_psin","fitness_psiw","fitness_phin","fitness_phiw"
"3412","R","log10",3412,0.34682952,4.8756555,11.0953351,0.55118379,0.03131418,5814.53045,7.932357343458,6.19963104652587,7.9233662941835,7.28382365770038,8.17318630240305,8.16879424252022
