"","cue","log","id","rho","burst","iota_N1","iota_N2","phi_N1","phi_N2","fitness_rho","fitness_beta","fitness_psin","fitness_psiw","fitness_phin","fitness_phiw"
"2424","R","log10",2424,0.34174212,6.28206768,42.8635623,2.07360927,0.02639455,370.075339,7.95601563396253,5.30674987758315,4.68959456189306,4.58287220219812,8.03899857239511,8.2047304701187
