"","cue","cue_b","log","log_b","id","rho","burst","iota_N1","iota_N2","phi_N1","phi_N2","fitness_rho","fitness_beta","fitness_psin","fitness_psiw","fitness_phin","fitness_phiw"
"720","R","I","log10","log10",720,0.39394699,6.1157807,25.5425409,1.65043202,0.02084396,41129.8029,7.19533623748476,6.94140803952812,6.30110530430067,5.98161891001829,6.26611803139772,9.83356123047681
