"","cue","cue_b","log","log_b","id","rho","burst","iota_N1","iota_N2","phi_N1","phi_N2","fitness_rho","fitness_beta","fitness_psin","fitness_psiw","fitness_phin","fitness_phiw"
"4789","R","I","log10","log10",4789,0.39202006,5.41132072,13.395483,0.96019461,0.08137464,294.886814,7.21504341902608,6.69619006185375,7.35384549244622,9.39142571489093,5.38001768980015,9.87176197874589
