"","cue","cue_b","log","log_b","id","rho","burst","iota_N1","iota_N2","phi_N1","phi_N2","fitness_rho","fitness_beta","fitness_psin","fitness_psiw","fitness_phin","fitness_phiw"
"2433","R","I","log10","log10",2433,0.31773203,3.86315252,19.3173448,0.74425852,0.0227289,6285.06754,8.61117573783109,1.93025667484482,8.06942478095915,10.0747211102781,6.46924313351824,9.83513701805853
