"","iter","rho","burst","iota_N1","iota_N2","phi_N1","phi_N2","max_fitness_rho","max_fitness_beta","max_fitness_psin","max_fitness_psiw","max_fitness_phin","max_fitness_phiw","id"
"569",569,0.24219488,4.50290322,13.0789121,2.3971424,0.22712585,2154.84764,9.56121731717525,3.45736321747234,7.19687286752726,4.4417683284752,3.93630315836966,9.83868345741346,"R_log-I_log"
