"","iter","rho","burst","iota_N1","iota_N2","phi_N1","phi_N2","max_fitness_rho","max_fitness_beta","max_fitness_psin","max_fitness_psiw","max_fitness_phin","max_fitness_phiw","id"
"420",420,0.36392052,6.11023454,44.7993757,1.62558272,0.01732795,1368.26867,9.56225994359773,9.27505547924783,6.44833764788079,6.8591802176886,9.2216023807054,9.76055259361991,"R_log-I+Ig_log"
