"","cue","log","id","rho","burst","iota_N1","iota_N2","phi_N1","phi_N2","fitness_rho","fitness_beta","fitness_psin","fitness_psiw","fitness_phin","fitness_phiw"
"1593","R","log10",1593,0.1925788,3.86770273,7.72373309,0.96717156,0.04751672,373.210101,6.75947166578098,2.70363669325804,7.6086615236462,7.65401657888197,7.19926224880724,8.20441442623604
