"","cue","cue_b","log","log_b","id","rho","burst","iota_N1","iota_N2","phi_N1","phi_N2","fitness_rho","fitness_beta","fitness_psin","fitness_psiw","fitness_phin","fitness_phiw"
"2969","R","I","log10","log10",2969,0.32513925,4.60712003,31.157057,1.78819179,0.08288084,284.884933,8.38349869874417,3.73940460557672,5.77423090855676,5.60204573981855,5.34817050867994,9.87307036392621
