"","cue","log","id","rho","burst","iota_N1","iota_N2","phi_N1","phi_N2","fitness_rho","fitness_beta","fitness_psin","fitness_psiw","fitness_phin","fitness_phiw"
"3727","R","log10",3727,0.31784907,5.58048098,22.4608184,1.3015245,0.01534197,1598.7159,8.06611588881504,7.88399499706115,7.24802359911708,6.17019182149237,7.5670677725864,8.17536391010465
