"","iter","rho","burst","iota_N1","iota_N2","phi_N1","phi_N2","max_fitness_rho","max_fitness_beta","max_fitness_psin","max_fitness_psiw","max_fitness_phin","max_fitness_phiw","id"
"310",310,0.36382179,4.91949676,21.1689269,0.48157543,0.0115463,3719.78019,9.56248185784754,7.25491933031164,9.02634832013067,10.1603468956683,8.60473304519385,9.75497223543518,"R_log-I+Ig_log"
