"","cue","cue_b","log","log_b","id","rho","burst","iota_N1","iota_N2","phi_N1","phi_N2","fitness_rho","fitness_beta","fitness_psin","fitness_psiw","fitness_phin","fitness_phiw"
"519","R","I","log10","log10",519,0.27931924,3.78997694,6.91151052,0.76771754,0.08759784,806.761222,9.71277943092977,1.77966080861811,5.69884540551154,10.0376121651896,5.25463143102339,9.84761832824159
