"","cue","log","id","rho","burst","iota_N1","iota_N2","phi_N1","phi_N2","fitness_rho","fitness_beta","fitness_psin","fitness_psiw","fitness_phin","fitness_phiw"
"3349","R","log10",3349,0.33050967,5.69966047,34.7552688,0.8915113,0.01313809,2188.12026,8.00838954741654,8.16560392364034,5.36359420045224,8.00865788337858,7.48057958553579,8.17293104374482
