"","iter","rho","burst","iota_N1","iota_N2","phi_N1","phi_N2","max_fitness_rho","max_fitness_beta","max_fitness_psin","max_fitness_psiw","max_fitness_phin","max_fitness_phiw","id"
"216",216,0.34171132,5.96741337,63.939305,2.26333555,0.01588348,1007.3579,7.96145970058064,7.82818030340716,4.57847892294391,4.64690767895435,5.81561852608099,9.84478887387529,"R_log-I_log"
