"","cue","log","id","rho","burst","iota_N1","iota_N2","phi_N1","phi_N2","fitness_rho","fitness_beta","fitness_psin","fitness_psiw","fitness_phin","fitness_phiw"
"3482","R","log10",3482,0.25336415,4.05938001,52.535336,0.80077594,0.01008844,395.933427,8.1573315306447,3.79992484858928,4.16604985210619,8.29983808867522,7.37717368955742,8.20227845128729
