"","cue","log","id","rho","burst","iota_N1","iota_N2","phi_N1","phi_N2","fitness_rho","fitness_beta","fitness_psin","fitness_psiw","fitness_phin","fitness_phiw"
"4972","R","log10",4972,0.35589105,4.84873899,4.4614039,0.50726984,0.0587422,162.470897,7.89072920322978,6.15171093347742,7.35652910250024,7.08815999089226,6.18076023030424,8.2509090699289
