"","cue","log","id","rho","burst","iota_N1","iota_N2","phi_N1","phi_N2","fitness_rho","fitness_beta","fitness_psin","fitness_psiw","fitness_phin","fitness_phiw"
"708","R","log10",708,0.4416776,6.2098246,13.5767369,1.75085478,0.05929038,1048.34325,7.56833765320324,5.52138593513125,8.11322526461675,5.07106467013557,6.14006975219034,8.18008918930347
