"","cue","cue_b","log","log_b","id","rho","burst","iota_N1","iota_N2","phi_N1","phi_N2","fitness_rho","fitness_beta","fitness_psin","fitness_psiw","fitness_phin","fitness_phiw"
"3360","R","I","log10","log10",3360,0.38539215,6.0179921,8.87414488,2.40093709,0.12929004,1818.85191,7.28615893108024,7.46700305000426,6.04659471811395,4.4362393725277,4.66529295762387,9.83967853896101
