"","cue","log","id","rho","burst","iota_N1","iota_N2","phi_N1","phi_N2","fitness_rho","fitness_beta","fitness_psin","fitness_psiw","fitness_phin","fitness_phiw"
"3026","R","log10",3026,0.22055267,3.93715629,4.54361995,0.65593831,0.11873812,855.600009,7.59751126145311,3.11954989955889,7.36160161246816,7.81301199098132,3.95865100225508,8.18316265195181
