"","cue","cue_b","log","log_b","id","rho","burst","iota_N1","iota_N2","phi_N1","phi_N2","fitness_rho","fitness_beta","fitness_psin","fitness_psiw","fitness_phin","fitness_phiw"
"1116","R","I","log10","log10",1116,0.30653746,6.05516003,11.5996689,2.00790153,0.05380515,203.208143,8.98153146091652,7.23693486086964,6.66983819945823,5.10646505931055,6.32561020461327,9.88836735017155
