"","cue","log","id","rho","burst","iota_N1","iota_N2","phi_N1","phi_N2","fitness_rho","fitness_beta","fitness_psin","fitness_psiw","fitness_phin","fitness_phiw"
"1664","R","log10",1664,0.30752928,3.8832136,13.4772322,0.75600297,0.07542479,672.373253,8.1101827633336,2.79768520428545,8.10722303695828,8.31346879131843,5.17173387781926,8.18769399143215
