"","cue","log","id","rho","burst","iota_N1","iota_N2","phi_N1","phi_N2","fitness_rho","fitness_beta","fitness_psin","fitness_psiw","fitness_phin","fitness_phiw"
"513","R","log10",513,0.34138136,3.96010811,38.8816731,0.78458958,0.02165013,2291.17608,7.95769856976895,3.25320025566226,4.98472840353991,8.32017919294331,7.84411120605831,8.17263351395199
