"","iter","rho","burst","iota_N1","iota_N2","phi_N1","phi_N2","max_fitness_rho","max_fitness_beta","max_fitness_psin","max_fitness_psiw","max_fitness_phin","max_fitness_phiw","id"
"526",526,0.35143919,4.71211241,41.8423434,0.51455092,0.00723522,98.7917808,7.91107778769006,5.90291197906111,4.75971138583905,7.11964039372863,7.30043653226009,8.29992897099071,"R_log"
