"","cue","cue_b","log","log_b","id","rho","burst","iota_N1","iota_N2","phi_N1","phi_N2","fitness_rho","fitness_beta","fitness_psin","fitness_psiw","fitness_phin","fitness_phiw"
"657","R","I+Ig","log10","log10",657,0.3297235,3.93148945,5.99083172,0.8659251,0.15308125,36442.8769,9.65012515195654,2.52524410326058,8.74152296913191,9.70055760738687,5.2528750394271,9.75203785198621
