"","cue","cue_b","log","log_b","id","rho","burst","iota_N1","iota_N2","phi_N1","phi_N2","fitness_rho","fitness_beta","fitness_psin","fitness_psiw","fitness_phin","fitness_phiw"
"153","R","I+Ig","log10","log10",153,0.18497537,3.96529533,12.7099043,1.035463,0.03008786,354.327132,9.20087700657282,2.64480034802776,9.60098156344274,9.04569921900016,9.71152719622716,9.78525433497464
