"","iter","rho","burst","iota_N1","iota_N2","phi_N1","phi_N2","max_fitness_rho","max_fitness_beta","max_fitness_psin","max_fitness_psiw","max_fitness_phin","max_fitness_phiw","id"
"948",948,0.38444879,6.06065092,6.24812051,2.24115537,0.24694376,545.230688,9.52092990051725,9.37199553225373,8.8094970616702,5.35162066733063,4.13431407226096,9.77369402454624,"R_log-I+Ig_log"
