"","cue","log","id","rho","burst","iota_N1","iota_N2","phi_N1","phi_N2","fitness_rho","fitness_beta","fitness_psin","fitness_psiw","fitness_phin","fitness_phiw"
"4585","R","log10",4585,0.37920718,5.43878397,9.95400735,1.34261225,0.06980936,486.050162,7.78892005260265,7.46154862476708,7.81795404311101,6.03398266061943,5.45881372599755,8.19573946587747
