"","cue","cue_b","log","log_b","id","rho","burst","iota_N1","iota_N2","phi_N1","phi_N2","fitness_rho","fitness_beta","fitness_psin","fitness_psiw","fitness_phin","fitness_phiw"
"4479","R","I","log10","log10",4479,0.34062616,4.03659291,4.04043107,0.6598163,0.20548899,201.795211,7.98535904977548,2.30789172100732,5.27394228994025,10.1156958838955,4.0564966059423,9.88873713659391
