"","cue","log","id","rho","burst","iota_N1","iota_N2","phi_N1","phi_N2","fitness_rho","fitness_beta","fitness_psin","fitness_psiw","fitness_phin","fitness_phiw"
"4832","R","log10",4832,0.35270258,4.02159444,29.9349005,0.82642942,0.03033229,1216.13241,7.90528258338473,3.59847989059634,5.939977262657,8.24248326835689,8.15451826289148,8.17819898333839
