"","cue","log","id","rho","burst","iota_N1","iota_N2","phi_N1","phi_N2","fitness_rho","fitness_beta","fitness_psin","fitness_psiw","fitness_phin","fitness_phiw"
"3590","R","log10",3590,0.24558615,4.01101612,73.0938065,0.99294732,0.01027938,163.229406,8.09900557234903,3.54054372441962,3.46798677249513,7.52491911330919,7.3830244817082,8.25054017602707
