"","cue","cue_b","log","log_b","id","rho","burst","iota_N1","iota_N2","phi_N1","phi_N2","fitness_rho","fitness_beta","fitness_psin","fitness_psiw","fitness_phin","fitness_phiw"
"778","R","I+Ig","log10","log10",778,0.35671189,4.74642357,14.9832034,0.44177564,0.01236787,310.333484,9.57892649182604,6.40242886048292,9.75199738644286,10.1436035340643,8.71641844306856,9.78987532234908
