"","cue","log","id","rho","burst","iota_N1","iota_N2","phi_N1","phi_N2","fitness_rho","fitness_beta","fitness_psin","fitness_psiw","fitness_phin","fitness_phiw"
"4999","R","log10",4999,0.31269748,5.32444785,13.0581594,1.25260115,0.07972311,823.980008,8.08859009790364,7.13982911732592,8.08018244552347,6.34578561693483,4.98230183806881,8.18380252846347
