"","cue","log","id","rho","burst","iota_N1","iota_N2","phi_N1","phi_N2","fitness_rho","fitness_beta","fitness_psin","fitness_psiw","fitness_phin","fitness_phiw"
"791","R","log10",791,0.16434829,4.61117489,8.83440861,2.00091502,0.1933203,324.99241,6.05900829385987,5.70234120290209,7.71168390289629,4.68098340270032,3.06383930440064,8.20990200908208
