"","cue","cue_b","log","log_b","id","rho","burst","iota_N1","iota_N2","phi_N1","phi_N2","fitness_rho","fitness_beta","fitness_psin","fitness_psiw","fitness_phin","fitness_phiw"
"2429","R","I","log10","log10",2429,0.22894618,4.63638808,31.6135301,1.9203003,0.08106346,241.785394,9.15493899789458,3.82022210943892,5.74245671887378,5.29057244633529,5.38672280712215,9.87990180711948
