"","cue","log","id","rho","burst","iota_N1","iota_N2","phi_N1","phi_N2","fitness_rho","fitness_beta","fitness_psin","fitness_psiw","fitness_phin","fitness_phiw"
"3731","R","log10",3731,0.28152769,4.45297363,133.431115,1.9634012,0.02807917,631.571015,8.19141579468867,5.32812509247097,2.35021462197428,4.7339066766578,8.09541570671715,8.18905692670539
