"","iter","rho","burst","iota_N1","iota_N2","phi_N1","phi_N2","max_fitness_rho","max_fitness_beta","max_fitness_psin","max_fitness_psiw","max_fitness_phin","max_fitness_phiw","id"
"413",413,0.2271458,4.61932454,476.860651,2.02316161,0.00504559,1292.48395,7.78390207359127,5.71937873401188,0.655069134447588,4.65036168494332,7.25559579594389,8.17749998130798,"R_log"
