"","cue","log","id","rho","burst","iota_N1","iota_N2","phi_N1","phi_N2","fitness_rho","fitness_beta","fitness_psin","fitness_psiw","fitness_phin","fitness_phiw"
"208","R","log10",208,0.37941399,4.83146375,18.6353042,0.58119154,0.0245788,4098.60948,7.78806032686111,6.1209093200354,8.07768285328927,7.4273726989574,7.96927545682076,8.16983889111495
