"","cue","cue_b","log","log_b","id","rho","burst","iota_N1","iota_N2","phi_N1","phi_N2","fitness_rho","fitness_beta","fitness_psin","fitness_psiw","fitness_phin","fitness_phiw"
"2642","R","I","log10","log10",2642,0.28558123,3.95427251,55.9672258,0.82648138,0.01213896,425.976039,9.590203791711,2.12513632832552,4.76931907317566,9.90246424246993,5.5302886685059,9.8601672610661
