"","iter","rho","burst","iota_N1","iota_N2","phi_N1","phi_N2","max_fitness_rho","max_fitness_beta","max_fitness_psin","max_fitness_psiw","max_fitness_phin","max_fitness_phiw","id"
"93",93,0.32352567,3.90978736,9.16099054,0.77887385,0.04204355,2103.34722,8.43123972327721,2.02900230551811,6.10262624025367,10.0163965864007,7.74816595427918,9.83881604693489,"R_log-I_log"
