"","cue","cue_b","log","log_b","id","rho","burst","iota_N1","iota_N2","phi_N1","phi_N2","fitness_rho","fitness_beta","fitness_psin","fitness_psiw","fitness_phin","fitness_phiw"
"1441","R","I","log10","log10",1441,0.271064,5.6070272,17.4186434,1.02128192,0.01151692,1151.71933,9.81903355249821,8.74767762442771,9.57276038866973,9.05150359666519,5.4862936202792,9.84335736470598
