"","iter","rho","burst","iota_N1","iota_N2","phi_N1","phi_N2","max_fitness_rho","max_fitness_beta","max_fitness_psin","max_fitness_psiw","max_fitness_phin","max_fitness_phiw","id"
"331",331,0.30176777,5.41753602,7.09792814,1.18781692,0.08196132,640.491449,9.13821920906548,6.73881705233227,5.72938482517152,7.98049933622633,5.36748763787697,9.85128704807594,"R_log-I_log"
