"","cue","log","id","rho","burst","iota_N1","iota_N2","phi_N1","phi_N2","fitness_rho","fitness_beta","fitness_psin","fitness_psiw","fitness_phin","fitness_phiw"
"4706","R","log10",4706,0.2163533,3.89933312,32.6798965,0.83763107,0.02174756,51.4112137,7.46700518430788,2.89482335141405,5.59187027991255,8.20988972605281,7.84842877926292,8.39835222732527
