"","cue","log","id","rho","burst","iota_N1","iota_N2","phi_N1","phi_N2","fitness_rho","fitness_beta","fitness_psin","fitness_psiw","fitness_phin","fitness_phiw"
"4540","R","log10",4540,0.25703747,4.88598314,17.7205623,0.65193212,0.00916478,12.8124185,8.17491561088412,6.21802872938353,8.15402004299274,7.79074143112669,7.35011477786214,8.44171551176164
