"","cue","cue_b","log","log_b","id","rho","burst","iota_N1","iota_N2","phi_N1","phi_N2","fitness_rho","fitness_beta","fitness_psin","fitness_psiw","fitness_phin","fitness_phiw"
"52","R","I","log10","log10",52,0.25813562,4.71677196,10.4362143,0.53542348,0.03855524,180.507611,9.8378094418755,4.0459964394193,6.37293727870567,9.99315062530328,8.84711787788228,9.89495580048163
