"","iter","rho","burst","iota_N1","iota_N2","phi_N1","phi_N2","max_fitness_rho","max_fitness_beta","max_fitness_psin","max_fitness_psiw","max_fitness_phin","max_fitness_phiw","id"
"418",418,0.3683848,4.78703727,28.0414014,0.49124877,0.01543931,817.971329,9.55251347524375,6.61153516738369,7.92775595344749,10.1642997810879,9.06401489311993,9.76644320948044,"R_log-I+Ig_log"
