"","cue","log","id","rho","burst","iota_N1","iota_N2","phi_N1","phi_N2","fitness_rho","fitness_beta","fitness_psin","fitness_psiw","fitness_phin","fitness_phiw"
"3526","R","log10",3526,0.37977106,4.90260641,20.7289245,0.39015006,0.02591608,15046.9086,7.78657710308514,6.24769184671563,7.68871584473593,6.62326936289059,8.0214201489908,8.16725726867839
