"","cue","log","id","rho","burst","iota_N1","iota_N2","phi_N1","phi_N2","fitness_rho","fitness_beta","fitness_psin","fitness_psiw","fitness_phin","fitness_phiw"
"4942","R","log10",4942,0.43959262,4.61786507,8.55310446,0.44303829,0.04341464,2163.73059,7.57444823276464,5.7163404478898,7.68517867455957,6.82099719773442,7.70366143344283,8.1730053019492
