"","cue","cue_b","log","log_b","id","rho","burst","iota_N1","iota_N2","phi_N1","phi_N2","fitness_rho","fitness_beta","fitness_psin","fitness_psiw","fitness_phin","fitness_phiw"
"200","R","I+Ig","log10","log10",200,0.32172333,3.93565848,371.212988,0.82769199,0.00185451,220.31498,9.67279058844404,2.53976168091276,1.65397138334731,9.82035263269368,6.95159252960235,9.80485848275552
