"","cue","log","id","rho","burst","iota_N1","iota_N2","phi_N1","phi_N2","fitness_rho","fitness_beta","fitness_psin","fitness_psiw","fitness_phin","fitness_phiw"
"3151","R","log10",3151,0.28974712,5.35125346,12.3260612,1.06609273,0.08130664,551.330094,8.17249064689266,7.21200461314537,8.02679644290327,7.15884368164497,4.91816731702886,8.1923126920972
