"","cue","cue_b","log","log_b","id","rho","burst","iota_N1","iota_N2","phi_N1","phi_N2","fitness_rho","fitness_beta","fitness_psin","fitness_psiw","fitness_phin","fitness_phiw"
"611","R","I","log10","log10",611,0.20253268,4.64728988,1862.1735,2.23955215,0.00105555,11927.7272,8.37001849180743,3.85050539301009,0.763232189759319,4.68563632472762,4.78485330943457,9.83425863610398
