"","cue","cue_b","log","log_b","id","rho","burst","iota_N1","iota_N2","phi_N1","phi_N2","fitness_rho","fitness_beta","fitness_psin","fitness_psiw","fitness_phin","fitness_phiw"
"2526","R","I","log10","log10",2526,0.42348059,6.01745315,35.4279408,1.92461772,0.03327796,752.547953,6.93431738580322,7.47061750614102,5.51258901746439,5.28111581045041,9.52563535945312,9.8486392825389
