"","cue","log","id","rho","burst","iota_N1","iota_N2","phi_N1","phi_N2","fitness_rho","fitness_beta","fitness_psin","fitness_psiw","fitness_phin","fitness_phiw"
"2820","R","log10",2820,0.47210666,6.11970504,24.6145623,2.22273727,0.04671962,149.279922,7.48778757073389,5.91252159583748,6.79367507744256,4.39717977319676,7.29094593287837,8.25788314031143
