"","cue","log","id","rho","burst","iota_N1","iota_N2","phi_N1","phi_N2","fitness_rho","fitness_beta","fitness_psin","fitness_psiw","fitness_phin","fitness_phiw"
"1859","R","log10",1859,0.20941796,4.47140211,48.7034888,2.08237838,0.06201433,3319.37264,7.24973618401545,5.37679410087619,4.34827833686774,4.57140402665364,5.94575889582426,8.17067266010226
