"","cue","log","id","rho","burst","iota_N1","iota_N2","phi_N1","phi_N2","fitness_rho","fitness_beta","fitness_psin","fitness_psiw","fitness_phin","fitness_phiw"
"38","R","log10",38,0.40946312,3.9962671,4.73587263,0.73853059,0.17640674,1052.00905,7.67220593361544,3.45870293140141,7.373749995003,8.27343667457869,3.22232101286715,8.18003946175469
