"","cue","log","id","rho","burst","iota_N1","iota_N2","phi_N1","phi_N2","fitness_rho","fitness_beta","fitness_psin","fitness_psiw","fitness_phin","fitness_phiw"
"3078","R","log10",3078,0.42480862,5.88853328,8.1506672,2.12371721,0.11828033,428.05996,7.62017661805239,7.47382272687494,7.64768138858235,4.51831801375143,3.96656589433152,8.19963966378829
