"","cue","log","id","rho","burst","iota_N1","iota_N2","phi_N1","phi_N2","fitness_rho","fitness_beta","fitness_psin","fitness_psiw","fitness_phin","fitness_phiw"
"3181","R","log10",3181,0.30510893,5.60132994,13.5121021,0.8454837,0.03379494,5789.0731,8.11988092031021,7.94270895316717,8.10934694820429,8.18478826001946,8.19686058908117,8.16880337437565
