"","cue","log","id","rho","burst","iota_N1","iota_N2","phi_N1","phi_N2","fitness_rho","fitness_beta","fitness_psin","fitness_psiw","fitness_phin","fitness_phiw"
"1300","R","log10",1300,0.36006682,4.80427123,3.31851255,0.52017218,0.08948303,50.2228102,7.8718668920136,6.07222589933489,7.2940028799906,7.14415569481197,4.6288177325475,8.40260108796702
