"","cue","log","id","rho","burst","iota_N1","iota_N2","phi_N1","phi_N2","fitness_rho","fitness_beta","fitness_psin","fitness_psiw","fitness_phin","fitness_phiw"
"2052","R","log10",2052,0.30952903,6.18908539,15.619415,2.11293417,0.08079461,239.194086,8.10195969481126,5.59880950159226,8.19277018354666,4.53201266559103,4.93859778600631,8.22490635941544
