"","cue","cue_b","log","log_b","id","rho","burst","iota_N1","iota_N2","phi_N1","phi_N2","fitness_rho","fitness_beta","fitness_psin","fitness_psiw","fitness_phin","fitness_phiw"
"4692","R","I","log10","log10",4692,0.358257,6.04178783,3.81003997,1.92875735,0.16367418,269.461065,7.64970806505565,7.31497313126651,5.24208176069783,5.27208336405043,4.34430907201979,9.87527152284044
