"","cue","cue_b","log","log_b","id","rho","burst","iota_N1","iota_N2","phi_N1","phi_N2","fitness_rho","fitness_beta","fitness_psin","fitness_psiw","fitness_phin","fitness_phiw"
"223","R","I+Ig","log10","log10",223,0.32543468,5.70194919,10.9726183,0.85996186,0.04312677,251.680613,9.66225809700733,9.75297863313925,9.49022485452936,9.72012296159704,9.18295393149759,9.79846410139591
