"","cue","cue_b","log","log_b","id","rho","burst","iota_N1","iota_N2","phi_N1","phi_N2","fitness_rho","fitness_beta","fitness_psin","fitness_psiw","fitness_phin","fitness_phiw"
"4205","R","I","log10","log10",4205,0.15709372,4.62314812,35.3451895,2.40723678,0.04391791,132.053415,7.43040467899427,3.78357431321031,5.51702187487934,4.42709925728118,7.35635645222977,9.91608837979096
