"","cue","log","id","rho","burst","iota_N1","iota_N2","phi_N1","phi_N2","fitness_rho","fitness_beta","fitness_psin","fitness_psiw","fitness_phin","fitness_phiw"
"3157","R","log10",3157,0.37541977,5.37064878,24.7560064,0.97843172,0.02858792,382.049681,7.80482196915456,7.26555382670692,6.76654859561747,7.59783721670546,8.11054657177866,8.20355422039906
