"","cue","log","id","rho","burst","iota_N1","iota_N2","phi_N1","phi_N2","fitness_rho","fitness_beta","fitness_psin","fitness_psiw","fitness_phin","fitness_phiw"
"4192","R","log10",4192,0.37270823,4.78495766,53.6311812,0.51179673,0.00714676,2212.49093,7.81636728014651,6.03740558700176,4.11838243257863,7.107698216854,7.29838758266577,8.17285833756079
