"","cue","log","id","rho","burst","iota_N1","iota_N2","phi_N1","phi_N2","fitness_rho","fitness_beta","fitness_psin","fitness_psiw","fitness_phin","fitness_phiw"
"2416","R","log10",2416,0.46311032,4.77190936,10.2197554,0.44142721,0.02379362,573.72088,7.50997288606791,6.01372346059614,7.84297674942814,6.81456969459534,7.93692940544578,8.19131200169484
