"","cue","cue_b","log","log_b","id","rho","burst","iota_N1","iota_N2","phi_N1","phi_N2","fitness_rho","fitness_beta","fitness_psin","fitness_psiw","fitness_phin","fitness_phiw"
"2103","R","I","log10","log10",2103,0.34603741,3.89747337,104.674986,0.78412092,0.00822046,251.30142,7.8707972174685,2.00272396807826,3.92667102092138,10.00565927969,5.26258211858691,9.87819905916204
