"","cue","cue_b","log","log_b","id","rho","burst","iota_N1","iota_N2","phi_N1","phi_N2","fitness_rho","fitness_beta","fitness_psin","fitness_psiw","fitness_phin","fitness_phiw"
"181","R","I","log10","log10",181,0.42855533,5.59213647,5.57533556,0.75301863,0.05382529,1179.21215,6.8956992530423,8.52656250831822,5.49249319832548,10.0620981671911,6.32437639876421,9.84312263588654
