"","iter","rho","burst","iota_N1","iota_N2","phi_N1","phi_N2","max_fitness_rho","max_fitness_beta","max_fitness_psin","max_fitness_psiw","max_fitness_phin","max_fitness_phiw","id"
"609",609,0.26970995,3.98719246,348.182178,0.91827278,0.00104911,3619.6205,9.77609256852339,2.7245062406255,1.74444771897813,9.5164913013889,6.81114562394272,9.75506374679879,"R_log-I+Ig_log"
