"","cue","log","id","rho","burst","iota_N1","iota_N2","phi_N1","phi_N2","fitness_rho","fitness_beta","fitness_psin","fitness_psiw","fitness_phin","fitness_phiw"
"3544","R","log10",3544,0.40028465,4.90501848,5.17391223,0.4570311,0.03570435,147.370471,7.70562991929297,6.25200310933847,7.40293175872207,6.87747492338261,8.18702886637758,8.25898948883911
