"","cue","log","id","rho","burst","iota_N1","iota_N2","phi_N1","phi_N2","fitness_rho","fitness_beta","fitness_psin","fitness_psiw","fitness_phin","fitness_phiw"
"4899","R","log10",4899,0.36702441,3.88357003,24.773443,0.76530565,0.02381684,47.4432785,7.84099538374854,2.79984261008699,6.76322516409512,8.32276296831447,7.93790073290802,8.41310769035123
