"","cue","cue_b","log","log_b","id","rho","burst","iota_N1","iota_N2","phi_N1","phi_N2","fitness_rho","fitness_beta","fitness_psin","fitness_psiw","fitness_phin","fitness_phiw"
"4484","R","I","log10","log10",4484,0.23335945,3.96707724,11.3762916,0.74046682,0.05358168,342.62521,9.29693701102754,2.15314937107752,6.60727900599135,10.0797143185086,6.33942052091697,9.86653934187935
