"","iter","rho","burst","iota_N1","iota_N2","phi_N1","phi_N2","max_fitness_rho","max_fitness_beta","max_fitness_psin","max_fitness_psiw","max_fitness_phin","max_fitness_phiw","id"
"765",765,0.20642931,3.92500389,82.0953661,0.987229,0.00292158,3650.51515,7.15869479045886,3.04790371631495,3.24225728956069,7.55369473096568,7.22391772764438,8.1702744932085,"R_log"
