"","cue","cue_b","log","log_b","id","rho","burst","iota_N1","iota_N2","phi_N1","phi_N2","fitness_rho","fitness_beta","fitness_psin","fitness_psiw","fitness_phin","fitness_phiw"
"962","R","I","log10","log10",962,0.32171821,4.07986927,10.116498,0.63111999,0.07955687,4181.20405,8.48601402241505,2.40645827767083,6.3012326620636,10.099009076486,5.41988461407915,9.83607049911924
