"","cue","log","id","rho","burst","iota_N1","iota_N2","phi_N1","phi_N2","fitness_rho","fitness_beta","fitness_psin","fitness_psiw","fitness_phin","fitness_phiw"
"2387","R","log10",2387,0.27635879,4.66779495,5.61279513,1.72934453,0.53491127,1907.66697,8.19856870712753,5.81742178145204,7.43418650815234,5.10952367356225,1.58432506814178,8.17390159983749
