"","cue","cue_b","log","log_b","id","rho","burst","iota_N1","iota_N2","phi_N1","phi_N2","fitness_rho","fitness_beta","fitness_psin","fitness_psiw","fitness_phin","fitness_phiw"
"3327","R","I","log10","log10",3327,0.33525051,4.01339031,11.5025771,0.87320382,0.03648756,4067.06433,8.11120430612855,2.25574817405791,6.64225341925051,9.75685894659649,9.65774071533761,9.83614703871759
