"","cue","log","id","rho","burst","iota_N1","iota_N2","phi_N1","phi_N2","fitness_rho","fitness_beta","fitness_psin","fitness_psiw","fitness_phin","fitness_phiw"
"2469","R","log10",2469,0.23442853,3.98259434,14.108866,0.86141546,0.01818226,1225.28166,7.94494883019831,3.38177875862645,8.14232443018062,8.12891274966198,7.68896426457908,8.17811070136008
