"","cue","log","id","rho","burst","iota_N1","iota_N2","phi_N1","phi_N2","fitness_rho","fitness_beta","fitness_psin","fitness_psiw","fitness_phin","fitness_phiw"
"4984","R","log10",4984,0.3452255,4.76205778,5.27726489,0.45876456,0.04642078,198.960892,7.93980053840713,5.99574474055759,7.41011511595335,6.88455287748831,7.32647191581873,8.23617090628085
