"","cue","cue_b","log","log_b","id","rho","burst","iota_N1","iota_N2","phi_N1","phi_N2","fitness_rho","fitness_beta","fitness_psin","fitness_psiw","fitness_phin","fitness_phiw"
"3395","R","I","log10","log10",3395,0.29547352,4.43403556,31.6846247,1.81562336,0.12644706,869.557536,9.33286541441032,3.27584894705341,5.73760813227123,5.53359319003457,4.69666874107828,9.84659190338668
