"","cue","log","id","rho","burst","iota_N1","iota_N2","phi_N1","phi_N2","fitness_rho","fitness_beta","fitness_psin","fitness_psiw","fitness_phin","fitness_phiw"
"4893","R","log10",4893,0.32580303,4.06854547,6.23093591,0.97624341,0.08353271,351.303526,8.03013375470777,3.84743458127556,7.48142799790665,7.60878812022596,4.83272328291998,8.20672370394513
