"","cue","log","id","rho","burst","iota_N1","iota_N2","phi_N1","phi_N2","fitness_rho","fitness_beta","fitness_psin","fitness_psiw","fitness_phin","fitness_phiw"
"3074","R","log10",3074,0.23239523,4.05100199,4.38252329,0.76687001,0.13141692,478.785595,7.90522119129158,3.7560298644914,7.35173513624296,8.32359058451385,3.75792745549769,8.19617836969327
