"","cue","cue_b","log","log_b","id","rho","burst","iota_N1","iota_N2","phi_N1","phi_N2","fitness_rho","fitness_beta","fitness_psin","fitness_psiw","fitness_phin","fitness_phiw"
"3666","R","I","log10","log10",3666,0.39089923,6.09891316,104.798606,2.3918125,0.01076098,77.3851149,7.22671349146674,7.01625890211761,3.92518690476106,4.44955105377543,5.43376268670273,9.96816598142105
