"","cue","log","id","rho","burst","iota_N1","iota_N2","phi_N1","phi_N2","fitness_rho","fitness_beta","fitness_psin","fitness_psiw","fitness_phin","fitness_phiw"
"3385","R","log10",3385,0.28404827,5.64462564,16.3341701,1.1943479,0.02937897,58.1060173,8.18650188833064,8.05510873211932,8.1964267389561,6.57531473826362,8.13208041477885,8.37685323466981
