"","cue","cue_b","log","log_b","id","rho","burst","iota_N1","iota_N2","phi_N1","phi_N2","fitness_rho","fitness_beta","fitness_psin","fitness_psiw","fitness_phin","fitness_phiw"
"534","R","I+Ig","log10","log10",534,0.37705539,6.06987434,49.8689239,1.91388764,0.02282331,1085.26137,9.53481326407172,9.35392246234696,6.13342324921143,6.09255062611901,9.48443144328331,9.76284243873561
