"","cue","cue_b","log","log_b","id","rho","burst","iota_N1","iota_N2","phi_N1","phi_N2","fitness_rho","fitness_beta","fitness_psin","fitness_psiw","fitness_phin","fitness_phiw"
"4822","R","I","log10","log10",4822,0.35328505,4.94690051,3.79155002,0.52670493,0.08953324,8572.51379,7.73403807665229,4.73126968658369,5.23953429376826,9.98272565732411,5.21863225683048,9.83464211383789
