"","cue","cue_b","log","log_b","id","rho","burst","iota_N1","iota_N2","phi_N1","phi_N2","fitness_rho","fitness_beta","fitness_psin","fitness_psiw","fitness_phin","fitness_phiw"
"1086","R","I","log10","log10",1086,0.45740859,6.16637298,12.8003875,2.24139333,0.06585939,174.66321,6.70160060474189,6.7300133797154,7.07662088308968,4.68261234377212,5.79072225346062,9.89691469594472
