"","cue","cue_b","log","log_b","id","rho","burst","iota_N1","iota_N2","phi_N1","phi_N2","fitness_rho","fitness_beta","fitness_psin","fitness_psiw","fitness_phin","fitness_phiw"
"2950","R","I","log10","log10",2950,0.38557725,4.8313638,7.21453985,0.42591601,0.03806125,230.22562,7.28411074901421,4.37878055027878,5.74872958656937,9.87502966084372,9.05026442807599,9.88215303040607
