"","iter","rho","burst","iota_N1","iota_N2","phi_N1","phi_N2","max_fitness_rho","max_fitness_beta","max_fitness_psin","max_fitness_psiw","max_fitness_phin","max_fitness_phiw","id"
"67",67,0.25151738,5.65837797,14.7577554,1.02370494,0.04273986,918.60073,9.75351306688195,9.6871590463768,9.73986672390706,9.09536218013356,9.22112489056897,9.76484338501892,"R_log-I+Ig_log"
