"","cue","cue_b","log","log_b","id","rho","burst","iota_N1","iota_N2","phi_N1","phi_N2","fitness_rho","fitness_beta","fitness_psin","fitness_psiw","fitness_phin","fitness_phiw"
"3051","R","I","log10","log10",3051,0.25037057,3.88974937,13.9962261,0.95737735,0.02600882,1816.8476,9.74489705758665,1.9863133863909,7.73948090911889,9.40543760339678,6.91827987589307,9.8396850544388
