"","cue","log","id","rho","burst","iota_N1","iota_N2","phi_N1","phi_N2","fitness_rho","fitness_beta","fitness_psin","fitness_psiw","fitness_phin","fitness_phiw"
"1891","R","log10",1891,0.28557491,5.44045709,5.99028805,1.17444495,0.09627428,1916.95343,8.18312513134265,7.46649022679153,7.46260858636099,6.65900377031411,4.43287828153704,8.17386554033938
