"","cue","log","id","rho","burst","iota_N1","iota_N2","phi_N1","phi_N2","fitness_rho","fitness_beta","fitness_psin","fitness_psiw","fitness_phin","fitness_phiw"
"2509","R","log10",2509,0.30798359,5.73701016,14.5745876,0.95310793,0.03065229,336.887001,8.10833048110863,8.20363196362308,8.16331180290871,7.72344057219752,8.16111932979015,8.20840398398327
