"","cue","log","id","rho","burst","iota_N1","iota_N2","phi_N1","phi_N2","fitness_rho","fitness_beta","fitness_psin","fitness_psiw","fitness_phin","fitness_phiw"
"1133","R","log10",1133,0.2218116,4.65200585,30.2277029,2.07867265,0.05557879,526.546712,7.63536855301876,5.78606423607491,5.90035280082038,4.57624242472439,6.42869838066293,8.19351551307322
