"","cue","log","id","rho","burst","iota_N1","iota_N2","phi_N1","phi_N2","fitness_rho","fitness_beta","fitness_psin","fitness_psiw","fitness_phin","fitness_phiw"
"2192","R","log10",2192,0.25830824,3.96734178,50.5717001,0.71902402,0.0184734,995.031986,8.1797714134541,3.29483303294484,4.25615016661403,8.19107730244846,7.70189156914703,8.18082065401986
