"","cue","log","id","rho","burst","iota_N1","iota_N2","phi_N1","phi_N2","fitness_rho","fitness_beta","fitness_psin","fitness_psiw","fitness_phin","fitness_phiw"
"317","R","log10",317,0.18485352,4.65070216,31.770762,2.16286237,0.05891206,54.1163932,6.55012560554592,5.78345185596821,5.70130148133631,4.46946281630927,6.1680889876188,8.38919237636164
