"","cue","cue_b","log","log_b","id","rho","burst","iota_N1","iota_N2","phi_N1","phi_N2","fitness_rho","fitness_beta","fitness_psin","fitness_psiw","fitness_phin","fitness_phiw"
"2166","R","I","log10","log10",2166,0.40496185,6.17508354,6.99010021,1.64636078,0.11827819,321.140156,7.08971480648681,6.69441835277204,5.71166118046655,5.99385519664253,4.7922545130771,9.8687012152057
