"","cue","cue_b","log","log_b","id","rho","burst","iota_N1","iota_N2","phi_N1","phi_N2","fitness_rho","fitness_beta","fitness_psin","fitness_psiw","fitness_phin","fitness_phiw"
"853","R","I","log10","log10",853,0.35784339,5.78508646,11.45073,0.88722017,0.02861372,282.011055,7.65645556885914,9.53843321510981,6.62777711790623,9.70672329472103,7.47198689905521,9.87346237471052
