"","cue","log","id","rho","burst","iota_N1","iota_N2","phi_N1","phi_N2","fitness_rho","fitness_beta","fitness_psin","fitness_psiw","fitness_phin","fitness_phiw"
"2675","R","log10",2675,0.35279119,4.64484404,186.036775,1.59196421,0.01782627,572.735587,7.90487453153024,5.7716651288744,1.79316189328665,5.38045370896747,7.67323521949313,8.19135628007082
