"","cue","log","id","rho","burst","iota_N1","iota_N2","phi_N1","phi_N2","fitness_rho","fitness_beta","fitness_psin","fitness_psiw","fitness_phin","fitness_phiw"
"3336","R","log10",3336,0.50017924,5.85433849,71.273157,1.81731101,0.01717717,213.676227,7.42639850065285,7.78149172918084,3.51787461966877,4.95785501712755,7.64482339711087,8.2315825638675
