"","cue","cue_b","log","log_b","id","rho","burst","iota_N1","iota_N2","phi_N1","phi_N2","fitness_rho","fitness_beta","fitness_psin","fitness_psiw","fitness_phin","fitness_phiw"
"596","R","I+Ig","log10","log10",596,0.24099032,4.14120459,111.115512,0.67015035,0.00380278,953.838453,9.713432271399,3.3366383181182,4.04647240980723,10.1408947148889,7.29984533995216,9.76436351319561
