"","cue","cue_b","log","log_b","id","rho","burst","iota_N1","iota_N2","phi_N1","phi_N2","fitness_rho","fitness_beta","fitness_psin","fitness_psiw","fitness_phin","fitness_phiw"
"3324","R","I","log10","log10",3324,0.46559639,5.9321742,30.1753889,2.4532958,0.08371568,604.680886,6.65329615554687,8.09497721473344,5.84658858016073,4.36151754576212,5.33096716537922,9.85234064237106
