"","cue","log","id","rho","burst","iota_N1","iota_N2","phi_N1","phi_N2","fitness_rho","fitness_beta","fitness_psin","fitness_psiw","fitness_phin","fitness_phiw"
"4592","R","log10",4592,0.2420265,4.03150428,93.6909049,0.94584104,0.0084338,151.31769,8.06035124304017,3.65216072431875,2.99164443889921,7.75888386403878,7.3301927443248,8.25673180329245
