"","iter","rho","burst","iota_N1","iota_N2","phi_N1","phi_N2","max_fitness_rho","max_fitness_beta","max_fitness_psin","max_fitness_psiw","max_fitness_phin","max_fitness_phiw","id"
"126",126,0.44463821,6.11212349,6.03488344,1.70943531,0.17695819,376.85196,6.78258303418929,6.95732704193578,5.56124961217633,5.81117893518009,4.24304610518979,9.86359117434353,"R_log-I_log"
