"","cue","cue_b","log","log_b","id","rho","burst","iota_N1","iota_N2","phi_N1","phi_N2","fitness_rho","fitness_beta","fitness_psin","fitness_psiw","fitness_phin","fitness_phiw"
"921","R","I+Ig","log10","log10",921,0.32113396,3.93909075,17.1671518,0.87435114,0.02810223,66.0686545,9.67446263762599,2.55175877667927,9.74640999516103,9.67239052316643,9.64665452304278,9.91363476996908
