"","cue","log","id","rho","burst","iota_N1","iota_N2","phi_N1","phi_N2","fitness_rho","fitness_beta","fitness_psin","fitness_psiw","fitness_phin","fitness_phiw"
"2247","R","log10",2247,0.49414019,3.85162224,10.3661643,0.72678243,0.08519384,519.43902,7.43866300340533,2.6056824761601,7.85666809485033,8.22844569697258,4.77235144310422,8.19388095144941
