"","cue","log","id","rho","burst","iota_N1","iota_N2","phi_N1","phi_N2","fitness_rho","fitness_beta","fitness_psin","fitness_psiw","fitness_phin","fitness_phiw"
"1975","R","log10",1975,0.37210637,5.64269511,8.47779377,0.83751334,0.08105049,473.905936,7.81895021428383,8.05046304387726,7.67811616795226,8.2102517798175,4.92835048167846,8.19647843303281
