"","cue","cue_b","log","log_b","id","rho","burst","iota_N1","iota_N2","phi_N1","phi_N2","fitness_rho","fitness_beta","fitness_psin","fitness_psiw","fitness_phin","fitness_phiw"
"415","R","I","log10","log10",415,0.32870935,5.67565884,214.394118,0.95880222,0.00134955,1978.14316,8.28195067270897,9.64691311271917,3.05192729010135,9.39836211822625,4.80531713647878,9.83916469511425
