"","cue","log","id","rho","burst","iota_N1","iota_N2","phi_N1","phi_N2","fitness_rho","fitness_beta","fitness_psin","fitness_psiw","fitness_phin","fitness_phiw"
"3567","R","log10",3567,0.29413206,3.93952535,12.2908628,0.77219206,0.05062219,571.98982,8.1593800415942,3.13344937724806,8.02405282990974,8.3249537663081,6.87539584982004,8.19139060864088
