"","cue","cue_b","log","log_b","id","rho","burst","iota_N1","iota_N2","phi_N1","phi_N2","fitness_rho","fitness_beta","fitness_psin","fitness_psiw","fitness_phin","fitness_phiw"
"1418","R","I","log10","log10",1418,0.29026235,4.0242603,20.4082723,0.76505645,0.0299814,233.103261,9.47725053737924,2.28011401909688,7.50311739697933,10.0423438083783,7.9429459043259,9.88157160844904
