"","cue","cue_b","log","log_b","id","rho","burst","iota_N1","iota_N2","phi_N1","phi_N2","fitness_rho","fitness_beta","fitness_psin","fitness_psiw","fitness_phin","fitness_phiw"
"373","R","I+Ig","log10","log10",373,0.45000656,5.57186909,6.31937035,1.06592326,0.08452653,1624.67891,9.42103722672269,9.49763136231847,8.82771363799307,8.91573795549872,6.81917031206119,9.75916413123757
