"","cue","cue_b","log","log_b","id","rho","burst","iota_N1","iota_N2","phi_N1","phi_N2","fitness_rho","fitness_beta","fitness_psin","fitness_psiw","fitness_phin","fitness_phiw"
"3134","R","I","log10","log10",3134,0.23264719,4.01117071,14.6082623,0.93940819,0.04250541,2195.5847,9.27419116046117,2.25078495238835,8.29535473566325,9.49117063928119,7.64162286516265,9.83858380144334
