"","iter","rho","burst","iota_N1","iota_N2","phi_N1","phi_N2","max_fitness_rho","max_fitness_beta","max_fitness_psin","max_fitness_psiw","max_fitness_phin","max_fitness_phiw","id"
"736",736,0.32497001,4.74916211,2.90216342,0.45494424,0.14798068,353.088415,8.03395269227365,5.97206230677171,7.27499544262613,6.86897142806513,3.53605507927792,8.2065264215122,"R_log"
