"","cue","cue_b","log","log_b","id","rho","burst","iota_N1","iota_N2","phi_N1","phi_N2","fitness_rho","fitness_beta","fitness_psin","fitness_psiw","fitness_phin","fitness_phiw"
"2920","R","I","log10","log10",2920,0.32508414,4.66080263,34.0927034,0.56380333,0.00836582,175.939898,8.38509215405747,3.88818544964168,5.58678411211618,10.0275417950565,5.27221975009491,9.89647831402251
