"","cue","log","id","rho","burst","iota_N1","iota_N2","phi_N1","phi_N2","fitness_rho","fitness_beta","fitness_psin","fitness_psiw","fitness_phin","fitness_phiw"
"3993","R","log10",3993,0.34109253,3.94262368,42.3389915,1.07269012,0.01702834,112.109604,7.95904552043654,3.15159321949725,4.72516295483408,7.1265575650997,7.63836793947304,8.28552504813521
