"","cue","cue_b","log","log_b","id","rho","burst","iota_N1","iota_N2","phi_N1","phi_N2","fitness_rho","fitness_beta","fitness_psin","fitness_psiw","fitness_phin","fitness_phiw"
"388","R","I+Ig","log10","log10",388,0.42591144,4.76844586,155.606613,0.39768826,0.00206653,260.628532,9.4564279187214,6.51636663368615,3.2859607675283,10.1260066506484,6.98898951208989,9.79691111168908
