"","cue","log","id","rho","burst","iota_N1","iota_N2","phi_N1","phi_N2","fitness_rho","fitness_beta","fitness_psin","fitness_psiw","fitness_phin","fitness_phiw"
"4873","R","log10",4873,0.26809289,5.63005302,14.3583651,1.15065299,0.03097414,926.173685,8.19993681387998,8.01907679892974,8.15411746986532,6.76255548259184,8.16726455961367,8.18189061770446
