"","iter","rho","burst","iota_N1","iota_N2","phi_N1","phi_N2","max_fitness_rho","max_fitness_beta","max_fitness_psin","max_fitness_psiw","max_fitness_phin","max_fitness_phiw","id"
"856",856,0.3407844,4.80016271,4.11457213,0.52933431,0.09867606,219.532835,7.98185100672161,4.28674163039938,5.28422775817889,9.98584165585155,5.06367088231878,9.88443611081038,"R_log-I_log"
