"","cue","log","id","rho","burst","iota_N1","iota_N2","phi_N1","phi_N2","fitness_rho","fitness_beta","fitness_psin","fitness_psiw","fitness_phin","fitness_phiw"
"3318","R","log10",3318,0.41011179,6.18181559,12.8815039,2.25359795,0.13342589,21340.6134,7.66991379773118,5.62776660892504,8.06797882839434,4.36099400021138,3.72892252707887,8.16697043345756
