"","cue","log","id","rho","burst","iota_N1","iota_N2","phi_N1","phi_N2","fitness_rho","fitness_beta","fitness_psin","fitness_psiw","fitness_phin","fitness_phiw"
"4255","R","log10",4255,0.34718811,5.4290693,16.9536477,1.17052117,0.04423906,182.410658,7.93069733293003,7.43294934350674,8.18655546682337,6.67582175299919,7.60034681194385,8.24216671238753
