"","cue","log","id","rho","burst","iota_N1","iota_N2","phi_N1","phi_N2","fitness_rho","fitness_beta","fitness_psin","fitness_psiw","fitness_phin","fitness_phiw"
"1519","R","log10",1519,0.33662983,5.38129554,204.806979,0.91525275,0.00345773,354.888469,7.97987359932013,7.29540694221922,1.64420754287431,7.90351323953331,7.23081895408486,8.20632738219171
