"","cue","cue_b","log","log_b","id","rho","burst","iota_N1","iota_N2","phi_N1","phi_N2","fitness_rho","fitness_beta","fitness_psin","fitness_psiw","fitness_phin","fitness_phiw"
"773","R","I","log10","log10",773,0.21804426,4.67990024,17.9490227,2.20087007,0.12203176,2025.66697,8.80994894655299,3.94171442481913,9.12281596273529,4.75023255946318,4.74728070025156,9.83902558183544
