"","cue","log","id","rho","burst","iota_N1","iota_N2","phi_N1","phi_N2","fitness_rho","fitness_beta","fitness_psin","fitness_psiw","fitness_phin","fitness_phiw"
"356","R","log10",356,0.37738182,3.96019777,46.2455161,0.75812205,0.02588042,113.969228,7.79655071782494,3.2537187676741,4.48087361501932,8.31626577011962,8.02008190656879,8.28375434454807
