"","cue","log","id","rho","burst","iota_N1","iota_N2","phi_N1","phi_N2","fitness_rho","fitness_beta","fitness_psin","fitness_psiw","fitness_phin","fitness_phiw"
"1168","R","log10",1168,0.33700645,4.86018615,3.20680136,0.53493072,0.10379882,1018.18875,7.97811742659121,6.17209267486112,7.288702855334,7.20959153800193,4.25037217796561,8.18049321429034
