"","cue","log","id","rho","burst","iota_N1","iota_N2","phi_N1","phi_N2","fitness_rho","fitness_beta","fitness_psin","fitness_psiw","fitness_phin","fitness_phiw"
"1396","R","log10",1396,0.43913519,5.00331982,2.58582998,0.37866871,0.11042214,595.346813,7.57580283231654,6.43101439109079,7.26192278420534,6.58467391763333,4.11165363393531,8.19042100432623
