"","cue","cue_b","log","log_b","id","rho","burst","iota_N1","iota_N2","phi_N1","phi_N2","fitness_rho","fitness_beta","fitness_psin","fitness_psiw","fitness_phin","fitness_phiw"
"174","R","I","log10","log10",174,0.40900626,6.07348925,100.332687,1.81282343,0.00927695,401.871836,7.05362203220108,7.1386205430329,3.97976891860106,5.54048367491749,5.33298064759657,9.86174499041134
