"","cue","log","id","rho","burst","iota_N1","iota_N2","phi_N1","phi_N2","fitness_rho","fitness_beta","fitness_psin","fitness_psiw","fitness_phin","fitness_phiw"
"275","R","log10",275,0.28388695,4.68599574,18.4432327,1.90397439,0.13776206,1728.45238,8.18684434636329,5.85295097748675,8.0976920158623,4.82133649735928,3.66846620705547,8.1746878653786
