"","cue","cue_b","log","log_b","id","rho","burst","iota_N1","iota_N2","phi_N1","phi_N2","fitness_rho","fitness_beta","fitness_psin","fitness_psiw","fitness_phin","fitness_phiw"
"2016","R","I","log10","log10",2016,0.40942609,6.20744119,11.7708912,1.85127826,0.06299334,1971.56579,7.04995727411198,6.56353407168186,6.72003278789591,5.44771550204613,5.8916501018695,9.83918472004428
