"","iter","rho","burst","iota_N1","iota_N2","phi_N1","phi_N2","max_fitness_rho","max_fitness_beta","max_fitness_psin","max_fitness_psiw","max_fitness_phin","max_fitness_phiw","id"
"928",928,0.33569256,4.64492263,7.33347887,0.6094485,0.03896636,31.5871784,9.6334509520971,5.86462010472282,9.05793648222016,10.1805890012883,9.58142086728561,10.0475825855574,"R_log-I+Ig_log"
