"","cue","cue_b","log","log_b","id","rho","burst","iota_N1","iota_N2","phi_N1","phi_N2","fitness_rho","fitness_beta","fitness_psin","fitness_psiw","fitness_phin","fitness_phiw"
"309","R","I+Ig","log10","log10",309,0.22386469,3.88035124,19.2835452,0.94995745,0.01738484,10656.1482,9.5995799694263,2.352288467905,9.42115086860208,9.39578768152935,9.22570898742885,9.75284763228924
