"","cue","log","id","rho","burst","iota_N1","iota_N2","phi_N1","phi_N2","fitness_rho","fitness_beta","fitness_psin","fitness_psiw","fitness_phin","fitness_phiw"
"608","R","log10",608,0.2484377,4.03183628,409.575369,0.78568221,0.00132981,6189.53097,8.12416207216182,3.65394745657956,0.787540502465036,8.3192788578337,7.20773992439271,8.16864106879322
