"","cue","cue_b","log","log_b","id","rho","burst","iota_N1","iota_N2","phi_N1","phi_N2","fitness_rho","fitness_beta","fitness_psin","fitness_psiw","fitness_phin","fitness_phiw"
"4852","R","I","log10","log10",4852,0.31147297,4.74609724,57.643816,0.45312304,0.00576169,193.773206,8.81662199057516,4.12984367375889,4.72641521639685,9.90167773761946,5.10073044333456,9.89092716380038
