"","cue","log","id","rho","burst","iota_N1","iota_N2","phi_N1","phi_N2","fitness_rho","fitness_beta","fitness_psin","fitness_psiw","fitness_phin","fitness_phiw"
"4631","R","log10",4631,0.24135519,4.4815333,28.1387076,1.99804476,0.10209284,550.862295,8.05205661301314,5.40289404870294,6.19629725537521,4.68497301806921,4.28913263513124,8.19233570167346
