"","cue","cue_b","log","log_b","id","rho","burst","iota_N1","iota_N2","phi_N1","phi_N2","fitness_rho","fitness_beta","fitness_psin","fitness_psiw","fitness_phin","fitness_phiw"
"2007","R","I","log10","log10",2007,0.47291351,3.93903491,45.3704018,0.88597985,0.02574907,226.907727,6.61227783545732,2.09199595401493,5.08791586400109,9.71128667328242,6.87607333648558,9.8828396349013
