"","cue","log","id","rho","burst","iota_N1","iota_N2","phi_N1","phi_N2","fitness_rho","fitness_beta","fitness_psin","fitness_psiw","fitness_phin","fitness_phiw"
"1617","R","log10",1617,0.33712968,3.88143365,16.4383792,0.82151345,0.04691414,2189.85475,7.97754110045267,2.7869192619988,8.19567270534596,8.25546965878379,7.26816856085436,8.17292506398716
