"","cue","log","id","rho","burst","iota_N1","iota_N2","phi_N1","phi_N2","fitness_rho","fitness_beta","fitness_psin","fitness_psiw","fitness_phin","fitness_phiw"
"22","R","log10",22,0.30662743,4.59434939,13.985168,0.49108425,0.02425707,1726.04041,8.11383141356852,5.66659229596475,8.13602226816921,7.01912133695432,7.95615806535361,8.17470013999928
