"","cue","cue_b","log","log_b","id","rho","burst","iota_N1","iota_N2","phi_N1","phi_N2","fitness_rho","fitness_beta","fitness_psin","fitness_psiw","fitness_phin","fitness_phiw"
"449","R","I+Ig","log10","log10",449,0.21513996,4.60238475,11.9012481,2.11014559,0.15052072,172.288077,9.52077255544183,5.63568332784497,9.54834128506494,5.63390690145155,5.29642228223898,9.8189364751377
