"","iter","rho","burst","iota_N1","iota_N2","phi_N1","phi_N2","max_fitness_rho","max_fitness_beta","max_fitness_psin","max_fitness_psiw","max_fitness_phin","max_fitness_phiw","id"
"281",281,0.19053332,4.85484908,515.530477,2.07309146,0.0033692,868.963629,9.26071762118059,6.94922922209342,1.3188027102343,5.71712957621178,7.22161768194957,9.7655870136564,"R_log-I+Ig_log"
