"","cue","cue_b","log","log_b","id","rho","burst","iota_N1","iota_N2","phi_N1","phi_N2","fitness_rho","fitness_beta","fitness_psin","fitness_psiw","fitness_phin","fitness_phiw"
"1629","R","I","log10","log10",1629,0.50830786,4.04799757,4.08178972,0.63460125,0.18134319,38.4989306,6.43835465263919,2.33370521395799,5.27967640784018,10.1016626106306,4.21183928013921,10.0763122028201
