"","cue","log","id","rho","burst","iota_N1","iota_N2","phi_N1","phi_N2","fitness_rho","fitness_beta","fitness_psin","fitness_psiw","fitness_phin","fitness_phiw"
"2966","R","log10",2966,0.38987768,4.11851803,22.3841831,0.70695263,0.02378025,482.724981,7.74563137435088,4.09661812113323,7.26614924644994,8.12331412631913,7.9363646153423,8.19593887429287
