"","cue","cue_b","log","log_b","id","rho","burst","iota_N1","iota_N2","phi_N1","phi_N2","fitness_rho","fitness_beta","fitness_psin","fitness_psiw","fitness_phin","fitness_phiw"
"871","R","I","log10","log10",871,0.29710355,5.58145699,9.43905103,0.96857281,0.02582423,38987.4467,9.28427244483436,8.37387605364676,6.15839052971182,9.3488634179956,6.88812794337527,9.83357742069189
