"","cue","cue_b","log","log_b","id","rho","burst","iota_N1","iota_N2","phi_N1","phi_N2","fitness_rho","fitness_beta","fitness_psin","fitness_psiw","fitness_phin","fitness_phiw"
"1471","R","I","log10","log10",1471,0.37108294,5.48777526,24.476179,0.97116323,0.02298625,1211.13535,7.46061244506344,7.2994621999284,6.45069583836247,9.3354285928983,6.49926584349966,9.84286700987046
