"","iter","rho","burst","iota_N1","iota_N2","phi_N1","phi_N2","max_fitness_rho","max_fitness_beta","max_fitness_psin","max_fitness_psiw","max_fitness_phin","max_fitness_phiw","id"
"182",182,0.24734857,4.13859013,15.1466546,0.79637284,0.02500073,105.059519,9.74029459440158,3.32548579031105,9.75986093120122,9.90770391837613,9.54888000090474,9.85849626235487,"R_log-I+Ig_log"
