"","cue","log","id","rho","burst","iota_N1","iota_N2","phi_N1","phi_N2","fitness_rho","fitness_beta","fitness_psin","fitness_psiw","fitness_phin","fitness_phiw"
"2665","R","log10",2665,0.34596525,5.47311651,2.76964031,1.22239532,0.17470674,476.064753,7.93636262610524,7.56386931790044,7.26937492359506,6.46194881575148,3.23928094465817,8.19634150984442
