"","cue","cue_b","log","log_b","id","rho","burst","iota_N1","iota_N2","phi_N1","phi_N2","fitness_rho","fitness_beta","fitness_psin","fitness_psiw","fitness_phin","fitness_phiw"
"4380","R","I","log10","log10",4380,0.52990331,6.00254594,19.3250306,2.35150658,0.09501483,1515.50916,6.3481142776797,7.57327298972791,8.06469275478945,4.50942752494206,5.12300958215369,9.84095205750346
