"","cue","log","id","rho","burst","iota_N1","iota_N2","phi_N1","phi_N2","fitness_rho","fitness_beta","fitness_psin","fitness_psiw","fitness_phin","fitness_phiw"
"3141","R","log10",3141,0.31573554,4.00054327,10.5012511,0.8114561,0.04101343,1410.64188,8.07543186111661,3.48255622500083,7.8692283173862,8.27923536960348,7.95524249190812,8.17656757676337
