"","iter","rho","burst","iota_N1","iota_N2","phi_N1","phi_N2","max_fitness_rho","max_fitness_beta","max_fitness_psin","max_fitness_psiw","max_fitness_phin","max_fitness_phiw","id"
"307",307,0.30152179,5.52032241,12.8710866,1.02411988,0.04062134,16056.2747,9.14613604307399,7.62180543064698,7.10583308627997,9.0342129692894,8.12652416224997,9.83400516913199,"R_log-I_log"
