"","cue","log","id","rho","burst","iota_N1","iota_N2","phi_N1","phi_N2","fitness_rho","fitness_beta","fitness_psin","fitness_psiw","fitness_phin","fitness_phiw"
"3573","R","log10",3573,0.30714639,3.93695048,45.0137004,0.82468535,0.01374864,593.011324,8.11173206843441,3.11834365946143,4.55302499097898,8.24718631920542,7.50365697372883,8.1905125141769
