"","cue","log","id","rho","burst","iota_N1","iota_N2","phi_N1","phi_N2","fitness_rho","fitness_beta","fitness_psin","fitness_psiw","fitness_phin","fitness_phiw"
"3645","R","log10",3645,0.37682233,3.89401543,39.0779754,0.87542448,0.02121276,829.851717,7.79889998236477,2.86285509477985,4.96873227523356,8.07505539972881,7.82463802703361,8.18368002447926
