"","cue","cue_b","log","log_b","id","rho","burst","iota_N1","iota_N2","phi_N1","phi_N2","fitness_rho","fitness_beta","fitness_psin","fitness_psiw","fitness_phin","fitness_phiw"
"3012","R","I","log10","log10",3012,0.39724125,6.32358109,28.8110677,1.80305722,0.04061825,664.589069,7.16252593341773,6.15283155484975,5.9579619791319,5.56468927190198,8.12744895037746,9.85064555791857
