"","cue","log","id","rho","burst","iota_N1","iota_N2","phi_N1","phi_N2","fitness_rho","fitness_beta","fitness_psin","fitness_psiw","fitness_phin","fitness_phiw"
"2189","R","log10",2189,0.16049532,4.63067109,18.2938499,2.22181525,0.08811467,9706.21005,5.97910780014892,5.74282163794655,8.11169578256418,4.39827262553553,4.67277296970527,8.16779060717713
