"","cue","log","id","rho","burst","iota_N1","iota_N2","phi_N1","phi_N2","fitness_rho","fitness_beta","fitness_psin","fitness_psiw","fitness_phin","fitness_phiw"
"3239","R","log10",3239,0.1665179,4.68543447,18.9910374,2.18723792,0.12110966,1751.8624,6.10582986981453,5.85186376331091,8.03422980293072,4.43969117604971,3.91847410305124,8.17457423283783
