"","cue","cue_b","log","log_b","id","rho","burst","iota_N1","iota_N2","phi_N1","phi_N2","fitness_rho","fitness_beta","fitness_psin","fitness_psiw","fitness_phin","fitness_phiw"
"660","R","I+Ig","log10","log10",660,0.34214222,6.29368681,16.6052958,1.69694774,0.0431463,4198.50846,9.61590750760013,8.94326506034285,9.77655283762824,6.6569809583553,9.18103776064519,9.75460177045672
