"","cue","log","id","rho","burst","iota_N1","iota_N2","phi_N1","phi_N2","fitness_rho","fitness_beta","fitness_psin","fitness_psiw","fitness_phin","fitness_phiw"
"3389","R","log10",3389,0.1992049,4.78096058,45.0909476,1.91249577,0.04570811,368.300208,6.94644449969245,6.03016447560721,4.54837875896642,4.80851154928337,7.41362805018155,8.20490955393129
