"","cue","cue_b","log","log_b","id","rho","burst","iota_N1","iota_N2","phi_N1","phi_N2","fitness_rho","fitness_beta","fitness_psin","fitness_psiw","fitness_phin","fitness_phiw"
"2656","R","I","log10","log10",2656,0.33635713,4.7521691,20.788889,0.43741406,0.00710655,884.352259,8.08426199311805,4.14731288524937,7.3464124597655,9.88609404713471,5.18907261274147,9.8463709251268
