"","cue","log","id","rho","burst","iota_N1","iota_N2","phi_N1","phi_N2","fitness_rho","fitness_beta","fitness_psin","fitness_psiw","fitness_phin","fitness_phiw"
"931","R","log10",931,0.25368047,5.56240997,7.76625776,1.33733663,0.08759882,119.468827,8.15906496021185,7.83155250401379,7.61250608501062,6.05092690309408,4.68977999420755,8.27881227754479
