"","cue","log","id","rho","burst","iota_N1","iota_N2","phi_N1","phi_N2","fitness_rho","fitness_beta","fitness_psin","fitness_psiw","fitness_phin","fitness_phiw"
"3869","R","log10",3869,0.21325664,4.47556574,16.0818868,2.19327801,0.17792095,762.349123,7.36933903450601,5.38757518543065,8.19684516141001,4.43238951050766,3.20738093152045,8.18520111115123
