"","cue","cue_b","log","log_b","id","rho","burst","iota_N1","iota_N2","phi_N1","phi_N2","fitness_rho","fitness_beta","fitness_psin","fitness_psiw","fitness_phin","fitness_phiw"
"4259","R","I","log10","log10",4259,0.24743675,4.63404993,6.54227865,1.60959567,0.39436077,1320.04073,9.68822919741605,3.81373853140882,5.63974507181102,6.10740012743185,3.30345527397491,9.84207899397458
