"","cue","log","id","rho","burst","iota_N1","iota_N2","phi_N1","phi_N2","fitness_rho","fitness_beta","fitness_psin","fitness_psiw","fitness_phin","fitness_phiw"
"1313","R","log10",1313,0.24029357,4.69782417,25.3548535,1.63520775,0.10255804,860.362594,8.03825028235772,5.87571949020982,6.65477399183602,5.28997392825947,4.27843003977905,8.18306944986956
