"","iter","rho","burst","iota_N1","iota_N2","phi_N1","phi_N2","max_fitness_rho","max_fitness_beta","max_fitness_psin","max_fitness_psiw","max_fitness_phin","max_fitness_phiw","id"
"442",442,0.43059834,4.78526019,3.48005114,0.4033525,0.08770982,2354.8133,6.88055974373857,4.24318199041081,5.196683606689,9.85411907706645,5.25251242561342,9.83822897169675,"R_log-I_log"
