"","cue","cue_b","log","log_b","id","rho","burst","iota_N1","iota_N2","phi_N1","phi_N2","fitness_rho","fitness_beta","fitness_psin","fitness_psiw","fitness_phin","fitness_phiw"
"296","R","I","log10","log10",296,0.21718107,4.03634932,60.863204,0.9332074,0.00884852,94.8553955,8.78368900246867,2.30734332177852,4.6483485467819,9.51933149129098,5.30432887875112,9.94561195250424
