"","cue","log","id","rho","burst","iota_N1","iota_N2","phi_N1","phi_N2","fitness_rho","fitness_beta","fitness_psin","fitness_psiw","fitness_phin","fitness_phiw"
"631","R","log10",631,0.28281977,5.60338277,124.031757,1.05424055,0.003434,91.8461244,8.1890078370618,7.9483606196462,2.47912430683082,7.21728809003564,7.23049845675273,8.3088930466446
