"","iter","rho","burst","iota_N1","iota_N2","phi_N1","phi_N2","max_fitness_rho","max_fitness_beta","max_fitness_psin","max_fitness_psiw","max_fitness_phin","max_fitness_phiw","id"
"877",877,0.39073112,5.37957107,35.206059,1.17980794,0.02644171,1357.74541,7.22847984794681,6.49217506280321,5.52452004638983,8.02979644403603,6.99226134055616,9.84183857349707,"R_log-I_log"
