"","cue","log","id","rho","burst","iota_N1","iota_N2","phi_N1","phi_N2","fitness_rho","fitness_beta","fitness_psin","fitness_psiw","fitness_phin","fitness_phiw"
"3120","R","log10",3120,0.39863356,6.18600666,15.5350903,1.89886364,0.07403897,132.835893,7.71182777606638,5.61095570908883,8.19139158433613,4.82907545636243,5.23807420020629,8.26836117653895
