"","cue","log","id","rho","burst","iota_N1","iota_N2","phi_N1","phi_N2","fitness_rho","fitness_beta","fitness_psin","fitness_psiw","fitness_phin","fitness_phiw"
"1976","R","log10",1976,0.43086041,3.86945732,4.37777151,0.61352182,0.25142706,733.1217,7.60094961010293,2.71430136689838,7.35144801420511,7.58913399095603,2.63148380150066,8.18594505851505
