"","iter","rho","burst","iota_N1","iota_N2","phi_N1","phi_N2","max_fitness_rho","max_fitness_beta","max_fitness_psin","max_fitness_psiw","max_fitness_phin","max_fitness_phiw","id"
"185",185,0.29213977,4.72557946,16.6295108,1.61913113,0.13871139,518.164907,8.16556189304433,5.92825877324991,8.19336529768717,5.32300031374978,3.6555967488621,8.19394749287391,"R_log"
