"","cue","log","id","rho","burst","iota_N1","iota_N2","phi_N1","phi_N2","fitness_rho","fitness_beta","fitness_psin","fitness_psiw","fitness_phin","fitness_phiw"
"2460","R","log10",2460,0.3551781,6.14433242,3.26739586,1.78071725,0.20686956,470.113554,7.89397493154868,5.79176922240546,7.29155745775845,5.01918518562493,2.94902324391303,8.19671802952149
