"","cue","cue_b","log","log_b","id","rho","burst","iota_N1","iota_N2","phi_N1","phi_N2","fitness_rho","fitness_beta","fitness_psin","fitness_psiw","fitness_phin","fitness_phiw"
"3688","R","I","log10","log10",3688,0.32962435,4.65766009,8.56242946,0.53169025,0.06116676,211.01167,8.25687822834756,3.87940602602376,5.98730086717668,9.98866515421707,5.96249797335139,9.8864156292241
