"","cue","cue_b","log","log_b","id","rho","burst","iota_N1","iota_N2","phi_N1","phi_N2","fitness_rho","fitness_beta","fitness_psin","fitness_psiw","fitness_phin","fitness_phiw"
"4198","R","I","log10","log10",4198,0.38215073,4.71741629,3.19015815,0.45138388,0.13558662,205.163206,7.32295735677822,4.04783206745414,5.15695923927828,9.89990967534641,4.5988443698305,9.88786412662585
