"","cue","log","id","rho","burst","iota_N1","iota_N2","phi_N1","phi_N2","fitness_rho","fitness_beta","fitness_psin","fitness_psiw","fitness_phin","fitness_phiw"
"1864","R","log10",1864,0.31812065,4.73089154,9.04840669,0.35665148,0.03334713,3252.66115,8.06490977013035,5.93818443817684,7.73195982895083,6.51544813454316,8.19535857620207,8.17076190934488
