"","cue","log","id","rho","burst","iota_N1","iota_N2","phi_N1","phi_N2","fitness_rho","fitness_beta","fitness_psin","fitness_psiw","fitness_phin","fitness_phiw"
"1086","R","log10",1086,0.45740859,6.16637298,12.8003875,2.24139333,0.06585939,174.66321,7.52472284216678,5.69236635066064,8.06222437890531,4.37522007587822,5.69244600662851,8.24534085083309
