"","cue","log","id","rho","burst","iota_N1","iota_N2","phi_N1","phi_N2","fitness_rho","fitness_beta","fitness_psin","fitness_psiw","fitness_phin","fitness_phiw"
"3304","R","log10",3304,0.36919549,4.81100463,41.8220282,0.4409576,0.0073354,311.292791,7.83152098982917,6.08431467566844,4.76114382224667,6.81270774013647,7.30278442391043,8.2117605793736
