"","cue","log","id","rho","burst","iota_N1","iota_N2","phi_N1","phi_N2","fitness_rho","fitness_beta","fitness_psin","fitness_psiw","fitness_phin","fitness_phiw"
"81","R","log10",81,0.46346928,3.87699145,10.166611,0.80320266,0.08695385,71.973707,7.50906398069051,2.76002013984163,7.83799074155505,8.29561442486051,4.71138192740788,8.342557672923
