"","cue","cue_b","log","log_b","id","rho","burst","iota_N1","iota_N2","phi_N1","phi_N2","fitness_rho","fitness_beta","fitness_psin","fitness_psiw","fitness_phin","fitness_phiw"
"786","R","I","log10","log10",786,0.35623384,6.03772047,10.120463,1.97056551,0.07337896,2163.63191,7.68316920832571,7.33980116163151,6.30211338413853,5.18300029051044,5.56930509035357,9.83866294228583
