"","cue","log","id","rho","burst","iota_N1","iota_N2","phi_N1","phi_N2","fitness_rho","fitness_beta","fitness_psin","fitness_psiw","fitness_phin","fitness_phiw"
"2343","R","log10",2343,0.27359345,3.95013698,28.5904502,0.84092387,0.01932075,1512.34981,8.20054420893017,3.19542101795308,6.12955952800275,8.19957720910899,7.73976269629649,8.17587921211758
