"","cue","log","id","rho","burst","iota_N1","iota_N2","phi_N1","phi_N2","fitness_rho","fitness_beta","fitness_psin","fitness_psiw","fitness_phin","fitness_phiw"
"2374","R","log10",2374,0.29645946,4.68199146,22.2219378,0.53092288,0.01282013,2161.68788,8.15173090599954,5.84518671423654,7.30511157193693,7.19164994296295,7.46885435188225,8.17301306317301
