"","cue","log","id","rho","burst","iota_N1","iota_N2","phi_N1","phi_N2","fitness_rho","fitness_beta","fitness_psin","fitness_psiw","fitness_phin","fitness_phiw"
"1866","R","log10",1866,0.43297632,6.12958524,9.44433927,1.76844516,0.07704348,561.343424,7.59439578957276,5.86286390315848,7.76959255669571,5.04030156341056,5.09762056104532,8.19185609845603
