"","cue","log","id","rho","burst","iota_N1","iota_N2","phi_N1","phi_N2","fitness_rho","fitness_beta","fitness_psin","fitness_psiw","fitness_phin","fitness_phiw"
"4039","R","log10",4039,0.20497256,5.45464519,5.06831521,1.02582485,0.05340606,621.405423,7.11504431744751,7.50860552022806,7.39570910361472,7.35922381727867,6.6149975996585,8.18942401260425
