"","cue","log","id","rho","burst","iota_N1","iota_N2","phi_N1","phi_N2","fitness_rho","fitness_beta","fitness_psin","fitness_psiw","fitness_phin","fitness_phiw"
"77","R","log10",77,0.32670901,4.4352183,65.3223747,2.35508192,0.06921245,821.899804,8.0259674739527,5.27972248918426,3.69349187497841,4.24663424889998,5.49235573761906,8.18384642157168
