"","cue","log","id","rho","burst","iota_N1","iota_N2","phi_N1","phi_N2","fitness_rho","fitness_beta","fitness_psin","fitness_psiw","fitness_phin","fitness_phiw"
"2316","R","log10",2316,0.35826013,6.04620719,8.8661511,2.23785579,0.1089498,17688.3459,7.88000091874855,6.3315222389598,7.71468594560565,4.37936492473102,4.141025246253,8.16711361257551
