"","cue","cue_b","log","log_b","id","rho","burst","iota_N1","iota_N2","phi_N1","phi_N2","fitness_rho","fitness_beta","fitness_psin","fitness_psiw","fitness_phin","fitness_phiw"
"3384","R","I","log10","log10",3384,0.35510939,6.15022143,12.9118554,2.14024112,0.09099934,34.369276,7.70227249703912,6.79639002772185,7.1230625319486,4.85572124724844,5.19218052472806,10.0987044263668
