"","cue","cue_b","log","log_b","id","rho","burst","iota_N1","iota_N2","phi_N1","phi_N2","fitness_rho","fitness_beta","fitness_psin","fitness_psiw","fitness_phin","fitness_phiw"
"1001","R","I","log10","log10",1001,0.22860381,4.64317096,34.5798628,1.98662629,0.04356296,428.871997,9.14388668145771,3.83905116170516,5.55903166609458,5.14973162623825,7.42275479637775,9.859990398084
