"","cue","log","id","rho","burst","iota_N1","iota_N2","phi_N1","phi_N2","fitness_rho","fitness_beta","fitness_psin","fitness_psiw","fitness_phin","fitness_phiw"
"184","R","log10",184,0.36789397,4.80657605,16.9411567,0.59433205,0.01505698,48.6682881,7.83719072103059,6.07636703370029,8.18688779461099,7.49243960293902,7.55541545006353,8.40837602007963
