"","cue","log","id","rho","burst","iota_N1","iota_N2","phi_N1","phi_N2","fitness_rho","fitness_beta","fitness_psin","fitness_psiw","fitness_phin","fitness_phiw"
"4361","R","log10",4361,0.13273658,4.66747025,43.5756861,2.15154023,0.04604519,191.643438,5.53376474228181,5.816781765604,4.64276357615704,4.48345696867184,7.37198642063764,8.23870232674814
