"","cue","log","id","rho","burst","iota_N1","iota_N2","phi_N1","phi_N2","fitness_rho","fitness_beta","fitness_psin","fitness_psiw","fitness_phin","fitness_phiw"
"4375","R","log10",4375,0.25175377,5.37992813,69.8959984,1.06736503,0.00488087,2903.33016,8.14779501199581,7.29155768246713,3.55672406428082,7.15260314205,7.25272340166666,8.17130035125917
