"","cue","log","id","rho","burst","iota_N1","iota_N2","phi_N1","phi_N2","fitness_rho","fitness_beta","fitness_psin","fitness_psiw","fitness_phin","fitness_phiw"
"815","R","log10",815,0.21351573,4.6100726,70.2094311,2.15630114,0.03448364,470.26116,7.37751619869971,5.70002164172083,3.54779744053588,4.47755929548315,8.19648954041577,8.19670770722958
