"","cue","log","id","rho","burst","iota_N1","iota_N2","phi_N1","phi_N2","fitness_rho","fitness_beta","fitness_psin","fitness_psiw","fitness_phin","fitness_phiw"
"1894","R","log10",1894,0.33496821,4.73226089,5.17382624,0.45972216,0.05297761,1139.27751,7.98763022132025,5.94073817682395,7.40292704335146,6.88847973613565,6.65347265151545,8.17899811212009
