"","iter","rho","burst","iota_N1","iota_N2","phi_N1","phi_N2","max_fitness_rho","max_fitness_beta","max_fitness_psin","max_fitness_psiw","max_fitness_phin","max_fitness_phiw","id"
"706",706,0.32085253,4.85193718,6.44398979,0.55325743,0.04652598,3555.64259,8.14981132482757,6.19744529499599,7.6008275485917,7.70253093210311,7.62611135903382,8.22402100446724,"R_none"
