"","cue","log","id","rho","burst","iota_N1","iota_N2","phi_N1","phi_N2","fitness_rho","fitness_beta","fitness_psin","fitness_psiw","fitness_phin","fitness_phiw"
"387","R","none",387,0.3855383,4.00961872,222.369533,0.67041618,0.00315758,1034.31467,7.89889993936081,3.62562407231621,1.56350150953114,8.23076191695995,7.26308315207876,8.23412408357075
