"","cue","cue_b","log","log_b","id","rho","burst","iota_N1","iota_N2","phi_N1","phi_N2","fitness_rho","fitness_beta","fitness_psin","fitness_psiw","fitness_phin","fitness_phiw"
"468","R","I+Ig","none","log10",468,0.44039949,6.03239207,16.1234942,1.92789019,0.06027486,259.471497,5.519736904706,6.59949448220612,9.38963098336809,5.09693681600863,4.60541571005943,9.80746209792309
