"","iter","rho","burst","iota_N1","iota_N2","phi_N1","phi_N2","max_fitness_rho","max_fitness_beta","max_fitness_psin","max_fitness_psiw","max_fitness_phin","max_fitness_phiw","id"
"445",445,0.28309269,5.40450326,5.13579477,1.14561217,0.14385062,9044.85911,8.25011768911547,7.48211338938917,7.48962488500125,6.88404133260278,3.7873239305862,8.22148922130408,"R_none"
