"","cue","cue_b","log","log_b","id","rho","burst","iota_N1","iota_N2","phi_N1","phi_N2","fitness_rho","fitness_beta","fitness_psin","fitness_psiw","fitness_phin","fitness_phiw"
"1146","R","I","none","log10",1146,0.32172114,6.21278281,57.71826,2.1967659,0.01931009,2264.68967,8.02628590032688,7.82900467960389,4.15615594721679,5.22706067621275,9.41951329990269,9.76476694824345
