"","cue","log","id","rho","burst","iota_N1","iota_N2","phi_N1","phi_N2","fitness_rho","fitness_beta","fitness_psin","fitness_psiw","fitness_phin","fitness_phiw"
"4596","R","none",4596,0.52936622,6.16427671,77.5879422,1.67689865,0.01242812,106.950225,7.5043192912503,6.18261732112366,3.56294779015137,5.25044319883758,7.55283083197451,8.34814632967586
