"","iter","rho","burst","iota_N1","iota_N2","phi_N1","phi_N2","max_fitness_rho","max_fitness_beta","max_fitness_psin","max_fitness_psiw","max_fitness_phin","max_fitness_phiw","id"
"980",980,0.27777835,3.98431382,26.1473305,0.64852506,0.03458475,914.996823,9.22496840808823,5.08688631828579,6.8190838061879,7.71020350368818,9.72794496459278,9.77388760630726,"R_none-I_log"
