"","cue","log","id","rho","burst","iota_N1","iota_N2","phi_N1","phi_N2","fitness_rho","fitness_beta","fitness_psin","fitness_psiw","fitness_phin","fitness_phiw"
"2494","R","none",2494,0.34798108,4.94832595,2.87982801,0.61226412,0.04309637,12.7116718,8.04563168359803,6.38876797603156,7.33205295758695,7.94758393636594,7.94408358600465,8.68313333390974
