"","iter","rho","burst","iota_N1","iota_N2","phi_N1","phi_N2","max_fitness_rho","max_fitness_beta","max_fitness_psin","max_fitness_psiw","max_fitness_phin","max_fitness_phiw","id"
"390",390,0.37761212,6.23256734,199.007978,1.78226294,0.0042871,626.271978,6.08848400083176,5.80120679017874,1.324941625778,5.40826938021366,3.72501063070959,9.7783468632931,"R_none-I+Ig_log"
