"","cue","log","id","rho","burst","iota_N1","iota_N2","phi_N1","phi_N2","fitness_rho","fitness_beta","fitness_psin","fitness_psiw","fitness_phin","fitness_phiw"
"301","R","none",301,0.30865057,5.53487306,53.9161143,1.10353505,0.0121277,62.8549542,8.19108035563788,7.84985825262247,4.45146078478258,7.07543582978748,7.54076186929927,8.42545396760826
