"","cue","cue_b","log","log_b","id","rho","burst","iota_N1","iota_N2","phi_N1","phi_N2","fitness_rho","fitness_beta","fitness_psin","fitness_psiw","fitness_phin","fitness_phiw"
"360","R","I+Ig","none","log10",360,0.28602471,6.03630296,48.0079824,2.03589376,0.02138833,59.1555275,9.14980402559283,6.58034703798594,3.01604630156967,4.8907034388768,5.19136215031729,9.90359050856385
