"","cue","cue_b","log","log_b","id","rho","burst","iota_N1","iota_N2","phi_N1","phi_N2","fitness_rho","fitness_beta","fitness_psin","fitness_psiw","fitness_phin","fitness_phiw"
"1139","R","I","none","log10",1139,0.29230266,4.72418664,150.533346,2.26493778,0.02247519,15265.1069,8.26113774369736,7.61555355943666,2.64891415751231,5.08900985677264,9.19369565518744,9.75933917307174
