"","iter","rho","burst","iota_N1","iota_N2","phi_N1","phi_N2","max_fitness_rho","max_fitness_beta","max_fitness_psin","max_fitness_psiw","max_fitness_phin","max_fitness_phiw","id"
"310",310,0.36382179,4.91949676,21.1689269,0.48157543,0.0115463,3719.78019,8.19827553149923,8.15525389905673,8.01328453431231,8.09879807700949,9.11794950106707,9.76228980490226,"R_none-I_log"
