"","cue","log","id","rho","burst","iota_N1","iota_N2","phi_N1","phi_N2","fitness_rho","fitness_beta","fitness_psin","fitness_psiw","fitness_phin","fitness_phiw"
"2627","R","none",2627,0.14897925,4.5838798,71.5570462,3.04629969,0.04376565,19.0564392,6.20149383479568,5.64851589199874,3.74807063830396,3.58969280461527,7.89008635173899,8.68029181669643
