"","cue","cue_b","log","log_b","id","rho","burst","iota_N1","iota_N2","phi_N1","phi_N2","fitness_rho","fitness_beta","fitness_psin","fitness_psiw","fitness_phin","fitness_phiw"
"987","R","I","none","log10",987,0.27964796,3.87881784,10.0480995,0.67086985,0.08549646,740.027023,9.02760870696071,4.66905780572324,9.34885986620583,7.79879183298839,5.07820270225173,9.77740759505647
