"","iter","rho","burst","iota_N1","iota_N2","phi_N1","phi_N2","max_fitness_rho","max_fitness_beta","max_fitness_psin","max_fitness_psiw","max_fitness_phin","max_fitness_phiw","id"
"469",469,0.23997653,5.56461807,9.26231264,1.24464208,0.02952114,289.550197,8.13276570135251,7.93012246506739,7.86249447784859,6.4713794080075,8.20574349902314,8.26977135524058,"R_none"
