"","cue","log","id","rho","burst","iota_N1","iota_N2","phi_N1","phi_N2","fitness_rho","fitness_beta","fitness_psin","fitness_psiw","fitness_phin","fitness_phiw"
"2817","R","none",2817,0.29930644,3.95818741,5.03889709,0.96975884,0.05647938,48.2379927,8.21807308023224,3.34863385169302,7.4818843715168,7.71519775850849,6.73078215404948,8.47586583870062
