"","cue","log","id","rho","burst","iota_N1","iota_N2","phi_N1","phi_N2","fitness_rho","fitness_beta","fitness_psin","fitness_psiw","fitness_phin","fitness_phiw"
"4128","R","none",4128,0.27717778,6.07588567,28.7368517,2.03589213,0.02253649,686.334945,8.25528117651889,6.61888150699482,6.48963619425149,4.64653688543229,7.98744009382056,8.24127653313164
