"","cue","log","id","rho","burst","iota_N1","iota_N2","phi_N1","phi_N2","fitness_rho","fitness_beta","fitness_psin","fitness_psiw","fitness_phin","fitness_phiw"
"4263","R","none",4263,0.42700988,4.04283504,8.69038607,0.79978445,0.06080711,404.739987,7.75512969601008,3.79622840119717,7.80916327681205,8.36856148337112,6.42910914469762,8.25586787925477
