"","cue","cue_b","log","log_b","id","rho","burst","iota_N1","iota_N2","phi_N1","phi_N2","fitness_rho","fitness_beta","fitness_psin","fitness_psiw","fitness_phin","fitness_phiw"
"423","R","I","none","log10",423,0.34113983,3.90209061,76.1207519,0.69343984,0.00510369,8145.58996,8.06601586622694,4.76209182013053,3.64316721050103,7.91178519636892,8.68921409072479,9.76017406965058
