"","iter","rho","burst","iota_N1","iota_N2","phi_N1","phi_N2","max_fitness_rho","max_fitness_beta","max_fitness_psin","max_fitness_psiw","max_fitness_phin","max_fitness_phiw","id"
"510",510,0.39569863,6.07362766,16.4200044,1.87698142,0.0475097,3350.51208,5.89783322896445,6.40625562980678,9.70183749260249,5.20107552497901,6.00828855693761,9.75985750523045,"R_none-I+Ig_log"
