"","iter","rho","burst","iota_N1","iota_N2","phi_N1","phi_N2","max_fitness_rho","max_fitness_beta","max_fitness_psin","max_fitness_psiw","max_fitness_phin","max_fitness_phiw","id"
"543",543,0.40661641,4.09260828,38.0446256,0.79151266,0.0123163,257.941787,5.79468671881914,1.55377250907961,3.56292321148761,9.78936856240015,4.3181906488329,9.80773582352387,"R_none-I+Ig_log"
