"","iter","rho","burst","iota_N1","iota_N2","phi_N1","phi_N2","max_fitness_rho","max_fitness_beta","max_fitness_psin","max_fitness_psiw","max_fitness_phin","max_fitness_phiw","id"
"988",988,0.33004738,4.76259382,3.56853361,0.53833368,0.09446476,44.434274,8.11575579729279,6.02148202989694,7.37480516104987,7.64442542396375,4.88438992393221,8.49309188902467,"R_none"
