"","iter","rho","burst","iota_N1","iota_N2","phi_N1","phi_N2","max_fitness_rho","max_fitness_beta","max_fitness_psin","max_fitness_psiw","max_fitness_phin","max_fitness_phiw","id"
"569",569,0.24219488,4.50290322,13.0789121,2.3971424,0.22712585,2154.84764,9.34321003555048,6.94164434068639,8.37222808153199,4.8378219668009,3.23578444540895,9.76509033253083,"R_none-I_log"
