"","cue","cue_b","log","log_b","id","rho","burst","iota_N1","iota_N2","phi_N1","phi_N2","fitness_rho","fitness_beta","fitness_psin","fitness_psiw","fitness_phin","fitness_phiw"
"287","R","I+Ig","none","log10",287,0.23953427,4.48326115,5.99734462,2.13695181,0.56095834,9241.47131,9.28340287968701,2.37288111144237,4.33391757104157,4.71374318764575,1.34512866947457,9.75704278439229
