"","cue","log","id","rho","burst","iota_N1","iota_N2","phi_N1","phi_N2","fitness_rho","fitness_beta","fitness_psin","fitness_psiw","fitness_phin","fitness_phiw"
"2543","R","none",2543,0.19230396,4.39168831,38.0361181,2.06802862,0.06759109,2023.2714,7.15319967888878,5.16098939307318,5.48965941482903,4.60184019036567,6.02371056165196,8.22717766621748
