"","iter","rho","burst","iota_N1","iota_N2","phi_N1","phi_N2","max_fitness_rho","max_fitness_beta","max_fitness_psin","max_fitness_psiw","max_fitness_phin","max_fitness_phiw","id"
"105",105,0.31860833,3.8959339,19.6155548,0.89958797,0.02686993,954.247102,8.15779670692122,2.99542384345197,8.06762640397166,8.03193199358387,8.13998395093303,8.23531387829636,"R_none"
