"","cue","log","id","rho","burst","iota_N1","iota_N2","phi_N1","phi_N2","fitness_rho","fitness_beta","fitness_psin","fitness_psiw","fitness_phin","fitness_phiw"
"1197","R","none",1197,0.30367164,3.67493524,30.5124514,0.68235705,0.03054205,320.969741,8.20606978724245,1.68603232039188,6.26298229199229,8.28636345658125,8.22401200800448,8.26501856383623
