"","cue","cue_b","log","log_b","id","rho","burst","iota_N1","iota_N2","phi_N1","phi_N2","fitness_rho","fitness_beta","fitness_psin","fitness_psiw","fitness_phin","fitness_phiw"
"55","R","I","none","log10",55,0.30850241,5.59301462,8.45932371,1.1968327,0.11060957,185.836276,8.06199962629356,9.59888604493792,9.40595549368052,8.16822621600059,4.40401868904776,9.82455247053113
