"","cue","log","id","rho","burst","iota_N1","iota_N2","phi_N1","phi_N2","fitness_rho","fitness_beta","fitness_psin","fitness_psiw","fitness_phin","fitness_phiw"
"4126","R","none",4126,0.37157241,4.75914018,6.9243062,0.48882383,0.02694715,2651.01645,7.9523264805897,6.01462274185838,7.64420087945825,7.46381510148881,8.14224053748915,8.22544467117897
