"","cue","log","id","rho","burst","iota_N1","iota_N2","phi_N1","phi_N2","fitness_rho","fitness_beta","fitness_psin","fitness_psiw","fitness_phin","fitness_phiw"
"1220","R","none",1220,0.27031968,4.08345733,22.2023771,0.84428592,0.03526931,2935.78561,8.25541367762644,3.99533920294346,7.61989021745001,8.24277191290739,8.2459752096241,8.22490427691454
