"","iter","rho","burst","iota_N1","iota_N2","phi_N1","phi_N2","max_fitness_rho","max_fitness_beta","max_fitness_psin","max_fitness_psiw","max_fitness_phin","max_fitness_phiw","id"
"205",205,0.44416643,5.72585124,209.51016,1.12315308,0.0035542,42.4625663,5.4925682570583,9.78338508126406,1.28863762296179,7.7612373024992,3.67556485324201,9.90765381436732,"R_none-I+Ig_log"
