"","cue","log","id","rho","burst","iota_N1","iota_N2","phi_N1","phi_N2","fitness_rho","fitness_beta","fitness_psin","fitness_psiw","fitness_phin","fitness_phiw"
"4262","R","none",4262,0.33343153,4.05589817,8.72833667,0.69686157,0.07725986,780.648203,8.10279773414704,3.86142340522996,7.8127224601186,8.34429811662627,5.5390422949792,8.23871447090262
