"","cue","log","id","rho","burst","iota_N1","iota_N2","phi_N1","phi_N2","fitness_rho","fitness_beta","fitness_psin","fitness_psiw","fitness_phin","fitness_phiw"
"2941","R","none",2941,0.32822437,5.49327685,32.8842948,1.00846379,0.01149898,4319.56392,8.12265323496205,7.73384861005674,5.99091919408521,7.52962823686994,7.51596375151423,8.22328579018554
