"","cue","log","id","rho","burst","iota_N1","iota_N2","phi_N1","phi_N2","fitness_rho","fitness_beta","fitness_psin","fitness_psiw","fitness_phin","fitness_phiw"
"4706","R","none",4706,0.2163533,3.89933312,32.6798965,0.83763107,0.02174756,51.4112137,7.76691193052978,3.01514058753774,6.01325011021688,8.2645807079871,7.95531840734155,8.46300449626854
