"","iter","rho","burst","iota_N1","iota_N2","phi_N1","phi_N2","max_fitness_rho","max_fitness_beta","max_fitness_psin","max_fitness_psiw","max_fitness_phin","max_fitness_phiw","id"
"324",324,0.41018358,6.08179211,61.6369552,1.71761386,0.01974999,1717.07929,8.69936616586734,7.7779709822916,4.01976819477464,6.39636456175756,9.41321243305994,9.76677220485297,"R_none-I_log"
