"","cue","log","id","rho","burst","iota_N1","iota_N2","phi_N1","phi_N2","fitness_rho","fitness_beta","fitness_psin","fitness_psiw","fitness_phin","fitness_phiw"
"1848","R","none",1848,0.39102905,6.08848422,28.7316851,1.8101126,0.03871216,877.871115,7.87849990945966,6.55238083636439,6.49033555166946,4.99960229644681,8.17915866465102,8.23664583980278
