"","cue","log","id","rho","burst","iota_N1","iota_N2","phi_N1","phi_N2","fitness_rho","fitness_beta","fitness_psin","fitness_psiw","fitness_phin","fitness_phiw"
"4747","R","none",4747,0.24815403,5.56841244,900.298903,1.27643598,0.00071616,1655.58791,8.1926466233057,7.94012659080006,0.28746690900251,6.35107608048561,7.22038710175678,8.22879401112639
