"","cue","cue_b","log","log_b","id","rho","burst","iota_N1","iota_N2","phi_N1","phi_N2","fitness_rho","fitness_beta","fitness_psin","fitness_psiw","fitness_phin","fitness_phiw"
"306","R","I+Ig","none","log10",306,0.433109,6.05444724,27.5737317,1.97375722,0.04289905,138.830515,5.57411202899691,6.49376209451058,4.71410321509131,5.00702728157759,6.94524431123637,9.84368308632977
