"","cue","log","id","rho","burst","iota_N1","iota_N2","phi_N1","phi_N2","fitness_rho","fitness_beta","fitness_psin","fitness_psiw","fitness_phin","fitness_phiw"
"4600","R","none",4600,0.34293394,4.72829481,15.1345374,0.43694036,0.02809084,622.034425,8.06564357783507,5.95299674785414,8.24145144542004,7.29362785377843,8.17335017160252,8.24346044273846
