"","cue","log","id","rho","burst","iota_N1","iota_N2","phi_N1","phi_N2","fitness_rho","fitness_beta","fitness_psin","fitness_psiw","fitness_phin","fitness_phiw"
"2550","R","none",2550,0.34878855,6.17492213,16.5188376,1.58704535,0.02962102,233.386578,8.04242469129693,6.13507114385203,8.24872008220334,5.44446703974999,8.20771544825645,8.28134007548163
