"","cue","log","id","rho","burst","iota_N1","iota_N2","phi_N1","phi_N2","fitness_rho","fitness_beta","fitness_psin","fitness_psiw","fitness_phin","fitness_phiw"
"2978","R","none",2978,0.41347039,4.13396456,32.5847938,0.58407865,0.01990695,8567.40605,7.79933681791058,4.22768671794452,6.02370120407581,7.82686340472516,7.87710216582757,8.22158183985092
