"","cue","cue_b","log","log_b","id","rho","burst","iota_N1","iota_N2","phi_N1","phi_N2","fitness_rho","fitness_beta","fitness_psin","fitness_psiw","fitness_phin","fitness_phiw"
"257","R","I","none","log10",257,0.26579843,4.62178472,83.0450055,1.95289595,0.03879912,178.835034,9.76464554512334,7.31246324538493,3.51159425890304,5.77479286875506,9.03105914838936,9.82659589144581
