"","cue","cue_b","log","log_b","id","rho","burst","iota_N1","iota_N2","phi_N1","phi_N2","fitness_rho","fitness_beta","fitness_psin","fitness_psiw","fitness_phin","fitness_phiw"
"984","R","I+Ig","none","log10",984,0.41176734,6.29897808,15.8941216,2.2039221,0.05882105,1078.85518,5.74868742480079,5.62692871150046,8.96975417761611,4.60400587022451,4.71614886721256,9.76896395808836
