"","iter","rho","burst","iota_N1","iota_N2","phi_N1","phi_N2","max_fitness_rho","max_fitness_beta","max_fitness_psin","max_fitness_psiw","max_fitness_phin","max_fitness_phiw","id"
"240",240,0.42734521,5.82154735,59.2357429,2.39533021,0.03146133,557.236889,8.94493115613119,9.70050988352956,4.1017317412732,4.8411266250743,8.30123083516931,9.78330858061418,"R_none-I_log"
