"","cue","log","id","rho","burst","iota_N1","iota_N2","phi_N1","phi_N2","fitness_rho","fitness_beta","fitness_psin","fitness_psiw","fitness_phin","fitness_phiw"
"2567","R","none",2567,0.23603239,4.46042688,39.3031863,1.82615015,0.05681164,840.607051,8.09367152406472,5.35046535551867,5.38308487853719,4.97186126967063,6.70611402697548,8.23738313274677
