"","iter","rho","burst","iota_N1","iota_N2","phi_N1","phi_N2","max_fitness_rho","max_fitness_beta","max_fitness_psin","max_fitness_psiw","max_fitness_phin","max_fitness_phiw","id"
"330",330,0.37689617,6.19710231,5.55900803,1.88564402,0.15027773,601.391376,7.93172707447911,6.0393251053392,7.52429670013545,4.87288920629905,3.6910425403823,8.24425839378426,"R_none"
