"","iter","rho","burst","iota_N1","iota_N2","phi_N1","phi_N2","max_fitness_rho","max_fitness_beta","max_fitness_psin","max_fitness_psiw","max_fitness_phin","max_fitness_phiw","id"
"326",326,0.32323996,3.99360325,5.18433636,0.84323199,0.1386141,275.37387,8.14116037664283,3.54097910907741,7.49353282813187,8.2462870809274,3.87109818219291,8.2722627693859,"R_none"
