"","cue","log","id","rho","burst","iota_N1","iota_N2","phi_N1","phi_N2","fitness_rho","fitness_beta","fitness_psin","fitness_psiw","fitness_phin","fitness_phiw"
"1525","R","none",1525,0.33894506,5.5041835,14.5041433,0.93274441,0.02756239,734.470801,8.08134597489123,7.76455842153319,8.22477766217952,7.88696144604942,8.15951939012458,8.23988839338884
