"","iter","rho","burst","iota_N1","iota_N2","phi_N1","phi_N2","max_fitness_rho","max_fitness_beta","max_fitness_psin","max_fitness_psiw","max_fitness_phin","max_fitness_phiw","id"
"568",568,0.38863432,4.83136701,3.95409919,0.48927456,0.06065536,86.1413955,8.42718748765086,7.91764379126131,8.91001144071213,8.08804380012045,6.38391082435731,9.86521355857243,"R_none-I_log"
