"","cue","cue_b","log","log_b","id","rho","burst","iota_N1","iota_N2","phi_N1","phi_N2","fitness_rho","fitness_beta","fitness_psin","fitness_psiw","fitness_phin","fitness_phiw"
"714","R","I+Ig","none","log10",714,0.45548665,6.19123666,33.2952166,1.95032598,0.03094565,143.52748,5.41445433920056,5.93825661664981,3.9616078168961,5.05250887584821,6.86865928719737,9.84140121754983
