"","iter","rho","burst","iota_N1","iota_N2","phi_N1","phi_N2","max_fitness_rho","max_fitness_beta","max_fitness_psin","max_fitness_psiw","max_fitness_phin","max_fitness_phiw","id"
"457",457,0.31836517,5.6298996,81.6732522,0.98929021,0.00484237,2024.88331,8.02917097871328,9.65824373386945,3.53650990349205,9.06507161849256,8.67063958631649,9.76551335799007,"R_none-I_log"
