"","cue","cue_b","log","log_b","id","rho","burst","iota_N1","iota_N2","phi_N1","phi_N2","fitness_rho","fitness_beta","fitness_psin","fitness_psiw","fitness_phin","fitness_phiw"
"1183","R","I","none","log10",1183,0.29956583,5.55169626,90.907822,1.33439649,0.00327709,45.2195253,8.13783001283584,9.53054181992007,3.37517471290308,7.64474863515653,8.55797586526468,9.81274372947202
