"","cue","log","id","rho","burst","iota_N1","iota_N2","phi_N1","phi_N2","fitness_rho","fitness_beta","fitness_psin","fitness_psiw","fitness_phin","fitness_phiw"
"4875","R","none",4875,0.41579504,3.88964359,13.7073685,0.65589166,0.07873224,1226.69417,7.79154576322795,2.9588342946383,8.19322746305146,8.15820435262427,5.4737477810492,8.2319018399541
