"","cue","log","id","rho","burst","iota_N1","iota_N2","phi_N1","phi_N2","fitness_rho","fitness_beta","fitness_psin","fitness_psiw","fitness_phin","fitness_phiw"
"2833","R","none",2833,0.29487946,5.42009257,32.6373796,1.13149588,0.01147756,308.627497,8.22897133146953,7.52615125421299,6.01792069318639,6.94730214055811,7.5151308449464,8.26677592654225
