"","iter","rho","burst","iota_N1","iota_N2","phi_N1","phi_N2","max_fitness_rho","max_fitness_beta","max_fitness_psin","max_fitness_psiw","max_fitness_phin","max_fitness_phiw","id"
"826",826,0.43766383,4.8729108,5.7406743,0.43208918,0.06660997,127.14335,7.72228981131822,6.23871030534866,7.53959054141591,7.27831101296978,6.07854919718026,8.32921369960637,"R_none"
