"","iter","rho","burst","iota_N1","iota_N2","phi_N1","phi_N2","max_fitness_rho","max_fitness_beta","max_fitness_psin","max_fitness_psiw","max_fitness_phin","max_fitness_phiw","id"
"263",263,0.18105715,4.64734805,34.2937567,2.21626033,0.04944433,15973.5286,7.51096457924875,2.83336932548362,3.86595973273711,4.58438907851252,5.71239750320003,9.75635987265665,"R_none-I+Ig_log"
