"","iter","rho","burst","iota_N1","iota_N2","phi_N1","phi_N2","max_fitness_rho","max_fitness_beta","max_fitness_psin","max_fitness_psiw","max_fitness_phin","max_fitness_phiw","id"
"952",952,0.39576269,4.7455487,3.93656119,0.46047404,0.07140348,159.111709,5.89720730550454,3.1518676192874,4.00181162258475,7.51490099189857,3.97240208627689,9.83457004725212,"R_none-I+Ig_log"
