"","cue","log","id","rho","burst","iota_N1","iota_N2","phi_N1","phi_N2","fitness_rho","fitness_beta","fitness_psin","fitness_psiw","fitness_phin","fitness_phiw"
"4891","R","none",4891,0.3316771,5.54935714,12.5192109,1.06094799,0.0989555,5942.99649,8.1095367467957,7.88931397269831,8.12701981473153,7.27650991837251,4.74497262969902,8.2223469621504
