"","cue","log","id","rho","burst","iota_N1","iota_N2","phi_N1","phi_N2","fitness_rho","fitness_beta","fitness_psin","fitness_psiw","fitness_phin","fitness_phiw"
"3717","R","none",3717,0.30987636,4.00062453,19.6004396,0.69388832,0.02566295,773.975447,8.18720023703187,3.57827234658541,8.06938898078249,8.33348383384434,8.10237308404858,8.23887546496811
