"","iter","rho","burst","iota_N1","iota_N2","phi_N1","phi_N2","max_fitness_rho","max_fitness_beta","max_fitness_psin","max_fitness_psiw","max_fitness_phin","max_fitness_phiw","id"
"74",74,0.21616248,3.93054911,52.2090516,0.99373561,0.02025214,56.0063546,7.7625912572411,3.19398983947053,4.53862497044219,7.60064422825271,7.89204744822562,8.44644025111116,"R_none"
