"","iter","rho","burst","iota_N1","iota_N2","phi_N1","phi_N2","max_fitness_rho","max_fitness_beta","max_fitness_psin","max_fitness_psiw","max_fitness_phin","max_fitness_phiw","id"
"665",665,0.15851297,4.71695154,61.3681953,2.0935477,0.03275498,212.728298,7.75845814268652,7.59461740310948,4.02867403621147,5.44810666665587,8.66052237170075,9.8176577259867,"R_none-I_log"
