"","iter","rho","burst","iota_N1","iota_N2","phi_N1","phi_N2","max_fitness_rho","max_fitness_beta","max_fitness_psin","max_fitness_psiw","max_fitness_phin","max_fitness_phiw","id"
"617",617,0.17394551,4.68635045,32.640854,2.72072318,0.05104005,375.622287,6.71518083577954,5.8677764027997,6.01753102427712,3.87294119312512,7.17678235392339,8.25859667211706,"R_none"
