"","cue","log","id","rho","burst","iota_N1","iota_N2","phi_N1","phi_N2","fitness_rho","fitness_beta","fitness_psin","fitness_psiw","fitness_phin","fitness_phiw"
"2606","R","none",2606,0.23517479,3.97540718,15.2014785,0.75081882,0.03753065,99.0463613,8.08416290702279,3.44301467798542,8.24275970194314,8.4316016895999,8.21171022301633,8.35745557813177
