"","iter","rho","burst","iota_N1","iota_N2","phi_N1","phi_N2","max_fitness_rho","max_fitness_beta","max_fitness_psin","max_fitness_psiw","max_fitness_phin","max_fitness_phiw","id"
"481",481,0.31832245,5.58810383,32.6862681,1.01455979,0.00881614,110.449125,8.15880181628796,7.9909925625275,6.01254998931488,7.50016754616298,7.41806279911926,8.34441118949225,"R_none"
