"","cue","cue_b","log","log_b","id","rho","burst","iota_N1","iota_N2","phi_N1","phi_N2","fitness_rho","fitness_beta","fitness_psin","fitness_psiw","fitness_phin","fitness_phiw"
"911","R","I+Ig","none","log10",911,0.12182282,4.61320034,21.7198848,2.4119869,0.070354,988.259316,6.41729068311717,2.73056833826688,6.26744345571484,4.29584828418603,4.01998845409832,9.77017638705997
