"","cue","log","id","rho","burst","iota_N1","iota_N2","phi_N1","phi_N2","fitness_rho","fitness_beta","fitness_psin","fitness_psiw","fitness_phin","fitness_phiw"
"4585","R","none",4585,0.37920718,5.43878397,9.95400735,1.34261225,0.06980936,486.050162,7.92286978417198,7.579178532715,7.9254840481158,6.11925674787768,5.90366718673896,8.24995046442641
