"","cue","log","id","rho","burst","iota_N1","iota_N2","phi_N1","phi_N2","fitness_rho","fitness_beta","fitness_psin","fitness_psiw","fitness_phin","fitness_phiw"
"452","R","none",452,0.27622735,3.88897331,41.5295906,0.56909071,0.01864864,2246.38431,8.25570049381493,2.95492476289934,5.20881858561535,7.76567195309701,7.82189620151146,8.22644844249364
