"","cue","cue_b","log","log_b","id","rho","burst","iota_N1","iota_N2","phi_N1","phi_N2","fitness_rho","fitness_beta","fitness_psin","fitness_psiw","fitness_phin","fitness_phiw"
"369","R","I","none","log10",369,0.38886903,3.86130948,8.26852506,0.78969286,0.11617612,1954.43709,8.42979591226465,4.59878414595694,9.39634793563942,9.7565634470516,4.30165219484858,9.76576581985018
