"","iter","rho","burst","iota_N1","iota_N2","phi_N1","phi_N2","max_fitness_rho","max_fitness_beta","max_fitness_psin","max_fitness_psiw","max_fitness_phin","max_fitness_phiw","id"
"997",997,0.34381239,5.52039328,39.9093527,0.89225187,0.00805626,3175.22832,8.07745970087304,9.4776697522712,5.09030384862077,9.5610165141935,8.8936437809977,9.76295325924219,"R_none-I_log"
