"","cue","log","id","rho","burst","iota_N1","iota_N2","phi_N1","phi_N2","fitness_rho","fitness_beta","fitness_psin","fitness_psiw","fitness_phin","fitness_phiw"
"4543","R","none",4543,0.31287476,5.55154597,68.7235398,1.17179221,0.00717548,121.267582,8.17743427819973,7.89521709955537,3.84280403048388,6.7694961428381,7.36543929613072,8.33412033737477
