"","cue","log","id","rho","burst","iota_N1","iota_N2","phi_N1","phi_N2","fitness_rho","fitness_beta","fitness_psin","fitness_psiw","fitness_phin","fitness_phiw"
"4916","R","none",4916,0.27722613,4.07968674,26.2484308,0.69314083,0.0144898,140088.701,8.25525589580487,3.97731108205694,6.8549472191058,8.33067451461387,7.63886747635927,8.21994950861692
