"","cue","log","id","rho","burst","iota_N1","iota_N2","phi_N1","phi_N2","fitness_rho","fitness_beta","fitness_psin","fitness_psiw","fitness_phin","fitness_phiw"
"815","R","none",815,0.21351573,4.6100726,70.2094311,2.15630114,0.03448364,470.26116,7.70074060977756,5.70644607309957,3.79245093731204,4.48470752539754,8.25036387181379,8.25094277232893
