"","cue","log","id","rho","burst","iota_N1","iota_N2","phi_N1","phi_N2","fitness_rho","fitness_beta","fitness_psin","fitness_psiw","fitness_phin","fitness_phiw"
"4635","R","none",4635,0.29857514,3.88223893,15.0851284,0.76292772,0.0408836,134.875786,8.21996667336969,2.91557684932327,8.24042387145208,8.42585179046351,8.08751059612629,8.32335737522037
