"","cue","log","id","rho","burst","iota_N1","iota_N2","phi_N1","phi_N2","fitness_rho","fitness_beta","fitness_psin","fitness_psiw","fitness_phin","fitness_phiw"
"4901","R","none",4901,0.1576889,4.68247024,50.2330109,1.86785338,0.03452491,753.80173,6.36887897677569,5.85978581007968,4.64553618023425,4.90185984736488,8.25022034267026,8.2393779606118
