"","cue","cue_b","log","log_b","id","rho","burst","iota_N1","iota_N2","phi_N1","phi_N2","fitness_rho","fitness_beta","fitness_psin","fitness_psiw","fitness_phin","fitness_phiw"
"985","R","I","none","log10",985,0.30364045,5.58817123,19.5777722,0.88934421,0.01493752,586.953811,8.09607574883701,9.59096213628511,8.54014867099575,9.57601688559205,9.30428334446196,9.78211633294995
