"","iter","rho","burst","iota_N1","iota_N2","phi_N1","phi_N2","max_fitness_rho","max_fitness_beta","max_fitness_psin","max_fitness_psiw","max_fitness_phin","max_fitness_phiw","id"
"843",843,0.21803662,3.84075651,46.4564863,0.93288125,0.01017636,459.472423,8.78232667742482,4.51600602519785,4.64861737567621,9.34841195241237,9.03271820106703,9.78826164633906,"R_none-I_log"
