"","cue","log","id","rho","burst","iota_N1","iota_N2","phi_N1","phi_N2","fitness_rho","fitness_beta","fitness_psin","fitness_psiw","fitness_phin","fitness_phiw"
"442","R","none",442,0.43059834,4.78526019,3.48005114,0.4033525,0.08770982,2354.8133,7.74388120652693,6.06632823484214,7.36903389808496,7.18882403547178,5.11618048381303,8.22614742399389
