"","cue","log","id","rho","burst","iota_N1","iota_N2","phi_N1","phi_N2","fitness_rho","fitness_beta","fitness_psin","fitness_psiw","fitness_phin","fitness_phiw"
"1478","R","none",1478,0.19629621,4.04285836,12.5439723,0.87897472,0.04708469,968.588234,7.25528481579868,3.79634715893659,8.12860702699596,8.11591561999306,7.56816609300933,8.23508445142583
