"","cue","log","id","rho","burst","iota_N1","iota_N2","phi_N1","phi_N2","fitness_rho","fitness_beta","fitness_psin","fitness_psiw","fitness_phin","fitness_phiw"
"2740","R","none",2740,0.38319598,4.72289163,83.4574345,0.37496344,0.00187124,290.795827,7.90771634887406,5.94212567246605,3.40100145902504,7.10255168057497,7.23872055371218,8.26956374318664
