"","cue","log","id","rho","burst","iota_N1","iota_N2","phi_N1","phi_N2","fitness_rho","fitness_beta","fitness_psin","fitness_psiw","fitness_phin","fitness_phiw"
"1092","R","none",1092,0.32664104,6.01051411,11.1871747,2.35898573,0.08741451,1890.59263,8.12858999109096,6.98714564446824,8.0303580582817,4.24175551600849,5.12696724584574,8.22768671039382
