"","cue","log","id","rho","burst","iota_N1","iota_N2","phi_N1","phi_N2","fitness_rho","fitness_beta","fitness_psin","fitness_psiw","fitness_phin","fitness_phiw"
"532","R","none",532,0.39391432,4.69406771,38.2690601,0.39476892,0.00609382,625.713165,7.86792865721635,5.88360365491244,5.46962253643137,7.16248036118248,7.3340721374586,8.243323183771
