"","iter","rho","burst","iota_N1","iota_N2","phi_N1","phi_N2","max_fitness_rho","max_fitness_beta","max_fitness_psin","max_fitness_psiw","max_fitness_phin","max_fitness_phiw","id"
"174",174,0.40900626,6.07348925,100.332687,1.81282343,0.00927695,401.871836,5.77313677288386,6.4068842331783,1.91775576466645,5.33938740331133,4.08226718094479,9.79030583248522,"R_none-I+Ig_log"
