"","cue","log","id","rho","burst","iota_N1","iota_N2","phi_N1","phi_N2","fitness_rho","fitness_beta","fitness_psin","fitness_psiw","fitness_phin","fitness_phiw"
"2588","R","none",2588,0.31081872,4.15267935,28.7327514,0.67450492,0.01591917,231.904981,8.18417113339382,4.30943711413993,6.49018935484973,8.25039781958281,7.7010165597436,8.28171940048803
