"","iter","rho","burst","iota_N1","iota_N2","phi_N1","phi_N2","max_fitness_rho","max_fitness_beta","max_fitness_psin","max_fitness_psiw","max_fitness_phin","max_fitness_phiw","id"
"686",686,0.2487857,3.9614082,260.077388,0.83077587,0.00209744,873.38691,9.57740224406729,1.34387461151727,1.14543043927629,9.81463640969954,3.57986930427132,9.77205882566889,"R_none-I+Ig_log"
