"","cue","log","id","rho","burst","iota_N1","iota_N2","phi_N1","phi_N2","fitness_rho","fitness_beta","fitness_psin","fitness_psiw","fitness_phin","fitness_phiw"
"3033","R","none",3033,0.35991421,3.9735579,13.8045279,0.66572139,0.03699037,2907.28367,7.9981818746771,3.43295708408627,8.19766217849888,8.20765363200905,8.22305477251324,8.2249510034542
