"","cue","cue_b","log","log_b","id","rho","burst","iota_N1","iota_N2","phi_N1","phi_N2","fitness_rho","fitness_beta","fitness_psin","fitness_psiw","fitness_phin","fitness_phiw"
"90","R","I","none","log10",90,0.31997776,6.35896495,12.4539381,1.60167071,0.06136102,385.372248,8.02734205264074,7.97420214599413,8.5291766402391,6.74170756160668,6.33004319036502,9.79353507562004
