"","cue","cue_b","log","log_b","id","rho","burst","iota_N1","iota_N2","phi_N1","phi_N2","fitness_rho","fitness_beta","fitness_psin","fitness_psiw","fitness_phin","fitness_phiw"
"1280","R","I","none","log10",1280,0.28278605,3.94143246,23.2987454,0.80722747,0.03324505,3476.65194,8.70618942802396,4.91830096094697,7.44159335967971,9.83005587087947,9.03921772874273,9.76256024028737
