"","cue","log","id","rho","burst","iota_N1","iota_N2","phi_N1","phi_N2","fitness_rho","fitness_beta","fitness_psin","fitness_psiw","fitness_phin","fitness_phiw"
"1025","R","none",1025,0.19490819,4.51770049,104.83477,2.22364266,0.02405646,661.863894,7.21950447149276,5.49453808685562,2.91953878187757,4.40032097942365,8.04610028759879,8.24205884466875
