"","cue","log","id","rho","burst","iota_N1","iota_N2","phi_N1","phi_N2","fitness_rho","fitness_beta","fitness_psin","fitness_psiw","fitness_phin","fitness_phiw"
"76","R","none",76,0.29845568,4.76604692,41.6125477,0.62916638,0.00537344,22.6141921,8.22027276417548,6.02832978473381,5.20262000327384,8.0255914116484,7.31471331491233,8.64804757487484
