"","cue","log","id","rho","burst","iota_N1","iota_N2","phi_N1","phi_N2","fitness_rho","fitness_beta","fitness_psin","fitness_psiw","fitness_phin","fitness_phiw"
"3299","R","none",3299,0.34491721,4.64167832,16.2482416,1.5644236,0.1917283,473.481506,8.05779496623852,5.77448623586377,8.25074891500324,5.49712333520051,3.19492448844137,8.25073469427195
