"","cue","log","id","rho","burst","iota_N1","iota_N2","phi_N1","phi_N2","fitness_rho","fitness_beta","fitness_psin","fitness_psiw","fitness_phin","fitness_phiw"
"2419","R","none",2419,0.32656065,5.59076505,13.9123592,1.15563896,0.031987,78.934986,8.12889169801546,7.99771174490775,8.20239932473729,6.83973258873108,8.24229525839386,8.38853284801546
