"","iter","rho","burst","iota_N1","iota_N2","phi_N1","phi_N2","max_fitness_rho","max_fitness_beta","max_fitness_psin","max_fitness_psiw","max_fitness_phin","max_fitness_phiw","id"
"982",982,0.38872448,4.92747957,17.4581524,0.37734232,0.01266897,799.264254,5.96814496607151,3.84719069945401,9.25425748493966,7.91449826670028,4.34678293117361,9.77354964241336,"R_none-I+Ig_log"
