"","cue","cue_b","log","log_b","id","rho","burst","iota_N1","iota_N2","phi_N1","phi_N2","fitness_rho","fitness_beta","fitness_psin","fitness_psiw","fitness_phin","fitness_phiw"
"380","R","I","none","log10",380,0.26562937,3.89999384,34.8094647,0.70191212,0.02121215,187.22375,9.76664262646213,4.75372587118222,5.55704790886739,7.9631215095232,9.34291921821895,9.82415972439427
