"","iter","rho","burst","iota_N1","iota_N2","phi_N1","phi_N2","max_fitness_rho","max_fitness_beta","max_fitness_psin","max_fitness_psiw","max_fitness_phin","max_fitness_phiw","id"
"457",457,0.31836517,5.6298996,81.6732522,0.98929021,0.00484237,2024.88331,8.1586522560453,8.09130136019004,3.4485372907866,7.62200351980206,7.30124011038065,8.22716848234489,"R_none"
