"","cue","log","id","rho","burst","iota_N1","iota_N2","phi_N1","phi_N2","fitness_rho","fitness_beta","fitness_psin","fitness_psiw","fitness_phin","fitness_phiw"
"2044","R","none",2044,0.47899966,4.73800383,10.9106873,0.47177998,0.03800534,473.999742,7.61056355060675,5.9724741679816,8.00791166355258,7.40623795722615,8.19995674556884,8.25070108778163
