"","cue","cue_b","log","log_b","id","rho","burst","iota_N1","iota_N2","phi_N1","phi_N2","fitness_rho","fitness_beta","fitness_psin","fitness_psiw","fitness_phin","fitness_phiw"
"562","R","I+Ig","none","log10",562,0.3457067,4.80516759,15.3952325,0.42949967,0.01010042,2461.25633,6.52743020357966,3.36338501048462,7.82930723080883,7.63540993068843,4.14458373058087,9.7614432855327
