"","cue","cue_b","log","log_b","id","rho","burst","iota_N1","iota_N2","phi_N1","phi_N2","fitness_rho","fitness_beta","fitness_psin","fitness_psiw","fitness_phin","fitness_phiw"
"207","R","I+Ig","none","log10",207,0.19857084,3.92564345,17.1193635,0.89447802,0.01950406,3644.952,7.95432595489574,1.29112120128111,9.58600035699017,9.48502243410454,4.98359441967334,9.75950376477674
