"","cue","log","id","rho","burst","iota_N1","iota_N2","phi_N1","phi_N2","fitness_rho","fitness_beta","fitness_psin","fitness_psiw","fitness_phin","fitness_phiw"
"3320","R","none",3320,0.31035974,3.96949608,12.6284696,0.67987077,0.06308159,232.433977,8.18565020641353,3.41079732683305,8.13396858984744,8.27525987031592,6.28566501976204,8.28158258671957
