"","iter","rho","burst","iota_N1","iota_N2","phi_N1","phi_N2","max_fitness_rho","max_fitness_beta","max_fitness_psin","max_fitness_psiw","max_fitness_phin","max_fitness_phiw","id"
"112",112,0.40439209,4.75361573,13.5772129,0.463003,0.03009114,801.833174,7.8304993768296,6.00363809001492,8.18704317067414,7.37732685026176,8.2164659183334,8.23822287506696,"R_none"
