"","cue","cue_b","log","log_b","id","rho","burst","iota_N1","iota_N2","phi_N1","phi_N2","fitness_rho","fitness_beta","fitness_psin","fitness_psiw","fitness_phin","fitness_phiw"
"650","R","I","none","log10",650,0.305793,4.00402458,587.731511,0.83713627,0.00133882,783.341191,8.07916671395478,5.16373884386886,1.14172948558335,9.80226141179171,8.41550975274144,9.77639572234461
