"","cue","log","id","rho","burst","iota_N1","iota_N2","phi_N1","phi_N2","fitness_rho","fitness_beta","fitness_psin","fitness_psiw","fitness_phin","fitness_phiw"
"2477","R","none",2477,0.23729073,4.73250141,12.4451472,1.95577363,0.20046544,294.826614,8.10695559178208,5.96144804121697,8.12221431396369,4.76340197444326,3.11019426587857,8.26890561878136
