"","cue","cue_b","log","log_b","id","rho","burst","iota_N1","iota_N2","phi_N1","phi_N2","fitness_rho","fitness_beta","fitness_psin","fitness_psiw","fitness_phin","fitness_phiw"
"107","R","I+Ig","none","log10",107,0.22091839,4.61416494,55.785489,1.93780668,0.02662913,613.885381,8.63386120962311,2.73341442615052,2.72906272506445,5.07719239250278,5.89079999889947,9.77878810411214
