"","cue","log","id","rho","burst","iota_N1","iota_N2","phi_N1","phi_N2","fitness_rho","fitness_beta","fitness_psin","fitness_psiw","fitness_phin","fitness_phiw"
"4366","R","none",4366,0.34445817,4.68816601,17.1440776,0.55731574,0.01615752,318.696867,8.05961288385745,5.87150596886631,8.23689429630014,7.71857121102566,7.71151270146236,8.26533165934142
