"","cue","log","id","rho","burst","iota_N1","iota_N2","phi_N1","phi_N2","fitness_rho","fitness_beta","fitness_psin","fitness_psiw","fitness_phin","fitness_phiw"
"4548","R","none",4548,0.29125084,6.04277017,45.4516702,2.04644148,0.01907951,341.06778,8.23680475125169,6.8000542012471,4.93451283488231,4.63173447931153,7.84090126220757,8.26242192656172
