"","cue","cue_b","log","log_b","id","rho","burst","iota_N1","iota_N2","phi_N1","phi_N2","fitness_rho","fitness_beta","fitness_psin","fitness_psiw","fitness_phin","fitness_phiw"
"294","R","I+Ig","none","log10",294,0.46685635,5.9621659,11.4992096,1.89599059,0.07027105,2629.44376,5.34085182552955,6.96893397201315,5.53025682900457,5.16163100290135,4.02383185716469,9.76106081661544
