"","cue","cue_b","log","log_b","id","rho","burst","iota_N1","iota_N2","phi_N1","phi_N2","fitness_rho","fitness_beta","fitness_psin","fitness_psiw","fitness_phin","fitness_phiw"
"459","R","I","none","log10",459,0.25200227,3.99046203,15.0891389,0.89646538,0.01412991,539.69176,9.60639646813468,5.11090033805798,8.35206848295713,9.53914412168263,9.26416353841103,9.78407663740307
