"","cue","log","id","rho","burst","iota_N1","iota_N2","phi_N1","phi_N2","fitness_rho","fitness_beta","fitness_psin","fitness_psiw","fitness_phin","fitness_phiw"
"2638","R","none",2638,0.31850797,4.85385853,12.6089312,0.44078271,0.01234864,132.092443,8.15815049876127,6.20121932657799,8.13273983352086,7.30580667170759,7.54962398546104,8.32539127591268
