"","cue","cue_b","log","log_b","id","rho","burst","iota_N1","iota_N2","phi_N1","phi_N2","fitness_rho","fitness_beta","fitness_psin","fitness_psiw","fitness_phin","fitness_phiw"
"810","R","I","none","log10",810,0.36207495,6.22667846,19.0186249,2.0410683,0.06122162,271.579333,8.18544409377149,7.83191330528622,8.754387518067,5.56640856621525,6.34057608352676,9.80650303611311
