"","iter","rho","burst","iota_N1","iota_N2","phi_N1","phi_N2","max_fitness_rho","max_fitness_beta","max_fitness_psin","max_fitness_psiw","max_fitness_phin","max_fitness_phiw","id"
"317",317,0.18485352,4.65070216,31.770762,2.16286237,0.05891206,54.1163932,6.96955596632556,5.79358200665992,6.11500327621693,4.47630732470764,6.55613573511331,8.45298041639908,"R_none"
