"","cue","log","id","rho","burst","iota_N1","iota_N2","phi_N1","phi_N2","fitness_rho","fitness_beta","fitness_psin","fitness_psiw","fitness_phin","fitness_phiw"
"4252","R","none",4252,0.29056165,4.89292456,8.46435624,0.74674965,0.0276695,8.68340353,8.23817011865239,6.27822272035317,7.78792390207034,8.43176111959288,8.16240061003748,8.50223405773176
