"","iter","rho","burst","iota_N1","iota_N2","phi_N1","phi_N2","max_fitness_rho","max_fitness_beta","max_fitness_psin","max_fitness_psiw","max_fitness_phin","max_fitness_phiw","id"
"741",741,0.50190469,3.92432309,5.57613702,0.52859825,0.14214482,96.8371259,5.13973468306789,1.28920948366823,4.26314428477449,7.35596972605869,2.53739767822819,9.87013790006272,"R_none-I+Ig_log"
