"","iter","rho","burst","iota_N1","iota_N2","phi_N1","phi_N2","max_fitness_rho","max_fitness_beta","max_fitness_psin","max_fitness_psiw","max_fitness_phin","max_fitness_phiw","id"
"314",314,0.31682153,3.92362194,13.7222897,0.79455402,0.07385603,307.312616,7.28673285762854,1.28819502095481,6.30141797084242,9.79951389856863,3.86827039649524,9.80009498285074,"R_none-I+Ig_log"
