"","iter","rho","burst","iota_N1","iota_N2","phi_N1","phi_N2","max_fitness_rho","max_fitness_beta","max_fitness_psin","max_fitness_psiw","max_fitness_phin","max_fitness_phiw","id"
"948",948,0.38444879,6.06065092,6.24812051,2.24115537,0.24694376,545.230688,6.01314535123743,6.46501622187077,4.37698640668355,4.54536958777318,1.91504330355592,9.78158854061557,"R_none-I+Ig_log"
