"","iter","rho","burst","iota_N1","iota_N2","phi_N1","phi_N2","max_fitness_rho","max_fitness_beta","max_fitness_psin","max_fitness_psiw","max_fitness_phin","max_fitness_phiw","id"
"677",677,0.28467217,4.34878997,18.8857173,2.25665262,0.16442163,242.412342,8.56405260393592,6.42970944836659,8.8094284249382,5.1054581265845,3.67481179294302,9.81147448261971,"R_none-I_log"
