"","cue","log","id","rho","burst","iota_N1","iota_N2","phi_N1","phi_N2","fitness_rho","fitness_beta","fitness_psin","fitness_psiw","fitness_phin","fitness_phiw"
"4053","R","none",4053,0.29111757,4.04869203,26.3370861,0.73999098,0.0282825,917.765014,8.23707156634307,3.82559252312133,6.84083705601207,8.42987349333075,8.17812406667543,8.23592362595104
