"","cue","log","id","rho","burst","iota_N1","iota_N2","phi_N1","phi_N2","fitness_rho","fitness_beta","fitness_psin","fitness_psiw","fitness_phin","fitness_phiw"
"2729","R","none",2729,0.19494749,4.69374837,14.3079475,2.23194338,0.11740759,173.622205,7.22051784039133,5.88295106126542,8.2180549273189,4.39019116361927,4.27323337457858,8.30144351335087
