"","cue","log","id","rho","burst","iota_N1","iota_N2","phi_N1","phi_N2","fitness_rho","fitness_beta","fitness_psin","fitness_psiw","fitness_phin","fitness_phiw"
"4710","R","none",4710,0.36053643,5.86288378,70.0136698,2.01151667,0.01937856,525.591802,7.99571573374241,7.99799840185764,3.7989978176397,4.68124128813616,7.85403598382631,8.24772241928604
