"","cue","log","id","rho","burst","iota_N1","iota_N2","phi_N1","phi_N2","fitness_rho","fitness_beta","fitness_psin","fitness_psiw","fitness_phin","fitness_phiw"
"2928","R","none",2928,0.34245124,5.93809998,32.9005647,1.90745275,0.02814696,381.097244,8.06755021615743,7.46076021114731,5.98915289577123,4.83805812064907,8.17476200749483,8.25805356147272
