"","cue","log","id","rho","burst","iota_N1","iota_N2","phi_N1","phi_N2","fitness_rho","fitness_beta","fitness_psin","fitness_psiw","fitness_phin","fitness_phiw"
"2519","R","none",2519,0.15634796,4.55219464,10.8202927,2.26773156,0.20312577,339.547309,6.34227125148073,5.57627233429429,8.0004233749935,4.34714737859585,3.08543019650151,8.26261107127929
