"","cue","cue_b","log","log_b","id","rho","burst","iota_N1","iota_N2","phi_N1","phi_N2","fitness_rho","fitness_beta","fitness_psin","fitness_psiw","fitness_phin","fitness_phiw"
"441","R","I","none","log10",441,0.46247362,3.85711993,9.03579566,0.51924337,0.10885385,362.261753,9.27699604596399,4.58193810641287,9.41944610075088,7.99063240272662,4.43848286050038,9.79557956919554
