"","cue","log","id","rho","burst","iota_N1","iota_N2","phi_N1","phi_N2","fitness_rho","fitness_beta","fitness_psin","fitness_psiw","fitness_phin","fitness_phiw"
"36","R","none",36,0.60879709,6.04331829,37.3057996,2.08543806,0.03994433,362.379867,7.38727626204932,6.7969786875068,5.55383639606725,4.57810357532675,8.13263856559134,8.25997948651697
