"","cue","log","id","rho","burst","iota_N1","iota_N2","phi_N1","phi_N2","fitness_rho","fitness_beta","fitness_psin","fitness_psiw","fitness_phin","fitness_phiw"
"2137","R","none",2137,0.29321419,5.4131418,7.69005393,1.13637865,0.0497054,2715.39537,8.23269864088904,7.50648809016699,7.7151338317057,6.92530612870162,7.30216379639505,8.22531224991124
