"","iter","rho","burst","iota_N1","iota_N2","phi_N1","phi_N2","max_fitness_rho","max_fitness_beta","max_fitness_psin","max_fitness_psiw","max_fitness_phin","max_fitness_phiw","id"
"610",610,0.43009874,4.69528628,292.547996,0.52938747,0.00092203,4421.53613,8.9825989443304,7.53149574262716,1.78821749207225,7.93926201608933,8.38449668308116,9.76167421112577,"R_none-I_log"
