"","iter","rho","burst","iota_N1","iota_N2","phi_N1","phi_N2","max_fitness_rho","max_fitness_beta","max_fitness_psin","max_fitness_psiw","max_fitness_phin","max_fitness_phiw","id"
"956",956,0.329013,4.00228889,5.94691109,0.67264866,0.13680185,273.999023,8.11967675687417,3.58706952145777,7.55722569080688,8.24155182754263,3.90131271648251,8.27251590663732,"R_none"
