"","cue","log","id","rho","burst","iota_N1","iota_N2","phi_N1","phi_N2","fitness_rho","fitness_beta","fitness_psin","fitness_psiw","fitness_phin","fitness_phiw"
"2416","R","none",2416,0.46311032,4.77190936,10.2197554,0.44142721,0.02379362,573.72088,7.65065384256332,6.03994279733914,7.94902310217925,7.30785672091595,8.03629843431704,8.24541937114239
