"","cue","log","id","rho","burst","iota_N1","iota_N2","phi_N1","phi_N2","fitness_rho","fitness_beta","fitness_psin","fitness_psiw","fitness_phin","fitness_phiw"
"2747","R","none",2747,0.18936836,4.65436225,15.2426017,1.95860818,0.15707509,928.393629,7.07979437661096,5.80128596923927,8.24351720044317,4.75912329454988,3.5961306042005,8.23573965617491
