"","cue","log","id","rho","burst","iota_N1","iota_N2","phi_N1","phi_N2","fitness_rho","fitness_beta","fitness_psin","fitness_psiw","fitness_phin","fitness_phiw"
"2874","R","none",2874,0.48773673,6.0979852,76.9336197,1.92659956,0.02210157,1272.56878,7.58995061731318,6.50309936150976,3.58205468152529,4.80807023941432,7.9698565507171,8.23147026044561
