"","iter","rho","burst","iota_N1","iota_N2","phi_N1","phi_N2","max_fitness_rho","max_fitness_beta","max_fitness_psin","max_fitness_psiw","max_fitness_phin","max_fitness_phiw","id"
"188",188,0.18133808,3.89245332,23.6695891,0.8842982,0.03585604,244.70474,6.88579516462943,2.97519429371003,7.31257307842489,8.0947599181204,8.24029958229576,8.2785973293554,"R_none"
