"","cue","log","id","rho","burst","iota_N1","iota_N2","phi_N1","phi_N2","fitness_rho","fitness_beta","fitness_psin","fitness_psiw","fitness_phin","fitness_phiw"
"3724","R","none",3724,0.30632466,4.8710772,11.3980336,0.47363165,0.02513645,745.588249,8.19824068793103,6.23509813054458,8.04698646696528,7.41238897979425,8.08465866946388,8.23959150362213
