"","cue","log","id","rho","burst","iota_N1","iota_N2","phi_N1","phi_N2","fitness_rho","fitness_beta","fitness_psin","fitness_psiw","fitness_phin","fitness_phiw"
"849","R","none",849,0.26475654,3.90303898,11.682681,0.8408206,0.03976254,13236.3473,8.2499338663481,3.0365824210255,8.06869806650882,8.25424344841507,8.14037215119953,8.22097007636511
