"","cue","log","id","rho","burst","iota_N1","iota_N2","phi_N1","phi_N2","fitness_rho","fitness_beta","fitness_psin","fitness_psiw","fitness_phin","fitness_phiw"
"2735","R","none",2735,0.22531494,4.54413027,18.064608,2.11433713,0.15291722,63.297405,7.9451916934985,5.55746754416781,8.19915426281612,4.53940760767395,3.65339385165985,8.42422682005584
