"","cue","log","id","rho","burst","iota_N1","iota_N2","phi_N1","phi_N2","fitness_rho","fitness_beta","fitness_psin","fitness_psiw","fitness_phin","fitness_phiw"
"984","R","none",984,0.41176734,6.29897808,15.8941216,2.2039221,0.05882105,1078.85518,7.80509062769679,5.65832733341,8.25077429772996,4.4246237449125,6.56243139145171,8.23354180732001
