"","cue","log","id","rho","burst","iota_N1","iota_N2","phi_N1","phi_N2","fitness_rho","fitness_beta","fitness_psin","fitness_psiw","fitness_phin","fitness_phiw"
"4333","R","none",4333,0.33739295,5.63224725,26.588802,1.04935701,0.01068307,4424.01009,8.08741816290435,8.0965481359832,6.80123117304059,7.33213501585444,7.48476624749463,8.22320453643072
