"","iter","rho","burst","iota_N1","iota_N2","phi_N1","phi_N2","max_fitness_rho","max_fitness_beta","max_fitness_psin","max_fitness_psiw","max_fitness_phin","max_fitness_phiw","id"
"160",160,0.33368663,4.77685227,2.21277534,0.69223745,0.1176689,7.65837401,8.10181136812248,6.0497206478031,7.29554757254853,8.32721981015156,4.26752199165812,8.41643889783158,"R_none"
