"","iter","rho","burst","iota_N1","iota_N2","phi_N1","phi_N2","max_fitness_rho","max_fitness_beta","max_fitness_psin","max_fitness_psiw","max_fitness_phin","max_fitness_phiw","id"
"295",295,0.27917767,5.57931773,16.1682304,0.85847572,0.01647957,1371.37745,9.07946059003428,9.57641339593375,9.59256803211291,9.72456679556552,9.36949559182543,9.76883856429237,"R_none-I_log"
