"","cue","cue_b","log","log_b","id","rho","burst","iota_N1","iota_N2","phi_N1","phi_N2","fitness_rho","fitness_beta","fitness_psin","fitness_psiw","fitness_phin","fitness_phiw"
"143","R","I","none","log10",143,0.1589226,4.61167078,3.73648697,1.94624829,0.4536625,297.548061,7.76435052431518,7.28172589914055,8.87930720657772,5.79101144607097,2.44773578090653,9.80277971539941
