"","cue","log","id","rho","burst","iota_N1","iota_N2","phi_N1","phi_N2","fitness_rho","fitness_beta","fitness_psin","fitness_psiw","fitness_phin","fitness_phiw"
"3130","R","none",3130,0.39827379,4.77695017,12.721008,0.46791271,0.02650388,1742.23507,7.85217375527447,6.04991620868749,8.1397293998368,7.39344339092503,8.12903841023133,8.22835355260843
