"","iter","rho","burst","iota_N1","iota_N2","phi_N1","phi_N2","max_fitness_rho","max_fitness_beta","max_fitness_psin","max_fitness_psiw","max_fitness_phin","max_fitness_phiw","id"
"854",854,0.27384312,4.06228588,6.30310723,0.92442656,0.0965048,35.6124256,9.517787893081,5.38837853910362,9.21551956658301,9.39251352218513,4.73008017686068,9.65682079746187,"R_none-I_log"
