"","iter","rho","burst","iota_N1","iota_N2","phi_N1","phi_N2","max_fitness_rho","max_fitness_beta","max_fitness_psin","max_fitness_psiw","max_fitness_phin","max_fitness_phiw","id"
"713",713,0.22192847,4.47855894,43.0937376,2.08061252,0.0594919,2059.24245,8.66777697139878,2.36086600423332,3.25144627102942,4.81062060077972,4.66397844033482,9.76260433290534,"R_none-I+Ig_log"
