"","cue","log","id","rho","burst","iota_N1","iota_N2","phi_N1","phi_N2","fitness_rho","fitness_beta","fitness_psin","fitness_psiw","fitness_phin","fitness_phiw"
"198","R","none",198,0.30414705,6.09398262,24.4989058,2.32429133,0.039985,35356.9717,8.20469386111773,6.52376756992394,7.15376157069241,4.28112390239502,8.13085925585316,8.2202655465031
