"","cue","log","id","rho","burst","iota_N1","iota_N2","phi_N1","phi_N2","fitness_rho","fitness_beta","fitness_psin","fitness_psiw","fitness_phin","fitness_phiw"
"4825","R","none",4825,0.32895144,5.57174136,4.73787299,1.01646918,0.07412115,4022.77174,8.11990736436993,7.94885545543705,7.45834495986689,7.49093390451217,5.68551679213413,8.22353910725241
