"","cue","log","id","rho","burst","iota_N1","iota_N2","phi_N1","phi_N2","fitness_rho","fitness_beta","fitness_psin","fitness_psiw","fitness_phin","fitness_phiw"
"2074","R","none",2074,0.43670834,4.75927961,23.0238653,0.55339428,0.00790256,16977.73,7.7251656945215,6.01489956948436,7.44502146190845,7.70307791276587,7.38803248656617,8.22072012284763
