"","cue","log","id","rho","burst","iota_N1","iota_N2","phi_N1","phi_N2","fitness_rho","fitness_beta","fitness_psin","fitness_psiw","fitness_phin","fitness_phiw"
"311","R","none",311,0.31361642,4.45524569,17.7073354,2.01932107,0.22692333,1746.03046,8.17495964521739,5.33685461376099,8.21690749502683,4.6700525952391,2.88248188429586,8.22833194629002
