"","cue","log","id","rho","burst","iota_N1","iota_N2","phi_N1","phi_N2","fitness_rho","fitness_beta","fitness_psin","fitness_psiw","fitness_phin","fitness_phiw"
"4058","R","none",4058,0.37109819,3.92766502,10.9643655,0.81523153,0.08424021,702.147502,7.95416883540214,3.1776377895398,8.01232501514638,8.33065503363109,5.24684961820411,8.24079568573983
