"","cue","cue_b","log","log_b","id","rho","burst","iota_N1","iota_N2","phi_N1","phi_N2","fitness_rho","fitness_beta","fitness_psin","fitness_psiw","fitness_phin","fitness_phiw"
"820","R","I+Ig","none","log10",820,0.34216038,4.84618132,16.2421196,0.51577819,0.00671927,115.084326,6.59132227677545,3.51771213856529,9.54563935451329,7.37709420989479,3.89484618842997,9.85713781796527
