"","cue","cue_b","log","log_b","id","rho","burst","iota_N1","iota_N2","phi_N1","phi_N2","fitness_rho","fitness_beta","fitness_psin","fitness_psiw","fitness_phin","fitness_phiw"
"384","R","I+Ig","none","log10",384,0.48344949,6.3796391,29.2214631,1.81928423,0.03427613,2339.61558,5.24114733626294,5.4718232130633,4.45119893919904,5.32507846439767,9.56310627094737,9.7617536777385
