"","cue","log","id","rho","burst","iota_N1","iota_N2","phi_N1","phi_N2","fitness_rho","fitness_beta","fitness_psin","fitness_psiw","fitness_phin","fitness_phiw"
"876","R","none",876,0.40977372,6.00861437,30.0738362,1.90062437,0.035762,438.055357,7.81187762939765,6.99856819922393,6.31681564837176,4.84888196721545,8.24135497490477,8.25318338274771
