"","iter","rho","burst","iota_N1","iota_N2","phi_N1","phi_N2","max_fitness_rho","max_fitness_beta","max_fitness_psin","max_fitness_psiw","max_fitness_phin","max_fitness_phiw","id"
"904",904,0.26698239,4.72295434,70.7032692,0.55932169,0.00566613,1915.93052,8.252793130308,5.94225065387936,3.7760501321678,7.72654325606941,7.3224281018655,8.22758479344806,"R_none"
