"","iter","rho","burst","iota_N1","iota_N2","phi_N1","phi_N2","max_fitness_rho","max_fitness_beta","max_fitness_psin","max_fitness_psiw","max_fitness_phin","max_fitness_phiw","id"
"699",699,0.29499534,3.93177624,5.1627896,0.66778158,0.08396389,1792.10891,8.57100360655045,1.30003790083192,4.19532692777099,8.05100320217607,3.51913932894071,9.76365460720165,"R_none-I+Ig_log"
