"","cue","cue_b","log","log_b","id","rho","burst","iota_N1","iota_N2","phi_N1","phi_N2","fitness_rho","fitness_beta","fitness_psin","fitness_psiw","fitness_phin","fitness_phiw"
"381","R","I+Ig","none","log10",381,0.26988381,3.94976974,34.5273788,0.82947898,0.01439243,1460.74304,9.72752538933112,1.32650865489732,3.84463394848594,9.81708514663664,4.49144557452528,9.76548847000628
