"","cue","cue_b","log","log_b","id","rho","burst","iota_N1","iota_N2","phi_N1","phi_N2","fitness_rho","fitness_beta","fitness_psin","fitness_psiw","fitness_phin","fitness_phiw"
"116","R","I+Ig","none","log10",116,0.34151209,4.13842735,4.24883079,0.76391759,0.11818829,5674.94462,6.60354922912378,1.63365857774713,4.05012815238386,9.61680757775324,2.82303701349924,9.75805077535288
