"","iter","rho","burst","iota_N1","iota_N2","phi_N1","phi_N2","max_fitness_rho","max_fitness_beta","max_fitness_psin","max_fitness_psiw","max_fitness_phin","max_fitness_phiw","id"
"403",403,0.21090574,5.61239992,3.73876057,1.27059439,0.11235228,88.499396,8.63897719693456,9.63032278882241,8.87963171079732,7.88242258972915,4.37095861576911,9.86422585023894,"R_none-I_log"
