"","cue","log","id","rho","burst","iota_N1","iota_N2","phi_N1","phi_N2","fitness_rho","fitness_beta","fitness_psin","fitness_psiw","fitness_phin","fitness_phiw"
"2514","R","none",2514,0.38008735,6.35620642,45.0033169,1.63512755,0.01534282,260.006105,7.91951041236417,5.48853126845263,4.9640292663063,5.33780224222534,7.6757789743741,8.27525712235133
