"","cue","cue_b","log","log_b","id","rho","burst","iota_N1","iota_N2","phi_N1","phi_N2","fitness_rho","fitness_beta","fitness_psin","fitness_psiw","fitness_phin","fitness_phiw"
"793","R","I+Ig","none","log10",793,0.26404162,5.49186444,12.8300285,1.31254922,0.03893565,379.674396,9.77997693438601,7.51212349133555,5.94657583527313,6.83031930841782,8.2523804789042,9.79219815527659
