"","cue","log","id","rho","burst","iota_N1","iota_N2","phi_N1","phi_N2","fitness_rho","fitness_beta","fitness_psin","fitness_psiw","fitness_phin","fitness_phiw"
"258","R","none",258,0.40557536,6.09289273,38.6876239,1.76135214,0.02079443,153.567281,7.82636983433769,6.52941375742531,5.43412781405668,5.08698037041834,7.91529927564664,8.311488326179
