"","cue","log","id","rho","burst","iota_N1","iota_N2","phi_N1","phi_N2","fitness_rho","fitness_beta","fitness_psin","fitness_psiw","fitness_phin","fitness_phiw"
"2793","R","none",2793,0.34797035,3.99185023,3.2416032,0.84264886,0.12100177,696.289676,8.04567623111222,3.53162300017161,7.35388343403949,8.24822126533523,4.19656933544481,8.24097482692001
