"","iter","rho","burst","iota_N1","iota_N2","phi_N1","phi_N2","max_fitness_rho","max_fitness_beta","max_fitness_psin","max_fitness_psiw","max_fitness_phin","max_fitness_phiw","id"
"100",100,0.38264767,4.7100765,81.857102,0.5812482,0.00494533,1394.6199,6.03256561293379,3.03272455286476,2.15481595045311,7.38234099775058,3.77012187088141,9.76595837336656,"R_none-I+Ig_log"
