"","cue","log","id","rho","burst","iota_N1","iota_N2","phi_N1","phi_N2","fitness_rho","fitness_beta","fitness_psin","fitness_psiw","fitness_phin","fitness_phiw"
"2253","R","none",2253,0.30598733,3.93675057,10.5326601,0.82102711,0.04591221,129.193978,8.19925497094597,3.22900889951268,7.97614642586787,8.3147258926003,7.68890503933343,8.32759845896045
