"","iter","rho","burst","iota_N1","iota_N2","phi_N1","phi_N2","max_fitness_rho","max_fitness_beta","max_fitness_psin","max_fitness_psiw","max_fitness_phin","max_fitness_phiw","id"
"970",970,0.34829667,4.63714262,3.31820949,0.49335593,0.09676886,2249.58107,6.48354253260217,2.802236402915,3.9079413867704,7.42593244345718,3.19719863061087,9.76200186225942,"R_none-I+Ig_log"
