"","cue","log","id","rho","burst","iota_N1","iota_N2","phi_N1","phi_N2","fitness_rho","fitness_beta","fitness_psin","fitness_psiw","fitness_phin","fitness_phiw"
"894","R","none",894,0.31004878,6.19107887,33.9507777,2.07897771,0.01956283,440.483739,8.18664816206836,6.06488645181963,5.87754167439637,4.5868723939036,7.86210357768605,8.2530029765186
