"","iter","rho","burst","iota_N1","iota_N2","phi_N1","phi_N2","max_fitness_rho","max_fitness_beta","max_fitness_psin","max_fitness_psiw","max_fitness_phin","max_fitness_phiw","id"
"764",764,0.23790084,3.97388822,230.878421,0.98481306,0.00371641,1866.50651,9.22626233755445,1.36271039082938,1.22250382801062,8.72648303406686,3.6864365207729,9.76333537806345,"R_none-I+Ig_log"
