"","cue","log","id","rho","burst","iota_N1","iota_N2","phi_N1","phi_N2","fitness_rho","fitness_beta","fitness_psin","fitness_psiw","fitness_phin","fitness_phiw"
"2174","R","none",2174,0.307322,4.0894729,3.69134038,0.81914323,0.1322449,395.962587,8.19520194299889,4.02390617242106,7.38294941825141,8.31999912288541,3.98031861041347,8.2566493703713
