"","iter","rho","burst","iota_N1","iota_N2","phi_N1","phi_N2","max_fitness_rho","max_fitness_beta","max_fitness_psin","max_fitness_psiw","max_fitness_phin","max_fitness_phiw","id"
"640",640,0.47096751,4.75543567,4.24042897,0.39647186,0.07027544,853.60415,7.63040130457236,6.00725758336418,7.42120479602758,7.16769316264782,5.87912589263526,8.2371179835214,"R_none"
