"","cue","cue_b","log","log_b","id","rho","burst","iota_N1","iota_N2","phi_N1","phi_N2","fitness_rho","fitness_beta","fitness_psin","fitness_psiw","fitness_phin","fitness_phiw"
"828","R","I+Ig","none","log10",828,0.29807304,6.04777395,10.4668696,1.99250632,0.07944989,2608.01885,8.35600060575391,6.5251826156312,5.25638946062858,4.97128181784731,3.66151586866832,9.76110921328166
