"","cue","cue_b","log","log_b","id","rho","burst","iota_N1","iota_N2","phi_N1","phi_N2","fitness_rho","fitness_beta","fitness_psin","fitness_psiw","fitness_phin","fitness_phiw"
"333","R","I+Ig","none","log10",333,0.34139477,3.98714918,25.1848836,0.99731845,0.02708524,303.352008,6.60577515185855,1.38298256060904,5.19993336320423,8.62610481283284,5.96604343493439,9.80062570418733
