"","iter","rho","burst","iota_N1","iota_N2","phi_N1","phi_N2","max_fitness_rho","max_fitness_beta","max_fitness_psin","max_fitness_psiw","max_fitness_phin","max_fitness_phiw","id"
"223",223,0.32543468,5.70194919,10.9726183,0.85996186,0.04312677,251.680613,8.02700254412598,9.76246340392174,9.09113978014109,9.71812983107115,8.2541767422676,9.80979034347023,"R_none-I_log"
