"","cue","log","id","rho","burst","iota_N1","iota_N2","phi_N1","phi_N2","fitness_rho","fitness_beta","fitness_psin","fitness_psiw","fitness_phin","fitness_phiw"
"4340","R","none",4340,0.24160239,4.11221423,8.93050994,0.97750216,0.05418956,137.889811,8.14680543297756,4.12972061282216,7.83164625411117,7.67839787155378,6.90812024296452,8.32124034515442
