"","iter","rho","burst","iota_N1","iota_N2","phi_N1","phi_N2","max_fitness_rho","max_fitness_beta","max_fitness_psin","max_fitness_psiw","max_fitness_phin","max_fitness_phiw","id"
"159",159,0.27920739,3.96597757,3.49459522,1.05235143,0.11987139,10.1930277,8.25398816295477,3.39152978542157,7.36997863829203,7.317736711566,4.22024176266987,8.60000265303366,"R_none"
