"","cue","log","id","rho","burst","iota_N1","iota_N2","phi_N1","phi_N2","fitness_rho","fitness_beta","fitness_psin","fitness_psiw","fitness_phin","fitness_phiw"
"1782","R","none",1782,0.33618382,6.05648287,4.4603594,1.82655985,0.23791991,1658.50037,8.09213670669426,6.7238778217827,7.43734761878415,4.97115736681586,2.79850581984061,8.22877974164744
