"","cue","log","id","rho","burst","iota_N1","iota_N2","phi_N1","phi_N2","fitness_rho","fitness_beta","fitness_psin","fitness_psiw","fitness_phin","fitness_phiw"
"3449","R","none",3449,0.15571067,4.70022253,56.2790212,2.04126174,0.03612269,724.901886,6.32972673071481,5.89617867470062,4.33795564066373,4.63898779770363,8.23701022323741,8.24014959931881
