"","cue","log","id","rho","burst","iota_N1","iota_N2","phi_N1","phi_N2","fitness_rho","fitness_beta","fitness_psin","fitness_psiw","fitness_phin","fitness_phiw"
"1227","R","none",1227,0.43070343,4.00727711,7.01034458,0.95305283,0.09898715,549.558147,7.74355126173087,3.61334222925857,7.65207788478731,7.79370182186217,4.74403401443254,8.24652495013445
