"","cue","log","id","rho","burst","iota_N1","iota_N2","phi_N1","phi_N2","fitness_rho","fitness_beta","fitness_psin","fitness_psiw","fitness_phin","fitness_phiw"
"3829","R","none",3829,0.27654235,5.39511408,179.629696,1.06232154,0.00340456,130.92456,8.25557615649577,7.45569652058467,1.90850179424487,7.26993894158596,7.26823645996001,8.32626899347803
