"","cue","cue_b","log","log_b","id","rho","burst","iota_N1","iota_N2","phi_N1","phi_N2","fitness_rho","fitness_beta","fitness_psin","fitness_psiw","fitness_phin","fitness_phiw"
"1116","R","I","none","log10",1116,0.30653746,6.05516003,11.5996689,2.00790153,0.05380515,203.208143,8.07402039407175,7.68639712396283,8.83343114212708,5.64334753091756,6.96608049857263,9.81994028901938
