"","cue","cue_b","log","log_b","id","rho","burst","iota_N1","iota_N2","phi_N1","phi_N2","fitness_rho","fitness_beta","fitness_psin","fitness_psiw","fitness_phin","fitness_phiw"
"570","R","I","none","log10",570,0.45672273,5.98902867,5.76685522,2.00795457,0.22805283,556.966831,9.24570676581959,7.6439308109646,9.15109143397837,5.64322024719318,3.23021177579114,9.78332286148939
