"","cue","log","id","rho","burst","iota_N1","iota_N2","phi_N1","phi_N2","fitness_rho","fitness_beta","fitness_psin","fitness_psiw","fitness_phin","fitness_phiw"
"4595","R","none",4595,0.23471585,4.60742805,247.749626,2.17948183,0.01415378,642.876389,8.07891729958173,5.70066457385972,1.40342305973187,4.45520604232107,7.62451180861054,8.2427054731797
