"","cue","log","id","rho","burst","iota_N1","iota_N2","phi_N1","phi_N2","fitness_rho","fitness_beta","fitness_psin","fitness_psiw","fitness_phin","fitness_phiw"
"2688","R","none",2688,0.34920249,6.24866719,11.955517,1.78731704,0.05534535,931.184672,8.04077644750951,5.83399012020251,8.08865994582406,5.03986611858712,6.81696626536168,8.23569305668821
