"","cue","log","id","rho","burst","iota_N1","iota_N2","phi_N1","phi_N2","fitness_rho","fitness_beta","fitness_psin","fitness_psiw","fitness_phin","fitness_phiw"
"2761","R","none",2761,0.27242574,5.39641844,11.6976996,1.27833018,0.0715772,413.642781,8.25611737802778,7.45935743080248,8.06981837320648,6.3440935943541,5.81181743511259,8.25511101427731
