"","cue","cue_b","log","log_b","id","rho","burst","iota_N1","iota_N2","phi_N1","phi_N2","fitness_rho","fitness_beta","fitness_psin","fitness_psiw","fitness_phin","fitness_phiw"
"913","R","I+Ig","none","log10",913,0.26052609,5.63762913,11.2532261,1.0552451,0.02244517,669.020938,9.77523740870162,9.14876515864581,5.46188230743013,8.19616303893119,5.31555436389591,9.77694081339747
