"","cue","log","id","rho","burst","iota_N1","iota_N2","phi_N1","phi_N2","fitness_rho","fitness_beta","fitness_psin","fitness_psiw","fitness_phin","fitness_phiw"
"71","R","none",71,0.15765045,4.66844095,24.4907867,1.88728936,0.06070281,5406.33342,6.36811162391974,5.83073204072527,7.15525615829125,4.8702358371177,6.43591171567689,8.22259349400477
