"","iter","rho","burst","iota_N1","iota_N2","phi_N1","phi_N2","max_fitness_rho","max_fitness_beta","max_fitness_psin","max_fitness_psiw","max_fitness_phin","max_fitness_phiw","id"
"546",546,0.3121342,5.9513886,75.3051023,2.03807367,0.01368142,493.620461,8.17987805671142,7.36723108959445,3.63058339285849,4.64346498129374,7.60452392489394,8.24949621740534,"R_none"
