"","cue","log","id","rho","burst","iota_N1","iota_N2","phi_N1","phi_N2","fitness_rho","fitness_beta","fitness_psin","fitness_psiw","fitness_phin","fitness_phiw"
"4850","R","none",4850,0.30331156,4.05261833,47.2849959,0.7991981,0.00847656,141.518714,8.20709993696626,3.84515912402537,4.81829667584038,8.36985954815943,7.40669223174863,8.31880312794558
