"","cue","cue_b","log","log_b","id","rho","burst","iota_N1","iota_N2","phi_N1","phi_N2","fitness_rho","fitness_beta","fitness_psin","fitness_psiw","fitness_phin","fitness_phiw"
"789","R","I","none","log10",789,0.46482026,3.98591581,15.5876264,0.60862898,0.06522928,105.892741,9.28763947619325,5.09314658400007,8.73119766362244,7.68621798555536,6.06096727242375,9.85592094020489
