"","iter","rho","burst","iota_N1","iota_N2","phi_N1","phi_N2","max_fitness_rho","max_fitness_beta","max_fitness_psin","max_fitness_psiw","max_fitness_phin","max_fitness_phiw","id"
"980",980,0.27777835,3.98431382,26.1473305,0.64852506,0.03458475,914.996823,9.52873777095989,1.37862239352152,4.98643506736664,7.80977603383403,9.69013425613333,9.77132424720432,"R_none-I+Ig_log"
