"","cue","log","id","rho","burst","iota_N1","iota_N2","phi_N1","phi_N2","fitness_rho","fitness_beta","fitness_psin","fitness_psiw","fitness_phin","fitness_phiw"
"4206","R","none",4206,0.52551808,6.11262399,23.8482935,1.71110914,0.07717252,207.062867,7.51142590048432,6.42872754102321,7.27724952856959,5.18222965850377,5.54298362666613,8.28882850760545
