"","cue","log","id","rho","burst","iota_N1","iota_N2","phi_N1","phi_N2","fitness_rho","fitness_beta","fitness_psin","fitness_psiw","fitness_phin","fitness_phiw"
"3061","R","none",3061,0.23928875,5.37969905,17.4393266,1.32478644,0.04026171,53.896163,8.12647399224302,7.41255368679894,8.22758761113364,6.17930593348818,8.11837229005759,8.45376625924093
