"","cue","log","id","rho","burst","iota_N1","iota_N2","phi_N1","phi_N2","fitness_rho","fitness_beta","fitness_psin","fitness_psiw","fitness_phin","fitness_phiw"
"4773","R","none",4773,0.39552929,3.99437479,25.329287,0.82513815,0.01894725,1327.70097,7.86206446942548,3.54509113637607,7.00671882840067,8.30291467727139,7.83507680169815,8.23099239605429
