"","iter","rho","burst","iota_N1","iota_N2","phi_N1","phi_N2","max_fitness_rho","max_fitness_beta","max_fitness_psin","max_fitness_psiw","max_fitness_phin","max_fitness_phiw","id"
"606",606,0.37167128,6.06982341,49.5332911,1.67442326,0.01618802,413.71553,6.15782847081229,6.42329038659575,2.95273695788357,5.66871714076537,4.65271320250274,9.78937137602879,"R_none-I+Ig_log"
