"","iter","rho","burst","iota_N1","iota_N2","phi_N1","phi_N2","max_fitness_rho","max_fitness_beta","max_fitness_psin","max_fitness_psiw","max_fitness_phin","max_fitness_phiw","id"
"20",20,0.3348041,4.1382574,19.668688,0.80100782,0.0387175,335.872263,8.09749093198546,4.24664491987628,8.06133784127033,8.36581717841596,8.17898626335476,8.26306559596811,"R_none"
