"","cue","log","id","rho","burst","iota_N1","iota_N2","phi_N1","phi_N2","fitness_rho","fitness_beta","fitness_psin","fitness_psiw","fitness_phin","fitness_phiw"
"3212","R","none",3212,0.2939095,4.02174576,8.80671335,0.75255871,0.05727064,236.507394,8.23116695482111,3.68869864019936,7.82006747956715,8.43124971347137,6.67247655919976,8.28055783120436
