"","iter","rho","burst","iota_N1","iota_N2","phi_N1","phi_N2","max_fitness_rho","max_fitness_beta","max_fitness_psin","max_fitness_psiw","max_fitness_phin","max_fitness_phiw","id"
"440",440,0.28204503,3.97398628,6.04171501,0.92734364,0.1309275,440.756648,8.25133217724496,3.43528660481511,7.56542715261505,7.91126133637694,4.00401331841959,8.25298245762083,"R_none"
