"","iter","rho","burst","iota_N1","iota_N2","phi_N1","phi_N2","max_fitness_rho","max_fitness_beta","max_fitness_psin","max_fitness_psiw","max_fitness_phin","max_fitness_phiw","id"
"575",575,0.19705761,4.80620027,41.6567203,1.94872261,0.04915988,1819.76654,7.91311618973393,3.36718162802596,3.33150428333947,5.05565602303801,5.75327516800824,9.76353236875121,"R_none-I+Ig_log"
