"","cue","log","id","rho","burst","iota_N1","iota_N2","phi_N1","phi_N2","fitness_rho","fitness_beta","fitness_psin","fitness_psiw","fitness_phin","fitness_phiw"
"3715","R","none",3715,0.31293188,5.62241874,104.483594,1.01616869,0.00440356,454.310784,8.17724434941414,8.07427430608204,2.92638395704977,7.49238521857114,7.29062772860248,8.25201244081761
