"","cue","log","id","rho","burst","iota_N1","iota_N2","phi_N1","phi_N2","fitness_rho","fitness_beta","fitness_psin","fitness_psiw","fitness_phin","fitness_phiw"
"2230","R","none",2230,0.32798835,4.69557137,3.03535337,0.57068083,0.09344565,4630.59726,8.12354218502902,5.88667982802984,7.34126363907552,7.7720895010073,4.91759950819918,8.22305408202659
