"","cue","log","id","rho","burst","iota_N1","iota_N2","phi_N1","phi_N2","fitness_rho","fitness_beta","fitness_psin","fitness_psiw","fitness_phin","fitness_phiw"
"1531","R","none",1531,0.36397335,5.5265495,19.1722228,0.9401758,0.01087567,379.157471,7.98212238834933,7.82692557414731,8.11520492302302,7.85315930920968,7.49202460151195,8.25824681549602
