"","iter","rho","burst","iota_N1","iota_N2","phi_N1","phi_N2","max_fitness_rho","max_fitness_beta","max_fitness_psin","max_fitness_psiw","max_fitness_phin","max_fitness_phiw","id"
"136",136,0.36128954,4.71583863,3.23956307,0.42810633,0.09305996,4131.48321,7.99273056532676,5.92788578381825,7.35375442883571,7.26577962161292,4.93031988357645,8.22344345934305,"R_none"
