"","cue","cue_b","log","log_b","id","rho","burst","iota_N1","iota_N2","phi_N1","phi_N2","fitness_rho","fitness_beta","fitness_psin","fitness_psiw","fitness_phin","fitness_phiw"
"981","R","I+Ig","none","log10",981,0.34980693,3.9189339,42.2455259,0.86041451,0.01352513,288.607438,6.45890527989254,1.28142555690463,3.29798201482143,9.70747487170153,4.41755270451907,9.80271486064119
