"","iter","rho","burst","iota_N1","iota_N2","phi_N1","phi_N2","max_fitness_rho","max_fitness_beta","max_fitness_psin","max_fitness_psiw","max_fitness_phin","max_fitness_phiw","id"
"766",766,0.40432648,4.773748,50.6285833,0.44357361,0.00299482,754.079664,8.61919167822657,7.75709634811366,4.43939196967095,8.14836169850986,8.53741738903251,9.77706610403192,"R_none-I_log"
