"","cue","log","id","rho","burst","iota_N1","iota_N2","phi_N1","phi_N2","fitness_rho","fitness_beta","fitness_psin","fitness_psiw","fitness_phin","fitness_phiw"
"4350","R","none",4350,0.3843759,6.17454354,17.6671178,1.78898461,0.03786261,2782.28016,7.90326835697848,6.13674395557549,8.21865019934321,5.03688661427074,8.20367048627174,8.22518032288128
