"","cue","cue_b","log","log_b","id","rho","burst","iota_N1","iota_N2","phi_N1","phi_N2","fitness_rho","fitness_beta","fitness_psin","fitness_psiw","fitness_phin","fitness_phiw"
"20","R","I","none","log10",20,0.3348041,4.1382574,19.668688,0.80100782,0.0387175,335.872263,8.04406718999827,5.67517032335196,8.50756433687506,9.81518324834839,9.04866537939429,9.79821947788136
