"","cue","log","id","rho","burst","iota_N1","iota_N2","phi_N1","phi_N2","fitness_rho","fitness_beta","fitness_psin","fitness_psiw","fitness_phin","fitness_phiw"
"2088","R","none",2088,0.56795075,5.95033474,33.3709044,1.85522479,0.03071055,294.259651,7.44093397131323,7.37452086170908,5.93853991101925,4.92274400532476,8.22661409882574,8.26899750747671
