"","cue","log","id","rho","burst","iota_N1","iota_N2","phi_N1","phi_N2","fitness_rho","fitness_beta","fitness_psin","fitness_psiw","fitness_phin","fitness_phiw"
"943","R","none",943,0.40394971,5.6754233,75.7951567,0.98221265,0.00621742,283.96335,7.83205090211188,8.18311523771157,3.61582820388476,7.65591297554871,7.33751893640552,8.27072510604273
