"","iter","rho","burst","iota_N1","iota_N2","phi_N1","phi_N2","max_fitness_rho","max_fitness_beta","max_fitness_psin","max_fitness_psiw","max_fitness_phin","max_fitness_phiw","id"
"600",600,0.40425652,6.25944378,88.3856181,1.88099368,0.01116181,365.625953,5.81631050928974,5.72353126276414,2.06094194054396,5.19269640587845,4.22654703846274,9.79350782113853,"R_none-I+Ig_log"
