"","cue","log","id","rho","burst","iota_N1","iota_N2","phi_N1","phi_N2","fitness_rho","fitness_beta","fitness_psin","fitness_psiw","fitness_phin","fitness_phiw"
"3842","R","none",3842,0.25018075,4.03187943,21.7319786,0.88895124,0.02450211,7521.61093,8.20372047026432,3.74071508345918,7.71847561207601,8.07595447663946,8.06235521258057,8.22182179510248
