"","iter","rho","burst","iota_N1","iota_N2","phi_N1","phi_N2","max_fitness_rho","max_fitness_beta","max_fitness_psin","max_fitness_psiw","max_fitness_phin","max_fitness_phiw","id"
"784",784,0.43901771,4.73817024,12.3156449,0.45601285,0.02265807,69.0688082,7.71823685776585,5.97280877804695,8.11363582089705,7.35459704790719,7.99229602947669,8.40945217048858,"R_none"
