"","cue","log","id","rho","burst","iota_N1","iota_N2","phi_N1","phi_N2","fitness_rho","fitness_beta","fitness_psin","fitness_psiw","fitness_phin","fitness_phiw"
"1403","R","none",1403,0.21088347,4.53824342,60.7257559,2.5724193,0.04263633,5694.80665,7.63606767759065,5.54362540237565,4.14359069974471,4.01594447165039,7.97836802057469,8.22245498424613
