"","iter","rho","burst","iota_N1","iota_N2","phi_N1","phi_N2","max_fitness_rho","max_fitness_beta","max_fitness_psin","max_fitness_psiw","max_fitness_phin","max_fitness_phiw","id"
"825",825,0.32823351,4.00536272,9.77372175,0.66582104,0.04539784,616.953634,6.90365709606467,1.41124368174768,5.08892375728243,8.02329945042279,6.3878743698112,9.77867876813931,"R_none-I+Ig_log"
