"","iter","rho","burst","iota_N1","iota_N2","phi_N1","phi_N2","max_fitness_rho","max_fitness_beta","max_fitness_psin","max_fitness_psiw","max_fitness_phin","max_fitness_phiw","id"
"659",659,0.34849114,4.56005712,29.8379633,1.76860006,0.13716181,174.51114,6.48032785557845,2.57809288615202,4.36428306468922,5.43972727760132,2.58878196182931,9.82877048189075,"R_none-I+Ig_log"
