"","cue","cue_b","log","log_b","id","rho","burst","iota_N1","iota_N2","phi_N1","phi_N2","fitness_rho","fitness_beta","fitness_psin","fitness_psiw","fitness_phin","fitness_phiw"
"402","R","I","none","log10",402,0.41380606,5.84716451,14.6251143,1.91470672,0.07192218,962.262577,8.75068087626748,9.53081335848307,8.25507574850117,5.8689821570835,5.67032580862687,9.77315080055735
