"","iter","rho","burst","iota_N1","iota_N2","phi_N1","phi_N2","max_fitness_rho","max_fitness_beta","max_fitness_psin","max_fitness_psiw","max_fitness_phin","max_fitness_phiw","id"
"43",43,0.28336518,5.54303179,7.00623756,1.02710473,0.05960943,306.419521,8.24978068526042,7.87215719890219,7.65170053214226,7.4395001784711,6.50852202008638,8.26710227732121,"R_none"
