"","iter","rho","burst","iota_N1","iota_N2","phi_N1","phi_N2","max_fitness_rho","max_fitness_beta","max_fitness_psin","max_fitness_psiw","max_fitness_phin","max_fitness_phiw","id"
"926",926,0.3385966,3.86649228,12.1747061,1.09831527,0.09292166,545.352599,8.08271059805571,2.82300195029912,8.10405542456939,7.09973516465945,4.93490630955036,8.24672717211035,"R_none"
