"","iter","rho","burst","iota_N1","iota_N2","phi_N1","phi_N2","max_fitness_rho","max_fitness_beta","max_fitness_psin","max_fitness_psiw","max_fitness_phin","max_fitness_phiw","id"
"926",926,0.3385966,3.86649228,12.1747061,1.09831527,0.09292166,545.352599,8.05630629333514,4.61960909547407,8.61791582048631,8.57220298985973,4.83470685791171,9.78382228851327,"R_none-I_log"
