"","cue","log","id","rho","burst","iota_N1","iota_N2","phi_N1","phi_N2","fitness_rho","fitness_beta","fitness_psin","fitness_psiw","fitness_phin","fitness_phiw"
"3094","R","none",3094,0.35779497,4.83610178,5.58626207,0.53391413,0.05225096,621.830926,8.00659459355523,6.16633338733958,7.52657604976228,7.62749896342426,7.06946213170191,8.24346826411675
