"","cue","cue_b","log","log_b","id","rho","burst","iota_N1","iota_N2","phi_N1","phi_N2","fitness_rho","fitness_beta","fitness_psin","fitness_psiw","fitness_phin","fitness_phiw"
"797","R","I","none","log10",797,0.21522912,4.54947372,14.5223845,2.27564038,0.1457809,131.487938,8.7244300570845,7.08939223057546,8.24661327097174,5.06788034921227,3.86442966363645,9.84387465773833
