"","iter","rho","burst","iota_N1","iota_N2","phi_N1","phi_N2","max_fitness_rho","max_fitness_beta","max_fitness_psin","max_fitness_psiw","max_fitness_phin","max_fitness_phiw","id"
"555",555,0.33815716,4.04875557,31.2172643,0.81726213,0.01923354,424.169812,8.08443370092308,3.8259131830264,6.17899430552588,8.32517157918467,7.84767430906464,8.25425277394404,"R_none"
