"","iter","rho","burst","iota_N1","iota_N2","phi_N1","phi_N2","max_fitness_rho","max_fitness_beta","max_fitness_psin","max_fitness_psiw","max_fitness_phin","max_fitness_phiw","id"
"751",751,0.27013862,5.56958702,35.7881364,1.06003888,0.01530318,2195.0394,9.72347007777607,8.34662617795952,3.73571276613216,8.16313910842932,4.57175410644789,9.7621657384547,"R_none-I+Ig_log"
