"","cue","log","id","rho","burst","iota_N1","iota_N2","phi_N1","phi_N2","fitness_rho","fitness_beta","fitness_psin","fitness_psiw","fitness_phin","fitness_phiw"
"954","R","none",954,0.35474427,6.10830883,15.8071391,2.21025356,0.06851425,68.4939848,8.01872473005307,6.45045406671289,8.25033749620447,4.41678474040106,5.97309302771737,8.41082951393846
