"","cue","log","id","rho","burst","iota_N1","iota_N2","phi_N1","phi_N2","fitness_rho","fitness_beta","fitness_psin","fitness_psiw","fitness_phin","fitness_phiw"
"3464","R","none",3464,0.27810239,3.94819777,16.8460729,0.76510674,0.04018386,3637.2484,8.25475739729744,3.29317086669683,8.24382027261462,8.42403213263954,8.12196298028664,8.22392897753004
