"","cue","cue_b","log","log_b","id","rho","burst","iota_N1","iota_N2","phi_N1","phi_N2","fitness_rho","fitness_beta","fitness_psin","fitness_psiw","fitness_phin","fitness_phiw"
"660","R","I+Ig","none","log10",660,0.34214222,6.29368681,16.6052958,1.69694774,0.0431463,4198.50846,6.59167372432993,5.63873071262038,9.77522339577007,5.61191149713112,6.88335430277685,9.75896946160371
