"","cue","log","id","rho","burst","iota_N1","iota_N2","phi_N1","phi_N2","fitness_rho","fitness_beta","fitness_psin","fitness_psiw","fitness_phin","fitness_phiw"
"252","R","none",252,0.34628005,5.96143606,20.2315426,1.88307273,0.0468092,240.971473,8.05238792739886,7.29872304212389,7.98660043442682,4.87704575928255,7.5967956699786,8.2794733358726
