"","cue","log","id","rho","burst","iota_N1","iota_N2","phi_N1","phi_N2","fitness_rho","fitness_beta","fitness_psin","fitness_psiw","fitness_phin","fitness_phiw"
"1116","R","none",1116,0.30653746,6.05516003,11.5996689,2.00790153,0.05380515,203.208143,8.19759392615558,6.73114742255274,8.06245576761039,4.68644987655743,6.93922045813707,8.29008098088208
