"","cue","cue_b","log","log_b","id","rho","burst","iota_N1","iota_N2","phi_N1","phi_N2","fitness_rho","fitness_beta","fitness_psin","fitness_psiw","fitness_phin","fitness_phiw"
"677","R","I+Ig","none","log10",677,0.28467217,4.34878997,18.8857173,2.25665262,0.16442163,242.412342,9.22390162098556,2.05225367323712,7.86485384691672,4.52144510124933,2.34449939233424,9.81070101332482
