"","cue","log","id","rho","burst","iota_N1","iota_N2","phi_N1","phi_N2","fitness_rho","fitness_beta","fitness_psin","fitness_psiw","fitness_phin","fitness_phiw"
"3487","R","none",3487,0.39486262,5.64322216,71.2362418,0.95298701,0.00467995,132.532169,7.86447877564084,8.12041663760655,3.75852832916098,7.79400868116966,7.29725522608969,8.32506299077411
