"","cue","log","id","rho","burst","iota_N1","iota_N2","phi_N1","phi_N2","fitness_rho","fitness_beta","fitness_psin","fitness_psiw","fitness_phin","fitness_phiw"
"4429","R","none",4429,0.28341401,5.37562997,20.446362,1.1101731,0.03167607,111.336235,8.24972111812384,7.40121494320178,7.95412570414292,7.04469702739343,8.23914709804684,8.34350085062614
