"","cue","log","id","rho","burst","iota_N1","iota_N2","phi_N1","phi_N2","fitness_rho","fitness_beta","fitness_psin","fitness_psiw","fitness_phin","fitness_phiw"
"2559","R","none",2559,0.30093493,4.02218975,42.0424471,0.77326022,0.00897606,203.297522,8.21373254814295,3.69099101915744,5.17075169815541,8.41529827393661,7.4235058779653,8.29005070355562
