"","cue","log","id","rho","burst","iota_N1","iota_N2","phi_N1","phi_N2","fitness_rho","fitness_beta","fitness_psin","fitness_psiw","fitness_phin","fitness_phiw"
"69","R","none",69,0.3289517,4.05056584,39.9241673,0.84041615,0.01646389,886.010097,8.1199073659408,3.83494300409235,5.33290436516772,8.25556767461407,7.72503319649753,8.23649274768937
