"","cue","log","id","rho","burst","iota_N1","iota_N2","phi_N1","phi_N2","fitness_rho","fitness_beta","fitness_psin","fitness_psiw","fitness_phin","fitness_phiw"
"4453","R","none",4453,0.37931477,5.51097187,19.5079829,1.00777619,0.03615776,383.714827,7.92245644614928,7.783580703093,8.07997293880086,7.53295007535922,8.23654444151097,8.25779897018973
