"","cue","log","id","rho","burst","iota_N1","iota_N2","phi_N1","phi_N2","fitness_rho","fitness_beta","fitness_psin","fitness_psiw","fitness_phin","fitness_phiw"
"180","R","none",180,0.38271708,5.96322672,17.5505449,2.20749573,0.07677388,3334.63959,7.90952664225923,7.28670305804675,8.22341963329294,4.42019423551272,5.56106429111499,8.22429860208854
