"","cue","log","id","rho","burst","iota_N1","iota_N2","phi_N1","phi_N2","fitness_rho","fitness_beta","fitness_psin","fitness_psiw","fitness_phin","fitness_phiw"
"3267","R","none",3267,0.23007147,4.08301293,18.5852992,0.82417515,0.02001821,807.988367,8.01936557498525,3.99321915013456,8.16548304484432,8.30571924079405,7.88192889049101,8.23808408482305
