"","iter","rho","burst","iota_N1","iota_N2","phi_N1","phi_N2","max_fitness_rho","max_fitness_beta","max_fitness_psin","max_fitness_psiw","max_fitness_phin","max_fitness_phiw","id"
"531",531,0.3372719,3.9174034,49.0086788,0.86464568,0.01007635,1119.3159,6.68809024120913,1.27922326744035,2.97406562773905,9.68487562757173,4.14274759440809,9.76848991191653,"R_none-I+Ig_log"
