"","iter","rho","burst","iota_N1","iota_N2","phi_N1","phi_N2","max_fitness_rho","max_fitness_beta","max_fitness_psin","max_fitness_psiw","max_fitness_phin","max_fitness_phiw","id"
"530",530,0.26082521,4.00429899,52.7368492,0.79614991,0.00949516,3027.4403,9.77668134544933,1.40957754957791,2.83163226903288,9.80420542824046,4.09867743090962,9.76032676798343,"R_none-I+Ig_log"
