"","cue","log","id","rho","burst","iota_N1","iota_N2","phi_N1","phi_N2","fitness_rho","fitness_beta","fitness_psin","fitness_psiw","fitness_phin","fitness_phiw"
"4195","R","none",4195,0.39474605,5.49348099,19.8203835,1.05322764,0.03591242,2869.84897,7.86490305888616,7.73442565331667,8.04265387565259,7.3135298076228,8.23964268052467,8.22501812881406
