"","cue","log","id","rho","burst","iota_N1","iota_N2","phi_N1","phi_N2","fitness_rho","fitness_beta","fitness_psin","fitness_psiw","fitness_phin","fitness_phiw"
"3847","R","none",3847,0.25121761,5.5182062,38.7301995,1.13424219,0.01789973,794.016344,8.20887992268457,7.80377177415683,5.43055765153389,6.93491564253875,7.78871432090139,8.23840276439588
