"","iter","rho","burst","iota_N1","iota_N2","phi_N1","phi_N2","max_fitness_rho","max_fitness_beta","max_fitness_psin","max_fitness_psiw","max_fitness_phin","max_fitness_phiw","id"
"194",194,0.30724704,3.99052892,22.5257244,0.83408474,0.03516103,6326.34366,8.06942057100101,5.11116234137835,7.63464184134616,9.81043366007361,9.78355760148227,9.76068837437973,"R_none-I_log"
