"","cue","cue_b","log","log_b","id","rho","burst","iota_N1","iota_N2","phi_N1","phi_N2","fitness_rho","fitness_beta","fitness_psin","fitness_psiw","fitness_phin","fitness_phiw"
"328","R","I+Ig","none","log10",328,0.32294545,4.8331209,3.54352933,0.5133288,0.0579814,243.444741,7.06154228476631,3.46775153224937,3.94187010975154,7.38183399802158,4.78422096458014,9.8104932460502
