"","iter","rho","burst","iota_N1","iota_N2","phi_N1","phi_N2","max_fitness_rho","max_fitness_beta","max_fitness_psin","max_fitness_psiw","max_fitness_phin","max_fitness_phiw","id"
"479",479,0.27319103,4.73008288,25.8126091,1.80407367,0.10086604,96.3550157,8.25620383457905,5.9565885569907,6.92563683418965,5.01017344437022,4.68893352600858,8.36094114204452,"R_none"
