"","cue","log","id","rho","burst","iota_N1","iota_N2","phi_N1","phi_N2","fitness_rho","fitness_beta","fitness_psin","fitness_psiw","fitness_phin","fitness_phiw"
"81","R","none",81,0.46346928,3.87699145,10.166611,0.80320266,0.08695385,71.973707,7.64970863516499,2.88481296226023,7.94435203066697,8.36077884468052,5.14392879472339,8.4027799665461
