"","cue","log","id","rho","burst","iota_N1","iota_N2","phi_N1","phi_N2","fitness_rho","fitness_beta","fitness_psin","fitness_psiw","fitness_phin","fitness_phiw"
"4083","R","none",4083,0.32228214,4.00250403,8.07947136,0.61969933,0.05979229,8687.05207,8.14464986598272,3.58820626116567,7.75170054829375,7.98127587924945,6.49620921650388,8.22155754909947
