"","cue","log","id","rho","burst","iota_N1","iota_N2","phi_N1","phi_N2","fitness_rho","fitness_beta","fitness_psin","fitness_psiw","fitness_phin","fitness_phiw"
"2364","R","none",2364,0.41511378,6.17785201,33.399552,1.98238372,0.02404703,849.321431,7.79382341959241,6.12216162907763,5.9354965654572,4.72367865967106,8.04575201386512,8.23720382605022
