"","cue","log","id","rho","burst","iota_N1","iota_N2","phi_N1","phi_N2","fitness_rho","fitness_beta","fitness_psin","fitness_psiw","fitness_phin","fitness_phiw"
"520","R","none",520,0.35007774,4.86384243,4.28027249,0.40799846,0.05787669,3179.91488,8.03729269836094,6.22085556217364,7.42409934083779,7.20315814631721,6.62880519941562,8.22451534227523
