"","cue","cue_b","log","log_b","id","rho","burst","iota_N1","iota_N2","phi_N1","phi_N2","fitness_rho","fitness_beta","fitness_psin","fitness_psiw","fitness_phin","fitness_phiw"
"352","R","I+Ig","none","log10",352,0.38012008,5.08868442,7.69133596,0.48216063,0.03903652,356.419476,6.0603312222129,4.6106383076127,4.64204110010576,7.45372244245378,8.20969216268525,9.79441464229629
