"","cue","log","id","rho","burst","iota_N1","iota_N2","phi_N1","phi_N2","fitness_rho","fitness_beta","fitness_psin","fitness_psiw","fitness_phin","fitness_phiw"
"2161","R","none",2161,0.25873132,5.62341797,20.0801064,1.11120515,0.02131135,1013.13945,8.23714376363146,8.07657845003371,8.00818089285255,7.03993683493966,7.93715045599019,8.23442226922037
