"","cue","log","id","rho","burst","iota_N1","iota_N2","phi_N1","phi_N2","fitness_rho","fitness_beta","fitness_psin","fitness_psiw","fitness_phin","fitness_phiw"
"1243","R","none",1243,0.36271131,5.57570629,4.91327357,0.94004844,0.07464229,1027.36766,7.98710728151873,7.95918486315909,7.47196813789288,7.85374286766772,5.66048712525031,8.23421967604688
