"","cue","log","id","rho","burst","iota_N1","iota_N2","phi_N1","phi_N2","fitness_rho","fitness_beta","fitness_psin","fitness_psiw","fitness_phin","fitness_phiw"
"3426","R","none",3426,0.36066953,6.1102162,14.5766142,2.06843447,0.05834629,116.949172,7.99518963589123,6.44082614575064,8.22708257973395,4.60128145845041,6.59554396725121,8.33801924094308
