"","cue","log","id","rho","burst","iota_N1","iota_N2","phi_N1","phi_N2","fitness_rho","fitness_beta","fitness_psin","fitness_psiw","fitness_phin","fitness_phiw"
"4703","R","none",4703,0.18683836,4.45895793,46.3436498,1.9467661,0.05428012,2768.87686,7.01763871936346,5.34661701893413,4.87708623275286,4.7770661634342,6.90085148483665,8.22520624148991
