"","cue","log","id","rho","burst","iota_N1","iota_N2","phi_N1","phi_N2","fitness_rho","fitness_beta","fitness_psin","fitness_psiw","fitness_phin","fitness_phiw"
"336","R","none",336,0.52878922,6.20463823,28.3340455,1.68913373,0.0339401,143.258519,7.50537574217577,6.00780173875892,6.54465081500982,5.22571575327534,8.25135924517415,8.31767767321861
