"","cue","log","id","rho","burst","iota_N1","iota_N2","phi_N1","phi_N2","fitness_rho","fitness_beta","fitness_psin","fitness_psiw","fitness_phin","fitness_phiw"
"1253","R","none",1253,0.37349803,4.61434198,58.1119683,1.47270668,0.10735338,2112.49353,7.94484408528458,5.71575050268965,4.25503341619028,5.72905011531391,4.51203517401771,8.22686587882143
