"","cue","log","id","rho","burst","iota_N1","iota_N2","phi_N1","phi_N2","fitness_rho","fitness_beta","fitness_psin","fitness_psiw","fitness_phin","fitness_phiw"
"2210","R","none",2210,0.28862544,4.00033384,8.82209748,0.98089855,0.08607094,543.923484,8.24178149597911,3.57673409875337,7.82150728438565,7.66219198374616,5.17683014862111,8.24679635571734
