"","cue","log","id","rho","burst","iota_N1","iota_N2","phi_N1","phi_N2","fitness_rho","fitness_beta","fitness_psin","fitness_psiw","fitness_phin","fitness_phiw"
"3201","R","none",3201,0.21987523,3.83174484,7.63767678,0.87520099,0.03642753,193.283538,7.84288907964395,2.61642953058257,7.71023527386502,8.13066593628215,8.23268330795011,8.29352177291248
