"","cue","log","id","rho","burst","iota_N1","iota_N2","phi_N1","phi_N2","fitness_rho","fitness_beta","fitness_psin","fitness_psiw","fitness_phin","fitness_phiw"
"2305","R","none",2305,0.27316778,5.59928338,26.2431419,0.96046771,0.01356795,2097.35182,8.25620359252504,8.01896109924782,6.85580222373923,7.75902647528673,7.59976217059889,8.22691611106791
