"","cue","log","id","rho","burst","iota_N1","iota_N2","phi_N1","phi_N2","fitness_rho","fitness_beta","fitness_psin","fitness_psiw","fitness_phin","fitness_phiw"
"372","R","none",372,0.4954896,6.26529986,27.7640158,1.94351993,0.06222764,383.237569,7.57246767034689,5.77312275244575,6.62510793282242,4.78201811094787,6.33848149265597,8.25784572082272
