"","iter","rho","burst","iota_N1","iota_N2","phi_N1","phi_N2","max_fitness_rho","max_fitness_beta","max_fitness_psin","max_fitness_psiw","max_fitness_phin","max_fitness_phiw","id"
"299",299,0.28699644,4.57570356,110.619159,2.05192128,0.02186002,370.416851,8.2445520543575,5.63011344336533,2.81086809312011,4.62409609735008,7.95995525719722,8.25912894732716,"R_none"
