"","cue","log","id","rho","burst","iota_N1","iota_N2","phi_N1","phi_N2","fitness_rho","fitness_beta","fitness_psin","fitness_psiw","fitness_phin","fitness_phiw"
"1520","R","none",1520,0.26321435,3.97407309,26.1320999,0.91595466,0.0149409,1816.75743,8.24739048495888,3.43576218041491,6.87360840653202,7.96169260689031,7.65831112752185,8.228002965643
