"","cue","log","id","rho","burst","iota_N1","iota_N2","phi_N1","phi_N2","fitness_rho","fitness_beta","fitness_psin","fitness_psiw","fitness_phin","fitness_phiw"
"3012","R","none",3012,0.39724125,6.32358109,28.8110677,1.80305722,0.04061825,664.589069,7.85588148255797,5.58155480994816,6.47965991398792,5.01195608665486,8.10115830437278,8.24196591225883
