"","iter","rho","burst","iota_N1","iota_N2","phi_N1","phi_N2","max_fitness_rho","max_fitness_beta","max_fitness_psin","max_fitness_psiw","max_fitness_phin","max_fitness_phiw","id"
"972",972,0.34173917,5.98657912,8.23636006,2.2488743,0.11823955,552.230692,6.59924804582208,6.83440916555862,4.75129622965927,4.53342095847708,2.82229839252886,9.7812723028143,"R_none-I+Ig_log"
