"","cue","log","id","rho","burst","iota_N1","iota_N2","phi_N1","phi_N2","fitness_rho","fitness_beta","fitness_psin","fitness_psiw","fitness_phin","fitness_phiw"
"1101","R","none",1101,0.35758116,3.86026902,7.946015,0.76012639,0.08639404,115.428931,8.00744448817953,2.78621623430134,7.73914799557995,8.42784622357278,5.16472997180076,8.33945676190428
