"","cue","log","id","rho","burst","iota_N1","iota_N2","phi_N1","phi_N2","fitness_rho","fitness_beta","fitness_psin","fitness_psiw","fitness_phin","fitness_phiw"
"4824","R","none",4824,0.43307418,6.42664061,8.44319065,1.69917795,0.09564387,5105.50426,7.73622748099952,5.31820302157847,7.7859306068558,5.20569548784616,4.84670345065335,8.22275676870943
