"","cue","cue_b","log","log_b","id","rho","burst","iota_N1","iota_N2","phi_N1","phi_N2","fitness_rho","fitness_beta","fitness_psin","fitness_psiw","fitness_phin","fitness_phiw"
"449","R","I","none","log10",449,0.21513996,4.60238475,11.9012481,2.11014559,0.15052072,172.288077,8.7226257024176,7.25336882166958,8.7154322266944,5.41154181560129,3.81052407579085,9.8286121875356
