"","cue","log","id","rho","burst","iota_N1","iota_N2","phi_N1","phi_N2","fitness_rho","fitness_beta","fitness_psin","fitness_psiw","fitness_phin","fitness_phiw"
"3138","R","none",3138,0.36263992,6.32427281,25.7920433,1.91282143,0.04721977,3253.3319,7.98739008446501,5.57948392962649,6.92902471600424,4.82959382850948,7.55411176991971,8.2244106939042
