"","cue","log","id","rho","burst","iota_N1","iota_N2","phi_N1","phi_N2","fitness_rho","fitness_beta","fitness_psin","fitness_psiw","fitness_phin","fitness_phiw"
"2145","R","none",2145,0.40073772,3.9524124,15.5975011,0.80716428,0.04446191,3817.53461,7.84338081350438,3.31663541971034,8.24860273792709,8.35131436540221,7.82902793480963,8.22373629528507
