"","cue","log","id","rho","burst","iota_N1","iota_N2","phi_N1","phi_N2","fitness_rho","fitness_beta","fitness_psin","fitness_psiw","fitness_phin","fitness_phiw"
"4542","R","none",4542,0.34460817,5.98040965,122.07636,1.91621337,0.01051765,976.852381,8.05902014366602,7.17402090081439,2.61577043300417,4.82426927201643,7.47858310896825,8.23495617794195
