"","iter","rho","burst","iota_N1","iota_N2","phi_N1","phi_N2","max_fitness_rho","max_fitness_beta","max_fitness_psin","max_fitness_psiw","max_fitness_phin","max_fitness_phiw","id"
"560",560,0.27380831,3.99789811,14.0011301,0.74074619,0.05050694,1510.46161,9.64798671159087,1.3995954244526,6.43193420410166,9.33801774698783,5.56684856936788,9.76516483794521,"R_none-I+Ig_log"
