"","cue","log","id","rho","burst","iota_N1","iota_N2","phi_N1","phi_N2","fitness_rho","fitness_beta","fitness_psin","fitness_psiw","fitness_phin","fitness_phiw"
"345","R","none",345,0.28459162,3.84063276,4.41884134,0.84397488,0.14709495,601.235802,8.2481681615102,2.66951365127083,7.43426589982387,8.24381227143697,3.73787593040554,8.24426541233214
