"","cue","log","id","rho","burst","iota_N1","iota_N2","phi_N1","phi_N2","fitness_rho","fitness_beta","fitness_psin","fitness_psiw","fitness_phin","fitness_phiw"
"2387","R","none",2387,0.27635879,4.66779495,5.61279513,1.72934453,0.53491127,1907.66697,8.25565249872014,5.82938813012159,7.52879968710943,5.14700870934039,1.60081085916081,8.22761539870131
