"","cue","log","id","rho","burst","iota_N1","iota_N2","phi_N1","phi_N2","fitness_rho","fitness_beta","fitness_psin","fitness_psiw","fitness_phin","fitness_phiw"
"3428","R","none",3428,0.31541657,4.08120671,7.42741706,0.74810555,0.17613149,491.683803,8.1688738870072,3.9845907412154,7.69062153017023,8.43181916431072,3.36091181403747,8.24961301088956
