"","cue","log","id","rho","burst","iota_N1","iota_N2","phi_N1","phi_N2","fitness_rho","fitness_beta","fitness_psin","fitness_psiw","fitness_phin","fitness_phiw"
"4098","R","none",4098,0.28547374,6.17337674,31.8622926,1.92944654,0.01955572,74.4339689,8.24690890667493,6.14190542321032,6.10456348630727,4.80365939126176,7.86179016808318,8.39748130746118
