"","cue","cue_b","log","log_b","id","rho","burst","iota_N1","iota_N2","phi_N1","phi_N2","fitness_rho","fitness_beta","fitness_psin","fitness_psiw","fitness_phin","fitness_phiw"
"896","R","I+Ig","none","log10",896,0.25375497,4.0862535,8.3371095,0.81562459,0.06315416,285.136254,9.69279310989388,1.54297543610725,4.77209586069734,9.83020627527223,4.40931173403915,9.80323437998736
