"","iter","rho","burst","iota_N1","iota_N2","phi_N1","phi_N2","max_fitness_rho","max_fitness_beta","max_fitness_psin","max_fitness_psiw","max_fitness_phin","max_fitness_phiw","id"
"250",250,0.4327203,4.77846095,3.99803988,0.4526721,0.03277537,61.814385,7.73731798094122,6.052900766859,7.4039528891858,7.34381729639739,8.24823520347336,8.42839586243226,"R_none"
