"","cue","cue_b","log","log_b","id","rho","burst","iota_N1","iota_N2","phi_N1","phi_N2","fitness_rho","fitness_beta","fitness_psin","fitness_psiw","fitness_phin","fitness_phiw"
"1192","R","I","none","log10",1192,0.37796323,4.96493241,6.35671182,0.56254581,0.04828208,46.0947222,8.31778727541434,8.27410709704654,9.22172256606371,7.80408532340241,7.55900795247895,9.81900581971177
