"","cue","cue_b","log","log_b","id","rho","burst","iota_N1","iota_N2","phi_N1","phi_N2","fitness_rho","fitness_beta","fitness_psin","fitness_psiw","fitness_phin","fitness_phiw"
"5","R","I","none","log10",5,0.136123,4.60260258,54.1518138,2.12705195,0.0420811,2168.60582,7.44626783665333,7.25403441305736,4.29175934591409,5.37470655807984,8.41876056391937,9.7650460659622
