"","cue","cue_b","log","log_b","id","rho","burst","iota_N1","iota_N2","phi_N1","phi_N2","fitness_rho","fitness_beta","fitness_psin","fitness_psiw","fitness_phin","fitness_phiw"
"134","R","I","none","log10",134,0.34662081,3.96315919,37.5343281,0.7638392,0.03307196,386.81877,8.09076430678031,5.00395426626767,5.28641931267189,9.27052890035913,8.88654190196342,9.79341471597524
