"","cue","cue_b","log","log_b","id","rho","burst","iota_N1","iota_N2","phi_N1","phi_N2","fitness_rho","fitness_beta","fitness_psin","fitness_psiw","fitness_phin","fitness_phiw"
"826","R","I","none","log10",826,0.43766383,4.8729108,5.7406743,0.43208918,0.06660997,127.14335,9.0777965820509,8.03082377054276,9.14784633226599,8.16829889661559,5.97462542132309,9.84579798768983
