"","cue","log","id","rho","burst","iota_N1","iota_N2","phi_N1","phi_N2","fitness_rho","fitness_beta","fitness_psin","fitness_psiw","fitness_phin","fitness_phiw"
"4278","R","none",4278,0.39037547,6.06382097,11.4699543,1.84519012,0.10372075,4532.35922,7.88090840926692,6.68379919846275,8.05255352244622,4.93952932082102,4.60862504869818,8.22312380617524
