"","iter","rho","burst","iota_N1","iota_N2","phi_N1","phi_N2","max_fitness_rho","max_fitness_beta","max_fitness_psin","max_fitness_psiw","max_fitness_phin","max_fitness_phiw","id"
"610",610,0.43009874,4.69528628,292.547996,0.52938747,0.00092203,4421.53613,5.59729839178216,2.98444457370722,1.07309069636409,7.35490929407537,3.50525035288373,9.75879144674437,"R_none-I+Ig_log"
