"","cue","cue_b","log","log_b","id","rho","burst","iota_N1","iota_N2","phi_N1","phi_N2","fitness_rho","fitness_beta","fitness_psin","fitness_psiw","fitness_phin","fitness_phiw"
"917","R","I","none","log10",917,0.29972836,4.51676149,15.4593317,1.96044651,0.23608137,43762.0623,8.13587412799475,6.98594419540818,8.57856901107921,5.75645169619549,3.18285260591054,9.75871690390925
