"","iter","rho","burst","iota_N1","iota_N2","phi_N1","phi_N2","max_fitness_rho","max_fitness_beta","max_fitness_psin","max_fitness_psiw","max_fitness_phin","max_fitness_phiw","id"
"137",137,0.25789977,4.61989083,42.218219,1.75520382,0.06607976,1654.92929,8.23473555112191,5.7277894731057,5.15787050225852,5.09834035864903,6.10865228166058,8.22879756569935,"R_none"
