"","iter","rho","burst","iota_N1","iota_N2","phi_N1","phi_N2","max_fitness_rho","max_fitness_beta","max_fitness_psin","max_fitness_psiw","max_fitness_phin","max_fitness_phiw","id"
"475",475,0.30864295,5.59996629,11.7918478,1.00448675,0.02856181,1126.64266,8.06121155606343,9.61021378631464,8.75709936062816,8.99237543994927,8.28683391999063,9.77105183498156,"R_none-I_log"
