"","cue","log","id","rho","burst","iota_N1","iota_N2","phi_N1","phi_N2","fitness_rho","fitness_beta","fitness_psin","fitness_psiw","fitness_phin","fitness_phiw"
"290","R","none",290,0.34880314,4.01328652,14.0455008,0.9299879,0.05788746,1125.97123,8.0423664090232,3.64479356768849,8.20797247053253,7.89939718957921,6.62803597017187,8.23297233921069
