"","cue","log","id","rho","burst","iota_N1","iota_N2","phi_N1","phi_N2","fitness_rho","fitness_beta","fitness_psin","fitness_psiw","fitness_phin","fitness_phiw"
"900","R","none",900,0.34575921,6.15405045,23.1342373,2.12136623,0.03648381,3218.9067,8.05445853717006,6.22929597930624,7.42190990130035,4.53012455985097,8.23181643591377,8.22445939009124
