"","cue","log","id","rho","burst","iota_N1","iota_N2","phi_N1","phi_N2","fitness_rho","fitness_beta","fitness_psin","fitness_psiw","fitness_phin","fitness_phiw"
"1977","R","none",1977,0.30397675,3.94984075,5.38003109,0.80960154,0.12060186,1063.60459,8.20519113938281,3.30232996432205,7.50946568839356,8.34526487124666,4.20489970697056,8.23373506664251
