"","iter","rho","burst","iota_N1","iota_N2","phi_N1","phi_N2","max_fitness_rho","max_fitness_beta","max_fitness_psin","max_fitness_psiw","max_fitness_phin","max_fitness_phiw","id"
"671",671,0.35469465,4.94730102,95.8417709,1.91002945,0.01936549,2067.86105,6.38336158565054,3.93268224483165,1.96784664665547,5.13293580087072,4.96889933332306,9.76257287697241,"R_none-I+Ig_log"
