"","cue","log","id","rho","burst","iota_N1","iota_N2","phi_N1","phi_N2","fitness_rho","fitness_beta","fitness_psin","fitness_psiw","fitness_phin","fitness_phiw"
"2586","R","none",2586,0.38612589,6.03495504,37.6857404,2.04805753,0.02613726,3026.22584,7.89670204450041,6.8442909552065,5.52018427490135,4.62947719097849,8.11766846313803,8.22475221129828
