"","cue","log","id","rho","burst","iota_N1","iota_N2","phi_N1","phi_N2","fitness_rho","fitness_beta","fitness_psin","fitness_psiw","fitness_phin","fitness_phiw"
"3960","R","none",3960,0.38297905,5.79900861,13.9577338,2.18425065,0.10640957,94.919892,7.90853473236659,8.2328105021207,8.20433474513691,4.44919768854574,4.53655000990613,8.36287053648476
