"","iter","rho","burst","iota_N1","iota_N2","phi_N1","phi_N2","max_fitness_rho","max_fitness_beta","max_fitness_psin","max_fitness_psiw","max_fitness_phin","max_fitness_phiw","id"
"462",462,0.49199877,6.13290236,20.3398785,1.72495374,0.05631239,1734.55988,7.58024854901008,6.32902418287164,7.97049344736564,5.15541884889255,6.74327734851289,8.22838833028324,"R_none"
