"","cue","log","id","rho","burst","iota_N1","iota_N2","phi_N1","phi_N2","fitness_rho","fitness_beta","fitness_psin","fitness_psiw","fitness_phin","fitness_phiw"
"2409","R","none",2409,0.32340672,4.02846463,14.6094199,0.94154436,0.03131118,583.265135,8.1405505242626,3.72325857772913,8.22809529024013,7.84689415948772,8.23489604887351,8.24500578175012
