"","cue","log","id","rho","burst","iota_N1","iota_N2","phi_N1","phi_N2","fitness_rho","fitness_beta","fitness_psin","fitness_psiw","fitness_phin","fitness_phiw"
"2268","R","none",2268,0.39447907,6.06308617,30.2391007,1.92510193,0.03237459,670.035921,7.8658761593866,6.68779306826249,6.29638385037754,4.81039762730348,8.24558484372631,8.2417907410401
