"","iter","rho","burst","iota_N1","iota_N2","phi_N1","phi_N2","max_fitness_rho","max_fitness_beta","max_fitness_psin","max_fitness_psiw","max_fitness_phin","max_fitness_phiw","id"
"42",42,0.30488806,6.0151643,10.424627,2.2188518,0.09077127,1539.89039,8.08590024422041,7.60835078224376,9.27090246981788,5.18166801556781,4.90167602036895,9.76771623690359,"R_none-I_log"
