"","cue","log","id","rho","burst","iota_N1","iota_N2","phi_N1","phi_N2","fitness_rho","fitness_beta","fitness_psin","fitness_psiw","fitness_phin","fitness_phiw"
"740","R","none",740,0.44020081,4.00071445,4.9296883,0.61330317,0.22124943,45.8507972,7.71472286239174,3.5787472003726,7.47325580808527,7.95224080462474,2.92807720985927,8.48642860445614
