"","cue","cue_b","log","log_b","id","rho","burst","iota_N1","iota_N2","phi_N1","phi_N2","fitness_rho","fitness_beta","fitness_psin","fitness_psiw","fitness_phin","fitness_phiw"
"111","R","I","none","log10",111,0.29507315,3.87648287,11.0203844,0.843016,0.04565773,1268.81276,8.20410496106799,4.6597005468284,9.07236423433363,9.78412621198738,7.88602148160047,9.76966505435167
