"","iter","rho","burst","iota_N1","iota_N2","phi_N1","phi_N2","max_fitness_rho","max_fitness_beta","max_fitness_psin","max_fitness_psiw","max_fitness_phin","max_fitness_phiw","id"
"630",630,0.2920235,6.1746586,69.7869029,1.94940713,0.00881473,324.861459,8.77517299211318,5.9981084101268,2.37003303397441,5.05431107488516,4.04773181190112,9.79788729236424,"R_none-I+Ig_log"
