"","cue","log","id","rho","burst","iota_N1","iota_N2","phi_N1","phi_N2","fitness_rho","fitness_beta","fitness_psin","fitness_psiw","fitness_phin","fitness_phiw"
"2880","R","none",2880,0.29266274,5.87324065,61.8437326,2.02491354,0.01326126,384.834428,8.23388385382163,7.93389813077718,4.09813098582656,4.66207952626613,7.58696575447939,8.25768939295609
