"","cue","log","id","rho","burst","iota_N1","iota_N2","phi_N1","phi_N2","fitness_rho","fitness_beta","fitness_psin","fitness_psiw","fitness_phin","fitness_phiw"
"2503","R","none",2503,0.39908737,5.45748239,100.181833,0.90208515,0.00943449,742.59034,7.84925815086066,7.63233938091217,3.01271639403298,8.02140111033812,7.43939185155416,8.23966937975961
