"","iter","rho","burst","iota_N1","iota_N2","phi_N1","phi_N2","max_fitness_rho","max_fitness_beta","max_fitness_psin","max_fitness_psiw","max_fitness_phin","max_fitness_phiw","id"
"140",140,0.32795045,4.01690261,3.31912478,0.76508292,0.33171273,221.233717,8.0295647001511,5.21372448652528,8.81958875671395,9.31606201711183,2.75904725523233,9.81575178705982,"R_none-I_log"
