"","cue","cue_b","log","log_b","id","rho","burst","iota_N1","iota_N2","phi_N1","phi_N2","fitness_rho","fitness_beta","fitness_psin","fitness_psiw","fitness_phin","fitness_phiw"
"299","R","I","none","log10",299,0.28699644,4.57570356,110.619159,2.05192128,0.02186002,370.416851,8.43658251619122,7.17119614100258,3.0690245555614,5.54160493921781,9.27843660711617,9.79483250953301
