"","cue","log","id","rho","burst","iota_N1","iota_N2","phi_N1","phi_N2","fitness_rho","fitness_beta","fitness_psin","fitness_psiw","fitness_phin","fitness_phiw"
"40","R","none",40,0.34346,4.64551106,4.99307909,0.48156289,0.047151,3573.13058,8.0635628117842,5.78261376143515,7.47825197097304,7.43903293096893,7.5612702223787,8.2240015570257
