"","cue","log","id","rho","burst","iota_N1","iota_N2","phi_N1","phi_N2","fitness_rho","fitness_beta","fitness_psin","fitness_psiw","fitness_phin","fitness_phiw"
"3762","R","none",3762,0.32865539,5.90278236,15.6934104,1.97812989,0.06795363,268.682144,8.12102688355528,7.72323955615678,8.24951638805439,4.72996560874391,6.00372160327713,8.27352376707683
