"","cue","log","id","rho","burst","iota_N1","iota_N2","phi_N1","phi_N2","fitness_rho","fitness_beta","fitness_psin","fitness_psiw","fitness_phin","fitness_phiw"
"4037","R","none",4037,0.18887454,4.65491124,50.0733856,2.74631529,0.05038078,5952.89064,7.06758312464408,5.80243922845359,4.65447368057845,3.84924543171802,7.23773266111885,8.22234330410192
