"","cue","log","id","rho","burst","iota_N1","iota_N2","phi_N1","phi_N2","fitness_rho","fitness_beta","fitness_psin","fitness_psiw","fitness_phin","fitness_phiw"
"3660","R","none",3660,0.41876175,6.4257383,225.141681,1.67983058,0.00398818,222.162737,7.78173068658521,5.32014674094013,1.54463216187981,5.24448540699776,7.28101770187909,8.28432505066637
