"","cue","log","id","rho","burst","iota_N1","iota_N2","phi_N1","phi_N2","fitness_rho","fitness_beta","fitness_psin","fitness_psiw","fitness_phin","fitness_phiw"
"3349","R","none",3349,0.33050967,5.69966047,34.7552688,0.8915113,0.01313809,2188.12026,8.11399722592303,8.22124969840663,5.7954282319042,8.06548631556268,7.58186160580267,8.22662565280868
