"","iter","rho","burst","iota_N1","iota_N2","phi_N1","phi_N2","max_fitness_rho","max_fitness_beta","max_fitness_psin","max_fitness_psiw","max_fitness_phin","max_fitness_phiw","id"
"554",554,0.43280451,3.96602119,35.6704553,0.57153162,0.0323402,420.658235,5.57643928860144,1.35081082502125,3.74546688799237,7.36010277700472,7.74141052673545,9.78884500205083,"R_none-I+Ig_log"
