"","iter","rho","burst","iota_N1","iota_N2","phi_N1","phi_N2","max_fitness_rho","max_fitness_beta","max_fitness_psin","max_fitness_psiw","max_fitness_phin","max_fitness_phiw","id"
"615",615,0.36449266,3.94123977,7.51910272,0.82583934,0.05285987,206.58777,8.20332090502452,4.91753872852775,9.34150760050537,9.82752282885852,7.0581823550915,9.81910974670041,"R_none-I_log"
