"","iter","rho","burst","iota_N1","iota_N2","phi_N1","phi_N2","max_fitness_rho","max_fitness_beta","max_fitness_psin","max_fitness_psiw","max_fitness_phin","max_fitness_phiw","id"
"346",346,0.38920568,4.89638693,1.18111811,0.45197074,0.24374285,701.933991,5.96317189923925,3.71727626812166,3.60274067543813,7.54315176676575,1.92682010117259,9.77596770343728,"R_none-I+Ig_log"
