"","iter","rho","burst","iota_N1","iota_N2","phi_N1","phi_N2","max_fitness_rho","max_fitness_beta","max_fitness_psin","max_fitness_psiw","max_fitness_phin","max_fitness_phiw","id"
"770",770,0.29973217,3.88631715,15.9309663,0.66292474,0.06456449,4012.34969,8.21695522775984,2.93942359774352,8.25090327414422,8.19370123251949,6.19659638362623,8.22354829481515,"R_none"
