"","cue","log","id","rho","burst","iota_N1","iota_N2","phi_N1","phi_N2","fitness_rho","fitness_beta","fitness_psin","fitness_psiw","fitness_phin","fitness_phiw"
"2170","R","none",2170,0.25108579,4.69606089,11.3007935,0.62426833,0.02631975,625.49121,8.20824217940471,5.88768182046568,8.03937220850338,8.00246184293754,8.12337757326207,8.24333130591008
