"","cue","log","id","rho","burst","iota_N1","iota_N2","phi_N1","phi_N2","fitness_rho","fitness_beta","fitness_psin","fitness_psiw","fitness_phin","fitness_phiw"
"898","R","none",898,0.41193331,4.78406539,4.34648957,0.48428254,0.06993458,359.435097,7.80453016135595,6.063970225468,7.42893253973939,7.44826343062962,5.89705189813404,8.26030123141519
