"","id","id_b","label","label_b","fitness","par1","par2","par3","par4","par5","par6","par7","par8","par9"
"par1","R_log","I+Ig_log","R log","I+Ig log",9.77347703106196,-7.6873117022231,-497.712666727175,-1003.52690579799,47.7856365855313,-248.736011208557,-181.975534126152,27.7138840936154,-22.552719476167,-52.131985634923
