"","mut_id","res_id","fitness","mut_var1","mut_var2","mut_var3","mut_var4","res_var1","res_var2","res_var3","res_var4","mut_var1_opt","mut_var2_opt","mut_var3_opt","mut_var4_opt"
"1","Ig1+Ig2_none","I-i_none",-0.31758455500137,1,-32.831645,378.108931,-4999.999969,1.931059,-63.78682,1295.819775,-31.58044,1.31857944984538,-29.4769715643118,246.644002904279,56.9549678995354
