"","mut_id","res_id","fitness","mut_var1","mut_var2","mut_var3","mut_var4","res_var1","res_var2","res_var3","res_var4","mut_var1_opt","mut_var2_opt","mut_var3_opt","mut_var4_opt"
"1","I-i+Ig-i_none","I-i_none",-0.0260777518040225,1.738925,-32.23447,294.1821,16.1966,1.958208,-69.747557,1519.003656,-253.527388,1.75953269308759,-31.8989252967752,294.193866471297,16.1959577656958
