"","mut_id","res_id","fitness","mut_var1","mut_var2","mut_var3","mut_var4","res_var1","res_var2","res_var3","res_var4","mut_var1_opt","mut_var2_opt","mut_var3_opt","mut_var4_opt"
"1","I-i_none","I1+I2_none",0.613474499852101,1.958208,-69.747557,1519.003656,-253.527388,0.9999997,-9.1495804,-71.9937848,4998.243879,1.8797539933134,-62.7393124255098,1250.47992471804,38.0568341703718
