"","id","cue","log","beta","fitness","par1","par2","par3","par4","default"
"1","Ig_log","Ig","log10",4.7,8.34853939942121,2.02540627209098,-4.93002976029918,-1.35112287001482,-1.94972784889064,FALSE
