"","id","cue","log","beta","fitness","par1","par2","par3","par4","default"
"1","time","t","none",3.98,7.14349986531237,13.566793031433,-27.4012246284246,-1.10783364691242,-23.0577034536585,FALSE
