"","max_fitness","cue","log","id","rho","burst","iota_N1","iota_N2","phi_N1","phi_N2"
"3755",2.39780638953194,"G","log10",3755,0.14381812,4.6782089,43.2980106,2.53322972,0.03958601,321.154451
