"","max_fitness","cue","log","id","rho","burst","iota_N1","iota_N2","phi_N1","phi_N2"
"496",7.75719842878119,"G","log10",496,0.33894234,4.84132112,25.9769052,0.44859432,0.01362033,118.127873
