"","max_fitness","cue","log","id","rho","burst","iota_N1","iota_N2","phi_N1","phi_N2"
"122",1.1800093884841,"G","log10",122,0.37104493,4.05068151,4.98601375,0.68476063,0.13830881,327.495957
