"","max_fitness","cue","log","id","rho","burst","iota_N1","iota_N2","phi_N1","phi_N2"
"2286",6.1129296352725,"G","log10",2286,0.34285619,6.10212757,8.01448752,1.94442074,0.15198722,81.1144075
