"","max_fitness","cue","log","id","rho","burst","iota_N1","iota_N2","phi_N1","phi_N2"
"3359",2.2425966275539,"G","log10",3359,0.2501676,4.61716089,13.8687773,2.26296584,0.18604401,4584.59374
