"","max_fitness","cue","log","id","rho","burst","iota_N1","iota_N2","phi_N1","phi_N2"
"1499",1.85996480261221,"G","log10",1499,0.33239253,4.43377264,4.89045402,1.39105882,1.01402893,226.541162
