"","max_fitness","cue","log","id","rho","burst","iota_N1","iota_N2","phi_N1","phi_N2"
"1843",8.53451674062944,"G","log10",1843,0.30372999,5.56986308,17.9034078,1.13366192,0.02302543,883.022091
