"","max_fitness","cue","log","id","rho","burst","iota_N1","iota_N2","phi_N1","phi_N2"
"1953",0.671564389367835,"G","log10",1953,0.24323376,3.84834266,14.8048929,0.84426264,0.02389345,5809.72883
