"","max_fitness","cue","log","id","rho","burst","iota_N1","iota_N2","phi_N1","phi_N2"
"3787",8.91470984582079,"G","log10",3787,0.37344369,5.48265873,10.0443777,0.92617673,0.06670182,964.141152
