"","max_fitness","cue","log","id","rho","burst","iota_N1","iota_N2","phi_N1","phi_N2"
"196",6.76887431767978,"G","log10",196,0.30436642,4.72889485,14.1963371,0.52628053,0.01464326,566.532868
