"","max_fitness","cue","log","id","rho","burst","iota_N1","iota_N2","phi_N1","phi_N2"
"911",2.30115632970445,"G","log10",911,0.12182282,4.61320034,21.7198848,2.4119869,0.070354,988.259316
