"","max_fitness","cue","log","id","rho","burst","iota_N1","iota_N2","phi_N1","phi_N2"
"4057",9.03622277786041,"G","log10",4057,0.26679378,5.54484278,29.2692412,1.00526278,0.01040754,519.263908
