"","max_fitness","cue","log","id","rho","burst","iota_N1","iota_N2","phi_N1","phi_N2"
"2349",0.710908235959258,"G","log10",2349,0.31513609,3.87381567,13.1948505,0.87101965,0.04222578,549.938776
