"","max_fitness","cue","log","id","rho","burst","iota_N1","iota_N2","phi_N1","phi_N2"
"3719",1.4077280361054,"G","log10",3719,0.26826586,4.40180926,16.675799,2.4473656,0.24782665,299.255277
