"","max_fitness","cue","log","id","rho","burst","iota_N1","iota_N2","phi_N1","phi_N2"
"4339",8.24255044867619,"G","log10",4339,0.29091596,5.49277036,7.13467635,1.16358674,0.07452428,468.892271
