"","max_fitness","cue","log","id","rho","burst","iota_N1","iota_N2","phi_N1","phi_N2"
"158",1.07178520514193,"G","log10",158,0.29753799,4.02964072,12.6622853,0.82903181,0.06306102,1411.75794
