"","max_fitness","cue","log","id","rho","burst","iota_N1","iota_N2","phi_N1","phi_N2"
"1924",5.51733379535776,"G","log10",1924,0.33632936,4.61637205,3.99785319,0.57671479,0.08766252,152.285339
