"","max_fitness","cue","log","id","rho","burst","iota_N1","iota_N2","phi_N1","phi_N2"
"2146",6.41290928478122,"G","log10",2146,0.41720202,4.6631735,11.4337483,0.41620166,0.02233541,3128.05416
