"","max_fitness","cue","log","id","rho","burst","iota_N1","iota_N2","phi_N1","phi_N2"
"4394",0.939720858117954,"G","log10",4394,0.28081089,3.98241443,8.27436286,0.87491762,0.08854359,3083.46948
