"","max_fitness","cue","log","id","rho","burst","iota_N1","iota_N2","phi_N1","phi_N2"
"1162",6.58427196581103,"G","log10",1162,0.29187709,4.69584586,9.08241115,0.49608495,0.02645799,52.2470788
