"","max_fitness","cue","log","id","rho","burst","iota_N1","iota_N2","phi_N1","phi_N2"
"3264",6.20302467868171,"G","log10",3264,0.31747704,6.24183561,17.1654574,1.90722912,0.04858697,122.127678
