"","max_fitness","cue","log","id","rho","burst","iota_N1","iota_N2","phi_N1","phi_N2"
"3384",6.12122934304378,"G","log10",3384,0.35510939,6.15022143,12.9118554,2.14024112,0.09099934,34.369276
