"","max_fitness","cue","log","id","rho","burst","iota_N1","iota_N2","phi_N1","phi_N2"
"2855",1.56250118019442,"G","log10",2855,0.20347004,4.44105826,12.5129812,2.67335528,0.20589307,1225.53194
