"","max_fitness","cue","log","id","rho","burst","iota_N1","iota_N2","phi_N1","phi_N2"
"1371",0.697055571885649,"G","log10",1371,0.2854842,3.86507822,9.99798848,0.89557015,0.04116569,429.079125
