"","max_fitness","cue","log","id","rho","burst","iota_N1","iota_N2","phi_N1","phi_N2"
"3059",2.78682731851895,"G","log10",3059,0.24726988,4.66137517,66.9176747,1.96707248,0.02850443,298.88563
