"","max_fitness","cue","log","id","rho","burst","iota_N1","iota_N2","phi_N1","phi_N2"
"4285",8.00964147880467,"G","log10",4285,0.23468967,5.44691572,40.2294835,1.14549128,0.01763277,1878.42758
