"","max_fitness","cue","log","id","rho","burst","iota_N1","iota_N2","phi_N1","phi_N2"
"4441",8.97520137749854,"G","log10",4441,0.3144742,5.64502827,19.0298233,1.04058313,0.01912487,1143.77414
