"","max_fitness","cue","log","id","rho","burst","iota_N1","iota_N2","phi_N1","phi_N2"
"1523",2.04807713007046,"G","log10",1523,0.2059559,4.54070751,19.273295,2.11060853,0.14147778,1029.65416
