"","max_fitness","cue","log","id","rho","burst","iota_N1","iota_N2","phi_N1","phi_N2"
"2923",8.27893990344978,"G","log10",2923,0.29294404,5.51537506,27.713329,1.15927129,0.02166883,219.245669
