"","max_fitness","cue","log","id","rho","burst","iota_N1","iota_N2","phi_N1","phi_N2"
"1507",9.36902512328181,"G","log10",1507,0.31622788,5.67820069,1.84876053,0.93005754,0.21110248,4345.31784
