"","max_fitness","cue","log","id","rho","burst","iota_N1","iota_N2","phi_N1","phi_N2"
"2704",6.92327709500883,"G","none",2704,0.38361149,4.81134323,21.729908,0.53216299,0.01434546,241.492833
