"","max_fitness","cue","log","id","rho","burst","iota_N1","iota_N2","phi_N1","phi_N2"
"3411",2.79741911609305,"G","none",3411,0.40200061,4.01198449,17.533388,0.5685649,0.02413375,551.745273
