"","max_fitness","cue","log","id","rho","burst","iota_N1","iota_N2","phi_N1","phi_N2"
"2836",6.20626082954244,"G","none",2836,0.38420932,4.66490099,4.86793891,0.48827479,0.09844234,278.44274
