"","max_fitness","cue","log","id","rho","burst","iota_N1","iota_N2","phi_N1","phi_N2"
"3661",7.84773785942107,"G","none",3661,0.32286505,5.55747863,127.939048,1.04485821,0.00430323,452.130972
