"","max_fitness","cue","log","id","rho","burst","iota_N1","iota_N2","phi_N1","phi_N2"
"1786",6.23524721096422,"G","none",1786,0.35873705,4.64858436,6.35046562,0.44716346,0.06231015,184.7838
