"","max_fitness","cue","log","id","rho","burst","iota_N1","iota_N2","phi_N1","phi_N2"
"2656",6.8878910425987,"G","none",2656,0.33635713,4.7521691,20.788889,0.43741406,0.00710655,884.352259
