"","max_fitness","cue","log","id","rho","burst","iota_N1","iota_N2","phi_N1","phi_N2"
"3061",6.7734763032027,"G","none",3061,0.23928875,5.37969905,17.4393266,1.32478644,0.04026171,53.896163
