"","max_fitness","cue","log","id","rho","burst","iota_N1","iota_N2","phi_N1","phi_N2"
"1742",3.54499890895881,"G","none",1742,0.23043271,4.15638094,2.22453554,0.76873888,0.0633948,416.4476
