"","max_fitness","cue","log","id","rho","burst","iota_N1","iota_N2","phi_N1","phi_N2"
"1387",8.06037763965777,"G","none",1387,0.28093096,5.55138385,8.72639494,0.97560641,0.05719819,740.615581
