"","max_fitness","cue","log","id","rho","burst","iota_N1","iota_N2","phi_N1","phi_N2"
"2133",2.23795807590516,"G","none",2133,0.292939,3.94591939,62.4313933,0.8215467,0.00940235,21135.3182
