"","max_fitness","cue","log","id","rho","burst","iota_N1","iota_N2","phi_N1","phi_N2"
"3431",2.98723361138306,"G","none",3431,0.2392022,4.51001078,8.9208156,1.9445438,0.34698291,502.056087
