"","max_fitness","cue","log","id","rho","burst","iota_N1","iota_N2","phi_N1","phi_N2"
"1554",4.40141841184928,"G","none",1554,0.35255874,5.84076626,7.14422424,2.35798307,0.15326983,438.892673
