"","max_fitness","cue","log","id","rho","burst","iota_N1","iota_N2","phi_N1","phi_N2"
"759",1.58953366512625,"G","none",759,0.35766576,3.82681853,17.2236495,0.75703197,0.04830665,441.553522
