"","max_fitness","cue","log","id","rho","burst","iota_N1","iota_N2","phi_N1","phi_N2"
"3683",2.47466029624326,"G","none",3683,0.31824043,4.43731773,58.6010522,2.47171939,0.05837389,249.846302
