"","max_fitness","cue","log","id","rho","burst","iota_N1","iota_N2","phi_N1","phi_N2"
"654",5.08414071899098,"G","none",654,0.28868029,6.17144256,560.392018,1.95880348,0.00222679,275.223059
