"","max_fitness","cue","log","id","rho","burst","iota_N1","iota_N2","phi_N1","phi_N2"
"4996",6.93732389301343,"G","none",4996,0.35805836,4.79262033,13.7891322,0.45918799,0.02384978,351.686244
