"","max_fitness","cue","log","id","rho","burst","iota_N1","iota_N2","phi_N1","phi_N2"
"2255",2.81219828823457,"G","none",2255,0.14801142,4.54592352,26.6692232,2.56784632,0.07189892,6994.75301
