"","max_fitness","cue","log","id","rho","burst","iota_N1","iota_N2","phi_N1","phi_N2"
"4576",6.27711482138802,"G","none",4576,0.34187639,4.71420905,6.47165705,0.5960752,0.06816894,416.268992
