"","max_fitness","cue","log","id","rho","burst","iota_N1","iota_N2","phi_N1","phi_N2"
"3285",2.1689733226738,"G","none",3285,0.43344843,3.93977179,26.923272,0.80811478,0.03339545,282.954623
