"","max_fitness","cue","log","id","rho","burst","iota_N1","iota_N2","phi_N1","phi_N2"
"4964",3.64194115271639,"G","none",4964,0.38065919,4.19684882,11.3273162,0.68645571,0.06534542,7784.42224
