"","max_fitness","cue","log","id","rho","burst","iota_N1","iota_N2","phi_N1","phi_N2"
"2028",5.31101696267755,"G","none",2028,0.31003281,5.94944215,24.7532345,1.88518698,0.03700009,569.910602
