"","max_fitness","cue","log","id","rho","burst","iota_N1","iota_N2","phi_N1","phi_N2"
"2155",8.79169378456324,"G","none",2155,0.32446988,5.86891473,33.3351084,0.84429795,0.01421936,103.453
