"","max_fitness","cue","log","id","rho","burst","iota_N1","iota_N2","phi_N1","phi_N2"
"309",1.86485718483743,"G","none",309,0.22386469,3.88035124,19.2835452,0.94995745,0.01738484,10656.1482
