"","max_fitness","cue","log","id","rho","burst","iota_N1","iota_N2","phi_N1","phi_N2"
"391",7.73327353106723,"G","none",391,0.32413598,5.50953945,225.631792,1.0636161,0.00257831,215.306436
