"","max_fitness","cue","log","id","rho","burst","iota_N1","iota_N2","phi_N1","phi_N2"
"401",3.23106224727872,"G","none",401,0.24158452,4.63293992,25.7670127,2.00449427,0.10651478,498.100536
