"","max_fitness","cue","log","id","rho","burst","iota_N1","iota_N2","phi_N1","phi_N2"
"3450",5.73281182676223,"G","none",3450,0.33009583,6.1448783,76.8290217,1.75241018,0.01177347,227.121806
