"","max_fitness","cue","log","id","rho","burst","iota_N1","iota_N2","phi_N1","phi_N2"
"868",6.92304433489719,"G","none",868,0.30632862,4.77736899,12.3550003,0.45377414,0.01874217,61365.6107
