"","max_fitness","cue","log","id","rho","burst","iota_N1","iota_N2","phi_N1","phi_N2"
"3240",5.19986720615665,"G","none",3240,0.42555415,6.14423215,81.3678791,2.05061341,0.00955026,117.287256
