"","max_fitness","cue","log","id","rho","burst","iota_N1","iota_N2","phi_N1","phi_N2"
"908",3.32271641080678,"G","none",908,0.36455534,4.13945196,22.0369464,0.74665407,0.03023272,1025.29608
