"","max_fitness","cue","log","id","rho","burst","iota_N1","iota_N2","phi_N1","phi_N2"
"530",2.59137629965221,"G","none",530,0.26082521,4.00429899,52.7368492,0.79614991,0.00949516,3027.4403
