"","max_fitness","cue","log","id","rho","burst","iota_N1","iota_N2","phi_N1","phi_N2"
"4900",6.66927116874459,"G","none",4900,0.39636216,4.71028707,6.52872631,0.42193255,0.03608617,258.405953
