"","max_fitness","cue","log","id","rho","burst","iota_N1","iota_N2","phi_N1","phi_N2"
"1506",5.09198269154174,"I+Ig","log10",1506,0.30143023,6.1256968,4.527042,2.19568288,0.2227125,1833.94124
