"","max_fitness","cue","log","id","rho","burst","iota_N1","iota_N2","phi_N1","phi_N2"
"3254",4.28660221440836,"I+Ig","none",3254,0.28040256,4.04687198,17.5278841,0.77616283,0.05501645,144.336553
