"","max_fitness","cue","log","id","rho","burst","iota_N1","iota_N2","phi_N1","phi_N2"
"3845",3.39008848354757,"I+Ig","log10",3845,0.20993451,4.81891507,22.2347886,1.91287888,0.09065433,1024.01794
