"","max_fitness","cue","log","id","rho","burst","iota_N1","iota_N2","phi_N1","phi_N2"
"1564",7.02927371543917,"I+Ig","none",1564,0.40803619,4.78181745,9.93462014,0.49247029,0.0437025,329.334063
