"","max_fitness","cue","log","id","rho","burst","iota_N1","iota_N2","phi_N1","phi_N2"
"3893",3.34688213157101,"I+Ig","log10",3893,0.19618149,4.6494497,29.4039131,1.59062954,0.06972444,599.894755
