"","max_fitness","cue","log","id","rho","burst","iota_N1","iota_N2","phi_N1","phi_N2"
"1989",3.67655047018368,"I+Ig","none",1989,0.25125325,3.87993171,11.2564536,0.91520604,0.06142781,2611.49358
