"","max_fitness","cue","log","id","rho","burst","iota_N1","iota_N2","phi_N1","phi_N2"
"1659",2.41982963863407,"I+Ig","log10",1659,0.25386687,3.89397084,10.3642896,0.73954436,0.02762675,1026.63046
