"","max_fitness","cue","log","id","rho","burst","iota_N1","iota_N2","phi_N1","phi_N2"
"3524",2.62245964383602,"I+Ig","log10",3524,0.21319309,4.03203945,22.2319222,0.90819461,0.03487568,106864.439
