"","max_fitness","cue","log","id","rho","burst","iota_N1","iota_N2","phi_N1","phi_N2"
"565",8.73257113628439,"I+Ig","log10",565,0.28503487,5.5393889,14.7149771,0.98598119,0.03439255,1861.64477
