"","max_fitness","cue","log","id","rho","burst","iota_N1","iota_N2","phi_N1","phi_N2"
"4428",5.04877848376906,"I+Ig","none",4428,0.50629049,6.10369785,12.4981326,1.80157879,0.09608524,688.661407
