"","max_fitness","cue","log","id","rho","burst","iota_N1","iota_N2","phi_N1","phi_N2"
"2450",2.56018371354654,"I+Ig","log10",2450,0.33468402,3.96657483,46.4807303,0.70550274,0.01871081,891.69728
