"","max_fitness","cue","log","id","rho","burst","iota_N1","iota_N2","phi_N1","phi_N2"
"3496",7.67029938101362,"I+Ig","log10",3496,0.42636997,4.78016415,10.9875221,0.42343264,0.03619691,141.948873
