"","max_fitness","cue","log","id","rho","burst","iota_N1","iota_N2","phi_N1","phi_N2"
"2036",2.67788771984359,"I+Ig","log10",2036,0.37086045,3.98428302,103.574481,0.69355548,0.00690058,139.212943
