"","max_fitness","cue","log","id","rho","burst","iota_N1","iota_N2","phi_N1","phi_N2"
"855",3.80307933732558,"I+Ig","none",855,0.29540308,3.89551285,6.77701964,0.83335131,0.11043645,1336.86611
