"","max_fitness","cue","log","id","rho","burst","iota_N1","iota_N2","phi_N1","phi_N2"
"3928",6.98402689534126,"I+Ig","log10",3928,0.29113073,4.71149705,3.21356486,0.54206762,0.05558701,161.342242
