"","max_fitness","cue","log","id","rho","burst","iota_N1","iota_N2","phi_N1","phi_N2"
"2083",8.91118450495963,"I+Ig","log10",2083,0.31076572,5.6698447,60.5397393,1.04494762,0.00602193,2200.42711
