"","max_fitness","cue","log","id","rho","burst","iota_N1","iota_N2","phi_N1","phi_N2"
"2103",2.30358230875078,"I+Ig","log10",2103,0.34603741,3.89747337,104.674986,0.78412092,0.00822046,251.30142
