"","max_fitness","cue","log","id","rho","burst","iota_N1","iota_N2","phi_N1","phi_N2"
"4295",3.31794011806007,"I+Ig","none",4295,0.33333313,4.51917484,47.4938683,1.81104355,0.07299014,18991.9508
