"","max_fitness","cue","log","id","rho","burst","iota_N1","iota_N2","phi_N1","phi_N2"
"1349",2.96865465322862,"I+Ig","log10",1349,0.17388159,4.73769444,10.5756077,2.22335255,0.19115805,281.538929
