"","max_fitness","cue","log","id","rho","burst","iota_N1","iota_N2","phi_N1","phi_N2"
"3216",4.71010143383606,"I+Ig","none",3216,0.31209498,6.11688326,25.5889085,2.04728975,0.03589201,201.193776
