"","max_fitness","cue","log","id","rho","burst","iota_N1","iota_N2","phi_N1","phi_N2"
"2099",2.94579615993898,"I+Ig","log10",2099,0.20416329,4.71528744,95.8236894,2.14604222,0.02468558,118.436035
