"","max_fitness","cue","log","id","rho","burst","iota_N1","iota_N2","phi_N1","phi_N2"
"992",4.33457952740805,"I+Ig","none",992,0.22779207,4.0170201,45.8563493,0.75063456,0.01335021,632.093977
