"","max_fitness","cue","log","id","rho","burst","iota_N1","iota_N2","phi_N1","phi_N2"
"3748",7.41542242192651,"I+Ig","none",3748,0.42720167,4.81155791,6.66550957,0.42503183,0.0584348,358.469131
