"","max_fitness","cue","log","id","rho","burst","iota_N1","iota_N2","phi_N1","phi_N2"
"3596",3.97638982340225,"I+Ig","none",3596,0.32335216,3.87479385,57.5416653,0.65173596,0.00959155,447.098662
