"","max_fitness","cue","log","id","rho","burst","iota_N1","iota_N2","phi_N1","phi_N2"
"2561",2.94873228947242,"I+Ig","none",2561,0.19612131,4.58369846,88.1074486,2.64236707,0.02872424,66.4972012
