"","max_fitness","cue","log","id","rho","burst","iota_N1","iota_N2","phi_N1","phi_N2"
"967",8.14479072051355,"I+Ig","log10",967,0.30547391,5.50859163,5.76904881,1.10136181,0.08699711,3728.6125
