"","max_fitness","cue","log","id","rho","burst","iota_N1","iota_N2","phi_N1","phi_N2"
"105",2.28628074022034,"I+Ig","log10",105,0.31860833,3.8959339,19.6155548,0.89958797,0.02686993,954.247102
