"","max_fitness","cue","log","id","rho","burst","iota_N1","iota_N2","phi_N1","phi_N2"
"4317",2.54085333763957,"I+Ig","log10",4317,0.36750495,3.9393448,58.0249464,0.71830076,0.01001864,119.290718
