"","max_fitness","cue","log","id","rho","burst","iota_N1","iota_N2","phi_N1","phi_N2"
"1214",2.64528669717359,"I+Ig","log10",1214,0.24102827,4.01385267,30.1160716,0.87822802,0.01880198,941.507345
