"","max_fitness","cue","log","id","rho","burst","iota_N1","iota_N2","phi_N1","phi_N2"
"2481",3.97615593199892,"I+Ig","none",2481,0.36369217,3.88633415,3.81949906,0.75916158,0.13447845,49.3036612
