"","max_fitness","cue","log","id","rho","burst","iota_N1","iota_N2","phi_N1","phi_N2"
"709",8.83009363457204,"I+Ig","log10",709,0.33056536,5.648849,6.15962959,1.02793909,0.0817456,994.715325
