"","max_fitness","cue","log","id","rho","burst","iota_N1","iota_N2","phi_N1","phi_N2"
"688",7.59230310293599,"I+Ig","log10",688,0.35575669,4.7522307,88.371687,0.45418519,0.00339899,30.4315008
