"","max_fitness","cue","log","id","rho","burst","iota_N1","iota_N2","phi_N1","phi_N2"
"2361",2.86611305107199,"I+Ig","log10",2361,0.37726903,4.041663,52.4546513,0.78536431,0.00845431,260.963459
