"","max_fitness","cue","log","id","rho","burst","iota_N1","iota_N2","phi_N1","phi_N2"
"3936",5.12519497776362,"I+Ig","log10",3936,0.4562706,5.98703893,16.7918343,2.13152338,0.07514057,648.772576
