"","max_fitness","cue","log","id","rho","burst","iota_N1","iota_N2","phi_N1","phi_N2"
"3417",2.11895442098791,"I+Ig","log10",3417,0.25416747,3.82046255,12.1172261,0.82232314,0.0404309,154.512656
