"","max_fitness","cue","log","id","rho","burst","iota_N1","iota_N2","phi_N1","phi_N2"
"4989",3.85162203818814,"I+Ig","none",4989,0.3075446,3.92940646,37.7082722,0.94501729,0.01644306,4227.59664
