"","max_fitness","cue","log","id","rho","burst","iota_N1","iota_N2","phi_N1","phi_N2"
"1833",2.26285568855412,"I+Ig","log10",1833,0.25703745,3.8831129,11.0155635,0.90832563,0.03705295,444.401119
