"","max_fitness","cue","log","id","rho","burst","iota_N1","iota_N2","phi_N1","phi_N2"
"3824",2.27029803280024,"I+Ig","log10",3824,0.30772484,3.90934503,187.209339,0.87020238,0.0058442,45.8983053
