"","max_fitness","cue","log","id","rho","burst","iota_N1","iota_N2","phi_N1","phi_N2"
"3221",2.94449379182751,"I+Ig","log10",3221,0.18510987,4.5260249,36.0090972,1.77326007,0.05236781,2681.79031
