"","max_fitness","cue","log","id","rho","burst","iota_N1","iota_N2","phi_N1","phi_N2"
"2428",7.79800549207546,"I+Ig","none",2428,0.41228738,4.82487931,5.88438298,0.40937605,0.03324948,88.1733439
