"","max_fitness","cue","log","id","rho","burst","iota_N1","iota_N2","phi_N1","phi_N2"
"4009",6.32339316179523,"I+Ig","none",4009,0.2144115,5.50661319,5.65358671,1.32084803,0.0440103,81.9216949
