"","max_fitness","cue","log","id","rho","burst","iota_N1","iota_N2","phi_N1","phi_N2"
"1954",6.99592638626548,"I+Ig","log10",1954,0.36434872,4.72627656,17.1026563,0.48071422,0.02516989,3637.85895
