"","max_fitness","cue","log","id","rho","burst","iota_N1","iota_N2","phi_N1","phi_N2"
"3466",7.25228715133235,"I+Ig","none",3466,0.28952591,4.75319852,16.6160072,0.46148959,0.01047259,3146.1817
