"","max_fitness","cue","log","id","rho","burst","iota_N1","iota_N2","phi_N1","phi_N2"
"3409",7.81304345954258,"I+Ig","none",3409,0.27588992,5.52509102,6.20399864,0.9388677,0.05329764,3012.47402
