"","max_fitness","cue","log","id","rho","burst","iota_N1","iota_N2","phi_N1","phi_N2"
"3338",3.83720658554802,"I+Ig","none",3338,0.2284627,3.87847632,14.3732133,0.68828554,0.05753112,1656.41875
