"","max_fitness","cue","log","id","rho","burst","iota_N1","iota_N2","phi_N1","phi_N2"
"1671",3.93393256246892,"I+Ig","none",1671,0.16040374,3.89159256,5.42449308,0.92020781,0.05117867,29.9964723
