"","max_fitness","cue","log","id","rho","burst","iota_N1","iota_N2","phi_N1","phi_N2"
"2293",7.59939649222291,"I+Ig","none",2293,0.35256225,5.62444815,4.60232336,0.94164076,0.13991501,1117.04892
