"","max_fitness","cue","log","id","rho","burst","iota_N1","iota_N2","phi_N1","phi_N2"
"3343",6.13842937189363,"I+Ig","none",3343,0.35603372,5.43347932,19.3887425,1.15944376,0.03955344,338.397995
