"","max_fitness","cue","log","id","rho","burst","iota_N1","iota_N2","phi_N1","phi_N2"
"2403",4.33139681650022,"I+Ig","none",2403,0.35172387,3.99440784,20.9355529,0.75813625,0.02268051,471.689047
