"","max_fitness","cue","log","id","rho","burst","iota_N1","iota_N2","phi_N1","phi_N2"
"3812",4.31252127850306,"I+Ig","none",3812,0.30131046,3.99526108,3.46242391,0.70415297,0.20023356,298.392707
