"","max_fitness","cue","log","id","rho","burst","iota_N1","iota_N2","phi_N1","phi_N2"
"41",2.62409336365435,"I+Ig","log10",41,0.21734962,4.61959123,23.7013947,2.01393037,0.14440592,1072.75535
