"","max_fitness","cue","log","id","rho","burst","iota_N1","iota_N2","phi_N1","phi_N2"
"2319",2.8726234982621,"I+Ig","log10",2319,0.26425831,4.03415473,10.3270077,0.73587828,0.04098108,305.851495
