"","max_fitness","cue","log","id","rho","burst","iota_N1","iota_N2","phi_N1","phi_N2"
"4455",2.26219234984603,"I+Ig","log10",4455,0.42723163,3.86764024,8.08706673,0.72391777,0.10062279,1308.6238
