"","max_fitness","cue","log","id","rho","burst","iota_N1","iota_N2","phi_N1","phi_N2"
"2023",7.99926259787556,"I+Ig","log10",2023,0.28020044,5.41121795,9.75863675,1.20033726,0.06231065,27.8546945
