"","max_fitness","cue","log","id","rho","burst","iota_N1","iota_N2","phi_N1","phi_N2"
"4485",2.81465540658538,"I+Ig","log10",4485,0.37330985,4.02965038,12.8614904,0.82370396,0.02895808,174.001407
