"","max_fitness","cue","log","id","rho","burst","iota_N1","iota_N2","phi_N1","phi_N2"
"2318",4.83631886791155,"I+Ig","none",2318,0.27993118,4.21163745,12.2409787,0.8451697,0.03725633,117.273464
