"","max_fitness","cue","log","id","rho","burst","iota_N1","iota_N2","phi_N1","phi_N2"
"988",7.27826349031882,"I+Ig","log10",988,0.33004738,4.76259382,3.56853361,0.53833368,0.09446476,44.434274
