"","max_fitness","cue","log","id","rho","burst","iota_N1","iota_N2","phi_N1","phi_N2"
"4323",2.18616867421436,"I+Ig","log10",4323,0.27450118,3.81055937,4.66345505,0.71294313,0.05027798,1022.66997
