"","max_fitness","cue","log","id","rho","burst","iota_N1","iota_N2","phi_N1","phi_N2"
"3177",2.80136700271632,"I+Ig","log10",3177,0.3052027,3.98427372,9.22880178,0.65201274,0.029049,22813.8299
