"","max_fitness","cue","log","id","rho","burst","iota_N1","iota_N2","phi_N1","phi_N2"
"1001",3.14059488671856,"I+Ig","log10",1001,0.22860381,4.64317096,34.5798628,1.98662629,0.04356296,428.871997
