"","max_fitness","cue","log","id","rho","burst","iota_N1","iota_N2","phi_N1","phi_N2"
"3395",3.09986655073558,"I+Ig","none",3395,0.29547352,4.43403556,31.6846247,1.81562336,0.12644706,869.557536
