"","max_fitness","cue","log","id","rho","burst","iota_N1","iota_N2","phi_N1","phi_N2"
"1376",4.70658177673907,"I+Ig","none",1376,0.3416718,4.09506285,5.70238211,0.63111908,0.12255434,893.206664
