"","max_fitness","cue","log","id","rho","burst","iota_N1","iota_N2","phi_N1","phi_N2"
"622",7.7001108269581,"I+Ig","none",622,0.37398426,4.90282002,1.50450281,0.57796206,0.13050266,22.7610819
