"","max_fitness","cue","log","id","rho","burst","iota_N1","iota_N2","phi_N1","phi_N2"
"1232",4.35994695792439,"I+Ig","none",1232,0.27894263,4.04575901,12.0498161,0.69783709,0.08026469,493.093191
