"","max_fitness","cue","log","id","rho","burst","iota_N1","iota_N2","phi_N1","phi_N2"
"2738",2.70423377022049,"I+Ig","log10",2738,0.29607746,4.02819276,129.675279,0.73291597,0.00827414,97.6284582
