"","max_fitness","cue","log","id","rho","burst","iota_N1","iota_N2","phi_N1","phi_N2"
"780",5.36258734863947,"I+Ig","log10",780,0.43081016,5.99345336,34.0595563,2.06866777,0.02930442,637.38842
