"","max_fitness","cue","log","id","rho","burst","iota_N1","iota_N2","phi_N1","phi_N2"
"4742",2.62272463614076,"I+Ig","log10",4742,0.29104915,4.0399862,725.564292,0.88910311,0.00138811,1300.54185
