"","max_fitness","cue","log","id","rho","burst","iota_N1","iota_N2","phi_N1","phi_N2"
"249",3.47944105531346,"I+Ig","none",249,0.35685536,3.83257432,20.3454995,0.86264872,0.04937896,131.783982
