"","max_fitness","cue","log","id","rho","burst","iota_N1","iota_N2","phi_N1","phi_N2"
"2870",3.0137487261619,"I+Ig","log10",2870,0.27820413,4.09444398,28.2108893,0.79438308,0.01785216,584.034004
