"","max_fitness","cue","log","id","rho","burst","iota_N1","iota_N2","phi_N1","phi_N2"
"4272",5.02067002354894,"I+Ig","log10",4272,0.35079463,5.9644713,7.23828809,2.20320214,0.14075297,850.825088
