"","max_fitness","cue","log","id","rho","burst","iota_N1","iota_N2","phi_N1","phi_N2"
"4632",4.11285807538027,"I+Ig","none",4632,0.31094738,6.05558577,31.0938685,2.31412426,0.04119703,820.711868
