"","max_fitness","cue","log","id","rho","burst","iota_N1","iota_N2","phi_N1","phi_N2"
"4761",2.41406386852356,"I+Ig","log10",4761,0.22236401,3.91571848,8.80636746,0.89973498,0.02404442,126.090962
