"","max_fitness","cue","log","id","rho","burst","iota_N1","iota_N2","phi_N1","phi_N2"
"4553",3.44865960332091,"I+Ig","none",4553,0.28010606,4.50059992,10.3900894,1.72903372,0.28955148,713.213077
