"","max_fitness","cue","log","id","rho","burst","iota_N1","iota_N2","phi_N1","phi_N2"
"3121",6.25119630920474,"I+Ig","none",3121,0.27979049,5.4245327,16.5448358,1.13095385,0.04463331,131.14567
