"","max_fitness","cue","log","id","rho","burst","iota_N1","iota_N2","phi_N1","phi_N2"
"3305",2.38959841782267,"I+Ig","log10",3305,0.25711022,4.64290571,50.4918917,2.44419891,0.07174176,898.659571
