"","max_fitness","cue","log","id","rho","burst","iota_N1","iota_N2","phi_N1","phi_N2"
"3176",2.2293295993431,"I+Ig","log10",3176,0.35500214,3.89403698,11.8544352,0.77006931,0.105932,5040.07339
