"","max_fitness","cue","log","id","rho","burst","iota_N1","iota_N2","phi_N1","phi_N2"
"4435",7.8354430331742,"I+Ig","log10",4435,0.31337179,5.39459003,19.975294,1.07874469,0.03940713,69.6650018
