"","max_fitness","cue","log","id","rho","burst","iota_N1","iota_N2","phi_N1","phi_N2"
"1269",4.20208867533377,"I+Ig","none",1269,0.37078692,3.98758146,19.6452538,0.77498391,0.03649955,649.482038
