"","max_fitness","cue","log","id","rho","burst","iota_N1","iota_N2","phi_N1","phi_N2"
"1974",5.06359840079524,"I+Ig","none",1974,0.42600057,6.17728843,22.5928766,1.83787502,0.04529419,2750.96923
