"","max_fitness","cue","log","id","rho","burst","iota_N1","iota_N2","phi_N1","phi_N2"
"312",5.83829041816251,"I+Ig","log10",312,0.39212891,6.08975174,20.4799659,1.91961233,0.0356123,22258.523
