"","max_fitness","cue","log","id","rho","burst","iota_N1","iota_N2","phi_N1","phi_N2"
"1423",8.8822862738761,"I+Ig","log10",1423,0.33142737,5.63200708,28.5571428,1.00181818,0.01998624,318.981319
