"","max_fitness","cue","log","id","rho","burst","iota_N1","iota_N2","phi_N1","phi_N2"
"1909",7.59986772690536,"I+Ig","log10",1909,0.25994701,5.43715158,23.1636383,1.17900292,0.02571292,142.288961
