"","max_fitness","cue","log","id","rho","burst","iota_N1","iota_N2","phi_N1","phi_N2"
"3193",5.75923899822156,"I+Ig","none",3193,0.3069885,5.31098782,17.7922645,1.17437088,0.05545058,194.210082
