"","max_fitness","cue","log","id","rho","burst","iota_N1","iota_N2","phi_N1","phi_N2"
"4388",2.50376788849336,"I+Ig","log10",4388,0.40781698,3.955237,48.2590443,0.67431597,0.02346092,353.271186
