"","max_fitness","cue","log","id","rho","burst","iota_N1","iota_N2","phi_N1","phi_N2"
"2946",5.18152030429688,"I+Ig","none",2946,0.45169358,6.14231586,15.0717698,1.76712094,0.07047589,2323.67908
