"","max_fitness","cue","log","id","rho","burst","iota_N1","iota_N2","phi_N1","phi_N2"
"1037",2.68610679100146,"I+Ig","log10",1037,0.29678178,4.62251198,8.51742826,2.16601215,0.33961981,478.694122
