"","max_fitness","cue","log","id","rho","burst","iota_N1","iota_N2","phi_N1","phi_N2"
"767",3.74869569679444,"I+Ig","none",767,0.21699827,4.7326471,65.8549273,1.85766584,0.03029178,571.053172
