"","max_fitness","cue","log","id","rho","burst","iota_N1","iota_N2","phi_N1","phi_N2"
"2187",2.26440147088797,"I+Ig","log10",2187,0.30570348,3.84921077,10.1272227,0.71777237,0.04537821,387.095432
