"","max_fitness","cue","log","id","rho","burst","iota_N1","iota_N2","phi_N1","phi_N2"
"4613",2.51442481833831,"I+Ig","log10",4613,0.18530755,4.48052177,35.7496013,2.01295882,0.07460716,3436.12002
