"","max_fitness","cue","log","id","rho","burst","iota_N1","iota_N2","phi_N1","phi_N2"
"1652",2.45847998214836,"I+Ig","log10",1652,0.39171596,3.9688252,32.1653493,0.81574106,0.03367004,609.072054
