"","max_fitness","cue","log","id","rho","burst","iota_N1","iota_N2","phi_N1","phi_N2"
"3515",3.34838121233431,"I+Ig","none",3515,0.23803127,4.61789634,278.125156,1.96221459,0.01041482,14884.7515
