"","max_fitness","cue","log","id","rho","burst","iota_N1","iota_N2","phi_N1","phi_N2"
"1212",5.39155270986951,"I+Ig","log10",1212,0.39052362,6.00977333,45.765045,2.07985676,0.02209361,224.811547
