"","max_fitness","cue","log","id","rho","burst","iota_N1","iota_N2","phi_N1","phi_N2"
"4577",3.85707749987531,"I+Ig","none",4577,0.29101339,4.76996669,5.50087729,1.93256132,0.29951599,136.91205
