"","max_fitness","cue","log","id","rho","burst","iota_N1","iota_N2","phi_N1","phi_N2"
"36",5.24118837796065,"I+Ig","log10",36,0.60879709,6.04331829,37.3057996,2.08543806,0.03994433,362.379867
