"","max_fitness","cue","log","id","rho","burst","iota_N1","iota_N2","phi_N1","phi_N2"
"1730",3.89759755398219,"I+Ig","none",1730,0.29265162,3.96649196,36.0047577,0.95387103,0.02417766,114.087078
