"","max_fitness","cue","log","id","rho","burst","iota_N1","iota_N2","phi_N1","phi_N2"
"3274",8.84114546360001,"I","log10",3274,0.41706245,4.93186702,11.5055818,0.54765428,0.02461027,361.168656
