"","max_fitness","cue","log","id","rho","burst","iota_N1","iota_N2","phi_N1","phi_N2"
"1299",3.66390011469607,"I","log10",1299,0.39205398,3.89067149,7.5090922,0.64731491,0.07544686,212.158149
