"","max_fitness","cue","log","id","rho","burst","iota_N1","iota_N2","phi_N1","phi_N2"
"1176",5.37722327234733,"I","log10",1176,0.35459776,6.05193809,56.0724614,2.07210104,0.02051285,195.982815
