"","max_fitness","cue","log","id","rho","burst","iota_N1","iota_N2","phi_N1","phi_N2"
"541",8.11301935417921,"I","log10",541,0.48868721,5.46255996,6.82175642,0.98359308,0.15463667,425.258731
