"","max_fitness","cue","log","id","rho","burst","iota_N1","iota_N2","phi_N1","phi_N2"
"825",4.17633743777382,"I","log10",825,0.32823351,4.00536272,9.77372175,0.66582104,0.04539784,616.953634
