"","max_fitness","cue","log","id","rho","burst","iota_N1","iota_N2","phi_N1","phi_N2"
"4550",4.74737278415505,"I","log10",4550,0.26228873,4.21669723,4.45304021,0.89928835,0.07617705,754.568401
