"","max_fitness","cue","log","id","rho","burst","iota_N1","iota_N2","phi_N1","phi_N2"
"1448",4.00631742608541,"I","log10",1448,0.2482417,4.11494281,7.00851074,0.98850586,0.1077342,1039.01809
