"","max_fitness","cue","log","id","rho","burst","iota_N1","iota_N2","phi_N1","phi_N2"
"4732",8.83374011822793,"I","log10",4732,0.42806665,4.78760084,32.6637868,0.33251282,0.01065582,362.312467
