"","max_fitness","cue","log","id","rho","burst","iota_N1","iota_N2","phi_N1","phi_N2"
"2016",5.99901918144173,"I","log10",2016,0.40942609,6.20744119,11.7708912,1.85127826,0.06299334,1971.56579
