"","max_fitness","cue","log","id","rho","burst","iota_N1","iota_N2","phi_N1","phi_N2"
"3487",9.34966075007305,"I","log10",3487,0.39486262,5.64322216,71.2362418,0.95298701,0.00467995,132.532169
