"","max_fitness","cue","log","id","rho","burst","iota_N1","iota_N2","phi_N1","phi_N2"
"1521",3.87557295789192,"I","log10",1521,0.2682708,4.00783856,18.5700944,0.91640417,0.01951639,186.2484
