"","max_fitness","cue","log","id","rho","burst","iota_N1","iota_N2","phi_N1","phi_N2"
"4432",8.84382876712342,"I","log10",4432,0.36216845,4.903584,27.1038229,0.6490401,0.00675845,17.4369099
