"","max_fitness","cue","log","id","rho","burst","iota_N1","iota_N2","phi_N1","phi_N2"
"2749",7.66661244729952,"I","log10",2749,0.30365013,5.5241308,8.1710167,1.11446617,0.11268455,1198.91309
