"","max_fitness","cue","log","id","rho","burst","iota_N1","iota_N2","phi_N1","phi_N2"
"2802",5.59755336425486,"I","log10",2802,0.33893569,6.10471739,15.1136263,2.02902217,0.04443101,479.255336
