"","max_fitness","cue","log","id","rho","burst","iota_N1","iota_N2","phi_N1","phi_N2"
"3478",8.96885723504934,"I","log10",3478,0.39139204,4.87969352,3.35924527,0.50897551,0.05353242,42.1749933
