"","max_fitness","cue","log","id","rho","burst","iota_N1","iota_N2","phi_N1","phi_N2"
"1867",8.35127878307241,"I","log10",1867,0.36752032,5.42753816,8.77573592,0.94985469,0.08465213,2574.9876
