"","max_fitness","cue","log","id","rho","burst","iota_N1","iota_N2","phi_N1","phi_N2"
"2767",7.43654885593211,"I","log10",2767,0.35902515,5.4384089,113.650084,1.17533919,0.00684471,1799.32309
