"","max_fitness","cue","log","id","rho","burst","iota_N1","iota_N2","phi_N1","phi_N2"
"906",6.27515916584197,"I","log10",906,0.55592527,6.33340214,180.892554,1.64947152,0.00901167,21798.4864
