"","max_fitness","cue","log","id","rho","burst","iota_N1","iota_N2","phi_N1","phi_N2"
"3875",3.8508310053033,"I","log10",3875,0.21956883,4.73876163,320.07405,1.99204631,0.00558221,504.447319
