"","max_fitness","cue","log","id","rho","burst","iota_N1","iota_N2","phi_N1","phi_N2"
"4012",9.43667566240558,"I","log10",4012,0.3519684,4.90341843,5.1570486,0.38667235,0.01879592,98.4299144
