"","max_fitness","cue","log","id","rho","burst","iota_N1","iota_N2","phi_N1","phi_N2"
"4684",8.51602289982164,"I","log10",4684,0.38295937,4.81874244,6.34824386,0.53957668,0.02420389,416.055974
