"","max_fitness","cue","log","id","rho","burst","iota_N1","iota_N2","phi_N1","phi_N2"
"2369",2.92132714919487,"I","log10",2369,0.1429019,4.50324076,31.1683642,2.24522079,0.08435132,3610.19325
