"","max_fitness","cue","log","id","rho","burst","iota_N1","iota_N2","phi_N1","phi_N2"
"430",8.10031791741492,"I","log10",430,0.38636009,4.77103009,5.87748589,0.49963047,0.08125241,11428.7206
