"","max_fitness","cue","log","id","rho","burst","iota_N1","iota_N2","phi_N1","phi_N2"
"2159",2.3386692417329,"I","log10",2159,0.2356241,4.48098394,66.0103264,2.7773985,0.0630716,354.968918
