"","max_fitness","cue","log","id","rho","burst","iota_N1","iota_N2","phi_N1","phi_N2"
"2804",4.04194715839846,"I","log10",2804,0.35656351,4.02321203,16.4475619,0.7229281,0.04685801,561.52208
