"","max_fitness","cue","log","id","rho","burst","iota_N1","iota_N2","phi_N1","phi_N2"
"3195",3.12635585396355,"I","log10",3195,0.35651202,3.83304779,28.9707092,0.86607558,0.02419789,2086.4122
