"","max_fitness","cue","log","id","rho","burst","iota_N1","iota_N2","phi_N1","phi_N2"
"1544",3.98835460330005,"I","log10",1544,0.28155001,4.04085866,17.1327933,0.83418661,0.04262228,107.156065
