"","max_fitness","cue","log","id","rho","burst","iota_N1","iota_N2","phi_N1","phi_N2"
"2114",4.23999231009992,"I","log10",2114,0.32832767,4.07327328,75.7302403,0.76267984,0.00869804,324.289724
