"","max_fitness","cue","log","id","rho","burst","iota_N1","iota_N2","phi_N1","phi_N2"
"1870",8.44291712273912,"I","log10",1870,0.30882085,4.82595488,4.12284973,0.57080565,0.06812756,38.1241875
