"","max_fitness","cue","log","id","rho","burst","iota_N1","iota_N2","phi_N1","phi_N2"
"2186",3.55829426209923,"I","log10",2186,0.32970916,3.95785042,11.4116099,0.84935415,0.08374334,169.233525
