"","max_fitness","cue","log","id","rho","burst","iota_N1","iota_N2","phi_N1","phi_N2"
"2684",3.71454830959924,"I","log10",2684,0.21939605,4.05581648,14.4069791,1.0641828,0.04621893,1133.43477
