"","max_fitness","cue","log","id","rho","burst","iota_N1","iota_N2","phi_N1","phi_N2"
"412",8.61591150930006,"I","log10",412,0.42279411,4.79701014,93.788688,0.46447612,0.00207438,2171.22539
