"","max_fitness","cue","log","id","rho","burst","iota_N1","iota_N2","phi_N1","phi_N2"
"4122",5.04888945298216,"I","log10",4122,0.53489969,6.15988324,21.4916427,2.16279213,0.07625459,1712.65199
