"","max_fitness","cue","log","id","rho","burst","iota_N1","iota_N2","phi_N1","phi_N2"
"4583",3.15218983413256,"I","log10",4583,0.18663376,4.50195321,33.6682492,2.1665525,0.0648675,284.546853
