"","max_fitness","cue","log","id","rho","burst","iota_N1","iota_N2","phi_N1","phi_N2"
"408",6.16568889536245,"I","log10",408,0.30468652,5.92300681,54.7298941,1.73555892,0.0139494,656.151271
