"","max_fitness","cue","log","id","rho","burst","iota_N1","iota_N2","phi_N1","phi_N2"
"4329",3.57688979881898,"I","log10",4329,0.2871634,3.94291892,30.697477,0.80143024,0.02602646,6089.75049
