"","max_fitness","cue","log","id","rho","burst","iota_N1","iota_N2","phi_N1","phi_N2"
"2748",5.40309260599786,"I","log10",2748,0.5031116,6.04666952,5.11895464,1.99658451,0.26125654,2503.3172
