"","max_fitness","cue","log","id","rho","burst","iota_N1","iota_N2","phi_N1","phi_N2"
"2518",9.21720355647078,"I","log10",2518,0.37076965,4.91853183,5.6719961,0.501696,0.03066948,26.2851633
