"","max_fitness","cue","log","id","rho","burst","iota_N1","iota_N2","phi_N1","phi_N2"
"3326",4.20787464755426,"I","log10",3326,0.27555645,4.06576973,15.1798777,0.79318964,0.03403866,542.277181
