"","max_fitness","cue","log","id","rho","burst","iota_N1","iota_N2","phi_N1","phi_N2"
"1950",5.67253231355327,"I","log10",1950,0.471006,5.95781224,56.267998,1.9030387,0.02014342,621.173721
