"","max_fitness","cue","log","id","rho","burst","iota_N1","iota_N2","phi_N1","phi_N2"
"2566",8.88383845978727,"I","log10",2566,0.3867319,4.8423119,11.5463698,0.43589611,0.02059892,147.240317
