"","max_fitness","cue","log","id","rho","burst","iota_N1","iota_N2","phi_N1","phi_N2"
"4182",5.30219442452795,"I","log10",4182,0.48353386,6.03703065,15.2123496,2.04659299,0.10002094,296.915061
