"","max_fitness","cue","log","id","rho","burst","iota_N1","iota_N2","phi_N1","phi_N2"
"4044",5.64650282718465,"I","none",4044,0.34702712,6.09586947,72.2536275,1.78393785,0.00749152,172.45244
