"","max_fitness","cue","log","id","rho","burst","iota_N1","iota_N2","phi_N1","phi_N2"
"2669",4.00961233184845,"I","none",2669,0.14522134,4.82280044,20.0151088,2.16478912,0.0959232,169.379272
