"","max_fitness","cue","log","id","rho","burst","iota_N1","iota_N2","phi_N1","phi_N2"
"4738",7.36162288113389,"I","none",4738,0.30899236,4.70157714,16.1198875,0.56339593,0.015964,864.26654
