"","max_fitness","cue","log","id","rho","burst","iota_N1","iota_N2","phi_N1","phi_N2"
"1409",2.97330300058753,"I","none",1409,0.24311571,4.45213638,12.89517,2.15057229,0.30605194,442.353068
