"","max_fitness","cue","log","id","rho","burst","iota_N1","iota_N2","phi_N1","phi_N2"
"184",7.72719999188338,"I","none",184,0.36789397,4.80657605,16.9411567,0.59433205,0.01505698,48.6682881
