"","max_fitness","cue","log","id","rho","burst","iota_N1","iota_N2","phi_N1","phi_N2"
"2173",7.4679811855603,"I","none",2173,0.27241202,5.67596842,12.2682903,0.95801901,0.01735531,1094.64685
