"","max_fitness","cue","log","id","rho","burst","iota_N1","iota_N2","phi_N1","phi_N2"
"2218",7.53091426700941,"I","none",2218,0.40153231,4.74305034,48.8633331,0.58889771,0.00350935,343.891353
