"","max_fitness","cue","log","id","rho","burst","iota_N1","iota_N2","phi_N1","phi_N2"
"228",5.02594105406256,"I","none",228,0.37573881,6.08325429,13.2405721,1.98416908,0.08171897,1999.959
