"","max_fitness","cue","log","id","rho","burst","iota_N1","iota_N2","phi_N1","phi_N2"
"2939",3.38638585159223,"I","none",2939,0.1113376,4.56211388,22.2275835,2.28129399,0.09817078,13440.7804
