"","max_fitness","cue","log","id","rho","burst","iota_N1","iota_N2","phi_N1","phi_N2"
"409",8.28415359913707,"I","none",409,0.29687002,5.55368423,19.2992575,0.92164095,0.01589858,358.999759
