"","max_fitness","cue","log","id","rho","burst","iota_N1","iota_N2","phi_N1","phi_N2"
"1907",3.92249659705185,"I","none",1907,0.18056145,4.51258584,41.0866112,1.9428903,0.04708671,57.2948367
