"","max_fitness","cue","log","id","rho","burst","iota_N1","iota_N2","phi_N1","phi_N2"
"778",7.75614021625201,"I","none",778,0.35671189,4.74642357,14.9832034,0.44177564,0.01236787,310.333484
