"","max_fitness","cue","log","id","rho","burst","iota_N1","iota_N2","phi_N1","phi_N2"
"4336",7.57742460808514,"I","none",4336,0.31677846,4.73803422,3.77784381,0.52217311,0.07643207,54.4520547
