"","max_fitness","cue","log","id","rho","burst","iota_N1","iota_N2","phi_N1","phi_N2"
"2562",4.98158181103037,"I","none",2562,0.30567604,5.87946902,43.1200355,2.12055869,0.01982732,117.136779
