"","max_fitness","cue","log","id","rho","burst","iota_N1","iota_N2","phi_N1","phi_N2"
"1519",7.75897758415949,"I","none",1519,0.33662983,5.38129554,204.806979,0.91525275,0.00345773,354.888469
