"","max_fitness","cue","log","id","rho","burst","iota_N1","iota_N2","phi_N1","phi_N2"
"4316",3.07106837271001,"I","none",4316,0.35306185,3.93808716,92.2506805,0.72259161,0.01280243,2512.07899
