"","max_fitness","cue","log","id","rho","burst","iota_N1","iota_N2","phi_N1","phi_N2"
"609",3.47017232590883,"I","none",609,0.26970995,3.98719246,348.182178,0.91827278,0.00104911,3619.6205
