"","max_fitness","cue","log","id","rho","burst","iota_N1","iota_N2","phi_N1","phi_N2"
"2332",6.68927421041508,"I","none",2332,0.27726366,4.52247676,27.3287815,0.53369259,0.011434,209.421449
