"","max_fitness","cue","log","id","rho","burst","iota_N1","iota_N2","phi_N1","phi_N2"
"2443",8.15527128347313,"I","none",2443,0.31575131,5.66370184,10.9844122,0.94001936,0.04139076,7379.92958
