"","max_fitness","cue","log","id","rho","burst","iota_N1","iota_N2","phi_N1","phi_N2"
"2312",3.52825145505892,"I","none",2312,0.32121695,3.98946787,21.0962828,0.6890181,0.03736606,51997.6654
