"","max_fitness","cue","log","id","rho","burst","iota_N1","iota_N2","phi_N1","phi_N2"
"2785",7.4864092380329,"I","none",2785,0.40820038,5.66740821,169.804198,1.02855363,0.00596973,342.459087
