"","max_fitness","cue","log","id","rho","burst","iota_N1","iota_N2","phi_N1","phi_N2"
"1104",4.84247078939807,"I","none",1104,0.42863138,6.26673174,10.2188779,2.23784098,0.10220104,74.0881828
