"","max_fitness","cue","log","id","rho","burst","iota_N1","iota_N2","phi_N1","phi_N2"
"1262",3.12344684303295,"I","none",1262,0.22843498,3.95734615,46.932324,0.85438302,0.02163842,700.783057
