"","max_fitness","cue","log","id","rho","burst","iota_N1","iota_N2","phi_N1","phi_N2"
"531",3.04332579039,"I","none",531,0.3372719,3.9174034,49.0086788,0.86464568,0.01007635,1119.3159
