"","max_fitness","cue","log","id","rho","burst","iota_N1","iota_N2","phi_N1","phi_N2"
"714",5.23195229323304,"I","none",714,0.45548665,6.19123666,33.2952166,1.95032598,0.03094565,143.52748
