"","max_fitness","cue","log","id","rho","burst","iota_N1","iota_N2","phi_N1","phi_N2"
"2775",3.72430949928027,"I","none",2775,0.34920108,3.99843451,4.18525005,0.71471954,0.08153105,419.951227
