"","max_fitness","cue","log","id","rho","burst","iota_N1","iota_N2","phi_N1","phi_N2"
"1716",5.00253151048708,"I","none",1716,0.44166527,6.0910881,45.6263209,1.93657868,0.03735337,1326.22941
