"","max_fitness","cue","log","id","rho","burst","iota_N1","iota_N2","phi_N1","phi_N2"
"2024",3.39464016737999,"I","none",2024,0.28157649,4.00167984,38.2792013,0.87527413,0.02516022,423.261268
