"","max_fitness","cue","log","id","rho","burst","iota_N1","iota_N2","phi_N1","phi_N2"
"4216",7.1047185552752,"I","none",4216,0.38166872,4.65315426,6.39363373,0.57494865,0.05969716,5328.7067
