"","max_fitness","cue","log","id","rho","burst","iota_N1","iota_N2","phi_N1","phi_N2"
"3711",3.72345387728323,"I","none",3711,0.31894939,4.03216887,58.5423435,0.90644662,0.00781549,903.331302
