"","max_fitness","cue","log","id","rho","burst","iota_N1","iota_N2","phi_N1","phi_N2"
"2921",3.38571011362275,"I","none",2921,0.27215695,4.53597584,83.0785993,2.11794201,0.03648165,266.319403
