"","max_fitness","cue","log","id","rho","burst","iota_N1","iota_N2","phi_N1","phi_N2"
"2137",8.13474657372707,"Ig","log10",2137,0.29321419,5.4131418,7.69005393,1.13637865,0.0497054,2715.39537
