"","max_fitness","cue","log","id","rho","burst","iota_N1","iota_N2","phi_N1","phi_N2"
"3091",8.35577363496988,"Ig","log10",3091,0.36000061,5.534961,8.33607962,1.1182946,0.0810931,205.562134
