"","max_fitness","cue","log","id","rho","burst","iota_N1","iota_N2","phi_N1","phi_N2"
"4498",6.59480771832032,"Ig","log10",4498,0.40072216,4.79289705,32.5093169,0.46153427,0.00843969,874.162827
