"","max_fitness","cue","log","id","rho","burst","iota_N1","iota_N2","phi_N1","phi_N2"
"1854",5.56973886396404,"Ig","log10",1854,0.45555637,6.27651283,25.1971388,2.07080644,0.04657195,620.962541
