"","max_fitness","cue","log","id","rho","burst","iota_N1","iota_N2","phi_N1","phi_N2"
"775",9.6790677504537,"Ig","log10",775,0.28227761,5.58354109,15.5274393,0.84685049,0.01793479,14390.3102
