"","max_fitness","cue","log","id","rho","burst","iota_N1","iota_N2","phi_N1","phi_N2"
"1528",6.91670562027814,"Ig","log10",1528,0.35525686,4.82244576,21.5242937,0.45491897,0.01254656,344.924403
