"","max_fitness","cue","log","id","rho","burst","iota_N1","iota_N2","phi_N1","phi_N2"
"95",1.77490657197262,"Ig","log10",95,0.20601711,4.52443256,28.3714724,2.43216099,0.08010408,338.180722
