"","max_fitness","cue","log","id","rho","burst","iota_N1","iota_N2","phi_N1","phi_N2"
"2765",2.93668928359665,"Ig","log10",2765,0.30277155,4.85767924,230.788894,2.05680041,0.00995303,60.2022812
