"","max_fitness","cue","log","id","rho","burst","iota_N1","iota_N2","phi_N1","phi_N2"
"4835",1.76398416921064,"Ig","log10",4835,0.19519489,4.49904923,85.5097714,2.22456185,0.02790752,2438.32553
