"","max_fitness","cue","log","id","rho","burst","iota_N1","iota_N2","phi_N1","phi_N2"
"3456",6.42122899832866,"Ig","log10",3456,0.54762927,6.21497603,8.04929115,1.73628343,0.12529647,2824.14749
