"","max_fitness","cue","log","id","rho","burst","iota_N1","iota_N2","phi_N1","phi_N2"
"4473",1.00669512123045,"Ig","log10",4473,0.22882381,3.93505226,598.242123,0.81443025,0.00040209,3626.57201
