"","max_fitness","cue","log","id","rho","burst","iota_N1","iota_N2","phi_N1","phi_N2"
"3727",7.95602973924609,"Ig","log10",3727,0.31784907,5.58048098,22.4608184,1.3015245,0.01534197,1598.7159
