"","max_fitness","cue","log","id","rho","burst","iota_N1","iota_N2","phi_N1","phi_N2"
"364",6.3107023092614,"Ig","log10",364,0.43017394,4.77373429,8.31748907,0.457498,0.04558621,926.985276
