"","max_fitness","cue","log","id","rho","burst","iota_N1","iota_N2","phi_N1","phi_N2"
"650",1.12089365228529,"Ig","log10",650,0.305793,4.00402458,587.731511,0.83713627,0.00133882,783.341191
