"","max_fitness","cue","log","id","rho","burst","iota_N1","iota_N2","phi_N1","phi_N2"
"600",6.08270270800267,"Ig","log10",600,0.40425652,6.25944378,88.3856181,1.88099368,0.01116181,365.625953
