"","max_fitness","cue","log","id","rho","burst","iota_N1","iota_N2","phi_N1","phi_N2"
"542",0.938398191517556,"Ig","log10",542,0.38129522,3.91026549,95.2540499,0.73039703,0.00933323,300.607546
