"","max_fitness","cue","log","id","rho","burst","iota_N1","iota_N2","phi_N1","phi_N2"
"4745",1.99062628702179,"Ig","log10",4745,0.14928007,4.60546112,1700.6515,2.06606672,0.00165339,827.723189
