"","max_fitness","cue","log","id","rho","burst","iota_N1","iota_N2","phi_N1","phi_N2"
"1071",1.27513641676536,"Ig","log10",1071,0.44316414,4.05389237,5.39902762,0.71504337,0.12969703,10331.1797
