"","max_fitness","cue","log","id","rho","burst","iota_N1","iota_N2","phi_N1","phi_N2"
"750",5.36092325448681,"Ig","log10",750,0.26530097,6.02324685,79.0958187,2.16403657,0.01143662,7881.85415
