"","max_fitness","cue","log","id","rho","burst","iota_N1","iota_N2","phi_N1","phi_N2"
"4536",5.57622036114068,"Ig","log10",4536,0.40457942,5.94483999,17.0282742,2.05510351,0.06673081,498.459063
