"","max_fitness","cue","log","id","rho","burst","iota_N1","iota_N2","phi_N1","phi_N2"
"4544",0.994503146652394,"Ig","log10",4544,0.23681654,3.94226378,41.1936343,0.91760162,0.01220169,217.955101
