"","max_fitness","cue","log","id","rho","burst","iota_N1","iota_N2","phi_N1","phi_N2"
"1023",1.09757006555677,"Ig","log10",1023,0.24597775,3.98152618,99.5460425,0.85373184,0.00304306,2136.44536
