"","max_fitness","cue","log","id","rho","burst","iota_N1","iota_N2","phi_N1","phi_N2"
"82",5.50293140223143,"Ig","log10",82,0.32477726,4.7121712,7.21535763,0.54701099,0.03700929,537.015522
