"","max_fitness","cue","log","id","rho","burst","iota_N1","iota_N2","phi_N1","phi_N2"
"2032",5.49317203461074,"Ig","log10",2032,0.34427856,4.69327479,5.29552224,0.49834701,0.04031823,1347.15333
