"","max_fitness","cue","log","id","rho","burst","iota_N1","iota_N2","phi_N1","phi_N2"
"692",1.02163529794475,"Ig","log10",692,0.28682967,3.94624219,94.4453307,0.67249977,0.00812395,367.4032
