"","max_fitness","cue","log","id","rho","burst","iota_N1","iota_N2","phi_N1","phi_N2"
"739",8.51516559211464,"Ig","log10",739,0.31531566,5.50059888,3.7778584,1.15032346,0.09173227,122.368844
