"","max_fitness","cue","log","id","rho","burst","iota_N1","iota_N2","phi_N1","phi_N2"
"2220",4.95405135469593,"Ig","log10",2220,0.39687812,6.02546324,27.5998976,2.28098695,0.05897129,575.309199
