"","max_fitness","cue","log","id","rho","burst","iota_N1","iota_N2","phi_N1","phi_N2"
"368",1.34622604538852,"Ig","log10",368,0.27295586,4.09407142,12.9682297,0.84604456,0.05329857,2743.57668
