"","max_fitness","cue","log","id","rho","burst","iota_N1","iota_N2","phi_N1","phi_N2"
"4204",8.03952071496471,"Ig","log10",4204,0.37307056,4.96557384,6.30204947,0.49426365,0.05258388,179.731455
