"","max_fitness","cue","log","id","rho","burst","iota_N1","iota_N2","phi_N1","phi_N2"
"1045",9.55507404011755,"Ig","log10",1045,0.32143746,5.7419871,1.31029138,0.9149579,0.26576995,9546.84918
