"","max_fitness","cue","log","id","rho","burst","iota_N1","iota_N2","phi_N1","phi_N2"
"1049",2.53883366765796,"Ig","log10",1049,0.22802067,4.74255622,28.27783,2.00156528,0.07876659,1041.58447
