"","max_fitness","cue","log","id","rho","burst","iota_N1","iota_N2","phi_N1","phi_N2"
"297",1.03606948411581,"Ig","log10",297,0.35996634,3.95972607,72.6108446,0.81990633,0.00937932,314.626288
