"","max_fitness","cue","log","id","rho","burst","iota_N1","iota_N2","phi_N1","phi_N2"
"4328",1.12807781830508,"Ig","log10",4328,0.24863168,3.99892155,13.8789905,0.85717287,0.03076003,6013.97906
