"","max_fitness","cue","log","id","rho","burst","iota_N1","iota_N2","phi_N1","phi_N2"
"2443",9.32036120431655,"Ig","log10",2443,0.31575131,5.66370184,10.9844122,0.94001936,0.04139076,7379.92958
