"","max_fitness","cue","log","id","rho","burst","iota_N1","iota_N2","phi_N1","phi_N2"
"442",6.67551415540178,"Ig","log10",442,0.43059834,4.78526019,3.48005114,0.4033525,0.08770982,2354.8133
