"","max_fitness","cue","log","id","rho","burst","iota_N1","iota_N2","phi_N1","phi_N2"
"1977",1.01743620566432,"Ig","log10",1977,0.30397675,3.94984075,5.38003109,0.80960154,0.12060186,1063.60459
