"","max_fitness","cue","log","id","rho","burst","iota_N1","iota_N2","phi_N1","phi_N2"
"1665",0.711084993140966,"Ig","log10",1665,0.26469304,3.77539326,9.88561103,0.79553805,0.06829141,397.022319
