"","max_fitness","cue","log","id","rho","burst","iota_N1","iota_N2","phi_N1","phi_N2"
"4924",6.96081866799485,"Ig","none",4924,0.42644017,4.83311264,5.18007659,0.60003822,0.08321507,71.6711776
