"","max_fitness","cue","log","id","rho","burst","iota_N1","iota_N2","phi_N1","phi_N2"
"2101",6.88407097709332,"Ig","none",2101,0.51164517,5.30164297,102.932182,0.96872366,0.00987961,443.520838
