"","max_fitness","cue","log","id","rho","burst","iota_N1","iota_N2","phi_N1","phi_N2"
"1190",2.2614924111718,"Ig","none",1190,0.30301727,3.89243895,7.40121475,0.83515174,0.09417845,29.3758173
