"","max_fitness","cue","log","id","rho","burst","iota_N1","iota_N2","phi_N1","phi_N2"
"2091",2.33336187249645,"Ig","none",2091,0.35648818,3.91738142,20.9519123,0.93671461,0.03280359,225.633523
