"","max_fitness","cue","log","id","rho","burst","iota_N1","iota_N2","phi_N1","phi_N2"
"3472",6.85694762325445,"Ig","none",3472,0.3710243,4.73300956,49.7278669,0.47548664,0.00582214,2957.15388
