"","max_fitness","cue","log","id","rho","burst","iota_N1","iota_N2","phi_N1","phi_N2"
"4104",5.34337148354196,"Ig","none",4104,0.3552162,6.1576875,37.8861306,1.89147137,0.02324583,776.779239
