"","max_fitness","cue","log","id","rho","burst","iota_N1","iota_N2","phi_N1","phi_N2"
"4655",3.54308362691965,"Ig","none",4655,0.21552931,4.68618778,18.9031434,2.15499086,0.10359554,1495.44956
