"","max_fitness","cue","log","id","rho","burst","iota_N1","iota_N2","phi_N1","phi_N2"
"4068",5.74232423160164,"Ig","none",4068,0.38521117,6.06011011,3.03294136,1.70520268,0.27288168,1144.32856
