"","max_fitness","cue","log","id","rho","burst","iota_N1","iota_N2","phi_N1","phi_N2"
"219",3.14480360283805,"Ig","none",219,0.36378206,4.04499041,7.7540356,0.73675585,0.12045286,542.692843
