"","max_fitness","cue","log","id","rho","burst","iota_N1","iota_N2","phi_N1","phi_N2"
"2251",6.91993657727965,"Ig","none",2251,0.41542424,5.48115493,12.3814947,1.07092523,0.07663373,2918.67408
