"","max_fitness","cue","log","id","rho","burst","iota_N1","iota_N2","phi_N1","phi_N2"
"2530",7.2246340564716,"Ig","none",2530,0.41796056,4.83737941,14.0048754,0.48099227,0.02597668,857.903208
