"","max_fitness","cue","log","id","rho","burst","iota_N1","iota_N2","phi_N1","phi_N2"
"841",7.65058551518847,"Ig","none",841,0.30746043,5.52415113,9.30797357,1.05301512,0.05290618,82.4838196
