"","max_fitness","cue","log","id","rho","burst","iota_N1","iota_N2","phi_N1","phi_N2"
"2078",1.73084321762994,"Ig","none",2078,0.23298327,3.81406693,66.5558029,0.81605926,0.0137981,1950.4429
