"","max_fitness","cue","log","id","rho","burst","iota_N1","iota_N2","phi_N1","phi_N2"
"2053",6.53047999342793,"Ig","none",2053,0.30154006,5.3801949,10.7909391,1.17929827,0.07166699,208.604456
