"","max_fitness","cue","log","id","rho","burst","iota_N1","iota_N2","phi_N1","phi_N2"
"397",7.87276152967202,"Ig","none",397,0.36972403,5.55680163,74.5909266,0.9235466,0.0097289,243.439256
