"","max_fitness","cue","log","id","rho","burst","iota_N1","iota_N2","phi_N1","phi_N2"
"925",6.3094049826079,"Ig","none",925,0.25754467,5.62707169,21.5344696,1.39541052,0.02962948,466.77835
