"","max_fitness","cue","log","id","rho","burst","iota_N1","iota_N2","phi_N1","phi_N2"
"2538",5.25174035363844,"Ig","none",2538,0.35711099,6.120587,16.4637262,1.91798874,0.05811506,506.905184
