"","max_fitness","cue","log","id","rho","burst","iota_N1","iota_N2","phi_N1","phi_N2"
"3126",5.56086705720457,"Ig","none",3126,0.47147037,6.20494977,4.80485664,1.75414004,0.24707064,647.457206
