"","max_fitness","cue","log","id","rho","burst","iota_N1","iota_N2","phi_N1","phi_N2"
"3635",3.27032222586819,"Ig","none",3635,0.19821721,4.59823638,150.334439,2.34513389,0.01230336,2410.35543
