"","max_fitness","cue","log","id","rho","burst","iota_N1","iota_N2","phi_N1","phi_N2"
"2496",4.77627349684764,"Ig","none",2496,0.44836003,6.03720699,9.25459314,2.15954363,0.15236247,93.7674735
