"","max_fitness","cue","log","id","rho","burst","iota_N1","iota_N2","phi_N1","phi_N2"
"2077",7.47028748707319,"Ig","none",2077,0.44099422,5.43606322,26.8825182,0.95563542,0.02644051,1799.68038
