"","max_fitness","cue","log","id","rho","burst","iota_N1","iota_N2","phi_N1","phi_N2"
"1498",6.59347243313754,"Ig","none",1498,0.38335796,4.68692412,1.06547535,0.41313879,0.6097558,869.364999
