"","max_fitness","cue","log","id","rho","burst","iota_N1","iota_N2","phi_N1","phi_N2"
"4933",7.59552743913803,"Ig","none",4933,0.37556715,5.46372096,64.5839021,0.93396422,0.01143132,261.355454
