"","max_fitness","cue","log","id","rho","burst","iota_N1","iota_N2","phi_N1","phi_N2"
"478",6.43604611105315,"Ig","none",478,0.35980137,4.6554545,23.6898458,0.54507536,0.01381493,65.690365
