"","max_fitness","cue","log","id","rho","burst","iota_N1","iota_N2","phi_N1","phi_N2"
"276",4.93160422975422,"Ig","none",276,0.40774818,6.06456975,10.2278036,1.90986558,0.1683532,7427.30799
