"","max_fitness","cue","log","id","rho","burst","iota_N1","iota_N2","phi_N1","phi_N2"
"2884",6.94874025065345,"Ig","none",2884,0.33086071,4.76837381,12.0081885,0.48127889,0.03043492,129.839675
