"","max_fitness","cue","log","id","rho","burst","iota_N1","iota_N2","phi_N1","phi_N2"
"4371",2.58923169940668,"Ig","none",4371,0.29595265,3.95431053,46.0957645,0.92115364,0.01096157,36738.6079
