"","max_fitness","cue","log","id","rho","burst","iota_N1","iota_N2","phi_N1","phi_N2"
"854",3.23786858709268,"Ig","none",854,0.27384312,4.06228588,6.30310723,0.92442656,0.0965048,35.6124256
