"","max_fitness","cue","log","id","rho","burst","iota_N1","iota_N2","phi_N1","phi_N2"
"1508",2.77471761664724,"Ig","none",1508,0.34564131,3.97296237,37.816048,0.73803446,0.01826573,187.832056
