"","max_fitness","cue","log","id","rho","burst","iota_N1","iota_N2","phi_N1","phi_N2"
"3262",6.67333036279524,"Ig","none",3262,0.47776478,4.72821781,12.5491202,0.53650647,0.03756034,55.1283673
