"","max_fitness","cue","log","id","rho","burst","iota_N1","iota_N2","phi_N1","phi_N2"
"3833",3.23546055579958,"Ig","none",3833,0.18796999,4.59778993,58.0379976,2.33091273,0.03513994,671.959962
