"","max_fitness","cue","log","id","rho","burst","iota_N1","iota_N2","phi_N1","phi_N2"
"2696",3.67029827561716,"Ig","none",2696,0.16359922,4.1228477,34.2476191,0.84965463,0.00898985,279.211158
