"","max_fitness","cue","log","id","rho","burst","iota_N1","iota_N2","phi_N1","phi_N2"
"4854",5.93915573826933,"Ig","none",4854,0.37112464,6.10394478,56.589231,1.67525794,0.0117186,646.560308
