"","max_fitness","cue","log","id","rho","burst","iota_N1","iota_N2","phi_N1","phi_N2"
"4354",7.87804298467125,"Ig","none",4354,0.50655775,4.92639782,70.0743216,0.32008939,0.00551483,532.141836
