"","max_fitness","cue","log","id","rho","burst","iota_N1","iota_N2","phi_N1","phi_N2"
"131",1.69459467153158,"R","log10",131,0.51709695,4.68597378,57.610435,2.14230072,0.09763432,273.444418
