"","max_fitness","cue","log","id","rho","burst","iota_N1","iota_N2","phi_N1","phi_N2"
"3261",3.60473202812503,"R","log10",3261,0.2300536,4.03037534,14.1688003,0.82959001,0.0341365,52.4775666
