"","max_fitness","cue","log","id","rho","burst","iota_N1","iota_N2","phi_N1","phi_N2"
"4960",7.21073836551147,"R","log10",4960,0.3418757,4.67203144,8.57506838,0.55543824,0.02829076,55.51194
