"","max_fitness","cue","log","id","rho","burst","iota_N1","iota_N2","phi_N1","phi_N2"
"2648",3.82965257777492,"R","log10",2648,0.33808887,4.0897372,8.47030312,0.64932662,0.09822024,1734.31998
