"","max_fitness","cue","log","id","rho","burst","iota_N1","iota_N2","phi_N1","phi_N2"
"3598",8.03628485789469,"R","log10",3598,0.39589163,4.88950379,26.0270641,0.40194001,0.00896569,366.053968
