"","max_fitness","cue","log","id","rho","burst","iota_N1","iota_N2","phi_N1","phi_N2"
"3835",5.95115620802808,"R","log10",3835,0.320343,5.51875211,59.6245884,1.2741664,0.01452854,1108.38346
