"","max_fitness","cue","log","id","rho","burst","iota_N1","iota_N2","phi_N1","phi_N2"
"869",3.06399669217457,"R","log10",869,0.19828768,4.82169388,19.6595056,1.99504905,0.09904516,6901.52279
