"","max_fitness","cue","log","id","rho","burst","iota_N1","iota_N2","phi_N1","phi_N2"
"3723",2.66975807958726,"R","log10",3723,0.38338958,3.90558367,30.6370182,0.94452989,0.03041863,797.99039
