"","max_fitness","cue","log","id","rho","burst","iota_N1","iota_N2","phi_N1","phi_N2"
"2333",2.41175091977871,"R","log10",2333,0.22214206,4.65850129,27.8129479,2.40705896,0.08257133,71.5148224
