"","max_fitness","cue","log","id","rho","burst","iota_N1","iota_N2","phi_N1","phi_N2"
"842",4.5417183614141,"R","log10",842,0.2297308,4.1492255,35.6322629,1.03009388,0.00790437,34.0428665
