"","max_fitness","cue","log","id","rho","burst","iota_N1","iota_N2","phi_N1","phi_N2"
"3160",7.65519613166434,"R","log10",3160,0.32859121,4.75345491,4.79920071,0.41195496,0.04797396,1162.74037
