"","max_fitness","cue","log","id","rho","burst","iota_N1","iota_N2","phi_N1","phi_N2"
"3679",7.40155086681216,"R","log10",3679,0.35762883,5.52816188,111.902122,0.87637649,0.00460661,1759.21854
