"","max_fitness","cue","log","id","rho","burst","iota_N1","iota_N2","phi_N1","phi_N2"
"264",5.29883913704525,"R","log10",264,0.35909763,6.17770481,15.3589729,1.80795504,0.06557691,11402.4841
