"","max_fitness","cue","log","id","rho","burst","iota_N1","iota_N2","phi_N1","phi_N2"
"859",7.15542193920321,"R","log10",859,0.32936655,5.51380659,5.78156449,0.90780682,0.09905052,1090.01129
