"","max_fitness","cue","log","id","rho","burst","iota_N1","iota_N2","phi_N1","phi_N2"
"1343",2.98545087142942,"R","log10",1343,0.22718985,4.74215711,61.7970915,1.84863048,0.03862204,1087.55665
