"","max_fitness","cue","log","id","rho","burst","iota_N1","iota_N2","phi_N1","phi_N2"
"2913",2.68568418624879,"R","log10",2913,0.36627781,3.8760318,17.131046,0.88729609,0.04336024,230.084837
