"","max_fitness","cue","log","id","rho","burst","iota_N1","iota_N2","phi_N1","phi_N2"
"2094",4.81617093538419,"R","log10",2094,0.40723686,6.1515006,19.4912722,1.98478697,0.04683385,245.552129
