"","max_fitness","cue","log","id","rho","burst","iota_N1","iota_N2","phi_N1","phi_N2"
"2532",5.0902401901274,"R","log10",2532,0.37459308,6.20912204,10.8822646,1.81892342,0.0502302,590.126214
