"","max_fitness","cue","log","id","rho","burst","iota_N1","iota_N2","phi_N1","phi_N2"
"1427",2.78028284047168,"R","log10",1427,0.23265643,4.51675875,40.2293869,1.77526007,0.05482344,59.3496473
