"","max_fitness","cue","log","id","rho","burst","iota_N1","iota_N2","phi_N1","phi_N2"
"719",1.88535089364472,"R","log10",719,0.23784262,4.39442122,22.8052849,2.57955745,0.11685337,12867.9543
