"","max_fitness","cue","log","id","rho","burst","iota_N1","iota_N2","phi_N1","phi_N2"
"1713",4.35118614938352,"R","log10",1713,0.34031399,4.04233356,7.15451837,0.60385186,0.03735697,1090.67959
