"","max_fitness","cue","log","id","rho","burst","iota_N1","iota_N2","phi_N1","phi_N2"
"337",6.88291488656582,"R","log10",337,0.3801956,5.53294369,15.9164469,0.96083232,0.03650642,348.448862
