"","max_fitness","cue","log","id","rho","burst","iota_N1","iota_N2","phi_N1","phi_N2"
"3652",7.75354724311456,"R","log10",3652,0.34191691,4.79598496,5.3053324,0.39347868,0.05226847,6002.20522
