"","max_fitness","cue","log","id","rho","burst","iota_N1","iota_N2","phi_N1","phi_N2"
"1896",5.0448613995454,"R","log10",1896,0.42595126,6.03579765,16.2134124,1.84678307,0.07370675,1925.76623
