"","max_fitness","cue","log","id","rho","burst","iota_N1","iota_N2","phi_N1","phi_N2"
"3393",3.21740043479894,"R","log10",3393,0.30584707,3.93361012,23.1714344,0.79944932,0.00975886,198.665887
