"","max_fitness","cue","log","id","rho","burst","iota_N1","iota_N2","phi_N1","phi_N2"
"2689",6.70084944936409,"R","log10",2689,0.28519342,5.55645393,9.26344571,1.11354434,0.05736154,296.195825
