"","max_fitness","cue","log","id","rho","burst","iota_N1","iota_N2","phi_N1","phi_N2"
"4651",6.51858857394293,"R","log10",4651,0.35774409,5.57166739,18.1610044,1.15051731,0.03936328,944.015664
