"","max_fitness","cue","log","id","rho","burst","iota_N1","iota_N2","phi_N1","phi_N2"
"4358",3.17732988692262,"R","log10",4358,0.29021669,3.99053892,69.652268,0.7716465,0.01078563,167.816617
