"","max_fitness","cue","log","id","rho","burst","iota_N1","iota_N2","phi_N1","phi_N2"
"4608",4.9973049058356,"R","log10",4608,0.38542634,6.08416682,6.30461981,1.82458979,0.12421197,3479.2815
