"","max_fitness","cue","log","id","rho","burst","iota_N1","iota_N2","phi_N1","phi_N2"
"179",2.50194569282623,"R","log10",179,0.26739846,4.66378218,40.4779671,2.3123256,0.06402287,1025.89343
