"","max_fitness","cue","log","id","rho","burst","iota_N1","iota_N2","phi_N1","phi_N2"
"4690",7.77769457768119,"R","log10",4690,0.35067458,4.81838622,2.05372463,0.50490508,0.0919709,41.4331684
