"","max_fitness","cue","log","id","rho","burst","iota_N1","iota_N2","phi_N1","phi_N2"
"2238",4.6996361444953,"R","log10",2238,0.33544655,5.82812577,5.89599927,2.07539425,0.23359796,837.838501
