"","max_fitness","cue","log","id","rho","burst","iota_N1","iota_N2","phi_N1","phi_N2"
"497",2.77926554706061,"R","log10",497,0.16629246,4.61545388,25.8280802,2.09149044,0.07550584,244.820825
