"","max_fitness","cue","log","id","rho","burst","iota_N1","iota_N2","phi_N1","phi_N2"
"3097",7.07180234694873,"R","log10",3097,0.29893839,5.52929588,5.59155486,1.01635063,0.08955706,114.228241
