"","max_fitness","cue","log","id","rho","burst","iota_N1","iota_N2","phi_N1","phi_N2"
"4471",6.77712056396524,"R","log10",4471,0.31944017,5.44877128,13.145613,1.03038696,0.03104296,2037.17565
