"","max_fitness","cue","log","id","rho","burst","iota_N1","iota_N2","phi_N1","phi_N2"
"1553",2.56978475574927,"R","log10",1553,0.23446909,4.5380712,7.96138754,1.64279447,0.31632881,2999.89005
