"","max_fitness","cue","log","id","rho","burst","iota_N1","iota_N2","phi_N1","phi_N2"
"1418",3.51572453396288,"R","log10",1418,0.29026235,4.0242603,20.4082723,0.76505645,0.0299814,233.103261
