"","max_fitness","cue","log","id","rho","burst","iota_N1","iota_N2","phi_N1","phi_N2"
"4652",3.87508366979469,"R","log10",4652,0.2394856,4.11527518,28.8388695,0.84212882,0.02413989,2078.18321
