"","max_fitness","cue","log","id","rho","burst","iota_N1","iota_N2","phi_N1","phi_N2"
"1115",2.64236302368812,"R","log10",1115,0.16303525,4.77360548,29.3363884,2.68388567,0.06785028,196.704322
