"","max_fitness","cue","log","id","rho","burst","iota_N1","iota_N2","phi_N1","phi_N2"
"570",4.77686798041026,"R","log10",570,0.45672273,5.98902867,5.76685522,2.00795457,0.22805283,556.966831
