"","max_fitness","cue","log","id","rho","burst","iota_N1","iota_N2","phi_N1","phi_N2"
"2113",6.52817826147417,"R","log10",2113,0.35403875,5.40480386,3.89919055,1.03197095,0.16993095,274.566289
