"","max_fitness","cue","log","id","rho","burst","iota_N1","iota_N2","phi_N1","phi_N2"
"10",7.60074710385999,"R","log10",10,0.28918332,4.86722708,18.8557136,0.50591169,0.01430833,179.939918
