"","max_fitness","cue","log","id","rho","burst","iota_N1","iota_N2","phi_N1","phi_N2"
"903",3.65504784118176,"R","log10",903,0.34426824,4.02089454,76.8606536,0.89437462,0.00734948,767.107578
