"","max_fitness","cue","log","id","rho","burst","iota_N1","iota_N2","phi_N1","phi_N2"
"47",2.53334035948961,"R","log10",47,0.1828014,4.618446,66.2039063,1.92263211,0.03801,33083.2118
