"","max_fitness","cue","log","id","rho","burst","iota_N1","iota_N2","phi_N1","phi_N2"
"3945",3.22846308799041,"R","log10",3945,0.3276332,3.95967763,20.850191,0.75381827,0.0254791,65.6641657
