"","max_fitness","cue","log","id","rho","burst","iota_N1","iota_N2","phi_N1","phi_N2"
"2307",4.22950264014716,"R","log10",2307,0.23358271,4.05788831,38.3159727,0.78097615,0.00706993,271.799217
