"","max_fitness","cue","log","id","rho","burst","iota_N1","iota_N2","phi_N1","phi_N2"
"4037",2.18288868532383,"R","log10",4037,0.18887454,4.65491124,50.0733856,2.74631529,0.05038078,5952.89064
