"","max_fitness","cue","log","id","rho","burst","iota_N1","iota_N2","phi_N1","phi_N2"
"2875",7.70191596188741,"R","log10",2875,0.45896051,5.64622265,48.9363311,0.79446376,0.0082669,1365.74541
