"","max_fitness","cue","log","id","rho","burst","iota_N1","iota_N2","phi_N1","phi_N2"
"3633",3.79602097752356,"R","log10",3633,0.41191191,4.04044765,81.3796523,0.61300255,0.01000987,144.554802
