"","max_fitness","cue","log","id","rho","burst","iota_N1","iota_N2","phi_N1","phi_N2"
"2121",3.15818006091426,"R","log10",2121,0.234276,3.91094798,14.8000735,0.88309223,0.02271455,850.138295
