"","max_fitness","cue","log","id","rho","burst","iota_N1","iota_N2","phi_N1","phi_N2"
"2447",2.11797131777194,"R","log10",2447,0.25041685,4.69462789,35.6317104,2.28549246,0.08791972,6645.36802
