"","max_fitness","cue","log","id","rho","burst","iota_N1","iota_N2","phi_N1","phi_N2"
"2718",4.29550707874664,"R","log10",2718,0.47675403,5.74382348,11.7487664,2.20168354,0.09496337,1057.2938
