"","max_fitness","cue","log","id","rho","burst","iota_N1","iota_N2","phi_N1","phi_N2"
"4450",6.86959028180569,"R","log10",4450,0.33057048,4.65306463,10.7729641,0.55539644,0.03367403,2511.94259
