"","max_fitness","cue","log","id","rho","burst","iota_N1","iota_N2","phi_N1","phi_N2"
"2688",5.12229017973701,"R","log10",2688,0.34920249,6.24866719,11.955517,1.78731704,0.05534535,931.184672
