"","max_fitness","cue","log","id","rho","burst","iota_N1","iota_N2","phi_N1","phi_N2"
"3526",7.60370018002286,"R","log10",3526,0.37977106,4.90260641,20.7289245,0.39015006,0.02591608,15046.9086
