"","max_fitness","cue","log","id","rho","burst","iota_N1","iota_N2","phi_N1","phi_N2"
"3243",3.58655476486805,"R","log10",3243,0.21730063,4.00427279,3.52937715,1.00974192,0.10758007,468.878419
