"","max_fitness","cue","log","id","rho","burst","iota_N1","iota_N2","phi_N1","phi_N2"
"3939",3.32400402612788,"R","none",3939,0.45429749,4.04240348,33.3677291,0.64908952,0.04009498,49.4488028
