"","max_fitness","cue","log","id","rho","burst","iota_N1","iota_N2","phi_N1","phi_N2"
"4190",4.4499964773167,"R","none",4190,0.28978833,4.1747258,44.1304371,0.7324465,0.01478382,849.54199
