"","max_fitness","cue","log","id","rho","burst","iota_N1","iota_N2","phi_N1","phi_N2"
"2769",3.43661630596973,"R","none",2769,0.27381892,3.91134387,42.3983709,0.72996053,0.00826663,844.341435
