"","max_fitness","cue","log","id","rho","burst","iota_N1","iota_N2","phi_N1","phi_N2"
"4292",4.1615236628474,"R","none",4292,0.23581949,4.11411728,43.0562571,0.80666808,0.01294732,692.359924
