"","max_fitness","cue","log","id","rho","burst","iota_N1","iota_N2","phi_N1","phi_N2"
"4058",2.96963657953284,"R","none",4058,0.37109819,3.92766502,10.9643655,0.81523153,0.08424021,702.147502
