"","max_fitness","cue","log","id","rho","burst","iota_N1","iota_N2","phi_N1","phi_N2"
"4210",7.84805784072941,"R","none",4210,0.36213852,4.79853723,22.3276299,0.52066176,0.00595748,38.4338859
