"","max_fitness","cue","log","id","rho","burst","iota_N1","iota_N2","phi_N1","phi_N2"
"995",2.73828047009391,"R","none",995,0.21003127,4.79659873,17.1006501,2.32920823,0.12311158,1377.33213
