"","max_fitness","cue","log","id","rho","burst","iota_N1","iota_N2","phi_N1","phi_N2"
"613",7.06193884068383,"R","none",613,0.3356371,5.65070407,170.275252,0.91222307,0.00121251,3448.662
