"","max_fitness","cue","log","id","rho","burst","iota_N1","iota_N2","phi_N1","phi_N2"
"670",7.08163738611391,"R","none",670,0.32854323,4.60958644,26.6869181,0.43947882,0.0123503,116.113863
