"","max_fitness","cue","log","id","rho","burst","iota_N1","iota_N2","phi_N1","phi_N2"
"4958",3.14973235091775,"R","none",4958,0.33068237,3.94722727,8.91170792,0.90553889,0.08539356,99.0881132
