"","max_fitness","cue","log","id","rho","burst","iota_N1","iota_N2","phi_N1","phi_N2"
"982",8.24589974478696,"R","none",982,0.38872448,4.92747957,17.4581524,0.37734232,0.01266897,799.264254
