"","max_fitness","cue","log","id","rho","burst","iota_N1","iota_N2","phi_N1","phi_N2"
"1310",1.95015044049942,"R","none",1310,0.47580108,3.82894341,18.7656237,0.68026835,0.09978419,317.115712
