"","max_fitness","cue","log","id","rho","burst","iota_N1","iota_N2","phi_N1","phi_N2"
"120",4.33783467936458,"R","none",120,0.46949607,6.04707971,7.63216254,2.2536975,0.15243868,4291.56125
