"","max_fitness","cue","log","id","rho","burst","iota_N1","iota_N2","phi_N1","phi_N2"
"4518",4.82996805528529,"R","none",4518,0.35178066,5.84835412,43.6254993,1.9237638,0.02102831,1396.86191
