"","max_fitness","cue","log","id","rho","burst","iota_N1","iota_N2","phi_N1","phi_N2"
"638",3.28580309412981,"R","none",638,0.24239673,3.99288796,13.5034021,0.79210254,0.05783232,1752.60691
