"","max_fitness","cue","log","id","rho","burst","iota_N1","iota_N2","phi_N1","phi_N2"
"231",3.7612427048408,"R","none",231,0.3172928,4.03823917,28.0250115,0.84802328,0.02291924,763.516522
