"","max_fitness","cue","log","id","rho","burst","iota_N1","iota_N2","phi_N1","phi_N2"
"2633",1.98045978026092,"R","none",2633,0.19756536,4.63768061,240.67841,2.61355259,0.01127332,246.169223
