"","max_fitness","cue","log","id","rho","burst","iota_N1","iota_N2","phi_N1","phi_N2"
"2198",3.80983251054303,"R","none",2198,0.25345881,4.10406112,11.7056015,0.7988402,0.06757256,240.641403
