"","max_fitness","cue","log","id","rho","burst","iota_N1","iota_N2","phi_N1","phi_N2"
"4987",6.30685625119061,"R","none",4987,0.32503414,5.47345504,12.9337956,1.20391543,0.06306696,118.033394
