"","max_fitness","cue","log","id","rho","burst","iota_N1","iota_N2","phi_N1","phi_N2"
"3246",4.83539816273863,"R","none",3246,0.39454785,6.02618975,16.0350111,1.96343231,0.05913937,517.778479
