"","max_fitness","cue","log","id","rho","burst","iota_N1","iota_N2","phi_N1","phi_N2"
"599",1.94364056189914,"R","none",599,0.40804953,4.48076307,165.009231,1.75633523,0.02238434,331.093917
