"","max_fitness","cue","log","id","rho","burst","iota_N1","iota_N2","phi_N1","phi_N2"
"3296",4.16363204970012,"R","none",3296,0.32252301,4.15374916,10.2741841,0.75059391,0.07862934,1631.53734
