"","max_fitness","cue","log","id","rho","burst","iota_N1","iota_N2","phi_N1","phi_N2"
"3831",2.48318996740959,"R","none",3831,0.32581681,3.83047344,29.1374311,0.75137622,0.02912285,493.577765
