"","max_fitness","cue","log","id","rho","burst","iota_N1","iota_N2","phi_N1","phi_N2"
"3202",6.71280564397541,"R","none",3202,0.26596649,4.70437923,7.94434088,0.58048459,0.05821016,267.687852
