"","max_fitness","cue","log","id","rho","burst","iota_N1","iota_N2","phi_N1","phi_N2"
"1413",3.29976099402239,"R","none",1413,0.22382479,3.8958809,3.9365557,0.86846187,0.0674171,536.005591
