"","max_fitness","cue","log","id","rho","burst","iota_N1","iota_N2","phi_N1","phi_N2"
"974",3.42545187558989,"R","none",974,0.24565402,4.00802136,27.7026727,0.95572773,0.02265491,573.204735
