"","max_fitness","cue","log","id","rho","burst","iota_N1","iota_N2","phi_N1","phi_N2"
"2395",6.79978410699916,"R","none",2395,0.31630773,5.48329784,29.9320612,1.00882558,0.01788763,658.289402
