"","max_fitness","cue","log","id","rho","burst","iota_N1","iota_N2","phi_N1","phi_N2"
"4968",4.91309890630088,"R","none",4968,0.49484621,6.33681883,16.7075048,2.00591324,0.07838381,1055.57048
