"","max_fitness","cue","log","id","rho","burst","iota_N1","iota_N2","phi_N1","phi_N2"
"1088",2.66129514841274,"R","none",1088,0.2837131,3.87510219,10.1055572,0.7963761,0.08445057,4404.10578
