"","max_fitness","cue","log","id","rho","burst","iota_N1","iota_N2","phi_N1","phi_N2"
"3036",4.81898549826081,"R","none",3036,0.37253416,6.15268499,13.1050726,1.99196891,0.06959305,5851.72355
