"","max_fitness","cue","log","id","rho","burst","iota_N1","iota_N2","phi_N1","phi_N2"
"3555",3.90811641438182,"R","none",3555,0.37432871,3.9706613,26.1922642,0.60620273,0.01511553,2218.80975
