"","max_fitness","cue","log","id","rho","burst","iota_N1","iota_N2","phi_N1","phi_N2"
"2214",4.95854986648951,"R","none",2214,0.3559782,6.1124581,11.2042378,1.92214587,0.07778705,676.705989
