"","max_fitness","cue","log","id","rho","burst","iota_N1","iota_N2","phi_N1","phi_N2"
"2751",2.93587095689967,"R","none",2751,0.23413506,3.89316946,9.30125829,1.10387674,0.04497225,10237.139
