"","max_fitness","cue","log","id","rho","burst","iota_N1","iota_N2","phi_N1","phi_N2"
"171",4.30996711822494,"R","none",171,0.32933134,4.045251,28.3106159,0.77719711,0.01074833,94.7330177
