"","max_fitness","cue","log","id","rho","burst","iota_N1","iota_N2","phi_N1","phi_N2"
"1240",7.36387965150642,"R","none",1240,0.30858373,4.82417593,5.06241953,0.53298582,0.06814648,830.754415
