"","max_fitness","cue","log","id","rho","burst","iota_N1","iota_N2","phi_N1","phi_N2"
"3500",3.63345920611052,"R","none",3500,0.28012311,4.04272096,18.2359356,0.96189659,0.03530501,150.32877
