"","max_fitness","cue","log","id","rho","burst","iota_N1","iota_N2","phi_N1","phi_N2"
"2394",5.27744273213163,"R","none",2394,0.46464605,6.17359535,44.2057219,1.66429551,0.01369784,791.881207
