"","max_fitness","cue","log","id","rho","burst","iota_N1","iota_N2","phi_N1","phi_N2"
"4392",5.06448710358271,"R","none",4392,0.33670088,5.9808342,39.1509429,1.89486498,0.02499178,299.96118
