"","max_fitness","cue","log","id","rho","burst","iota_N1","iota_N2","phi_N1","phi_N2"
"563",2.7604393875549,"R","none",563,0.23065465,4.65408873,24.5384107,1.88893221,0.08747335,788.149823
