"","max_fitness","cue","log","id","rho","burst","iota_N1","iota_N2","phi_N1","phi_N2"
"4581",4.33666794750935,"R","none",4581,0.34768053,4.05954937,10.3049405,0.67960283,0.04134073,737.286279
