"","max_fitness","cue","log","id","rho","burst","iota_N1","iota_N2","phi_N1","phi_N2"
"224",4.30692930669018,"R","none",224,0.27138361,4.09181193,4.32292722,0.645238,0.13044506,3877.82637
