"","max_fitness","cue","log","id","rho","burst","iota_N1","iota_N2","phi_N1","phi_N2"
"4635",2.96241233333428,"R","none",4635,0.29857514,3.88223893,15.0851284,0.76292772,0.0408836,134.875786
