"","max_fitness","cue","log","id","rho","burst","iota_N1","iota_N2","phi_N1","phi_N2"
"1627",6.56091404202799,"R","none",1627,0.32088078,5.43061274,85.1438878,1.05490373,0.00758331,1675.19173
