"","max_fitness","cue","log","id","rho","burst","iota_N1","iota_N2","phi_N1","phi_N2"
"672",4.98541255844741,"R","none",672,0.390935,6.08107731,36.0561985,1.95016695,0.03330217,4854.51524
