"","max_fitness","cue","log","id","rho","burst","iota_N1","iota_N2","phi_N1","phi_N2"
"1709",2.8848501655304,"R","none",1709,0.24213752,4.55721362,57.3050148,1.43598064,0.03683363,710.172306
