"","max_fitness","cue","log","id","rho","burst","iota_N1","iota_N2","phi_N1","phi_N2"
"1778",3.48201644672227,"R","none",1778,0.46171096,3.98160213,2.37602199,0.75339134,0.40698787,74.318662
