"","max_fitness","cue","log","id","rho","burst","iota_N1","iota_N2","phi_N1","phi_N2"
"2020",7.73086590081257,"R","none",2020,0.46147743,4.7409495,3.39863703,0.46247582,0.0715004,28.9902439
