"","max_fitness","cue","log","id","rho","burst","iota_N1","iota_N2","phi_N1","phi_N2"
"4011",3.89875593481471,"R","none",4011,0.37324965,4.01619179,12.7525298,0.84217338,0.03880787,924.391164
