"","max_fitness","cue","log","id","rho","burst","iota_N1","iota_N2","phi_N1","phi_N2"
"4257",3.01192386417633,"R","none",4257,0.42285356,3.89684031,3.86110367,0.76030336,0.2182741,206.841264
