"","max_fitness","cue","log","id","rho","burst","iota_N1","iota_N2","phi_N1","phi_N2"
"1542",5.33137842354771,"R","none",1542,0.36334558,6.11488626,74.3616536,1.73271929,0.01104653,1154.66751
