"","max_fitness","cue","log","id","rho","burst","iota_N1","iota_N2","phi_N1","phi_N2"
"3632",2.75324974074551,"R","none",3632,0.26642412,3.86865912,47.4775841,0.8351826,0.01413162,433.215602
