"","max_fitness","cue","log","id","rho","burst","iota_N1","iota_N2","phi_N1","phi_N2"
"1680",5.31229993663208,"R","none",1680,0.35183769,6.32454125,33.8437294,1.919792,0.02941198,153.408001
