"","max_fitness","cue","log","id","rho","burst","iota_N1","iota_N2","phi_N1","phi_N2"
"758",2.90799991672403,"R","none",758,0.29566498,3.91685251,13.604808,0.81709057,0.05972189,1158.00598
