"","max_fitness","cue","log","id","rho","burst","iota_N1","iota_N2","phi_N1","phi_N2"
"4256",4.19548002815655,"R","none",4256,0.35859768,4.09448622,4.58973098,0.63952947,0.16411555,173.185215
