"","max_fitness","cue","log","id","rho","burst","iota_N1","iota_N2","phi_N1","phi_N2"
"4454",3.54077199654271,"R","none",4454,0.23388908,4.03138237,9.23508124,0.88757192,0.07187643,1475.19641
