"","max_fitness","cue","log","id","rho","burst","iota_N1","iota_N2","phi_N1","phi_N2"
"3800",2.81998622852206,"R","none",3800,0.33433307,3.94189519,49.8193768,0.91029343,0.02013926,1151.11795
