"","max_fitness","cue","log","id","rho","burst","iota_N1","iota_N2","phi_N1","phi_N2"
"2050",7.66274780317543,"R","none",2050,0.37376864,4.75426843,2.04956091,0.56842993,0.09702961,16.9358763
