"","max_fitness","cue","log","id","rho","burst","iota_N1","iota_N2","phi_N1","phi_N2"
"1832",3.60763494729173,"R","none",1832,0.42538717,3.99002808,17.9878314,0.83845012,0.03703685,86.9299813
