"","max_fitness","cue","log","id","rho","burst","iota_N1","iota_N2","phi_N1","phi_N2"
"3179",2.94575582224122,"R","none",3179,0.19076607,4.6099831,16.4498692,1.52910505,0.12378377,34009.9022
