"","max_fitness","cue","log","id","rho","burst","iota_N1","iota_N2","phi_N1","phi_N2"
"4594",7.52924300431352,"R","none",4594,0.36474869,4.86172288,29.227789,0.52229755,0.01150684,629.579485
