"","max_fitness","cue","log","id","rho","burst","iota_N1","iota_N2","phi_N1","phi_N2"
"4309",7.70601441183197,"R","none",4309,0.27058361,5.62388393,8.46515045,0.91950456,0.06490416,228.074419
