"","max_fitness","cue","log","id","rho","burst","iota_N1","iota_N2","phi_N1","phi_N2"
"1187",2.72756474929379,"R","none",1187,0.30453852,4.73636767,212.330927,2.10500076,0.01101275,258.70245
