"","max_fitness","cue","log","id","rho","burst","iota_N1","iota_N2","phi_N1","phi_N2"
"4906",7.5428782836851,"R","none",4906,0.30909378,4.82901466,4.50255657,0.57777639,0.0415031,755.138816
