"","max_fitness","cue","log","id","rho","burst","iota_N1","iota_N2","phi_N1","phi_N2"
"2005",6.65838914602867,"R","none",2005,0.24581671,5.48262678,11.1070773,1.04375302,0.02989861,2787.59253
