"","max_fitness","cue","log","id","rho","burst","iota_N1","iota_N2","phi_N1","phi_N2"
"2895",3.76759275339561,"R","none",2895,0.2214828,3.9811204,2.04459301,0.85351096,0.16622083,1628.42037
