"","max_fitness","cue","log","id","rho","burst","iota_N1","iota_N2","phi_N1","phi_N2"
"1793",1.80975202141171,"R","none",1793,0.30580401,4.52151995,25.2712869,1.88395518,0.15361109,452.567557
