"","max_fitness","cue","log","id","rho","burst","iota_N1","iota_N2","phi_N1","phi_N2"
"3992",3.13903122065166,"R","none",3992,0.35340802,3.94927327,53.6893251,0.86729097,0.01463424,248.305208
