"","max_fitness","cue","log","id","rho","burst","iota_N1","iota_N2","phi_N1","phi_N2"
"4797",3.24074273328264,"R","none",4797,0.40817988,3.97364093,17.3994839,0.649909,0.05977241,1571.2141
