"","max_fitness","cue","log","id","rho","burst","iota_N1","iota_N2","phi_N1","phi_N2"
"2871",3.7376816579308,"R","none",2871,0.26484806,3.9757881,17.7214905,0.82913882,0.01951905,4174.14631
