"","max_fitness","cue","log","id","rho","burst","iota_N1","iota_N2","phi_N1","phi_N2"
"1731",2.61378467890805,"R","none",1731,0.22125089,3.82061622,26.0902858,0.85450442,0.0189443,53.943313
