"","max_fitness","cue","log","id","rho","burst","iota_N1","iota_N2","phi_N1","phi_N2"
"4090",6.28948696213496,"t","none",4090,0.35714839,4.63231694,22.3906831,0.54799803,0.01825346,4703.66755
