"","max_fitness","cue","log","id","rho","burst","iota_N1","iota_N2","phi_N1","phi_N2"
"318",5.37390509026617,"t","none",318,0.3418172,6.33646842,37.083013,2.17639577,0.03744456,65.4852206
