"","max_fitness","cue","log","id","rho","burst","iota_N1","iota_N2","phi_N1","phi_N2"
"296",1.79265147850854,"t","none",296,0.21718107,4.03634932,60.863204,0.9332074,0.00884852,94.8553955
