"","max_fitness","cue","log","id","rho","burst","iota_N1","iota_N2","phi_N1","phi_N2"
"3794",1.66863918438399,"t","none",3794,0.34040998,4.00974261,20.7329815,0.82163469,0.03237491,291.776547
