"","max_fitness","cue","log","id","rho","burst","iota_N1","iota_N2","phi_N1","phi_N2"
"3722",1.53200311385114,"t","none",3722,0.23807441,3.98094891,30.5008886,0.74332499,0.02157815,259.138378
