"","max_fitness","cue","log","id","rho","burst","iota_N1","iota_N2","phi_N1","phi_N2"
"1755",0.985293906255231,"t","none",1755,0.21063661,3.86718876,38.4016516,0.83557038,0.00829445,163.190378
