"","max_fitness","cue","log","id","rho","burst","iota_N1","iota_N2","phi_N1","phi_N2"
"4669",8.1244335462123,"t","none",4669,0.33274655,5.41063207,4.48630803,1.25105397,0.13643763,624.351462
