"","max_fitness","cue","log","id","rho","burst","iota_N1","iota_N2","phi_N1","phi_N2"
"3823",7.81963953138561,"t","none",3823,0.40076755,5.28416506,90.2212441,1.19460476,0.01004365,3335.71562
