"","max_fitness","cue","log","id","rho","burst","iota_N1","iota_N2","phi_N1","phi_N2"
"935",3.63023835013245,"t","none",935,0.20838451,4.68683953,53.0904291,2.04122168,0.04422341,2092.34761
