"","max_fitness","cue","log","id","rho","burst","iota_N1","iota_N2","phi_N1","phi_N2"
"96",5.01562242106411,"t","none",96,0.34857098,6.05750248,18.6209776,2.25418842,0.08001626,384.072267
