"","max_fitness","cue","log","id","rho","burst","iota_N1","iota_N2","phi_N1","phi_N2"
"1354",7.6092539869195,"t","none",1354,0.44246234,4.79775567,1.78394954,0.46972931,0.17279327,2537.65193
