"","max_fitness","cue","log","id","rho","burst","iota_N1","iota_N2","phi_N1","phi_N2"
"156",5.88941009043752,"t","none",156,0.48442371,6.08735265,22.8272179,1.90013246,0.06198076,337.786382
