"","max_fitness","cue","log","id","rho","burst","iota_N1","iota_N2","phi_N1","phi_N2"
"2219",2.94038495054868,"t","none",2219,0.12475023,4.48791855,41.3222618,2.25736159,0.03546202,745.550135
