"","max_fitness","cue","log","id","rho","burst","iota_N1","iota_N2","phi_N1","phi_N2"
"4564",6.92746398854106,"t","none",4564,0.27852948,4.69423764,10.0659841,0.50054232,0.01591921,6135.1362
