"","max_fitness","cue","log","id","rho","burst","iota_N1","iota_N2","phi_N1","phi_N2"
"4250",1.26639351530207,"t","none",4250,0.40256935,3.92725637,16.7491747,0.65077336,0.05613521,162.475095
