"","max_fitness","cue","log","id","rho","burst","iota_N1","iota_N2","phi_N1","phi_N2"
"1978",7.73711437512721,"t","none",1978,0.47993317,4.81690794,6.79362083,0.46817556,0.04518238,484.493879
