"","max_fitness","cue","log","id","rho","burst","iota_N1","iota_N2","phi_N1","phi_N2"
"2979",1.72376038489585,"t","none",2979,0.28386936,4.00816081,27.3408222,0.72423916,0.0155506,17863.4996
