"","max_fitness","cue","log","id","rho","burst","iota_N1","iota_N2","phi_N1","phi_N2"
"4520",1.90965749348999,"t","none",4520,0.33391868,4.04036747,38.6049248,0.72269194,0.01354287,540.797584
