"","max_fitness","cue","log","id","rho","burst","iota_N1","iota_N2","phi_N1","phi_N2"
"3486",5.23597431432416,"t","none",3486,0.38503281,6.00742294,59.5893175,2.16357299,0.02371674,867.473817
