"","max_fitness","cue","log","id","rho","burst","iota_N1","iota_N2","phi_N1","phi_N2"
"2978",2.57818956174125,"t","none",2978,0.41347039,4.13396456,32.5847938,0.58407865,0.01990695,8567.40605
