"","max_fitness","cue","log","id","rho","burst","iota_N1","iota_N2","phi_N1","phi_N2"
"43",9.15838223256306,"t","none",43,0.28336518,5.54303179,7.00623756,1.02710473,0.05960943,306.419521
