"","max_fitness","cue","log","id","rho","burst","iota_N1","iota_N2","phi_N1","phi_N2"
"985",9.73920126205764,"t","none",985,0.30364045,5.58817123,19.5777722,0.88934421,0.01493752,586.953811
