"","max_fitness","cue","log","id","rho","burst","iota_N1","iota_N2","phi_N1","phi_N2"
"1668",5.41956659048941,"t","none",1668,0.48421456,6.12286222,30.4169869,2.06771374,0.05229931,312.650627
