"","max_fitness","cue","log","id","rho","burst","iota_N1","iota_N2","phi_N1","phi_N2"
"4342",7.18980010292645,"t","none",4342,0.36379498,4.72645165,3.02809397,0.44812013,0.08107725,1077.65706
