"","max_fitness","cue","log","id","rho","burst","iota_N1","iota_N2","phi_N1","phi_N2"
"2612",2.17304351119917,"t","none",2612,0.16909795,4.08587685,15.3727719,0.78195555,0.0249543,1450.59817
