"","max_fitness","cue","log","id","rho","burst","iota_N1","iota_N2","phi_N1","phi_N2"
"3422",2.34343087386908,"t","none",3422,0.27276787,4.1177388,9.42369595,0.84903608,0.05490137,90.5307493
