"","max_fitness","cue","log","id","rho","burst","iota_N1","iota_N2","phi_N1","phi_N2"
"4950",5.41616091115773,"t","none",4950,0.34356923,6.17001656,4.34474606,2.1561853,0.17926969,130.750527
