"","max_fitness","cue","log","id","rho","burst","iota_N1","iota_N2","phi_N1","phi_N2"
"1272",6.13316560414176,"t","none",1272,0.38658034,6.13576065,19.7423467,1.80735014,0.03963156,1541.48396
