"","max_fitness","cue","log","id","rho","burst","iota_N1","iota_N2","phi_N1","phi_N2"
"2874",5.68634486906591,"t","none",2874,0.48773673,6.0979852,76.9336197,1.92659956,0.02210157,1272.56878
