"","max_fitness","cue","log","id","rho","burst","iota_N1","iota_N2","phi_N1","phi_N2"
"88",7.40402325837584,"t","none",88,0.366081,4.78235687,9.37618906,0.51186716,0.03715781,741.539824
