"","max_fitness","cue","log","id","rho","burst","iota_N1","iota_N2","phi_N1","phi_N2"
"3996",5.17083099080539,"t","none",3996,0.44211413,6.21646822,54.7114978,2.14502177,0.01646176,8563.657
