"","max_fitness","cue","log","id","rho","burst","iota_N1","iota_N2","phi_N1","phi_N2"
"4931",3.45893417621302,"t","none",4931,0.22495426,4.6175311,163.665416,2.10682357,0.01319061,128.72375
