"","max_fitness","cue","log","id","rho","burst","iota_N1","iota_N2","phi_N1","phi_N2"
"555",1.90579199811484,"t","none",555,0.33815716,4.04875557,31.2172643,0.81726213,0.01923354,424.169812
