"","max_fitness","cue","log","id","rho","burst","iota_N1","iota_N2","phi_N1","phi_N2"
"387",1.72507784260207,"t","none",387,0.3855383,4.00961872,222.369533,0.67041618,0.00315758,1034.31467
