"","max_fitness","cue","log","id","rho","burst","iota_N1","iota_N2","phi_N1","phi_N2"
"2437",9.73250488646539,"t","none",2437,0.29728917,5.72835013,23.0355628,0.9201735,0.01339423,8583.1176
