"","max_fitness","cue","log","id","rho","burst","iota_N1","iota_N2","phi_N1","phi_N2"
"1957",9.07300136182751,"t","none",1957,0.38420514,5.4140434,17.5769969,0.95051887,0.03130845,457.491563
