"","max_fitness","cue","log","id","rho","burst","iota_N1","iota_N2","phi_N1","phi_N2"
"3471",1.25560839512014,"t","none",3471,0.23641432,3.93605414,107.643639,0.93162866,0.00458152,742.05464
