"","max_fitness","cue","log","id","rho","burst","iota_N1","iota_N2","phi_N1","phi_N2"
"4218",5.06236886589541,"t","none",4218,0.37227353,6.03083933,9.12118421,2.22119777,0.14515884,50199.5913
