"","max_fitness","cue","log","id","rho","burst","iota_N1","iota_N2","phi_N1","phi_N2"
"4700",1.60593220082216,"t","none",4700,0.27865791,4.00593348,15.8062872,0.78967602,0.06545894,1363.64557
