"","max_fitness","cue","log","id","rho","burst","iota_N1","iota_N2","phi_N1","phi_N2"
"2602",8.20544906777389,"t","none",2602,0.3957412,4.89177041,27.1054674,0.461616,0.01170698,137.987998
