"","max_fitness","cue","log","id","rho","burst","iota_N1","iota_N2","phi_N1","phi_N2"
"273",1.61310594185824,"t","none",273,0.25345077,3.99821701,2.93473361,0.91773315,0.1360534,64.4373042
