"","max_fitness","cue","log","id","rho","burst","iota_N1","iota_N2","phi_N1","phi_N2"
"317",3.68605086152808,"t","none",317,0.18485352,4.65070216,31.770762,2.16286237,0.05891206,54.1163932
