"","max_fitness","cue","log","id","rho","burst","iota_N1","iota_N2","phi_N1","phi_N2"
"2965",9.48643285840419,"t","none",2965,0.30349329,5.5792203,13.5560586,0.97872013,0.01632222,1198.2634
