"","max_fitness","cue","log","id","rho","burst","iota_N1","iota_N2","phi_N1","phi_N2"
"4127",3.70499030885853,"t","none",4127,0.20967945,4.6898294,39.7525572,2.21061204,0.04078245,756.08503
