"","max_fitness","cue","log","id","rho","burst","iota_N1","iota_N2","phi_N1","phi_N2"
"556",8.67378973490741,"t","none",556,0.33000058,4.97701443,54.9758189,0.50683338,0.00372377,2389.08793
