"","max_fitness","cue","log","id","rho","burst","iota_N1","iota_N2","phi_N1","phi_N2"
"1853",2.8731105062824,"t","none",1853,0.22019647,4.55974324,51.4162137,2.2914952,0.05465179,570.678995
