"","max_fitness","cue","log","id","rho","burst","iota_N1","iota_N2","phi_N1","phi_N2"
"1569",1.49463455618275,"t","none",1569,0.37628132,3.97016381,15.3035538,0.80310953,0.02314407,282.20066
