"","max_fitness","cue","log","id","rho","burst","iota_N1","iota_N2","phi_N1","phi_N2"
"966",5.12880265408895,"t","none",966,0.35765344,6.11086682,12.4812522,2.17903384,0.09079362,6949.00145
