"","max_fitness","cue","log","id","rho","burst","iota_N1","iota_N2","phi_N1","phi_N2"
"1971",1.80827783047448,"t","none",1971,0.49021421,4.01592625,6.62779132,0.57732134,0.11049644,322.669667
