"","max_fitness","cue","log","id","rho","burst","iota_N1","iota_N2","phi_N1","phi_N2"
"12",5.50969379365296,"t","none",12,0.4358735,6.04646261,13.843265,2.04490981,0.1009159,536.673244
