"","cue","log","id","rho","burst","iota_N1","iota_N2","phi_N1","phi_N2","fitness_rho","fitness_beta","fitness_psin","fitness_psiw","fitness_phin","fitness_phiw"
"216","G","log10",216,0.34171132,5.96741337,63.939305,2.26333555,0.01588348,1007.3579,9.59710876100193,9.69457211819996,8.29956624337608,5.30779217822873,9.81479180374759,9.55163539587348
