"","cue","log","id","rho","burst","iota_N1","iota_N2","phi_N1","phi_N2","fitness_rho","fitness_beta","fitness_psin","fitness_psiw","fitness_phin","fitness_phiw"
"3367","G","log10",3367,0.41837079,5.65978966,11.0219144,0.9377143,0.05477619,1215.89846,9.62103617941353,9.4975251823887,9.71939467863774,9.2297115941802,9.30870927698195,9.54918643581424
