"","cue","log","id","rho","burst","iota_N1","iota_N2","phi_N1","phi_N2","fitness_rho","fitness_beta","fitness_psin","fitness_psiw","fitness_phin","fitness_phiw"
"1474","G","log10",1474,0.39109778,4.92100661,12.3638584,0.38440813,0.01405632,942.703341,9.61328965851855,7.0111089810574,9.68255057560613,10.9703402596301,9.83838094829107,9.55261238365913
