"","cue","log","id","rho","burst","iota_N1","iota_N2","phi_N1","phi_N2","fitness_rho","fitness_beta","fitness_psin","fitness_psiw","fitness_phin","fitness_phiw"
"596","G","log10",596,0.24099032,4.14120459,111.115512,0.67015035,0.00380278,953.838453,9.55184210964855,1.47257736558885,7.18591580762309,10.148855498409,9.96942733186036,9.5524375096783
