"","cue","log","id","rho","burst","iota_N1","iota_N2","phi_N1","phi_N2","fitness_rho","fitness_beta","fitness_psin","fitness_psiw","fitness_phin","fitness_phiw"
"2281","G","log10",2281,0.30558907,5.52798307,13.6388717,0.94698088,0.05807367,105.340488,9.58309740877981,9.30065024985748,9.64748912745808,9.19674502842673,9.26602809049994,9.66787281915244
