"","cue","log","id","rho","burst","iota_N1","iota_N2","phi_N1","phi_N2","fitness_rho","fitness_beta","fitness_psin","fitness_psiw","fitness_phin","fitness_phiw"
"2328","G","log10",2328,0.27181708,6.08297342,17.3402489,2.04926004,0.04567259,138.904143,9.56790298925808,9.69659008571294,9.54553962406597,5.78253833347748,9.42695422564466,9.6376350457807
