"","cue","log","id","rho","burst","iota_N1","iota_N2","phi_N1","phi_N2","fitness_rho","fitness_beta","fitness_psin","fitness_psiw","fitness_phin","fitness_phiw"
"1596","G","log10",1596,0.47435262,6.22043253,14.9719269,1.97485615,0.08087742,288.141527,9.63481838636154,9.66224270769145,9.61079536171632,5.96210291244415,8.97390710799163,9.58671977656126
