"","cue","log","id","rho","burst","iota_N1","iota_N2","phi_N1","phi_N2","fitness_rho","fitness_beta","fitness_psin","fitness_psiw","fitness_phin","fitness_phiw"
"3556","G","log10",3556,0.37807986,4.91116939,20.4058865,0.45729553,0.01368472,1296.00929,9.60931437050863,6.94928421180429,9.4610400323213,10.7835248636334,9.84317153326096,9.54845675054479
