"","cue","log","id","rho","burst","iota_N1","iota_N2","phi_N1","phi_N2","fitness_rho","fitness_beta","fitness_psin","fitness_psiw","fitness_phin","fitness_phiw"
"2373","G","log10",2373,0.28193415,3.90856545,17.8723415,0.82599548,0.02171537,12356.9,9.57269319204461,0.780604330442424,9.53087075297891,9.6233067608467,9.73919589483969,9.53846601274643
