"","cue","log","id","rho","burst","iota_N1","iota_N2","phi_N1","phi_N2","fitness_rho","fitness_beta","fitness_psin","fitness_psiw","fitness_phin","fitness_phiw"
"830","G","log10",830,0.36081713,3.90425832,15.6846954,0.76520235,0.05426093,725.052412,9.60373605601054,0.771661282923016,9.59116393322184,9.83260706871235,9.31538565010874,9.55717459029186
