"","cue","log","id","rho","burst","iota_N1","iota_N2","phi_N1","phi_N2","fitness_rho","fitness_beta","fitness_psin","fitness_psiw","fitness_phin","fitness_phiw"
"368","G","log10",368,0.27295586,4.09407142,12.9682297,0.84604456,0.05329857,2743.57668,9.56845187299835,1.29270099639982,9.66593882854087,9.55337574208743,9.32786356894744,9.54257607501915
