"","cue","log","id","rho","burst","iota_N1","iota_N2","phi_N1","phi_N2","fitness_rho","fitness_beta","fitness_psin","fitness_psiw","fitness_phin","fitness_phiw"
"521","G","log10",521,0.16204969,4.71272655,20.1311457,1.87614264,0.06929554,491.149628,9.49736422217161,5.51419633373601,9.46861256588419,6.21249487462109,9.12154935747676,9.56653312067866
