"","cue","log","id","rho","burst","iota_N1","iota_N2","phi_N1","phi_N2","fitness_rho","fitness_beta","fitness_psin","fitness_psiw","fitness_phin","fitness_phiw"
"625","G","log10",625,0.32309459,5.79886693,3.55457994,0.95118071,0.07930752,317.170532,9.59014832379866,9.62648646532645,9.92251097634764,9.1817951979108,8.99382319923823,9.5822811628421
