"","cue","log","id","rho","burst","iota_N1","iota_N2","phi_N1","phi_N2","fitness_rho","fitness_beta","fitness_psin","fitness_psiw","fitness_phin","fitness_phiw"
"134","G","log10",134,0.34662081,3.96315919,37.5343281,0.7638392,0.03307196,386.81877,9.5988599698073,0.90401438088966,8.99266856248465,9.83724537071285,9.59123766704139,9.57429903348522
