"","cue","log","id","rho","burst","iota_N1","iota_N2","phi_N1","phi_N2","fitness_rho","fitness_beta","fitness_psin","fitness_psiw","fitness_phin","fitness_phiw"
"1073","G","log10",1073,0.22018346,4.53828547,19.8826469,2.2243745,0.11600008,2203.15171,9.53957797346522,4.05612611812313,9.47545870754566,5.38973752534665,8.53744929495977,9.54386845785607
