"","cue","log","id","rho","burst","iota_N1","iota_N2","phi_N1","phi_N2","fitness_rho","fitness_beta","fitness_psin","fitness_psiw","fitness_phin","fitness_phiw"
"1557","G","log10",1557,0.35821002,3.98263905,12.9086782,0.7193341,0.03410659,3178.72631,9.60285986950193,0.952949269717503,9.66757407665555,9.98714580541111,9.5777376238711,9.54185566616232
