"","cue","log","id","rho","burst","iota_N1","iota_N2","phi_N1","phi_N2","fitness_rho","fitness_beta","fitness_psin","fitness_psiw","fitness_phin","fitness_phiw"
"3940","G","log10",3940,0.38611049,4.73946864,14.0162357,0.52522787,0.03465148,24.9693521,9.61179065186538,5.72662226422816,9.6371091259071,10.5942929615034,9.5706331119415,10.0026080615827
