"","cue","log","id","rho","burst","iota_N1","iota_N2","phi_N1","phi_N2","fitness_rho","fitness_beta","fitness_psin","fitness_psiw","fitness_phin","fitness_phiw"
"608","G","log10",608,0.2484377,4.03183628,409.575369,0.78568221,0.00132981,6189.53097,9.55593901121679,1.08954551847935,3.29923611597997,9.76261149575145,10.0005659451929,9.53963790505467
