"","cue","log","id","rho","burst","iota_N1","iota_N2","phi_N1","phi_N2","fitness_rho","fitness_beta","fitness_psin","fitness_psiw","fitness_phin","fitness_phiw"
"3250","G","log10",3250,0.35733682,4.83817156,3.41743688,0.50661845,0.07170777,101.790825,9.60256317891901,6.46188377894041,9.92619600723873,10.6475018283769,9.09066562982121,9.6721683738032
