"","cue","log","id","rho","burst","iota_N1","iota_N2","phi_N1","phi_N2","fitness_rho","fitness_beta","fitness_psin","fitness_psiw","fitness_phin","fitness_phiw"
"3349","G","log10",3349,0.33050967,5.69966047,34.7552688,0.8915113,0.01313809,2188.12026,9.59298303565984,9.54213601668905,9.06794136767924,9.39351392997736,9.85021474397406,9.54391428523398
