"","cue","log","id","rho","burst","iota_N1","iota_N2","phi_N1","phi_N2","fitness_rho","fitness_beta","fitness_psin","fitness_psiw","fitness_phin","fitness_phiw"
"4965","G","log10",4965,0.31904527,3.98880651,16.0366546,0.81957943,0.04562704,311.696648,9.58856134075013,0.969026091368725,9.58146657664593,9.64559961491285,9.4275489699268,9.5830543287007
