"","cue","log","id","rho","burst","iota_N1","iota_N2","phi_N1","phi_N2","fitness_rho","fitness_beta","fitness_psin","fitness_psiw","fitness_phin","fitness_phiw"
"3847","G","log10",3847,0.25121761,5.5182062,38.7301995,1.13424219,0.01789973,794.016344,9.55743220689461,9.2827757414263,8.96039550718083,8.53001335653793,9.78870149096015,9.55546047392724
