"","cue","log","id","rho","burst","iota_N1","iota_N2","phi_N1","phi_N2","fitness_rho","fitness_beta","fitness_psin","fitness_psiw","fitness_phin","fitness_phiw"
"4895","G","log10",4895,0.27253112,4.55309996,31.4771431,1.94758133,0.10448325,11923.0342,9.56824665158462,4.18088153902999,9.15716010008059,6.02988392771278,8.67854446075754,9.53851119356045
