"","cue","log","id","rho","burst","iota_N1","iota_N2","phi_N1","phi_N2","fitness_rho","fitness_beta","fitness_psin","fitness_psiw","fitness_phin","fitness_phiw"
"4828","G","log10",4828,0.34392865,4.61108057,12.6621418,0.61008214,0.03474526,3763.95367,9.59790380485188,4.67177600905072,9.67435250638098,10.3396697593774,9.56940799640902,9.54114568932584
