"","cue","log","id","rho","burst","iota_N1","iota_N2","phi_N1","phi_N2","fitness_rho","fitness_beta","fitness_psin","fitness_psiw","fitness_phin","fitness_phiw"
"1637","G","log10",1637,0.18893249,4.47313492,54.994191,2.11505494,0.0543516,461.747196,9.51853534167035,3.51860858117468,8.52940082109995,5.63014493775728,9.31420970554598,9.56837144430205
