"","cue","log","id","rho","burst","iota_N1","iota_N2","phi_N1","phi_N2","fitness_rho","fitness_beta","fitness_psin","fitness_psiw","fitness_phin","fitness_phiw"
"3797","G","log10",3797,0.2132873,4.51472602,43.7272417,2.22088741,0.05379503,70.1986151,9.5352231464705,3.85924184247504,8.82633037716129,5.39716782127793,9.32142433092503,9.72799188847236
