"","cue","log","id","rho","burst","iota_N1","iota_N2","phi_N1","phi_N2","fitness_rho","fitness_beta","fitness_psin","fitness_psiw","fitness_phin","fitness_phiw"
"1606","G","log10",1606,0.35318555,4.75976452,131.963749,0.40827102,0.00158658,1119.49526,9.60114766090642,5.88438811390518,6.74845989007089,10.9111115697085,9.99734245308398,9.55020745462822
