"","cue","log","id","rho","burst","iota_N1","iota_N2","phi_N1","phi_N2","fitness_rho","fitness_beta","fitness_psin","fitness_psiw","fitness_phin","fitness_phiw"
"2862","G","log10",2862,0.31266467,6.06817978,14.1124815,2.17406442,0.07630094,1545.224,9.58601014617022,9.69806079565214,9.63446043536457,5.49843140277444,9.03205249009369,9.54666320873641
