"","cue","log","id","rho","burst","iota_N1","iota_N2","phi_N1","phi_N2","fitness_rho","fitness_beta","fitness_psin","fitness_psiw","fitness_phin","fitness_phiw"
"3629","G","log10",3629,0.18858265,4.6330036,45.582424,2.1519052,0.06111836,7922.82692,9.5182786764512,4.85673190042603,8.7769089462218,5.54734562342231,9.22670820364484,9.53912564605508
