"","cue","log","id","rho","burst","iota_N1","iota_N2","phi_N1","phi_N2","fitness_rho","fitness_beta","fitness_psin","fitness_psiw","fitness_phin","fitness_phiw"
"1726","G","log10",1726,0.29201095,4.67299855,23.1229782,0.82131337,0.0189988,8.39306245,9.57725714889195,5.19034012183212,9.38620724848923,9.63958063809266,9.77446223166777,10.5015539040601
