"","cue","log","id","rho","burst","iota_N1","iota_N2","phi_N1","phi_N2","fitness_rho","fitness_beta","fitness_psin","fitness_psiw","fitness_phin","fitness_phiw"
"2216","G","log10",2216,0.30806057,3.97043612,40.0003703,0.78979244,0.01854211,416.352436,9.58412522359671,0.921971913820438,8.92619163752211,9.74849708822004,9.78038017749948,9.57171092502346
