"","cue","log","id","rho","burst","iota_N1","iota_N2","phi_N1","phi_N2","fitness_rho","fitness_beta","fitness_psin","fitness_psiw","fitness_phin","fitness_phiw"
"3985","G","log10",3985,0.28704645,5.52448423,18.5722493,1.06641613,0.03245029,1773.94856,9.57503271834922,9.29431297157286,9.51158191287661,8.77078980537005,9.59934860845777,9.54545381562711
