"","cue","log","id","rho","burst","iota_N1","iota_N2","phi_N1","phi_N2","fitness_rho","fitness_beta","fitness_psin","fitness_psiw","fitness_phin","fitness_phiw"
"2453","G","log10",2453,0.18039769,4.79149713,63.1461206,2.03058519,0.02383808,573.728165,9.51215277289,6.12449283761357,8.31972085470876,5.82687866056305,9.71159402900524,9.56236794141991
