"","cue","log","id","rho","burst","iota_N1","iota_N2","phi_N1","phi_N2","fitness_rho","fitness_beta","fitness_psin","fitness_psiw","fitness_phin","fitness_phiw"
"1998","G","log10",1998,0.35921718,6.10475798,9.00787329,1.79774078,0.12000962,573.9931,9.60319747039836,9.69357755518936,9.77454782230074,6.42148788574289,8.48882687630986,9.56235474765739
