"","cue","log","id","rho","burst","iota_N1","iota_N2","phi_N1","phi_N2","fitness_rho","fitness_beta","fitness_psin","fitness_psiw","fitness_phin","fitness_phiw"
"3601","G","log10",3601,0.31293037,5.5152337,93.3631461,1.18228202,0.00819902,495.872408,9.5861172824103,9.27724853504857,7.58488530921254,8.36089437641331,9.91356650698211,9.56625743093985
