"","cue","log","id","rho","burst","iota_N1","iota_N2","phi_N1","phi_N2","fitness_rho","fitness_beta","fitness_psin","fitness_psiw","fitness_phin","fitness_phiw"
"3038","G","log10",3038,0.31838637,4.04507858,3.69748265,0.75550495,0.12748704,86.415437,9.58830219515152,1.12976574225353,9.91867008341566,9.86554879978304,8.39883249680715,9.69458326680906
