"","cue","log","id","rho","burst","iota_N1","iota_N2","phi_N1","phi_N2","fitness_rho","fitness_beta","fitness_psin","fitness_psiw","fitness_phin","fitness_phiw"
"4581","G","log10",4581,0.34768053,4.05954937,10.3049405,0.67960283,0.04134073,737.286279,9.59923252709105,1.17551305753811,9.7390502950737,10.1181331067057,9.48338198637878,9.55684913772705
