"","cue","log","id","rho","burst","iota_N1","iota_N2","phi_N1","phi_N2","fitness_rho","fitness_beta","fitness_psin","fitness_psiw","fitness_phin","fitness_phiw"
"2993","G","log10",2993,0.28576657,4.39140581,23.1055108,1.93599385,0.18093557,10435.4593,9.57445541562949,2.89000079638662,9.38668695398032,6.05900243918567,7.78307804016637,9.53868379186764
