"","cue","log","id","rho","burst","iota_N1","iota_N2","phi_N1","phi_N2","fitness_rho","fitness_beta","fitness_psin","fitness_psiw","fitness_phin","fitness_phiw"
"1551","G","log10",1551,0.42471597,3.9963552,5.02642867,0.93955034,0.07867313,3919.54921,9.62273341980092,0.989098227230154,9.88283204133917,9.2231823145905,9.00188177315071,9.54099201409611
