"","cue","log","id","rho","burst","iota_N1","iota_N2","phi_N1","phi_N2","fitness_rho","fitness_beta","fitness_psin","fitness_psiw","fitness_phin","fitness_phiw"
"1314","G","log10",1314,0.42555237,6.18426949,5.53678643,1.75305903,0.16552966,108.089218,9.62295332771042,9.67462356838143,9.86902259755168,6.54464504696656,7.95552193465675,9.66472898815194
