"","cue","log","id","rho","burst","iota_N1","iota_N2","phi_N1","phi_N2","fitness_rho","fitness_beta","fitness_psin","fitness_psiw","fitness_phin","fitness_phiw"
"4282","G","log10",4282,0.36279401,4.74889573,15.379029,0.47758286,0.01571115,1577.3986,9.60439216156528,5.80029401295732,9.59958335766691,10.7284770244058,9.81702023642434,9.54646982128418
