"","cue","log","id","rho","burst","iota_N1","iota_N2","phi_N1","phi_N2","fitness_rho","fitness_beta","fitness_psin","fitness_psiw","fitness_phin","fitness_phiw"
"1025","G","log10",1025,0.19490819,4.51770049,104.83477,2.22364266,0.02405646,661.863894,9.52282855143939,3.88397450345342,7.32427210921705,5.39129799088869,9.70874809838936,9.55905873575558
