"","cue","log","id","rho","burst","iota_N1","iota_N2","phi_N1","phi_N2","fitness_rho","fitness_beta","fitness_psin","fitness_psiw","fitness_phin","fitness_phiw"
"806","G","log10",806,0.29722878,4.06313338,17.6814881,0.81722666,0.03242224,243.737975,9.57954463014881,1.18714729276788,9.53613269913459,9.6537645500813,9.59971454458874,9.59551005109664
