"","cue","log","id","rho","burst","iota_N1","iota_N2","phi_N1","phi_N2","fitness_rho","fitness_beta","fitness_psin","fitness_psiw","fitness_phin","fitness_phiw"
"4873","G","log10",4873,0.26809289,5.63005302,14.3583651,1.15065299,0.03097414,926.173685,9.56607953196354,9.4599404583773,9.62768889346111,8.47208427297439,9.61860684059587,9.55288553838394
