"","cue","log","id","rho","burst","iota_N1","iota_N2","phi_N1","phi_N2","fitness_rho","fitness_beta","fitness_psin","fitness_psiw","fitness_phin","fitness_phiw"
"544","G","log10",544,0.31951129,4.76284335,20.1125129,0.63826944,0.01417973,36.4447397,9.5887478917263,5.90804631450578,9.46912297157456,10.2511178290309,9.83679015426399,9.87848459199504
