"","cue","log","id","rho","burst","iota_N1","iota_N2","phi_N1","phi_N2","fitness_rho","fitness_beta","fitness_psin","fitness_psiw","fitness_phin","fitness_phiw"
"3144","G","log10",3144,0.36513545,6.17490676,10.3215535,2.15282517,0.09081845,67.3419939,9.60516522156983,9.67746951340475,9.73859601262002,5.54530617504094,8.84855532548421,9.73539959107246
