"","cue","log","id","rho","burst","iota_N1","iota_N2","phi_N1","phi_N2","fitness_rho","fitness_beta","fitness_psin","fitness_psiw","fitness_phin","fitness_phiw"
"761","G","log10",761,0.16430968,4.78666243,39.716471,1.97540539,0.04441364,210.75542,9.49927310057723,6.08845995924574,8.93382744866049,5.9607435883102,9.44334697885159,9.60436872082439
