"","cue","log","id","rho","burst","iota_N1","iota_N2","phi_N1","phi_N2","fitness_rho","fitness_beta","fitness_psin","fitness_psiw","fitness_phin","fitness_phiw"
"3628","G","log10",3628,0.36590197,4.66112575,31.2889526,0.45032869,0.00856534,237.984998,9.60541605233272,5.09197446345794,9.16229434222899,10.8021284333273,9.9088897721009,9.59688609961903
