"","cue","log","id","rho","burst","iota_N1","iota_N2","phi_N1","phi_N2","fitness_rho","fitness_beta","fitness_psin","fitness_psiw","fitness_phin","fitness_phiw"
"238","G","log10",238,0.36750804,4.65998789,17.7793319,0.57475787,0.03240733,7483.93489,9.60594248075958,5.08251243767999,9.53343821016654,10.4479514227365,9.59991111120374,9.5392323653735
