"","cue","log","id","rho","burst","iota_N1","iota_N2","phi_N1","phi_N2","fitness_rho","fitness_beta","fitness_psin","fitness_psiw","fitness_phin","fitness_phiw"
"4769","G","log10",4769,0.32599616,4.65767619,8.70944687,2.32562945,0.30561818,673.744723,9.59126888879938,5.06327290263944,9.78270380539915,5.18070953271009,6.5373798772102,9.55867645066727
