"","cue","log","id","rho","burst","iota_N1","iota_N2","phi_N1","phi_N2","fitness_rho","fitness_beta","fitness_psin","fitness_psiw","fitness_phin","fitness_phiw"
"2895","G","log10",2895,0.2214828,3.9811204,2.04459301,0.85351096,0.16622083,1628.42037,9.54038068177228,0.949035921029896,9.96295746474585,9.52723763850735,7.94769136200505,9.54618590795804
