"","cue","log","id","rho","burst","iota_N1","iota_N2","phi_N1","phi_N2","fitness_rho","fitness_beta","fitness_psin","fitness_psiw","fitness_phin","fitness_phiw"
"673","G","log10",673,0.29928873,5.62855417,39.8763084,0.90258066,0.00980885,1213.33987,9.58042881393447,9.45794605169327,8.9295277727299,9.35437492600223,9.8929805507641,9.5492118254298
