"","cue","log","id","rho","burst","iota_N1","iota_N2","phi_N1","phi_N2","fitness_rho","fitness_beta","fitness_psin","fitness_psiw","fitness_phin","fitness_phiw"
"2961","G","log10",2961,0.47120254,3.8998112,13.0569484,0.799902,0.06973557,2921.20905,9.63410760791776,0.762541731738762,9.66349950389661,9.71369313374165,9.1159105891046,9.54225704514636
