"","cue","log","id","rho","burst","iota_N1","iota_N2","phi_N1","phi_N2","fitness_rho","fitness_beta","fitness_psin","fitness_psiw","fitness_phin","fitness_phiw"
"2875","G","log10",2875,0.45896051,5.64622265,48.9363311,0.79446376,0.0082669,1365.74541,9.63128223800266,9.48084308931024,8.68807310463718,9.73242796081618,9.91270359489043,9.54788686319087
