"","cue","log","id","rho","burst","iota_N1","iota_N2","phi_N1","phi_N2","fitness_rho","fitness_beta","fitness_psin","fitness_psiw","fitness_phin","fitness_phiw"
"2843","G","log10",2843,0.1528738,4.64139707,63.8623334,1.82241657,0.02845665,497.685178,9.48935973391301,4.92722771231863,8.30151928294904,6.3547336172953,9.65143079097025,9.56615261431497
