"","cue","log","id","rho","burst","iota_N1","iota_N2","phi_N1","phi_N2","fitness_rho","fitness_beta","fitness_psin","fitness_psiw","fitness_phin","fitness_phiw"
"4917","G","log10",4917,0.47455513,4.08583659,54.0096595,0.86432337,0.01368166,47797.6348,9.63486175432882,1.26368383585395,8.5550236767005,9.48930044036907,9.84321131599711,9.53759748775562
