"","cue","log","id","rho","burst","iota_N1","iota_N2","phi_N1","phi_N2","fitness_rho","fitness_beta","fitness_psin","fitness_psiw","fitness_phin","fitness_phiw"
"3006","G","log10",3006,0.67401527,6.07384343,3.53996597,1.76502382,0.73386496,559.044337,9.66862283362558,9.69755365906413,9.92290512337347,6.51137742926632,3.85379471703256,9.56301893345561
