"","cue","log","id","rho","burst","iota_N1","iota_N2","phi_N1","phi_N2","fitness_rho","fitness_beta","fitness_psin","fitness_psiw","fitness_phin","fitness_phiw"
"2353","G","log10",2353,0.26893857,5.62680822,4.02110846,1.05926459,0.10648538,767.843341,9.56649762685189,9.45560731590784,9.90995963787417,8.79626612742051,8.6538679846357,9.55607590668071
