"","cue","log","id","rho","burst","iota_N1","iota_N2","phi_N1","phi_N2","fitness_rho","fitness_beta","fitness_psin","fitness_psiw","fitness_phin","fitness_phiw"
"1554","G","log10",1554,0.35255874,5.84076626,7.14422424,2.35798307,0.15326983,438.892673,9.60093187304621,9.65163315499829,9.82538362352156,5.11656868479212,8.09568738300144,9.56996719972437
