"","cue","log","id","rho","burst","iota_N1","iota_N2","phi_N1","phi_N2","fitness_rho","fitness_beta","fitness_psin","fitness_psiw","fitness_phin","fitness_phiw"
"2796","G","log10",2796,0.41402114,5.92048757,15.8263793,2.69246205,0.1128016,5065.5488,9.61985089738486,9.68409424465324,9.5872605274883,4.52218853431028,8.57642792767268,9.54015766334396
