"","cue","log","id","rho","burst","iota_N1","iota_N2","phi_N1","phi_N2","fitness_rho","fitness_beta","fitness_psin","fitness_psiw","fitness_phin","fitness_phiw"
"4134","G","log10",4134,0.37292838,5.90244221,111.19432,2.1934823,0.0088329,161.100398,9.60768925778962,9.67841860171105,7.18420368832625,5.45608939822522,9.90546998506789,9.62430653508625
