"","cue","log","id","rho","burst","iota_N1","iota_N2","phi_N1","phi_N2","fitness_rho","fitness_beta","fitness_psin","fitness_psiw","fitness_phin","fitness_phiw"
"1028","G","log10",1028,0.2645712,4.00602322,31.2251339,0.98076832,0.01930668,2398.82039,9.56433162710763,1.01545098003886,9.16403490974956,9.07633670015144,9.77046639008205,9.54333759742379
