"","cue","log","id","rho","burst","iota_N1","iota_N2","phi_N1","phi_N2","fitness_rho","fitness_beta","fitness_psin","fitness_psiw","fitness_phin","fitness_phiw"
"695","G","log10",695,0.16379564,4.53999903,154.860705,2.18914386,0.00957167,895.182982,9.49883517420593,4.07052790867801,6.30552416424531,5.46550521635216,9.89601624067106,9.55342240753214
