"","cue","log","id","rho","burst","iota_N1","iota_N2","phi_N1","phi_N2","fitness_rho","fitness_beta","fitness_psin","fitness_psiw","fitness_phin","fitness_phiw"
"40","G","log10",40,0.34346,4.64551106,4.99307909,0.48156289,0.047151,3573.13058,9.59773449795298,4.96169452177678,9.88373326258436,10.7175290818412,9.40771554480033,9.54134986810779
