"","cue","log","id","rho","burst","iota_N1","iota_N2","phi_N1","phi_N2","fitness_rho","fitness_beta","fitness_psin","fitness_psiw","fitness_phin","fitness_phiw"
"852","G","log10",852,0.38286501,6.29798051,9.10183113,1.87789012,0.08286205,315.779793,9.61079977624381,9.62876478353898,9.77198107609293,6.20794772735718,8.94877556880776,9.58247209468892
