"","cue","log","id","rho","burst","iota_N1","iota_N2","phi_N1","phi_N2","fitness_rho","fitness_beta","fitness_psin","fitness_psiw","fitness_phin","fitness_phiw"
"3865","G","log10",3865,0.27561845,5.51787165,95.1901471,1.27182427,0.00552021,47.1441025,9.56972709467231,9.28215905589691,7.54269509298624,8.05028839871808,9.94767305524506,9.81030732810907
