"","cue","log","id","rho","burst","iota_N1","iota_N2","phi_N1","phi_N2","fitness_rho","fitness_beta","fitness_psin","fitness_psiw","fitness_phin","fitness_phiw"
"2199","G","log10",2199,0.2675862,3.91627068,11.5300893,0.79521164,0.03343137,183.25051,9.56583229292939,0.796877055435445,9.70545180337527,9.72985603717991,9.58654714987196,9.614124285283
