"","cue","log","id","rho","burst","iota_N1","iota_N2","phi_N1","phi_N2","fitness_rho","fitness_beta","fitness_psin","fitness_psiw","fitness_phin","fitness_phiw"
"2098","G","log10",2098,0.40882466,4.88269641,61.0228612,0.39197201,0.00186592,1237.93729,9.61841117525064,6.76515401451771,8.37389451926917,10.9517741847801,9.99383707079959,9.54897639204863
