"","cue","log","id","rho","burst","iota_N1","iota_N2","phi_N1","phi_N2","fitness_rho","fitness_beta","fitness_psin","fitness_psiw","fitness_phin","fitness_phiw"
"2493","G","log10",2493,0.26359663,3.96974425,6.0874779,0.92303467,0.06270684,43.609896,9.56384089061516,0.920251067815657,9.85409817413889,9.2818697259595,9.20622634774183,9.82961720024672
