"","cue","log","id","rho","burst","iota_N1","iota_N2","phi_N1","phi_N2","fitness_rho","fitness_beta","fitness_psin","fitness_psiw","fitness_phin","fitness_phiw"
"3375","G","log10",3375,0.35815977,3.76155259,5.66206899,0.73941302,0.13881813,1433.02532,9.60284133109958,0.528782151468281,9.8656289338265,9.91990053495823,8.26422779417684,9.54739017554334
