"","cue","log","id","rho","burst","iota_N1","iota_N2","phi_N1","phi_N2","fitness_rho","fitness_beta","fitness_psin","fitness_psiw","fitness_phin","fitness_phiw"
"4475","G","log10",4475,0.11040163,4.62849021,5671.06514,1.86262745,0.00031451,5501.44114,9.4459424434185,4.81874462524604,0.125665459902092,6.24788036276778,10.013282911234,9.53992892604952
