"","cue","log","id","rho","burst","iota_N1","iota_N2","phi_N1","phi_N2","fitness_rho","fitness_beta","fitness_psin","fitness_psiw","fitness_phin","fitness_phiw"
"3325","G","log10",3325,0.34745085,5.57732436,10.8661131,1.04348223,0.06172194,961.860597,9.59915334398775,9.38371859559617,9.72366887833926,8.85253868637319,9.21892108955922,9.55231166933957
