"","cue","log","id","rho","burst","iota_N1","iota_N2","phi_N1","phi_N2","fitness_rho","fitness_beta","fitness_psin","fitness_psiw","fitness_phin","fitness_phiw"
"3720","G","log10",3720,0.43970635,6.09007778,14.4205396,1.75874415,0.04437054,3154.9562,9.62659692363824,9.69571563825664,9.62597720824766,6.52880744875354,9.44390996230837,9.54189103548356
