"","cue","log","id","rho","burst","iota_N1","iota_N2","phi_N1","phi_N2","fitness_rho","fitness_beta","fitness_psin","fitness_psiw","fitness_phin","fitness_phiw"
"3542","G","log10",3542,0.34303922,3.96632374,8.6548917,0.610565,0.14833918,249.379676,9.59758804181978,0.911778285065804,9.78419394976649,10.3381685357019,8.15278980834827,9.5942242423555
