"","cue","log","id","rho","burst","iota_N1","iota_N2","phi_N1","phi_N2","fitness_rho","fitness_beta","fitness_psin","fitness_psiw","fitness_phin","fitness_phiw"
"4477","G","log10",4477,0.28242858,5.56218793,1750.0432,1.05081396,0.00033161,3714.85735,9.57292208268099,9.35947742396877,0.648166145672412,8.82639039979774,10.0130684253264,9.54119786028181
