"","cue","log","id","rho","burst","iota_N1","iota_N2","phi_N1","phi_N2","fitness_rho","fitness_beta","fitness_psin","fitness_psiw","fitness_phin","fitness_phiw"
"1410","G","log10",1410,0.39726717,6.02606767,4.0086485,2.16826524,0.34739754,28322.9114,9.6151106381471,9.69956640797442,9.91029547648953,5.51116921036297,6.17663821125309,9.53780378202903
