"","cue","log","id","rho","burst","iota_N1","iota_N2","phi_N1","phi_N2","fitness_rho","fitness_beta","fitness_psin","fitness_psiw","fitness_phin","fitness_phiw"
"330","G","log10",330,0.37689617,6.19710231,5.55900803,1.88564402,0.15027773,601.391376,9.60894346741476,9.67048479626376,9.86842125881804,6.1877820152185,8.13028813721606,9.56122357877828
