"","cue","log","id","rho","burst","iota_N1","iota_N2","phi_N1","phi_N2","fitness_rho","fitness_beta","fitness_psin","fitness_psiw","fitness_phin","fitness_phiw"
"680","G","log10",680,0.28270292,3.9498615,31.6645666,0.81924055,0.01932944,756.2844,9.57304936714995,0.872152668717111,9.15204665194208,9.64677581753918,9.77017131884597,9.55636366567941
