"","cue","log","id","rho","burst","iota_N1","iota_N2","phi_N1","phi_N2","fitness_rho","fitness_beta","fitness_psin","fitness_psiw","fitness_phin","fitness_phiw"
"1556","G","log10",1556,0.45204225,4.07276197,26.1442406,0.75274074,0.02958217,296.541914,9.62963124327549,1.21899734468843,9.30314761624408,9.87491215476499,9.63675926501647,9.58534742312731
