"","cue","log","id","rho","burst","iota_N1","iota_N2","phi_N1","phi_N2","fitness_rho","fitness_beta","fitness_psin","fitness_psiw","fitness_phin","fitness_phiw"
"4688","G","log10",4688,0.21322715,4.05826024,4.84577232,0.78006554,0.08467471,355.162053,9.53518735242422,1.17136492699242,9.88771334684305,9.78186594104757,8.9258698193657,9.57754630133596
