"","cue","log","id","rho","burst","iota_N1","iota_N2","phi_N1","phi_N2","fitness_rho","fitness_beta","fitness_psin","fitness_psiw","fitness_phin","fitness_phiw"
"4429","G","log10",4429,0.28341401,5.37562997,20.446362,1.1101731,0.03167607,111.336235,9.57337602496841,8.96424306426794,9.45992540856251,8.61523426450233,9.60945040658689,9.66120367109177
