"","cue","log","id","rho","burst","iota_N1","iota_N2","phi_N1","phi_N2","fitness_rho","fitness_beta","fitness_psin","fitness_psiw","fitness_phin","fitness_phiw"
"140","G","log10",140,0.32795045,4.01690261,3.31912478,0.76508292,0.33171273,221.233717,9.59201371775865,1.04600620705255,9.92883694472309,9.83301522932981,6.30894034890888,9.6012772330427
