"","cue","log","id","rho","burst","iota_N1","iota_N2","phi_N1","phi_N2","fitness_rho","fitness_beta","fitness_psin","fitness_psiw","fitness_phin","fitness_phiw"
"1680","G","log10",1680,0.35183769,6.32454125,33.8437294,1.919792,0.02941198,153.408001,9.60068352242109,9.6153464121062,9.09270089963398,6.10004332140105,9.63898063590475,9.62850660965758
