"","cue","log","id","rho","burst","iota_N1","iota_N2","phi_N1","phi_N2","fitness_rho","fitness_beta","fitness_psin","fitness_psiw","fitness_phin","fitness_phiw"
"2207","G","log10",2207,0.25847196,4.42928857,24.6407201,2.86100718,0.15733324,122.536297,9.56122953927131,3.17334544969763,9.34445561592148,4.26514293287583,8.04894289741534,9.65041224671648
