"","cue","log","id","rho","burst","iota_N1","iota_N2","phi_N1","phi_N2","fitness_rho","fitness_beta","fitness_psin","fitness_psiw","fitness_phin","fitness_phiw"
"2390","G","log10",2390,0.30311642,3.94161261,75.0780133,0.95473706,0.01019738,50.7996689,9.5820588174079,0.852993735371177,8.02134589114126,9.16912633993128,9.88800143686804,9.79283485910659
