"","cue","log","id","rho","burst","iota_N1","iota_N2","phi_N1","phi_N2","fitness_rho","fitness_beta","fitness_psin","fitness_psiw","fitness_phin","fitness_phiw"
"512","G","log10",512,0.30084456,4.02651824,40.8564655,0.69073079,0.0143164,2950.47526,9.58109454286829,1.07382534370688,8.90318614172847,10.0817413730771,9.83502705064698,9.54220793202443
