"","cue","log","id","rho","burst","iota_N1","iota_N2","phi_N1","phi_N2","fitness_rho","fitness_beta","fitness_psin","fitness_psiw","fitness_phin","fitness_phiw"
"2383","G","log10",2383,0.30674832,5.52671348,64.6222753,1.10370359,0.00640581,1616.66071,9.58358075653635,9.29835930078086,8.28224798447611,8.63819105905768,9.93642481648317,9.54624854850111
