"","cue","log","id","rho","burst","iota_N1","iota_N2","phi_N1","phi_N2","fitness_rho","fitness_beta","fitness_psin","fitness_psiw","fitness_phin","fitness_phiw"
"122","G","log10",122,0.37104493,4.05068151,4.98601375,0.68476063,0.13830881,327.495957,9.60708672512455,1.14725348454832,9.88392359915673,10.1012969997859,8.27022819794938,9.58088672905546
