"","cue","log","id","rho","burst","iota_N1","iota_N2","phi_N1","phi_N2","fitness_rho","fitness_beta","fitness_psin","fitness_psiw","fitness_phin","fitness_phiw"
"2587","G","log10",2587,0.25505879,5.62723186,36.5819018,0.97375331,0.00841291,2403.73719,9.55945908260856,9.45617473522532,9.01842243496842,9.10135581099786,9.91083738366385,9.54332133296194
