"","cue","log","id","rho","burst","iota_N1","iota_N2","phi_N1","phi_N2","fitness_rho","fitness_beta","fitness_psin","fitness_psiw","fitness_phin","fitness_phiw"
"742","G","log10",742,0.37024317,4.82909556,5.68540076,0.61471051,0.03166839,12.6485058,9.60682866024258,6.39780215484648,9.86499938432012,10.3252558845522,9.6095481790369,10.2955762271802
