"","cue","log","id","rho","burst","iota_N1","iota_N2","phi_N1","phi_N2","fitness_rho","fitness_beta","fitness_psin","fitness_psiw","fitness_phin","fitness_phiw"
"2908","G","log10",2908,0.51201255,4.86517056,27.0465703,0.48543403,0.02093678,482.953564,9.64277167057546,6.64800038251046,9.27838338785326,10.7068315620752,9.74930923998907,9.56702322883547
