"","cue","log","id","rho","burst","iota_N1","iota_N2","phi_N1","phi_N2","fitness_rho","fitness_beta","fitness_psin","fitness_psiw","fitness_phin","fitness_phiw"
"3881","G","log10",3881,0.24572473,4.57744849,425.279579,2.17532312,0.00541588,156.178767,9.55446422011289,4.38686349286259,3.19048441852881,5.49566983507828,9.94899980991012,9.62694804967738
