"","cue","log","id","rho","burst","iota_N1","iota_N2","phi_N1","phi_N2","fitness_rho","fitness_beta","fitness_psin","fitness_psiw","fitness_phin","fitness_phiw"
"2924","G","log10",2924,0.22457901,4.09262745,30.0526249,0.9155679,0.00816562,194.877931,9.54227501271136,1.28756195881827,9.19606154532318,9.30836084743317,9.91399226045477,9.60967506748222
