"","cue","log","id","rho","burst","iota_N1","iota_N2","phi_N1","phi_N2","fitness_rho","fitness_beta","fitness_psin","fitness_psiw","fitness_phin","fitness_phiw"
"1095","G","log10",1095,0.38297369,3.8262306,7.68049863,0.96349056,0.08846794,255.363663,9.6108330222054,0.627093785848049,9.81077533974292,9.13794265471721,8.87807468549217,9.59291840256483
