"","cue","log","id","rho","burst","iota_N1","iota_N2","phi_N1","phi_N2","fitness_rho","fitness_beta","fitness_psin","fitness_psiw","fitness_phin","fitness_phiw"
"4130","G","log10",4130,0.23569886,4.10633261,62.0374864,0.95208515,0.00764592,36.2366606,9.54884128564608,1.33720054705755,8.34796615939099,9.17857344193607,9.92062680364497,9.88014424824825
