"","cue","log","id","rho","burst","iota_N1","iota_N2","phi_N1","phi_N2","fitness_rho","fitness_beta","fitness_psin","fitness_psiw","fitness_phin","fitness_phiw"
"1367","G","log10",1367,0.28733196,4.66030709,540.387667,1.93354196,0.0060323,4082.56595,9.57516238405686,5.0851695085149,2.54310300232107,6.06518753071489,9.94117121176226,9.54084651909034
