"","cue","log","id","rho","burst","iota_N1","iota_N2","phi_N1","phi_N2","fitness_rho","fitness_beta","fitness_psin","fitness_psiw","fitness_phin","fitness_phiw"
"3313","G","log10",3313,0.36990739,5.34155467,5.04052391,1.03469807,0.17532183,331.606295,9.60671994829494,8.87076314318861,9.88245250302852,8.88387204260221,7.84543499663975,9.58035657597659
