"","cue","log","id","rho","burst","iota_N1","iota_N2","phi_N1","phi_N2","fitness_rho","fitness_beta","fitness_psin","fitness_psiw","fitness_phin","fitness_phiw"
"2030","G","log10",2030,0.25411154,4.01625182,15.891209,0.89969919,0.04045506,3118.39068,9.55896178591904,1.04415135179752,9.58547270865687,9.36456892403125,9.49493104717772,9.54194507962911
