"","cue","log","id","rho","burst","iota_N1","iota_N2","phi_N1","phi_N2","fitness_rho","fitness_beta","fitness_psin","fitness_psiw","fitness_phin","fitness_phiw"
"3627","G","log10",3627,0.27067234,3.94602121,57.6540073,0.80247944,0.0102674,847.274707,9.56734358604839,0.863174935278318,8.4604850275503,9.70479658060055,9.88710188321959,9.55432385316633
