"","cue","log","id","rho","burst","iota_N1","iota_N2","phi_N1","phi_N2","fitness_rho","fitness_beta","fitness_psin","fitness_psiw","fitness_phin","fitness_phiw"
"485","G","log10",485,0.09750066,4.41262283,37.6580915,2.66770448,0.05488289,210.35789,9.4302453003486,3.04681394930093,8.98932361349662,4.56218120533131,9.30732532394259,9.60449458984699
