"","cue","log","id","rho","burst","iota_N1","iota_N2","phi_N1","phi_N2","fitness_rho","fitness_beta","fitness_psin","fitness_psiw","fitness_phin","fitness_phiw"
"2925","G","log10",2925,0.38647971,4.00281252,32.2458161,0.68780031,0.01758234,360.343606,9.61190487080887,1.00661847223769,9.13620187376524,10.0913455499157,9.79281302917981,9.57697550087604
