"","cue","log","id","rho","burst","iota_N1","iota_N2","phi_N1","phi_N2","fitness_rho","fitness_beta","fitness_psin","fitness_psiw","fitness_phin","fitness_phiw"
"1788","G","log10",1788,0.37755576,5.89290007,21.6949511,2.33096731,0.05981195,233.131469,9.60915244434873,9.67503242864179,9.42552632720355,5.17004084314912,9.24356876050977,9.59809291943196
