"","cue","log","id","rho","burst","iota_N1","iota_N2","phi_N1","phi_N2","fitness_rho","fitness_beta","fitness_psin","fitness_psiw","fitness_phin","fitness_phiw"
"1422","G","log10",1422,0.44169311,6.20801022,26.0390957,1.86289583,0.02470472,2334.64352,9.62709465548424,9.66674293777244,9.30603381740789,6.24717574994876,9.70031481898066,9.54350209799987
