"","cue","log","id","rho","burst","iota_N1","iota_N2","phi_N1","phi_N2","fitness_rho","fitness_beta","fitness_psin","fitness_psiw","fitness_phin","fitness_phiw"
"4150","G","log10",4150,0.35450962,4.69372031,13.3142462,0.46380845,0.01767237,465.57531,9.601599595238,5.36038275703635,9.65642408776609,10.765991678847,9.79164835373158,9.56811881089205
