"","cue","log","id","rho","burst","iota_N1","iota_N2","phi_N1","phi_N2","fitness_rho","fitness_beta","fitness_psin","fitness_psiw","fitness_phin","fitness_phiw"
"1530","G","log10",1530,0.35086929,5.92811389,27.8276879,2.33595534,0.03769579,284.68952,9.60034786093956,9.68620978463257,9.2569672550571,5.16010192232125,9.53091688142809,9.58730808102046
