"","cue","log","id","rho","burst","iota_N1","iota_N2","phi_N1","phi_N2","fitness_rho","fitness_beta","fitness_psin","fitness_psiw","fitness_phin","fitness_phiw"
"323","G","log10",323,0.23350331,4.55343223,46.6579077,2.14453792,0.04337048,3605.85814,9.5475730800113,4.18368495378993,8.74834986073239,5.5637556370347,9.45693493106877,9.5413154017257
