"","cue","log","id","rho","burst","iota_N1","iota_N2","phi_N1","phi_N2","fitness_rho","fitness_beta","fitness_psin","fitness_psiw","fitness_phin","fitness_phiw"
"3141","G","log10",3141,0.31573554,4.00054327,10.5012511,0.8114561,0.04101343,1410.64188,9.58724658571939,1.00042394618571,9.73367322397982,9.67376453408624,9.4876494438248,9.54755169407102
