"","cue","log","id","rho","burst","iota_N1","iota_N2","phi_N1","phi_N2","fitness_rho","fitness_beta","fitness_psin","fitness_psiw","fitness_phin","fitness_phiw"
"3167","G","log10",3167,0.18783033,4.70758019,4.30172253,2.11140668,0.46390059,1669.98318,9.51772663702464,5.47276372464515,9.90239854225458,5.63843923604539,5.30216669902963,9.54596480893116
