"","cue","log","id","rho","burst","iota_N1","iota_N2","phi_N1","phi_N2","fitness_rho","fitness_beta","fitness_psin","fitness_psiw","fitness_phin","fitness_phiw"
"2837","G","log10",2837,0.31716569,4.62420237,22.9335306,1.62454881,0.12076392,475.864091,9.58781693358365,4.78261353220989,9.39141988353811,6.91529788873422,8.47970478094078,9.56746185074831
