"","cue","log","id","rho","burst","iota_N1","iota_N2","phi_N1","phi_N2","fitness_rho","fitness_beta","fitness_psin","fitness_psiw","fitness_phin","fitness_phiw"
"4621","G","log10",4621,0.41003506,5.47401316,22.6781898,0.87807907,0.02439438,1916.78788,9.61874797924357,9.19589230480195,9.39844945574216,9.44090147211098,9.70435355447148,9.54485302277388
