"","cue","log","id","rho","burst","iota_N1","iota_N2","phi_N1","phi_N2","fitness_rho","fitness_beta","fitness_psin","fitness_psiw","fitness_phin","fitness_phiw"
"1773","G","log10",1773,0.70255867,3.98653245,27.8540898,0.50847879,0.0642004,218.534035,9.67214126130646,0.963064791604479,9.25624074377483,10.6422279675951,9.18698966087225,9.60204780368048
