"","cue","log","id","rho","burst","iota_N1","iota_N2","phi_N1","phi_N2","fitness_rho","fitness_beta","fitness_psin","fitness_psiw","fitness_phin","fitness_phiw"
"3561","G","log10",3561,0.40202108,3.96106141,7.48796191,0.74783733,0.1000564,50934.7454,9.61648588009561,0.898907723805692,9.81602309346668,9.89149710454533,8.73331392165693,9.53757597237274
