"","cue","log","id","rho","burst","iota_N1","iota_N2","phi_N1","phi_N2","fitness_rho","fitness_beta","fitness_psin","fitness_psiw","fitness_phin","fitness_phiw"
"3032","G","log10",3032,0.26282027,4.00295117,14.6966163,0.86844538,0.03334219,7113.65113,9.56344883486957,1.00699920397999,9.61837703906323,9.47481470472988,9.58771089375978,9.53933416299157
