"","cue","log","id","rho","burst","iota_N1","iota_N2","phi_N1","phi_N2","fitness_rho","fitness_beta","fitness_psin","fitness_psiw","fitness_phin","fitness_phiw"
"318","G","log10",318,0.3418172,6.33646842,37.083013,2.17639577,0.03744456,65.4852206,9.5971480734165,9.60902201114078,9.00486891101809,5.49332008880051,9.53418990418003,9.74053086272158
