"","cue","log","id","rho","burst","iota_N1","iota_N2","phi_N1","phi_N2","fitness_rho","fitness_beta","fitness_psin","fitness_psiw","fitness_phin","fitness_phiw"
"4083","G","log10",4083,0.32228214,4.00250403,8.07947136,0.61969933,0.05979229,8687.05207,9.58983242580733,1.00577379162189,9.79989871558118,10.3096607873137,9.24382426634767,9.53896298937047
