"","cue","log","id","rho","burst","iota_N1","iota_N2","phi_N1","phi_N2","fitness_rho","fitness_beta","fitness_psin","fitness_psiw","fitness_phin","fitness_phiw"
"4173","G","log10",4173,0.42997835,4.11090576,7.45880345,0.76421913,0.06443152,7266.40806,9.62411262147917,1.35419785627194,9.81681758067948,9.83595563492822,9.18401924369071,9.53929269289419
