"","cue","log","id","rho","burst","iota_N1","iota_N2","phi_N1","phi_N2","fitness_rho","fitness_beta","fitness_psin","fitness_psiw","fitness_phin","fitness_phiw"
"1414","G","log10",1414,0.34070109,4.82243854,2.07406727,0.35918315,0.01972103,360.118825,9.59674170964904,6.35034203936894,9.96217025556762,11.0308442292665,9.7650919510081,9.57700002218647
