"","cue","log","id","rho","burst","iota_N1","iota_N2","phi_N1","phi_N2","fitness_rho","fitness_beta","fitness_psin","fitness_psiw","fitness_phin","fitness_phiw"
"1978","G","log10",1978,0.47993317,4.81690794,6.79362083,0.46817556,0.04518238,484.493879,9.63605491232681,6.31059327251024,9.83491732039365,10.7541630511708,9.4333376128834,9.56692833711143
