"","cue","log","id","rho","burst","iota_N1","iota_N2","phi_N1","phi_N2","fitness_rho","fitness_beta","fitness_psin","fitness_psiw","fitness_phin","fitness_phiw"
"3110","G","log10",3110,0.2679247,3.99181189,16.7844465,0.99236447,0.03674383,611.854014,9.56599677423324,0.976964696616181,9.56086014314736,9.03496157026188,9.54333413708935,9.56082019381112
