"","cue","log","id","rho","burst","iota_N1","iota_N2","phi_N1","phi_N2","fitness_rho","fitness_beta","fitness_psin","fitness_psiw","fitness_phin","fitness_phiw"
"2786","G","log10",2786,0.32486777,3.82540442,153.786173,0.77260241,0.00345713,1142.74412,9.59083467005453,0.625725671242405,6.32545773688697,9.80738200288114,9.97379327227188,9.54994481180122
