"","cue","log","id","rho","burst","iota_N1","iota_N2","phi_N1","phi_N2","fitness_rho","fitness_beta","fitness_psin","fitness_psiw","fitness_phin","fitness_phiw"
"2488","G","log10",2488,0.39675293,4.71302233,2.08603294,0.43922123,0.0924672,881.164151,9.61495844549223,5.51656535485593,9.96185231070518,10.8314702066062,8.82790074191112,9.55367621774631
