"","cue","log","id","rho","burst","iota_N1","iota_N2","phi_N1","phi_N2","fitness_rho","fitness_beta","fitness_psin","fitness_psiw","fitness_phin","fitness_phiw"
"1938","G","log10",1938,0.48784802,6.29667522,53.6131851,1.9790255,0.02502472,174.427474,9.63777705328235,9.62940099812642,8.56536000240471,5.95183063894614,9.69614786660727,9.61788226331635
