"","cue","log","id","rho","burst","iota_N1","iota_N2","phi_N1","phi_N2","fitness_rho","fitness_beta","fitness_psin","fitness_psiw","fitness_phin","fitness_phiw"
"2256","G","log10",2256,0.365645,6.21717622,31.8089511,2.26288731,0.03479073,373.837251,9.60533433050314,9.66344629430519,9.14810906202528,5.30872699662792,9.56881451496642,9.57556667527723
