"","cue","log","id","rho","burst","iota_N1","iota_N2","phi_N1","phi_N2","fitness_rho","fitness_beta","fitness_psin","fitness_psiw","fitness_phin","fitness_phiw"
"89","G","log10",89,0.15609871,4.59754161,35.4919244,2.34457858,0.06063209,2001.5139,9.49221821936011,4.55715727672653,9.04795236762758,5.14299291479746,9.23298051113096,9.54453050376906
