"","cue","log","id","rho","burst","iota_N1","iota_N2","phi_N1","phi_N2","fitness_rho","fitness_beta","fitness_psin","fitness_psiw","fitness_phin","fitness_phiw"
"2921","G","log10",2921,0.27215695,4.53597584,83.0785993,2.11794201,0.03648165,266.319403,9.5680670385971,4.03674051020588,7.82722168371123,5.62359429668773,9.54675404209524,9.59068101308711
