"","cue","log","id","rho","burst","iota_N1","iota_N2","phi_N1","phi_N2","fitness_rho","fitness_beta","fitness_psin","fitness_psiw","fitness_phin","fitness_phiw"
"2638","G","log10",2638,0.31850797,4.85385853,12.6089312,0.44078271,0.01234864,132.092443,9.58835214498242,6.57085005911772,9.67581751730695,10.8273685146292,9.86037744430586,9.6425851169834
