"","cue","log","id","rho","burst","iota_N1","iota_N2","phi_N1","phi_N2","fitness_rho","fitness_beta","fitness_psin","fitness_psiw","fitness_phin","fitness_phiw"
"1272","G","log10",1272,0.38658034,6.13576065,19.7423467,1.80735014,0.03963156,1541.48396,9.61193399916532,9.68762212005924,9.47932836132722,6.39538464043123,9.5056679304791,9.54668537977186
