"","cue","log","id","rho","burst","iota_N1","iota_N2","phi_N1","phi_N2","fitness_rho","fitness_beta","fitness_psin","fitness_psiw","fitness_phin","fitness_phiw"
"4120","G","log10",4120,0.37905217,4.72396894,3.50912445,0.42281731,0.01686024,1367.47352,9.60961971192975,5.6040941177818,9.92373396873089,10.8740741289724,9.80216143584636,9.54787483964318
