"","cue","log","id","rho","burst","iota_N1","iota_N2","phi_N1","phi_N2","fitness_rho","fitness_beta","fitness_psin","fitness_psiw","fitness_phin","fitness_phiw"
"4843","G","log10",4843,0.33351641,5.54945177,24.4299979,1.00757974,0.01097258,3430.90293,9.59410920233263,9.33823912554458,9.35024996788401,8.98065826807942,9.87805728734507,9.54152063974825
