"","cue","log","id","rho","burst","iota_N1","iota_N2","phi_N1","phi_N2","fitness_rho","fitness_beta","fitness_psin","fitness_psiw","fitness_phin","fitness_phiw"
"1167","G","log10",1167,0.28715283,4.03234203,8.23036207,0.69724016,0.07429498,2523.86513,9.57508140986613,1.09105214537741,9.79578236040395,10.0603441024459,9.0576221179848,9.54303567463546
