"","cue","log","id","rho","burst","iota_N1","iota_N2","phi_N1","phi_N2","fitness_rho","fitness_beta","fitness_psin","fitness_psiw","fitness_phin","fitness_phiw"
"3129","G","log10",3129,0.26790517,3.9368343,13.3047854,0.77000822,0.0212162,2031.51766,9.56598946371905,0.842097112355251,9.65668274328399,9.81623411794753,9.74568337723873,9.54442498834421
