"","cue","log","id","rho","burst","iota_N1","iota_N2","phi_N1","phi_N2","fitness_rho","fitness_beta","fitness_psin","fitness_psiw","fitness_phin","fitness_phiw"
"4055","G","log10",4055,0.25932693,4.49533583,39.1926893,2.57440399,0.1198276,176.925262,9.56167154979709,3.69913075449247,8.94793245598361,4.71838662135201,8.49102799334046,9.61677951687062
