"","cue","log","id","rho","burst","iota_N1","iota_N2","phi_N1","phi_N2","fitness_rho","fitness_beta","fitness_psin","fitness_psiw","fitness_phin","fitness_phiw"
"2404","G","log10",2404,0.39406968,4.68397389,17.1975865,0.47565539,0.02063259,280.755556,9.6141704910081,5.28068989527028,9.54947175880631,10.7337622044318,9.75326090203656,9.58799158062852
