"","cue","log","id","rho","burst","iota_N1","iota_N2","phi_N1","phi_N2","fitness_rho","fitness_beta","fitness_psin","fitness_psiw","fitness_phin","fitness_phiw"
"1699","G","log10",1699,0.41650153,5.61759202,22.1145839,0.94450449,0.03307381,1658.08458,9.62052673640344,9.4430508975895,9.41396675974016,9.20555894124318,9.59121242587396,9.54602451084829
