"","cue","log","id","rho","burst","iota_N1","iota_N2","phi_N1","phi_N2","fitness_rho","fitness_beta","fitness_psin","fitness_psiw","fitness_phin","fitness_phiw"
"4452","G","log10",4452,0.4872415,5.93590123,56.2212234,2.33073164,0.03037652,281.724015,9.63764614371269,9.68820320553364,8.49754863633289,5.17051099655115,9.62639935921254,9.58782374606466
