"","cue","log","id","rho","burst","iota_N1","iota_N2","phi_N1","phi_N2","fitness_rho","fitness_beta","fitness_psin","fitness_psiw","fitness_phin","fitness_phiw"
"4307","G","log10",4307,0.24636262,4.73223861,9.24268739,1.92091094,0.26322946,349.954575,9.55481183283327,5.66968267695027,9.76812956262179,6.09719717760377,6.93157276634327,9.57813150133708
