"","cue","log","id","rho","burst","iota_N1","iota_N2","phi_N1","phi_N2","fitness_rho","fitness_beta","fitness_psin","fitness_psiw","fitness_phin","fitness_phiw"
"993","G","log10",993,0.340597,3.85450276,32.3319989,0.83727003,0.01591298,782.227184,9.59670749206031,0.675870473555113,9.13385022844061,9.58403250137701,9.81440990647557,9.55573275902042
