"","cue","log","id","rho","burst","iota_N1","iota_N2","phi_N1","phi_N2","fitness_rho","fitness_beta","fitness_psin","fitness_psiw","fitness_phin","fitness_phiw"
"2039","G","log10",2039,0.24785586,4.66544469,80.8929732,2.06760557,0.02749746,296.355396,9.55562471783762,5.127828148679,7.8797715517287,5.73945385714839,9.66393805993531,9.58537517024952
