"","cue","log","id","rho","burst","iota_N1","iota_N2","phi_N1","phi_N2","fitness_rho","fitness_beta","fitness_psin","fitness_psiw","fitness_phin","fitness_phiw"
"3034","G","log10",3034,0.2940227,4.59176301,14.0051417,0.56604263,0.03523024,960.147412,9.57814511709724,4.50818747848718,9.63741346357975,10.4741807886933,9.56307833555062,9.55233666084762
