"","cue","log","id","rho","burst","iota_N1","iota_N2","phi_N1","phi_N2","fitness_rho","fitness_beta","fitness_psin","fitness_psiw","fitness_phin","fitness_phiw"
"4102","G","log10",4102,0.36858655,4.7850754,14.8180584,0.42677267,0.01540755,989.11567,9.60629278398422,6.07657462872966,9.61503286670399,10.8638827431938,9.82094219175427,9.55189931548431
