"","cue","log","id","rho","burst","iota_N1","iota_N2","phi_N1","phi_N2","fitness_rho","fitness_beta","fitness_psin","fitness_psiw","fitness_phin","fitness_phiw"
"2617","G","log10",2617,0.3298515,5.59266565,13.980163,1.043231,0.03346794,426.204746,9.59273402799878,9.40719584035419,9.63810077017452,8.85343247007078,9.58607156456532,9.57092692179572
