"","cue","log","id","rho","burst","iota_N1","iota_N2","phi_N1","phi_N2","fitness_rho","fitness_beta","fitness_psin","fitness_psiw","fitness_phin","fitness_phiw"
"3672","G","log10",3672,0.43837632,6.05076888,11.0642503,2.24095085,0.10014966,280.958107,9.62626221306913,9.69917415657281,9.71823443741468,5.35464270776598,8.73216423246922,9.58795890218188
