"","cue","log","id","rho","burst","iota_N1","iota_N2","phi_N1","phi_N2","fitness_rho","fitness_beta","fitness_psin","fitness_psiw","fitness_phin","fitness_phiw"
"1506","G","log10",1506,0.30143023,6.1256968,4.527042,2.19568288,0.2227125,1833.94124,9.58134254510317,9.68976005866054,9.8963205781949,5.45132294433295,7.3362487317679,9.54518960577936
