"","cue","log","id","rho","burst","iota_N1","iota_N2","phi_N1","phi_N2","fitness_rho","fitness_beta","fitness_psin","fitness_psiw","fitness_phin","fitness_phiw"
"3928","G","log10",3928,0.29113073,4.71149705,3.21356486,0.54206762,0.05558701,161.342242,9.57686750472629,5.50430881737031,9.93167278653694,10.5452891782574,9.29820683100279,9.6241826141225
