"","cue","log","id","rho","burst","iota_N1","iota_N2","phi_N1","phi_N2","fitness_rho","fitness_beta","fitness_psin","fitness_psiw","fitness_phin","fitness_phiw"
"4311","G","log10",4311,0.38614055,3.87557536,60.8202676,0.6913774,0.01773478,432.06613,9.61180222949895,0.714810532844179,8.3790743269079,10.079618157409,9.79083942201527,9.57047716603142
