"","cue","log","id","rho","burst","iota_N1","iota_N2","phi_N1","phi_N2","fitness_rho","fitness_beta","fitness_psin","fitness_psiw","fitness_phin","fitness_phiw"
"4729","G","log10",4729,0.39232829,5.84903788,4.15926701,0.93687489,0.08697063,109.152116,9.61365758541337,9.65591367502378,9.90623825227043,9.23269356561997,8.89691692201098,9.66355364856372
