"","cue","log","id","rho","burst","iota_N1","iota_N2","phi_N1","phi_N2","fitness_rho","fitness_beta","fitness_psin","fitness_psiw","fitness_phin","fitness_phiw"
"4455","G","log10",4455,0.42723163,3.86764024,8.08706673,0.72391777,0.10062279,1308.6238,9.62339477062804,0.699877208409802,9.79969301845329,9.97185503268259,8.72629248763623,9.54834773237237
