"","cue","log","id","rho","burst","iota_N1","iota_N2","phi_N1","phi_N2","fitness_rho","fitness_beta","fitness_psin","fitness_psiw","fitness_phin","fitness_phiw"
"3081","G","log10",3081,0.22995265,3.83348485,67.978275,0.74948173,0.00660211,2878.15226,9.54549362521964,0.639247830922536,8.19763635107266,9.8859417680272,9.93392418322327,9.54232869818193
