"","cue","log","id","rho","burst","iota_N1","iota_N2","phi_N1","phi_N2","fitness_rho","fitness_beta","fitness_psin","fitness_psiw","fitness_phin","fitness_phiw"
"3053","G","log10",3053,0.31593145,4.51944844,13.9916726,2.1460141,0.17819809,641.391671,9.58732791416368,3.89851926892364,9.63778189591783,5.56046383061008,7.81341760350456,9.55974349091019
