"","cue","log","id","rho","burst","iota_N1","iota_N2","phi_N1","phi_N2","fitness_rho","fitness_beta","fitness_psin","fitness_psiw","fitness_phin","fitness_phiw"
"899","G","log10",899,0.24905886,4.50617422,13.9967531,2.32496253,0.28005031,1708.76544,9.55627165537091,3.78837961735111,9.63764412314275,5.1820441693037,6.77165389806622,9.54576717611413
