"","cue","log","id","rho","burst","iota_N1","iota_N2","phi_N1","phi_N2","fitness_rho","fitness_beta","fitness_psin","fitness_psiw","fitness_phin","fitness_phiw"
"2091","G","log10",2091,0.35648818,3.91738142,20.9519123,0.93671461,0.03280359,225.633523,9.60227500564262,0.799253067374045,9.44599542423148,9.23326644447615,9.59474072976005,9.60006196656553
