"","cue","log","id","rho","burst","iota_N1","iota_N2","phi_N1","phi_N2","fitness_rho","fitness_beta","fitness_psin","fitness_psiw","fitness_phin","fitness_phiw"
"54","G","log10",54,0.43508118,6.38055076,14.59179,1.64824052,0.08771553,111.342108,9.62542651615085,9.58416168433373,9.62126338538889,6.84513962729767,8.8875379730529,9.66119651458346
