"","cue","log","id","rho","burst","iota_N1","iota_N2","phi_N1","phi_N2","fitness_rho","fitness_beta","fitness_psin","fitness_psiw","fitness_phin","fitness_phiw"
"3462","G","log10",3462,0.34742346,6.01227782,23.8586486,1.75125169,0.03976365,155.707734,9.59914130821779,9.69915698722964,9.36596263185131,6.54968659789908,9.5039463613672,9.6272093062148
