"","cue","log","id","rho","burst","iota_N1","iota_N2","phi_N1","phi_N2","fitness_rho","fitness_beta","fitness_psin","fitness_psiw","fitness_phin","fitness_phiw"
"4316","G","log10",4316,0.35306185,3.93808716,92.2506805,0.72259161,0.01280243,2512.07899,9.60110228854581,0.844938757251116,7.61070207395605,9.97628254675914,9.85453436177124,9.54306270792291
