"","cue","log","id","rho","burst","iota_N1","iota_N2","phi_N1","phi_N2","fitness_rho","fitness_beta","fitness_psin","fitness_psiw","fitness_phin","fitness_phiw"
"4483","G","log10",4483,0.36850728,5.53100787,10.1250458,0.93145316,0.04820291,748.460672,9.60626420767957,9.30608444733289,9.74398168975525,9.25196912501147,9.39403846981429,9.55655909132767
