"","cue","log","id","rho","burst","iota_N1","iota_N2","phi_N1","phi_N2","fitness_rho","fitness_beta","fitness_psin","fitness_psiw","fitness_phin","fitness_phiw"
"1242","G","log10",1242,0.44268543,6.12783166,4.91252757,1.95789242,0.31314721,1179.36733,9.62734061117768,9.6893254113979,9.88591039949226,6.00413532083878,6.47038657616936,9.5495573912668
