"","cue","log","id","rho","burst","iota_N1","iota_N2","phi_N1","phi_N2","fitness_rho","fitness_beta","fitness_psin","fitness_psiw","fitness_phin","fitness_phiw"
"334","G","log10",334,0.36118245,4.97125997,9.19224573,0.47319831,0.02632242,672.532627,9.60385520659507,7.31264228116705,9.76950882025539,10.7404837066834,9.67924434275629,9.55871720689511
