"","cue","log","id","rho","burst","iota_N1","iota_N2","phi_N1","phi_N2","fitness_rho","fitness_beta","fitness_psin","fitness_psiw","fitness_phin","fitness_phiw"
"3390","G","log10",3390,0.35241396,6.32551432,50.8760909,2.16777291,0.02239011,102.811658,9.60088125039611,9.61483671882048,8.63701053671238,5.51225359914656,9.73042676284472,9.67090494696608
