"","cue","log","id","rho","burst","iota_N1","iota_N2","phi_N1","phi_N2","fitness_rho","fitness_beta","fitness_psin","fitness_psiw","fitness_phin","fitness_phiw"
"106","G","log10",106,0.41454464,4.74500144,16.8506203,0.45971568,0.02126932,1400.03002,9.61999357673981,5.76993444433446,9.55903361496009,10.777024430182,9.74499030908119,9.54763055183811
