"","cue","log","id","rho","burst","iota_N1","iota_N2","phi_N1","phi_N2","fitness_rho","fitness_beta","fitness_psin","fitness_psiw","fitness_phin","fitness_phiw"
"2072","G","log10",2072,0.43163278,4.08752372,22.0393191,0.93539308,0.03675876,1280.05965,9.6245399073837,1.26956851614334,9.41604036681309,9.23796643782477,9.54313864557065,9.54859395662965
