"","cue","log","id","rho","burst","iota_N1","iota_N2","phi_N1","phi_N2","fitness_rho","fitness_beta","fitness_psin","fitness_psiw","fitness_phin","fitness_phiw"
"189","G","log10",189,0.40854295,4.04218172,11.3090452,0.67190926,0.03851621,122.213747,9.61833295429423,1.12083572417708,9.71151480716743,10.1431531310238,9.52021378958411,9.65069613393435
