"","cue","log","id","rho","burst","iota_N1","iota_N2","phi_N1","phi_N2","fitness_rho","fitness_beta","fitness_psin","fitness_psiw","fitness_phin","fitness_phiw"
"4625","G","log10",4625,0.21181082,4.58505672,60.7003863,2.26570269,0.04489939,343.109726,9.53426839271755,4.45134836237029,8.38214750573127,5.30287826707423,9.43702071969212,9.57893562530028
