"","cue","log","id","rho","burst","iota_N1","iota_N2","phi_N1","phi_N2","fitness_rho","fitness_beta","fitness_psin","fitness_psiw","fitness_phin","fitness_phiw"
"4924","G","log10",4924,0.42644017,4.83311264,5.18007659,0.60003822,0.08321507,71.6711776,9.62318714080026,6.42626238020669,9.87867849763717,10.370771072964,8.94431130581879,9.72438513482556
