"","cue","log","id","rho","burst","iota_N1","iota_N2","phi_N1","phi_N2","fitness_rho","fitness_beta","fitness_psin","fitness_psiw","fitness_phin","fitness_phiw"
"198","G","log10",198,0.30414705,6.09398262,24.4989058,2.32429133,0.039985,35356.9717,9.58249328877448,9.69518825942619,9.34835345036301,5.18338732173413,9.50105973130349,9.53770327611877
