"","cue","log","id","rho","burst","iota_N1","iota_N2","phi_N1","phi_N2","fitness_rho","fitness_beta","fitness_psin","fitness_psiw","fitness_phin","fitness_phiw"
"3138","G","log10",3138,0.36263992,6.32427281,25.7920433,1.91282143,0.04721977,3253.3319,9.6043378372439,9.61548523844404,9.31281827786226,6.11781453502766,9.40682269209204,9.54174911813999
