"","cue","log","id","rho","burst","iota_N1","iota_N2","phi_N1","phi_N2","fitness_rho","fitness_beta","fitness_psin","fitness_psiw","fitness_phin","fitness_phiw"
"4005","G","log10",4005,0.44099407,3.98867259,12.5997992,0.67138669,0.07422277,437.487792,9.62691978773547,0.96867507700746,9.67606752346325,10.1448487639571,9.05853922698101,9.57007118875113
