"","cue","log","id","rho","burst","iota_N1","iota_N2","phi_N1","phi_N2","fitness_rho","fitness_beta","fitness_psin","fitness_psiw","fitness_phin","fitness_phiw"
"4542","G","log10",4542,0.34460817,5.98040965,122.07636,1.91621337,0.01051765,976.852381,9.5981448337095,9.69643143996279,6.95178159226002,6.10916039256217,9.88389173506209,9.55207910639104
