"","cue","log","id","rho","burst","iota_N1","iota_N2","phi_N1","phi_N2","fitness_rho","fitness_beta","fitness_psin","fitness_psiw","fitness_phin","fitness_phiw"
"4588","G","log10",4588,0.31596157,4.60105548,2.30740084,0.46932307,0.14616981,73.739436,9.58733964423017,4.58691574448657,9.95593955438636,10.7510440657434,8.17804600271041,9.71953983317662
