"","cue","log","id","rho","burst","iota_N1","iota_N2","phi_N1","phi_N2","fitness_rho","fitness_beta","fitness_psin","fitness_psiw","fitness_phin","fitness_phiw"
"3754","G","log10",3754,0.4316119,4.79044713,7.06933327,0.4566503,0.03436709,289.937459,9.62453491687715,6.11668360503695,9.82741875037931,10.7852525595237,9.57434164799787,9.58641926782829
