"","cue","log","id","rho","burst","iota_N1","iota_N2","phi_N1","phi_N2","fitness_rho","fitness_beta","fitness_psin","fitness_psiw","fitness_phin","fitness_phiw"
"3136","G","log10",3136,0.41291185,4.67379614,20.6789217,0.5598688,0.0150696,1074.38039,9.61954569425374,5.19693782629951,9.45351525450951,10.4926388396049,9.82530775450456,9.55074455330008
