"","cue","log","id","rho","burst","iota_N1","iota_N2","phi_N1","phi_N2","fitness_rho","fitness_beta","fitness_psin","fitness_psiw","fitness_phin","fitness_phiw"
"462","G","log10",462,0.49199877,6.13290236,20.3398785,1.72495374,0.05631239,1734.55988,9.63866015588002,9.68824688066725,9.46285528431157,6.62362567472755,9.28881207241569,9.54564177561806
