"","cue","log","id","rho","burst","iota_N1","iota_N2","phi_N1","phi_N2","fitness_rho","fitness_beta","fitness_psin","fitness_psiw","fitness_phin","fitness_phiw"
"4853","G","log10",4853,0.15293228,4.52992417,45.1824695,2.26798725,0.0460362,981.928992,9.48941120008097,3.98600667934994,8.78754827228948,5.29813989403951,9.42222511126419,9.55200328242228
