"","cue","log","id","rho","burst","iota_N1","iota_N2","phi_N1","phi_N2","fitness_rho","fitness_beta","fitness_psin","fitness_psiw","fitness_phin","fitness_phiw"
"4689","G","log10",4689,0.24749497,3.86890196,7.64735719,0.90388383,0.06815394,60.4244065,9.55542737380529,0.702229736874478,9.8116786543273,9.34976115845733,9.13618965504734,9.75595923127134
