"","cue","log","id","rho","burst","iota_N1","iota_N2","phi_N1","phi_N2","fitness_rho","fitness_beta","fitness_psin","fitness_psiw","fitness_phin","fitness_phiw"
"2273","G","log10",2273,0.25177207,4.54699347,109.845959,2.26043012,0.02195669,407.382277,9.5577239420121,4.12938541242884,7.21363723830648,5.31384097817319,9.73605955627853,9.57246086781301
