"","cue","log","id","rho","burst","iota_N1","iota_N2","phi_N1","phi_N2","fitness_rho","fitness_beta","fitness_psin","fitness_psiw","fitness_phin","fitness_phiw"
"2439","G","log10",2439,0.3275589,3.91221964,13.3948419,0.84387317,0.0367739,3474.69945,9.59186964403181,0.788276773741414,9.65420579955137,9.56096926820715,9.54293835738364,9.54146647959913
