"","cue","log","id","rho","burst","iota_N1","iota_N2","phi_N1","phi_N2","fitness_rho","fitness_beta","fitness_psin","fitness_psiw","fitness_phin","fitness_phiw"
"3309","G","log10",3309,0.35335185,3.98834722,9.45190113,0.92581467,0.05024398,101.407456,9.60120363448955,0.967819855267989,9.76240707272735,9.27200130067904,9.36751052787124,9.67264903049257
