"","cue","log","id","rho","burst","iota_N1","iota_N2","phi_N1","phi_N2","fitness_rho","fitness_beta","fitness_psin","fitness_psiw","fitness_phin","fitness_phiw"
"996","G","log10",996,0.30962305,5.96983456,28.2216759,1.99601924,0.0235553,1732.18009,9.58477073310403,9.69495111099732,9.24616867706519,5.91023525762113,9.71527306051462,9.54565352312753
