"","cue","log","id","rho","burst","iota_N1","iota_N2","phi_N1","phi_N2","fitness_rho","fitness_beta","fitness_psin","fitness_psiw","fitness_phin","fitness_phiw"
"131","G","log10",131,0.51709695,4.68597378,57.610435,2.14230072,0.09763432,273.444418,9.64377668496461,5.29708518285448,8.46160723969119,5.56875627053289,8.76341205245616,9.58931976322547
