"","cue","log","id","rho","burst","iota_N1","iota_N2","phi_N1","phi_N2","fitness_rho","fitness_beta","fitness_psin","fitness_psiw","fitness_phin","fitness_phiw"
"1051","G","log10",1051,0.2924011,5.51990672,15.8408636,1.38605676,0.03168646,1435.05431,9.5774306150656,9.2859217624395,9.58685995141304,7.66550912767292,9.6093148250483,9.54737913453001
