"","cue","log","id","rho","burst","iota_N1","iota_N2","phi_N1","phi_N2","fitness_rho","fitness_beta","fitness_psin","fitness_psiw","fitness_phin","fitness_phiw"
"465","G","log10",465,0.2810448,3.93020733,14.1577907,0.73963844,0.02691166,326.174106,9.57228060478003,0.827233624023348,9.63321074297592,9.9191453445445,9.67157177928531,9.58105932562999
