"","cue","log","id","rho","burst","iota_N1","iota_N2","phi_N1","phi_N2","fitness_rho","fitness_beta","fitness_psin","fitness_psiw","fitness_phin","fitness_phiw"
"2358","G","log10",2358,0.42268772,6.06787019,10.0295335,2.34971579,0.14242388,647.452062,9.62219348075859,9.69808603904528,9.74659594651922,5.13284008596916,8.22184119984516,9.5595365117764
