"","cue","log","id","rho","burst","iota_N1","iota_N2","phi_N1","phi_N2","fitness_rho","fitness_beta","fitness_psin","fitness_psiw","fitness_phin","fitness_phiw"
"2335","G","log10",2335,0.31007595,5.60035582,13.8866126,0.91185695,0.02605043,75.5840029,9.58495451765939,9.4185577675553,9.64067436390724,9.32151893440691,9.68278924677866,9.71542724783295
