"","cue","log","id","rho","burst","iota_N1","iota_N2","phi_N1","phi_N2","fitness_rho","fitness_beta","fitness_psin","fitness_psiw","fitness_phin","fitness_phiw"
"4748","G","log10",4748,0.2906774,3.93971757,4.56283085,0.82612278,0.14514319,1343.66855,9.57666472610142,0.848653109701412,9.89535625241554,9.62286450962528,8.19002230822597,9.54805937454167
