"","cue","log","id","rho","burst","iota_N1","iota_N2","phi_N1","phi_N2","fitness_rho","fitness_beta","fitness_psin","fitness_psiw","fitness_phin","fitness_phiw"
"3909","G","log10",3909,0.32531937,3.88618086,27.4783815,0.97616391,0.02642589,14.1815982,9.59100825671925,0.735296684001604,9.26653958767939,9.0927612777656,9.67789958443811,10.2409618301449
