"","cue","log","id","rho","burst","iota_N1","iota_N2","phi_N1","phi_N2","fitness_rho","fitness_beta","fitness_psin","fitness_psiw","fitness_phin","fitness_phiw"
"966","G","log10",966,0.35765344,6.11086682,12.4812522,2.17903384,0.09079362,6949.00145,9.60267098524129,9.69255312117946,9.67932687096166,5.48754554510795,8.84886852563741,9.53938191445129
