"","cue","log","id","rho","burst","iota_N1","iota_N2","phi_N1","phi_N2","fitness_rho","fitness_beta","fitness_psin","fitness_psiw","fitness_phin","fitness_phiw"
"3070","G","log10",3070,0.42176104,4.79754834,4.72743596,0.41844596,0.06122347,291.29588,9.62194740633856,6.16931975666814,9.89090879899453,10.8852772980465,9.22534974619867,9.58619499269076
