"","cue","log","id","rho","burst","iota_N1","iota_N2","phi_N1","phi_N2","fitness_rho","fitness_beta","fitness_psin","fitness_psiw","fitness_phin","fitness_phiw"
"2389","G","log10",2389,0.2813188,5.58849635,6.82485269,1.07882299,0.07521023,1578.28598,9.57240812752131,9.40092288003429,9.83406844486925,8.72661461051535,9.04594906305833,9.54646705135562
