"","cue","log","id","rho","burst","iota_N1","iota_N2","phi_N1","phi_N2","fitness_rho","fitness_beta","fitness_psin","fitness_psiw","fitness_phin","fitness_phiw"
"3097","G","log10",3097,0.29893839,5.52929588,5.59155486,1.01635063,0.08955706,114.228241,9.58028102012925,9.30301518119294,9.86754037701795,8.94934834292413,8.86438687812585,9.65822512624359
