"","cue","log","id","rho","burst","iota_N1","iota_N2","phi_N1","phi_N2","fitness_rho","fitness_beta","fitness_psin","fitness_psiw","fitness_phin","fitness_phiw"
"4893","G","log10",4893,0.32580303,4.06854547,6.23093591,0.97624341,0.08353271,351.303526,9.5911945550278,1.20493760696597,9.85020268058091,9.09247407203181,8.9402963712499,9.57798034680856
