"","cue","log","id","rho","burst","iota_N1","iota_N2","phi_N1","phi_N2","fitness_rho","fitness_beta","fitness_psin","fitness_psiw","fitness_phin","fitness_phiw"
"358","G","log10",358,0.32781301,4.76021971,12.8742665,0.68624255,0.02113836,14.9874523,9.59195989142462,5.88789325779764,9.66852177174928,10.0964481451315,9.74669093240953,10.2152254181796
