"","cue","log","id","rho","burst","iota_N1","iota_N2","phi_N1","phi_N2","fitness_rho","fitness_beta","fitness_psin","fitness_psiw","fitness_phin","fitness_phiw"
"3319","G","log10",3319,0.31263894,5.64690365,8.51161373,0.94865912,0.04201894,1088.63966,9.58599867023636,9.48170138981297,9.78810508778876,9.19077096650499,9.47454442666687,9.5505699506022
