"","cue","log","id","rho","burst","iota_N1","iota_N2","phi_N1","phi_N2","fitness_rho","fitness_beta","fitness_psin","fitness_psiw","fitness_phin","fitness_phiw"
"4991","G","log10",4991,0.26424051,4.62490257,76.8137837,2.10578617,0.03144828,1070.13519,9.56416626295196,4.78851081646993,7.97882025439559,5.65125491885945,9.61242048474922,9.5507968866765
