"","cue","log","id","rho","burst","iota_N1","iota_N2","phi_N1","phi_N2","fitness_rho","fitness_beta","fitness_psin","fitness_psiw","fitness_phin","fitness_phiw"
"1752","G","log10",1752,0.39713347,6.09338341,9.13991178,1.91528068,0.14115328,156.749432,9.61507201777108,9.69527166747019,9.77093925491669,6.11153871853037,8.23675509426186,9.62663516317142
