"","cue","log","id","rho","burst","iota_N1","iota_N2","phi_N1","phi_N2","fitness_rho","fitness_beta","fitness_psin","fitness_psiw","fitness_phin","fitness_phiw"
"3286","G","log10",3286,0.40254871,4.7970418,14.623307,0.49909678,0.0300268,677.519177,9.61663312616662,6.16557776818723,9.62039794423985,10.6687217137389,9.63096017774501,9.55855791422987
