"","cue","log","id","rho","burst","iota_N1","iota_N2","phi_N1","phi_N2","fitness_rho","fitness_beta","fitness_psin","fitness_psiw","fitness_phin","fitness_phiw"
"3517","G","none",3517,0.26721577,5.50297354,37.458753,1.08238898,0.00888468,566.714291,8.59262530303184,8.28198027427349,8.07931458297255,7.83172126199057,8.6546725822925,8.59029175156089
