"","cue","log","id","rho","burst","iota_N1","iota_N2","phi_N1","phi_N2","fitness_rho","fitness_beta","fitness_psin","fitness_psiw","fitness_phin","fitness_phiw"
"4385","G","none",4385,0.21528054,4.80600204,26.613717,2.21070723,0.09527843,358.209076,8.56933759321521,6.10847358667604,8.34805025514447,4.73500816188587,7.89243734370393,8.60117246130073
