"","cue","log","id","rho","burst","iota_N1","iota_N2","phi_N1","phi_N2","fitness_rho","fitness_beta","fitness_psin","fitness_psiw","fitness_phin","fitness_phiw"
"1475","G","none",1475,0.23139576,4.62660509,17.4952402,2.03788706,0.1994546,383.873059,8.57721941873865,5.36794222143298,8.57334707337342,5.0467450757383,6.61205927724058,8.59920720132916
