"","cue","log","id","rho","burst","iota_N1","iota_N2","phi_N1","phi_N2","fitness_rho","fitness_beta","fitness_psin","fitness_psiw","fitness_phin","fitness_phiw"
"2118","G","none",2118,0.37227572,6.06152673,52.3049685,1.63154857,0.01310063,349.140728,8.62560807032107,8.62039543956925,7.71141135693946,6.04154189261362,8.67026961263508,8.60193443907507
