"","cue","log","id","rho","burst","iota_N1","iota_N2","phi_N1","phi_N2","fitness_rho","fitness_beta","fitness_psin","fitness_psiw","fitness_phin","fitness_phiw"
"2158","G","none",2158,0.45291653,4.74118461,12.1831363,0.42139685,0.01915616,598.846712,8.64283165284283,5.83876898615329,8.6643945569811,9.03485728323446,8.67942697472281,8.58927585223619
