"","cue","log","id","rho","burst","iota_N1","iota_N2","phi_N1","phi_N2","fitness_rho","fitness_beta","fitness_psin","fitness_psiw","fitness_phin","fitness_phiw"
"4457","G","none",4457,0.14989117,4.542703,10.7525728,2.56953823,0.17805242,5454.22087,8.52935709318723,5.02982228538193,8.67503182713845,4.22936321762684,6.87441547618097,8.57321950534078
