"","cue","log","id","rho","burst","iota_N1","iota_N2","phi_N1","phi_N2","fitness_rho","fitness_beta","fitness_psin","fitness_psiw","fitness_phin","fitness_phiw"
"3271","G","none",3271,0.35403886,5.51398736,20.8229373,0.91177925,0.02055836,1626.14332,8.62089821372578,8.30157313619588,8.49421059686219,8.38690704542607,8.67897256265913,8.57791449575506
