"","cue","log","id","rho","burst","iota_N1","iota_N2","phi_N1","phi_N2","fitness_rho","fitness_beta","fitness_psin","fitness_psiw","fitness_phin","fitness_phiw"
"4236","G","none",4236,0.43422653,6.17770209,25.3531983,1.75539367,0.02246857,4124.60343,8.63929855068958,8.41386863988457,8.37994945138747,5.69566798889465,8.67607184467566,8.57386212832919
