"","cue","log","id","rho","burst","iota_N1","iota_N2","phi_N1","phi_N2","fitness_rho","fitness_beta","fitness_psin","fitness_psiw","fitness_phin","fitness_phiw"
"1029","G","none",1029,0.44391936,3.94731644,19.0517213,0.69412213,0.02816616,1250.3988,8.64115748810394,2.23556599738634,8.53735646152869,8.89442524140704,8.65067845493919,8.57991970663634
