"","cue","log","id","rho","burst","iota_N1","iota_N2","phi_N1","phi_N2","fitness_rho","fitness_beta","fitness_psin","fitness_psiw","fitness_phin","fitness_phiw"
"1259","G","none",1259,0.16442301,4.60863915,15.1696087,2.00547222,0.10694881,3198.94755,8.5395466859982,5.2951652130115,8.62113037578615,5.11177021091457,7.75522371227253,8.5746297646737
