"","cue","log","id","rho","burst","iota_N1","iota_N2","phi_N1","phi_N2","fitness_rho","fitness_beta","fitness_psin","fitness_psiw","fitness_phin","fitness_phiw"
"3074","G","none",3074,0.23239523,4.05100199,4.38252329,0.76687001,0.13141692,478.785595,8.57768573499745,2.80152754739273,8.65556062924704,8.77434310885759,7.45855205922484,8.5937410001034
