"","cue","log","id","rho","burst","iota_N1","iota_N2","phi_N1","phi_N2","fitness_rho","fitness_beta","fitness_psin","fitness_psiw","fitness_phin","fitness_phiw"
"3185","G","none",3185,0.2564384,4.61331783,96.0304592,2.07400524,0.02932318,1614.38858,8.58826759783754,5.31409143945584,6.56470559243564,4.97688692037222,8.64266475585369,8.57796558705849
