"","cue","log","id","rho","burst","iota_N1","iota_N2","phi_N1","phi_N2","fitness_rho","fitness_beta","fitness_psin","fitness_psiw","fitness_phin","fitness_phiw"
"508","G","none",508,0.4247313,4.92508134,6.32321648,0.44193549,0.03073119,3202.78341,8.6374046398526,6.5965271589278,8.66982771291406,9.08564350856466,8.63181492193623,8.57462606173234
