"","cue","log","id","rho","burst","iota_N1","iota_N2","phi_N1","phi_N2","fitness_rho","fitness_beta","fitness_psin","fitness_psiw","fitness_phin","fitness_phiw"
"372","G","none",372,0.4954896,6.26529986,27.7640158,1.94351993,0.06222764,383.237569,8.65005018508413,8.14481354322758,8.31904857068994,5.24248752171641,8.27626004447338,8.59925487968071
