"","cue","log","id","rho","burst","iota_N1","iota_N2","phi_N1","phi_N2","fitness_rho","fitness_beta","fitness_psin","fitness_psiw","fitness_phin","fitness_phiw"
"4578","G","none",4578,0.39819923,5.98451325,5.81495146,1.9252462,0.30738087,175.483661,8.63173705461123,8.66954442336908,8.6670696673549,5.28272569183229,5.50646385031481,8.63111998036266
