"","cue","log","id","rho","burst","iota_N1","iota_N2","phi_N1","phi_N2","fitness_rho","fitness_beta","fitness_psin","fitness_psiw","fitness_phin","fitness_phiw"
"3118","G","none",3118,0.31227873,4.74206632,16.6009858,0.46150161,0.01798859,90.0961759,8.6086461323574,5.84243119433083,8.59276268608725,9.12291841558178,8.67885700077158,8.68349715353377
