"","cue","log","id","rho","burst","iota_N1","iota_N2","phi_N1","phi_N2","fitness_rho","fitness_beta","fitness_psin","fitness_psiw","fitness_phin","fitness_phiw"
"3002","G","none",3002,0.2487586,3.94395144,2.14029092,0.96220746,0.3970218,357.845379,8.58502164699817,2.21706578579521,8.60745043898119,8.22646475885107,4.86728845273,8.60120265275478
