"","cue","log","id","rho","burst","iota_N1","iota_N2","phi_N1","phi_N2","fitness_rho","fitness_beta","fitness_psin","fitness_psiw","fitness_phin","fitness_phiw"
"4693","G","none",4693,0.29522347,5.4307349,3.03250193,0.95603767,0.11207673,185.610393,8.60296776194195,8.1430958160414,8.63234993586802,8.24635955078944,7.69408029439476,8.6279736118073
