"","cue","log","id","rho","burst","iota_N1","iota_N2","phi_N1","phi_N2","fitness_rho","fitness_beta","fitness_psin","fitness_psiw","fitness_phin","fitness_phiw"
"3314","G","none",3314,0.21096509,4.02391029,10.7989354,0.82446073,0.0417565,1193.97038,8.56711095716033,2.65524708054261,8.67480090669703,8.6413319708369,8.51949589242356,8.58032884183875
