"","cue","log","id","rho","burst","iota_N1","iota_N2","phi_N1","phi_N2","fitness_rho","fitness_beta","fitness_psin","fitness_psiw","fitness_phin","fitness_phiw"
"4199","G","none",4199,0.35208804,4.56831676,14.7136332,2.20569442,0.27745475,7560.10555,8.62037090985063,5.13265689180355,8.62929383983552,4.74330079841006,5.7719795215127,8.57266088796768
