"","cue","log","id","rho","burst","iota_N1","iota_N2","phi_N1","phi_N2","fitness_rho","fitness_beta","fitness_psin","fitness_psiw","fitness_phin","fitness_phiw"
"1363","G","none",1363,0.29388727,5.26716999,18.9048883,1.10359695,0.04381705,280.994879,8.60249845674992,7.75628219215017,8.54084286440792,7.76124237700426,8.49556840200358,8.60919668638495
