"","cue","log","id","rho","burst","iota_N1","iota_N2","phi_N1","phi_N2","fitness_rho","fitness_beta","fitness_psin","fitness_psiw","fitness_phin","fitness_phiw"
"1557","G","none",1557,0.35821002,3.98263905,12.9086782,0.7193341,0.03410659,3178.72631,8.62200297541591,2.42974804070804,8.6563114115304,8.85597168586846,8.60167455719378,8.57464894643299
