"","cue","log","id","rho","burst","iota_N1","iota_N2","phi_N1","phi_N2","fitness_rho","fitness_beta","fitness_psin","fitness_psiw","fitness_phin","fitness_phiw"
"836","G","none",836,0.32162275,4.07776416,14.2233088,0.67535654,0.05298176,328.038243,8.61158247688956,2.94411494522461,8.63751753372492,8.92545399582222,8.38635534628088,8.60386795693017
