"","cue","log","id","rho","burst","iota_N1","iota_N2","phi_N1","phi_N2","fitness_rho","fitness_beta","fitness_psin","fitness_psiw","fitness_phin","fitness_phiw"
"2200","G","none",2200,0.3578334,4.85185949,10.9265516,0.6017267,0.03639164,47.5159977,8.62190702965529,6.29858319150331,8.67412222548127,9.0532943457893,8.57868438822672,8.76964623534672
