"","cue","log","id","rho","burst","iota_N1","iota_N2","phi_N1","phi_N2","fitness_rho","fitness_beta","fitness_psin","fitness_psiw","fitness_phin","fitness_phiw"
"3876","G","none",3876,0.48291817,6.18900202,495.910301,1.83225677,0.00166657,607.783133,8.64802908894742,8.38415830289207,2.79798923853135,5.49994259302673,8.56099363082455,8.58901261209232
