"","cue","log","id","rho","burst","iota_N1","iota_N2","phi_N1","phi_N2","fitness_rho","fitness_beta","fitness_psin","fitness_psiw","fitness_phin","fitness_phiw"
"1586","G","none",1586,0.17870393,3.97018712,38.6842238,0.84657691,0.00896628,1641.16175,8.54876617764873,2.36133792791267,8.04934820354981,8.5813642047478,8.65515383982047,8.5778541221355
