"","cue","log","id","rho","burst","iota_N1","iota_N2","phi_N1","phi_N2","fitness_rho","fitness_beta","fitness_psin","fitness_psiw","fitness_phin","fitness_phiw"
"3812","G","none",3812,0.30131046,3.99526108,3.46242391,0.70415297,0.20023356,298.392707,8.60504410479296,2.49896292243795,8.64160207368116,8.87899146885739,6.60269939241574,8.60703630265163
