"","cue","log","id","rho","burst","iota_N1","iota_N2","phi_N1","phi_N2","fitness_rho","fitness_beta","fitness_psin","fitness_psiw","fitness_phin","fitness_phiw"
"3965","G","none",3965,0.17540157,4.73468855,35.9619427,2.02239244,0.05563883,212.823743,8.54670031429821,5.81180009595421,8.11594381284611,5.07754567689691,8.35455338220741,8.62095914463982
