"","cue","log","id","rho","burst","iota_N1","iota_N2","phi_N1","phi_N2","fitness_rho","fitness_beta","fitness_psin","fitness_psiw","fitness_phin","fitness_phiw"
"3706","G","none",3706,0.39885486,4.9166047,16.7628309,0.5439895,0.01691502,1689.22565,8.63188637722907,6.56256155339562,8.58933320840951,9.12747523860733,8.6776980828113,8.57766744947286
