"","cue","log","id","rho","burst","iota_N1","iota_N2","phi_N1","phi_N2","fitness_rho","fitness_beta","fitness_psin","fitness_psiw","fitness_phin","fitness_phiw"
"310","G","none",310,0.36382179,4.91949676,21.1689269,0.48157543,0.0115463,3719.78019,8.6234703651492,6.57416506318869,8.48561562231461,9.14851168039549,8.66602689289364,8.57414873336683
