"","cue","log","id","rho","burst","iota_N1","iota_N2","phi_N1","phi_N2","fitness_rho","fitness_beta","fitness_psin","fitness_psiw","fitness_phin","fitness_phiw"
"2250","G","none",2250,0.35137503,6.30209517,15.0090894,1.65517372,0.03034655,1038.8748,8.62017790277785,8.02747210317975,8.62405828312875,5.97277688812899,8.63488963429356,8.58167878126482
