"","cue","log","id","rho","burst","iota_N1","iota_N2","phi_N1","phi_N2","fitness_rho","fitness_beta","fitness_psin","fitness_psiw","fitness_phin","fitness_phiw"
"676","G","none",676,0.33886139,4.8258839,18.4159171,0.49653577,0.01396274,34.5680813,8.61669397284098,6.1910812913895,8.55233730272272,9.1571772404044,8.67229176586526,8.82932058204482
