"","cue","log","id","rho","burst","iota_N1","iota_N2","phi_N1","phi_N2","fitness_rho","fitness_beta","fitness_psin","fitness_psiw","fitness_phin","fitness_phiw"
"3058","G","none",3058,0.39927922,4.71765003,15.2217827,0.47699454,0.02190778,3375.17864,8.63198046328768,5.7411895518332,8.6201655039822,9.14397631096634,8.67720822322695,8.57445203413872
