"","cue","log","id","rho","burst","iota_N1","iota_N2","phi_N1","phi_N2","fitness_rho","fitness_beta","fitness_psin","fitness_psiw","fitness_phin","fitness_phiw"
"1526","G","none",1526,0.43914082,3.90074772,18.8175945,0.49641728,0.05188447,693.877252,8.6402477143184,1.98055912252289,8.54291274117485,9.15715838327994,8.39950595229842,8.58682994504279
