"","cue","log","id","rho","burst","iota_N1","iota_N2","phi_N1","phi_N2","fitness_rho","fitness_beta","fitness_psin","fitness_psiw","fitness_phin","fitness_phiw"
"1206","G","none",1206,0.41843343,6.09765503,14.2041673,2.16774916,0.09903328,191.118083,8.63610985917082,8.57317927970976,8.63782437936641,4.80741947142307,7.84856148183582,8.62640041257452
