"","cue","log","id","rho","burst","iota_N1","iota_N2","phi_N1","phi_N2","fitness_rho","fitness_beta","fitness_psin","fitness_psiw","fitness_phin","fitness_phiw"
"3589","G","none",3589,0.30823601,5.67529317,16.9483306,1.05031276,0.01256941,892.896999,8.60733967467995,8.54198705920203,8.58535330294904,7.93797525914627,8.66892183055376,8.58337812294678
