"","cue","log","id","rho","burst","iota_N1","iota_N2","phi_N1","phi_N2","fitness_rho","fitness_beta","fitness_psin","fitness_psiw","fitness_phin","fitness_phiw"
"3128","G","none",3128,0.33633455,3.99285345,27.0633195,0.80319473,0.02449436,1490.38109,8.6159681684349,2.48577193625064,8.33670248759689,8.69476970667281,8.66989610319573,8.5785243198666
