"","cue","log","id","rho","burst","iota_N1","iota_N2","phi_N1","phi_N2","fitness_rho","fitness_beta","fitness_psin","fitness_psiw","fitness_phin","fitness_phiw"
"1311","G","none",1311,0.39600804,3.93457813,9.67844555,0.77624671,0.04103145,77.880558,8.63124465219942,2.16557090896968,8.67835655991532,8.75532297852572,8.52779640712418,8.69951319113486
