"","cue","log","id","rho","burst","iota_N1","iota_N2","phi_N1","phi_N2","fitness_rho","fitness_beta","fitness_psin","fitness_psiw","fitness_phin","fitness_phiw"
"1266","G","none",1266,0.38081567,6.21834156,79.5892273,2.35189397,0.01437392,555.948238,8.62770064387145,8.29784401584596,6.99244576059067,4.51707424716918,8.67319412474379,8.59065234066061
