"","cue","log","id","rho","burst","iota_N1","iota_N2","phi_N1","phi_N2","fitness_rho","fitness_beta","fitness_psin","fitness_psiw","fitness_phin","fitness_phiw"
"3134","G","none",3134,0.23264719,4.01117071,14.6082623,0.93940819,0.04250541,2195.5847,8.57780228330977,2.58592150455853,8.63111032711275,8.29966936224466,8.51085214358869,8.57618436497408
