"","cue","log","id","rho","burst","iota_N1","iota_N2","phi_N1","phi_N2","fitness_rho","fitness_beta","fitness_psin","fitness_psiw","fitness_phin","fitness_phiw"
"4540","G","none",4540,0.25703747,4.88598314,17.7205623,0.65193212,0.00916478,12.8124185,8.58851521445045,6.4386004886515,8.56828693541397,8.96972311992973,8.65627482689656,9.08219082766658
