"","cue","log","id","rho","burst","iota_N1","iota_N2","phi_N1","phi_N2","fitness_rho","fitness_beta","fitness_psin","fitness_psiw","fitness_phin","fitness_phiw"
"1097","G","none",1097,0.13915862,4.61619772,31.9892316,1.93927317,0.04519143,608.080341,8.5212508717089,5.32575054892661,8.21365743056673,5.25177001290959,8.47939556890644,8.58900456906524
