"","cue","log","id","rho","burst","iota_N1","iota_N2","phi_N1","phi_N2","fitness_rho","fitness_beta","fitness_psin","fitness_psiw","fitness_phin","fitness_phiw"
"1376","G","none",1376,0.3416718,4.09506285,5.70238211,0.63111908,0.12255434,893.206664,8.61748972045947,3.0350970184744,8.66640276090902,9.00986099358816,7.56740837798926,8.58337169070056
