"","cue","log","id","rho","burst","iota_N1","iota_N2","phi_N1","phi_N2","fitness_rho","fitness_beta","fitness_psin","fitness_psiw","fitness_phin","fitness_phiw"
"2723","G","none",2723,0.1971405,4.69984834,24.4410743,2.43076524,0.0944141,1120.93591,8.55963874459681,5.66763825092611,8.40307828592163,4.40687940885244,7.90250580151185,8.5809171440671
