"","cue","log","id","rho","burst","iota_N1","iota_N2","phi_N1","phi_N2","fitness_rho","fitness_beta","fitness_psin","fitness_psiw","fitness_phin","fitness_phiw"
"577","G","none",577,0.35925884,5.51736793,27.1068777,1.20118438,0.02098764,2988.02112,8.62227970103311,8.30750559084917,8.33560270954758,7.43517622860931,8.6785569624248,8.57487076195172
