"","cue","log","id","rho","burst","iota_N1","iota_N2","phi_N1","phi_N2","fitness_rho","fitness_beta","fitness_psin","fitness_psiw","fitness_phin","fitness_phiw"
"4444","G","none",4444,0.45873342,4.68630898,2.35765083,0.40906545,0.20058118,222.542462,8.64388123122567,5.61187049724467,8.61415238724177,8.99842433093359,6.59852567798105,8.61885699292395
