"","cue","log","id","rho","burst","iota_N1","iota_N2","phi_N1","phi_N2","fitness_rho","fitness_beta","fitness_psin","fitness_psiw","fitness_phin","fitness_phiw"
"2970","G","none",2970,0.35519001,6.07359072,21.4683501,2.2676263,0.08788456,455.168045,8.62120448822882,8.60634808894828,8.47814214019829,4.64365372708367,7.97826237093206,8.59489174637543
