"","cue","log","id","rho","burst","iota_N1","iota_N2","phi_N1","phi_N2","fitness_rho","fitness_beta","fitness_psin","fitness_psiw","fitness_phin","fitness_phiw"
"2853","G","none",2853,0.38750036,3.82748978,6.8287835,0.77078573,0.11594747,234.998192,8.62928369935714,1.5906572549295,8.67225955059948,8.76652984231997,7.64755549827588,8.61640695974516
