"","cue","log","id","rho","burst","iota_N1","iota_N2","phi_N1","phi_N2","fitness_rho","fitness_beta","fitness_psin","fitness_psiw","fitness_phin","fitness_phiw"
"3009","G","none",3009,0.26681076,4.05000361,8.93734463,0.77633384,0.0280877,952.717459,8.59246509134231,2.79616910444272,8.67852341923034,8.75514290050377,8.65118843306603,8.58261591692206
