"","cue","log","id","rho","burst","iota_N1","iota_N2","phi_N1","phi_N2","fitness_rho","fitness_beta","fitness_psin","fitness_psiw","fitness_phin","fitness_phiw"
"4659","G","none",4659,0.39435624,4.06770884,19.9590616,0.73415457,0.04133185,167.508599,8.63086847243407,2.89079043304933,8.51547025455456,8.83271618516966,8.52436476688809,8.63384825273695
