"","cue","log","id","rho","burst","iota_N1","iota_N2","phi_N1","phi_N2","fitness_rho","fitness_beta","fitness_psin","fitness_psiw","fitness_phin","fitness_phiw"
"3663","G","none",3663,0.25312934,3.73173446,66.0341751,0.7634288,0.00946883,425.401363,8.58688411125734,1.12619478394204,7.35420002814527,8.78105185064338,8.65787999331793,8.59652000503143
