"","cue","log","id","rho","burst","iota_N1","iota_N2","phi_N1","phi_N2","fitness_rho","fitness_beta","fitness_psin","fitness_psiw","fitness_phin","fitness_phiw"
"4934","G","none",4934,0.23652202,3.93755793,4.33913199,0.93106885,0.1893371,125.301297,8.57959127677752,2.18193543485678,8.65505307664956,8.32619628745342,6.73494723594931,8.65375700134673
