"","cue","log","id","rho","burst","iota_N1","iota_N2","phi_N1","phi_N2","fitness_rho","fitness_beta","fitness_psin","fitness_psiw","fitness_phin","fitness_phiw"
"3651","G","none",3651,0.25948319,3.98948314,14.7573685,0.96076442,0.01665631,2189.13474,8.58951867555498,2.4673007773523,8.62853261643866,8.2311199411615,8.67734375629808,8.57619956694162
