"","cue","log","id","rho","burst","iota_N1","iota_N2","phi_N1","phi_N2","fitness_rho","fitness_beta","fitness_psin","fitness_psiw","fitness_phin","fitness_phiw"
"437","G","none",437,0.28946113,4.57936272,36.5792433,2.00793603,0.07181974,651.704899,8.6009469792317,5.17707930035802,8.10083069868844,5.10674368638222,8.16400006569807,8.58782891004735
