"","cue","log","id","rho","burst","iota_N1","iota_N2","phi_N1","phi_N2","fitness_rho","fitness_beta","fitness_psin","fitness_psiw","fitness_phin","fitness_phiw"
"4929","G","none",4929,0.36854124,4.061427,51.6564725,0.74229702,0.00877495,227.735394,8.62467034008043,2.85732205043816,7.7278515954264,8.81924169550275,8.65400460929044,8.61780397555517
