"","cue","log","id","rho","burst","iota_N1","iota_N2","phi_N1","phi_N2","fitness_rho","fitness_beta","fitness_psin","fitness_psiw","fitness_phin","fitness_phiw"
"3087","G","none",3087,0.2419241,4.05655942,14.764104,0.739353,0.02110246,808.01615,8.58202735615705,2.83130635443994,8.62841611400321,8.82418276939447,8.67842181256048,8.58464413363437
