"","cue","log","id","rho","burst","iota_N1","iota_N2","phi_N1","phi_N2","fitness_rho","fitness_beta","fitness_psin","fitness_psiw","fitness_phin","fitness_phiw"
"1838","G","none",1838,0.31180408,4.03354978,5.75101182,0.68896929,0.14647983,2026.97401,8.60849264867231,2.70749189928213,8.66669502370347,8.90259405939653,7.27079032421027,8.5765943122514
