"","cue","log","id","rho","burst","iota_N1","iota_N2","phi_N1","phi_N2","fitness_rho","fitness_beta","fitness_psin","fitness_psiw","fitness_phin","fitness_phiw"
"3033","G","none",3033,0.35991421,3.9735579,13.8045279,0.66572139,0.03699037,2907.28367,8.62245202065209,2.37986916115714,8.64404403208606,8.94297562200959,8.57239298771368,8.57496976775614
