"","cue","log","id","rho","burst","iota_N1","iota_N2","phi_N1","phi_N2","fitness_rho","fitness_beta","fitness_psin","fitness_psiw","fitness_phin","fitness_phiw"
"3104","G","none",3104,0.26213227,4.05162568,18.7275662,0.85265919,0.02556409,502.843684,8.59059758811472,2.80487410386645,8.54503254454309,8.56421185888779,8.66533738814561,8.59267404641161
