"","cue","log","id","rho","burst","iota_N1","iota_N2","phi_N1","phi_N2","fitness_rho","fitness_beta","fitness_psin","fitness_psiw","fitness_phin","fitness_phiw"
"1121","G","none",1121,0.13425221,4.46787451,147.727872,2.09868594,0.01373247,482.051599,8.51736624050133,4.72905208535897,5.47455781198843,4.93065810692335,8.67177066235166,8.59358902852852
