"","cue","log","id","rho","burst","iota_N1","iota_N2","phi_N1","phi_N2","fitness_rho","fitness_beta","fitness_psin","fitness_psiw","fitness_phin","fitness_phiw"
"4505","G","none",4505,0.24813894,4.54261912,487.614318,1.95322008,0.00742958,732.262175,8.58475516265245,5.02948535412644,2.83229257624868,5.22144552884432,8.64398166441555,8.58601833079067
