"","cue","log","id","rho","burst","iota_N1","iota_N2","phi_N1","phi_N2","fitness_rho","fitness_beta","fitness_psin","fitness_psiw","fitness_phin","fitness_phiw"
"4548","G","none",4548,0.29125084,6.04277017,45.4516702,2.04644148,0.01907951,341.06778,8.60158057722735,8.63865649315656,7.88311917247296,5.02995573671622,8.67940843537293,8.60264945592873
