"","cue","log","id","rho","burst","iota_N1","iota_N2","phi_N1","phi_N2","fitness_rho","fitness_beta","fitness_psin","fitness_psiw","fitness_phin","fitness_phiw"
"3367","G","none",3367,0.41837079,5.65978966,11.0219144,0.9377143,0.05477619,1215.89846,8.63609601010977,8.52304360703095,8.67358131466644,8.30506676397933,8.3648674646687,8.58016598243055
