"","cue","log","id","rho","burst","iota_N1","iota_N2","phi_N1","phi_N2","fitness_rho","fitness_beta","fitness_psin","fitness_psiw","fitness_phin","fitness_phiw"
"2326","G","none",2326,0.37415249,4.77262791,10.9703669,0.44406852,0.02351587,192.168675,8.62607484532671,5.96954196425688,8.67387965194904,9.09023492841505,8.6732844561879,8.62610999627298
