"","cue","log","id","rho","burst","iota_N1","iota_N2","phi_N1","phi_N2","fitness_rho","fitness_beta","fitness_psin","fitness_psiw","fitness_phin","fitness_phiw"
"2991","G","none",2991,0.47568194,4.11255961,15.57074,0.52306701,0.02875221,3662.55713,8.64682454248886,3.12606510749072,8.61357200292176,9.14926683614863,8.64672661828429,8.57419627799866
