"","cue","log","id","rho","burst","iota_N1","iota_N2","phi_N1","phi_N2","fitness_rho","fitness_beta","fitness_psin","fitness_psiw","fitness_phin","fitness_phiw"
"220","G","none",220,0.35241636,4.81742463,4.57293125,0.49490457,0.04089088,5488.83754,8.62046017547932,6.1559580945602,8.6576220054328,9.15671171556022,8.52939927134162,8.57320648039984
