"","cue","log","id","rho","burst","iota_N1","iota_N2","phi_N1","phi_N2","fitness_rho","fitness_beta","fitness_psin","fitness_psiw","fitness_phin","fitness_phiw"
"757","G","none",757,0.38739834,5.58974797,31.2930916,0.99168238,0.01302596,1139.7194,8.62926028311919,8.42560046371911,8.23089820686974,8.13071237891868,8.67008274090557,8.58076009235349
