"","cue","log","id","rho","burst","iota_N1","iota_N2","phi_N1","phi_N2","fitness_rho","fitness_beta","fitness_psin","fitness_psiw","fitness_phin","fitness_phiw"
"1384","G","none",1384,0.33196668,4.70432801,1.94060796,0.49709828,0.02906815,557.070989,8.61469504814903,5.68612243568674,8.60100603155774,9.1573123848951,8.64450261078159,8.59061390742741
