"","cue","log","id","rho","burst","iota_N1","iota_N2","phi_N1","phi_N2","fitness_rho","fitness_beta","fitness_psin","fitness_psiw","fitness_phin","fitness_phiw"
"2323","G","none",2323,0.29045165,5.54256023,10.0171572,1.00590713,0.05362252,298.191046,8.60129461086351,8.35052856290734,8.67772717423502,8.08417959879815,8.37867807318666,8.60705909689616
