"","cue","log","id","rho","burst","iota_N1","iota_N2","phi_N1","phi_N2","fitness_rho","fitness_beta","fitness_psin","fitness_psiw","fitness_phin","fitness_phiw"
"603","G","none",603,0.33360913,4.10989391,35.3428409,0.90657412,0.01440862,196.063958,8.61517870712104,3.1122762439633,8.13111580042717,8.40310842793857,8.67326873020091,8.62505649089047
