"","cue","log","id","rho","burst","iota_N1","iota_N2","phi_N1","phi_N2","fitness_rho","fitness_beta","fitness_psin","fitness_psiw","fitness_phin","fitness_phiw"
"293","G","none",293,0.1926189,4.5192185,16.661869,2.12712063,0.11145897,829.634914,8.55707161074907,4.93561870535653,8.59147885329368,4.87885568551366,7.70147815434489,8.58429676329753
