"","cue","log","id","rho","burst","iota_N1","iota_N2","phi_N1","phi_N2","fitness_rho","fitness_beta","fitness_psin","fitness_psiw","fitness_phin","fitness_phiw"
"2229","G","none",2229,0.47213275,3.82678825,6.77396351,0.61619547,0.10687043,774.974905,8.64622372113792,1.58703475126779,8.67200857445322,9.03416770143239,7.75615745393197,8.58521220146219
