"","cue","log","id","rho","burst","iota_N1","iota_N2","phi_N1","phi_N2","fitness_rho","fitness_beta","fitness_psin","fitness_psiw","fitness_phin","fitness_phiw"
"2900","G","none",2900,0.32327045,3.8757288,21.724451,0.63893622,0.03979231,378.761182,8.61208452025959,1.8452555667438,8.47172987181688,8.99529403297681,8.54180431452131,8.59957595564791
