"","cue","log","id","rho","burst","iota_N1","iota_N2","phi_N1","phi_N2","fitness_rho","fitness_beta","fitness_psin","fitness_psiw","fitness_phin","fitness_phiw"
"4421","G","none",4421,0.23753506,4.59807334,146.177565,2.74804584,0.02204439,3101.52084,8.58005277796704,5.25248002979162,5.50108951936565,4.02567217302697,8.67695814543887,8.57473493741226
