"","cue","log","id","rho","burst","iota_N1","iota_N2","phi_N1","phi_N2","fitness_rho","fitness_beta","fitness_psin","fitness_psiw","fitness_phin","fitness_phiw"
"3599","G","none",3599,0.17515981,4.52423372,309.438257,2.29104759,0.00877174,653.127946,8.54654655867668,4.95573782217888,3.78085390449651,4.60748136498857,8.65398996906903,8.58779452559396
