"","cue","log","id","rho","burst","iota_N1","iota_N2","phi_N1","phi_N2","fitness_rho","fitness_beta","fitness_psin","fitness_psiw","fitness_phin","fitness_phiw"
"1054","G","none",1054,0.32400256,4.66541175,35.1353688,0.42630243,0.00823876,2145.73865,8.612309531782,5.52611450387006,8.13620038583344,9.0480866107917,8.65044546652975,8.57630000754032
