"","cue","log","id","rho","burst","iota_N1","iota_N2","phi_N1","phi_N2","fitness_rho","fitness_beta","fitness_psin","fitness_psiw","fitness_phin","fitness_phiw"
"3792","G","none",3792,0.37442212,6.09912117,42.0400088,1.76863237,0.0300699,744.11566,8.62613972162617,8.57094303923415,7.96717793264231,5.66090071220766,8.63705257223812,8.58578304591969
