"","cue","log","id","rho","burst","iota_N1","iota_N2","phi_N1","phi_N2","fitness_rho","fitness_beta","fitness_psin","fitness_psiw","fitness_phin","fitness_phiw"
"4707","G","none",4707,0.22562526,4.07695646,39.1406092,0.97178316,0.01567017,156.037044,8.57447258457774,2.93984554633385,8.0381893053476,8.19547358282078,8.67574642246291,8.63824447579098
