"","cue","log","id","rho","burst","iota_N1","iota_N2","phi_N1","phi_N2","fitness_rho","fitness_beta","fitness_psin","fitness_psiw","fitness_phin","fitness_phiw"
"3045","G","none",3045,0.37766563,3.90381884,26.5936818,0.75733736,0.02496298,275.654114,8.62693427635608,1.99727394033147,8.34855675587282,8.79258273364066,8.66800869154212,8.60991543430282
