"","cue","log","id","rho","burst","iota_N1","iota_N2","phi_N1","phi_N2","fitness_rho","fitness_beta","fitness_psin","fitness_psiw","fitness_phin","fitness_phiw"
"3810","G","none",3810,0.56591773,5.95452781,21.0134807,1.91307375,0.05297089,518.506045,8.65991221429551,8.67390075330355,8.48948259739944,5.30996548763737,8.38648448195533,8.5920373079918
