"","cue","log","id","rho","burst","iota_N1","iota_N2","phi_N1","phi_N2","fitness_rho","fitness_beta","fitness_psin","fitness_psiw","fitness_phin","fitness_phiw"
"3207","G","none",3207,0.27522456,3.99021209,13.0368841,0.7629541,0.0369997,323.553202,8.59572091378773,2.47129411692951,8.65470741312369,8.78196771425986,8.5722934550228,8.60431023116483
