"","cue","log","id","rho","burst","iota_N1","iota_N2","phi_N1","phi_N2","fitness_rho","fitness_beta","fitness_psin","fitness_psiw","fitness_phin","fitness_phiw"
"621","G","none",621,0.38572823,3.90778637,6.83031375,0.92517989,0.1071625,24.4978807,8.62886842355019,2.01889690215843,8.67226869430112,8.34483380620587,7.75269001102243,8.90687471176415
