"","cue","log","id","rho","burst","iota_N1","iota_N2","phi_N1","phi_N2","fitness_rho","fitness_beta","fitness_psin","fitness_psiw","fitness_phin","fitness_phiw"
"2792","G","none",2792,0.36119446,4.06302872,4.98793796,0.63558551,0.12344433,1348.31249,8.62278876389884,2.86586504096701,8.66142468922295,9.00165832405935,7.55654205055249,8.57928972712128
