"","cue","log","id","rho","burst","iota_N1","iota_N2","phi_N1","phi_N2","fitness_rho","fitness_beta","fitness_psin","fitness_psiw","fitness_phin","fitness_phiw"
"2198","G","none",2198,0.25345881,4.10406112,11.7056015,0.7988402,0.06757256,240.641403,8.58702129189847,3.08201565337766,8.66874228684866,8.70512535437414,8.21347761112315,8.61537631771702
