"","cue","log","id","rho","burst","iota_N1","iota_N2","phi_N1","phi_N2","fitness_rho","fitness_beta","fitness_psin","fitness_psiw","fitness_phin","fitness_phiw"
"4259","G","none",4259,0.24743675,4.63404993,6.54227865,1.60959567,0.39436077,1320.04073,8.58445075607487,5.39818224172953,8.67091303573687,6.10654264130236,4.88351862450197,8.5794619103121
