"","cue","log","id","rho","burst","iota_N1","iota_N2","phi_N1","phi_N2","fitness_rho","fitness_beta","fitness_psin","fitness_psiw","fitness_phin","fitness_phiw"
"4973","G","none",4973,0.17467734,4.39007962,17.5825864,2.54491943,0.135014,503.945427,8.54624235851835,4.4105067815883,8.57139083424202,4.259490354767,7.41398442845035,8.5926322082432
