"","cue","log","id","rho","burst","iota_N1","iota_N2","phi_N1","phi_N2","fitness_rho","fitness_beta","fitness_psin","fitness_psiw","fitness_phin","fitness_phiw"
"3783","G","none",3783,0.19138369,3.95394681,10.0917836,0.81316895,0.03279078,1185.24688,8.55636149914111,2.27202571334189,8.67753422822692,8.67027390225597,8.61403939823702,8.58039686510254
