"","cue","log","id","rho","burst","iota_N1","iota_N2","phi_N1","phi_N2","fitness_rho","fitness_beta","fitness_psin","fitness_psiw","fitness_phin","fitness_phiw"
"3508","G","none",3508,0.46043148,4.63146608,2.11450738,0.44866817,0.18541545,411.017313,8.64418614718941,5.38768110573665,8.60662806041669,9.09970300189338,6.78316568705896,8.59738887709292
