"","cue","log","id","rho","burst","iota_N1","iota_N2","phi_N1","phi_N2","fitness_rho","fitness_beta","fitness_psin","fitness_psiw","fitness_phin","fitness_phiw"
"4130","G","none",4130,0.23569886,4.10633261,62.0374864,0.95208515,0.00764592,36.2366606,8.57921438993503,3.0938156828687,7.45978089025744,8.25907220428478,8.64585003633116,8.8197315884386
