"","cue","log","id","rho","burst","iota_N1","iota_N2","phi_N1","phi_N2","fitness_rho","fitness_beta","fitness_psin","fitness_psiw","fitness_phin","fitness_phiw"
"3675","G","none",3675,0.39139418,3.95067932,122.701302,0.72099071,0.00459381,788.609749,8.63018814807111,2.25405603001553,5.94780249552824,8.85343002576991,8.60977985135748,8.58497138109989
