"","cue","log","id","rho","burst","iota_N1","iota_N2","phi_N1","phi_N2","fitness_rho","fitness_beta","fitness_psin","fitness_psiw","fitness_phin","fitness_phiw"
"1174","G","none",1174,0.30883731,4.76193212,18.9564461,0.49800077,0.01756686,2554.93291,8.60753401162019,5.92502457202581,8.53962399798236,9.1575027698574,8.67846644679254,8.57548617387827
