"","cue","log","id","rho","burst","iota_N1","iota_N2","phi_N1","phi_N2","fitness_rho","fitness_beta","fitness_psin","fitness_psiw","fitness_phin","fitness_phiw"
"2050","G","none",2050,0.37376864,4.75426843,2.04956091,0.56842993,0.09702961,16.9358763,8.6259807299025,5.89314271933539,8.60455542804349,9.09499093695403,7.87200506697441,9.00246169637953
