"","cue","log","id","rho","burst","iota_N1","iota_N2","phi_N1","phi_N2","fitness_rho","fitness_beta","fitness_psin","fitness_psiw","fitness_phin","fitness_phiw"
"4386","G","none",4386,0.36791394,6.19644432,22.4592744,1.39310184,0.01618219,390.462773,8.62451366091364,8.36344692210518,8.45324748870454,6.79302981731301,8.67661887495306,8.5987418706966
