"","cue","log","id","rho","burst","iota_N1","iota_N2","phi_N1","phi_N2","fitness_rho","fitness_beta","fitness_psin","fitness_psiw","fitness_phin","fitness_phiw"
"4132","G","none",4132,0.29654954,4.70275111,12.9913965,0.64225175,0.01217927,18.4625909,8.60342133063095,5.67961419944737,8.65528284251885,8.98886233293086,8.66787026617593,8.97914943886809
