"","cue","log","id","rho","burst","iota_N1","iota_N2","phi_N1","phi_N2","fitness_rho","fitness_beta","fitness_psin","fitness_psiw","fitness_phin","fitness_phiw"
"516","G","none",516,0.40877071,5.80094187,84.6976573,1.90547689,0.01070825,2057.03854,8.63406565113295,8.64594872568088,6.85710023224499,5.32715076046634,8.66321572742943,8.57651977858397
