"","cue","log","id","rho","burst","iota_N1","iota_N2","phi_N1","phi_N2","fitness_rho","fitness_beta","fitness_psin","fitness_psiw","fitness_phin","fitness_phiw"
"547","G","none",547,0.34974053,5.58034945,53.1374722,1.15260371,0.01148222,158.45752,8.6197343905574,8.41122350761991,7.69024641182456,7.59781765585956,8.66582190559684,8.63726346369067
