"","cue","log","id","rho","burst","iota_N1","iota_N2","phi_N1","phi_N2","fitness_rho","fitness_beta","fitness_psin","fitness_psiw","fitness_phin","fitness_phiw"
"3101","G","none",3101,0.13221226,4.45656615,94.1012949,2.38912706,0.02178191,2045.54426,8.51571942150625,4.68329069918592,6.61348405490447,4.4641245072323,8.67743006655576,8.57654502101358
