"","cue","log","id","rho","burst","iota_N1","iota_N2","phi_N1","phi_N2","fitness_rho","fitness_beta","fitness_psin","fitness_psiw","fitness_phin","fitness_phiw"
"2","G","none",2,0.25483632,4.05760761,43.9074619,0.86105239,0.01486683,1266.42334,8.58760112106075,2.8369170559652,7.92125490010664,8.54013164730156,8.67421708229428,8.57980986918842
