"","cue","log","id","rho","burst","iota_N1","iota_N2","phi_N1","phi_N2","fitness_rho","fitness_beta","fitness_psin","fitness_psiw","fitness_phin","fitness_phiw"
"3583","G","none",3583,0.25576326,5.41156137,9.81642769,1.12738932,0.05660469,229.358775,8.58798771291987,8.10308503093216,8.67814271385619,7.68199539392739,8.34302070674081,8.61748550255104
