"","cue","log","id","rho","burst","iota_N1","iota_N2","phi_N1","phi_N2","fitness_rho","fitness_beta","fitness_psin","fitness_psiw","fitness_phin","fitness_phiw"
"274","G","none",274,0.29022883,4.6422331,2.33761198,0.69024741,0.15077499,106.677718,8.60121811516525,5.43147637837818,8.61354725055211,8.90055052161594,7.21683897721964,8.66721390182143
