"","cue","log","id","rho","burst","iota_N1","iota_N2","phi_N1","phi_N2","fitness_rho","fitness_beta","fitness_psin","fitness_psiw","fitness_phin","fitness_phiw"
"4744","G","none",4744,0.38051674,4.90220555,247.699902,0.38140822,0.00131198,296.097408,8.62762621344936,6.50450194965708,4.26198969497233,8.89936150551297,8.55470793603995,8.60730736163972
