"","cue","log","id","rho","burst","iota_N1","iota_N2","phi_N1","phi_N2","fitness_rho","fitness_beta","fitness_psin","fitness_psiw","fitness_phin","fitness_phiw"
"1903","G","none",1903,0.2729736,5.26831597,61.1456265,1.18025988,0.00868325,12612.2925,8.59486181417904,7.75936586013886,7.48319512633423,7.50529381373495,8.65343370353175,8.57208277291768
