"","cue","log","id","rho","burst","iota_N1","iota_N2","phi_N1","phi_N2","fitness_rho","fitness_beta","fitness_psin","fitness_psiw","fitness_phin","fitness_phiw"
"2257","G","none",2257,0.3212815,5.42267784,28.642695,1.17283791,0.02330945,673.471252,8.61147597920828,8.12644917456772,8.29697997663063,7.53014223290265,8.67390019668763,8.58729781704972
