"","cue","log","id","rho","burst","iota_N1","iota_N2","phi_N1","phi_N2","fitness_rho","fitness_beta","fitness_psin","fitness_psiw","fitness_phin","fitness_phiw"
"2740","G","none",2740,0.38319598,4.72289163,83.4574345,0.37496344,0.00187124,290.795827,8.62827020246078,5.76289137750452,6.88982000470907,8.8727227741352,8.56459723711455,8.60794754825476
