"","cue","log","id","rho","burst","iota_N1","iota_N2","phi_N1","phi_N2","fitness_rho","fitness_beta","fitness_psin","fitness_psiw","fitness_phin","fitness_phiw"
"2014","G","none",2014,0.36709542,4.77059465,3.7387786,0.3814601,0.0737838,837.856902,8.62430563728422,5.96107744874618,8.64658291192106,8.89956276331897,8.14121492951952,8.58416936736877
