"","cue","log","id","rho","burst","iota_N1","iota_N2","phi_N1","phi_N2","fitness_rho","fitness_beta","fitness_psin","fitness_psiw","fitness_phin","fitness_phiw"
"3437","G","none",3437,0.18019183,4.57902885,69.6365857,2.08485166,0.02820364,2535.328,8.54968659818298,5.17573494572097,7.25830983583303,4.95642094820144,8.65042973635044,8.57552049240698
