"","cue","log","id","rho","burst","iota_N1","iota_N2","phi_N1","phi_N2","fitness_rho","fitness_beta","fitness_psin","fitness_psiw","fitness_phin","fitness_phiw"
"4460","G","none",4460,0.37928527,3.94859438,21.0969609,0.8818123,0.04651092,122.289733,8.6273312750278,2.24258960527461,8.48740890554875,8.47882428454488,8.46375834539875,8.65567233108159
