"","cue","log","id","rho","burst","iota_N1","iota_N2","phi_N1","phi_N2","fitness_rho","fitness_beta","fitness_psin","fitness_psiw","fitness_phin","fitness_phiw"
"2512","G","none",2512,0.41097835,4.79441948,8.9574591,0.48993669,0.00945309,9.27323507,8.63453670978765,6.0602703625025,8.67853691965037,9.15456683754381,8.65779993796643,9.19468884066971
