"","cue","log","id","rho","burst","iota_N1","iota_N2","phi_N1","phi_N2","fitness_rho","fitness_beta","fitness_psin","fitness_psiw","fitness_phin","fitness_phiw"
"1015","G","none",1015,0.29875776,5.43813858,18.7058468,1.11428084,0.04909293,348.763004,8.6041784581037,8.15818382272202,8.5455470147297,7.72567969288488,8.4329485930183,8.60196801084296
