"","cue","log","id","rho","burst","iota_N1","iota_N2","phi_N1","phi_N2","fitness_rho","fitness_beta","fitness_psin","fitness_psiw","fitness_phin","fitness_phiw"
"1472","G","none",1472,0.26836549,4.0354999,11.970095,0.71631215,0.05533827,214.520481,8.59307517809206,2.71803416455436,8.66643087781572,8.86057914584143,8.35814590915289,8.62057932211264
