"","cue","log","id","rho","burst","iota_N1","iota_N2","phi_N1","phi_N2","fitness_rho","fitness_beta","fitness_psin","fitness_psiw","fitness_phin","fitness_phiw"
"1312","G","none",1312,0.26740217,4.6521788,8.65927872,0.63328291,0.03999133,36.7769281,8.59269823631722,5.47202530341144,8.67819805519119,9.00592724739658,8.53956985051036,8.81677426213123
