"","cue","log","id","rho","burst","iota_N1","iota_N2","phi_N1","phi_N2","fitness_rho","fitness_beta","fitness_psin","fitness_psiw","fitness_phin","fitness_phiw"
"4969","G","none",4969,0.32565136,5.4942428,10.8611145,0.97055095,0.06912548,4888.37844,8.61281211183706,8.26615933622267,8.67447993794127,8.19946995238515,8.19535095442309,8.57345144421636
