"","cue","log","id","rho","burst","iota_N1","iota_N2","phi_N1","phi_N2","fitness_rho","fitness_beta","fitness_psin","fitness_psiw","fitness_phin","fitness_phiw"
"3774","G","none",3774,0.42121203,5.9066767,11.9493809,2.15898575,0.08855031,1724.29966,8.63668436948185,8.67210576494074,8.66661867104945,4.82257829003914,7.9705594690439,8.57753630589911
