"","cue","log","id","rho","burst","iota_N1","iota_N2","phi_N1","phi_N2","fitness_rho","fitness_beta","fitness_psin","fitness_psiw","fitness_phin","fitness_phiw"
"881","G","none",881,0.22289165,4.57226619,7.25087202,2.02871427,0.31086679,357.918604,8.57314000189371,5.14853255305496,8.6740725589555,5.06491630870289,5.47747132419929,8.60119917584735
