"","cue","log","id","rho","burst","iota_N1","iota_N2","phi_N1","phi_N2","fitness_rho","fitness_beta","fitness_psin","fitness_psiw","fitness_phin","fitness_phiw"
"4821","G","none",4821,0.37761556,3.99317984,3.68422906,0.77417207,0.14412916,585.283126,8.62692276964844,2.48756158207329,8.645654039691,8.75962418551067,7.3002618470943,8.58968977142297
