"","cue","log","id","rho","burst","iota_N1","iota_N2","phi_N1","phi_N2","fitness_rho","fitness_beta","fitness_psin","fitness_psiw","fitness_phin","fitness_phiw"
"3849","G","none",3849,0.45305455,3.92586819,6.60279174,0.70783118,0.10521808,299.479068,8.6428552759768,2.11778450727482,8.6712055915822,8.87341706645334,7.77574155119272,8.60691139976506
