"","cue","log","id","rho","burst","iota_N1","iota_N2","phi_N1","phi_N2","fitness_rho","fitness_beta","fitness_psin","fitness_psiw","fitness_phin","fitness_phiw"
"2459","G","none",2459,0.15738688,4.6273317,11.4838242,2.36695719,0.19237587,99.2014336,8.53472119528471,5.37089118711527,8.67049267710267,4.49544563673921,6.69779488174555,8.67393137472242
