"","cue","log","id","rho","burst","iota_N1","iota_N2","phi_N1","phi_N2","fitness_rho","fitness_beta","fitness_psin","fitness_psiw","fitness_phin","fitness_phiw"
"2207","G","none",2207,0.25847196,4.42928857,24.6407201,2.86100718,0.15733324,122.536297,8.5891054820228,4.57226140149778,8.39801504780278,3.90816659904964,7.13430685124568,8.65551299969716
