"","cue","log","id","rho","burst","iota_N1","iota_N2","phi_N1","phi_N2","fitness_rho","fitness_beta","fitness_psin","fitness_psiw","fitness_phin","fitness_phiw"
"3573","G","none",3573,0.30714639,3.93695048,45.0137004,0.82468535,0.01374864,593.011324,8.60698133987837,2.17859825260773,7.89395285288676,8.64074325316393,8.67180840083961,8.58945445463176
