"","cue","log","id","rho","burst","iota_N1","iota_N2","phi_N1","phi_N2","fitness_rho","fitness_beta","fitness_psin","fitness_psiw","fitness_phin","fitness_phiw"
"849","G","none",849,0.26475654,3.90303898,11.682681,0.8408206,0.03976254,13236.3473,8.59164968737411,1.99302706835311,8.66892948632158,8.59734975049847,8.54213873562102,8.5720415496549
