"","cue","log","id","rho","burst","iota_N1","iota_N2","phi_N1","phi_N2","fitness_rho","fitness_beta","fitness_psin","fitness_psiw","fitness_phin","fitness_phiw"
"2990","G","none",2990,0.29669896,4.05108553,11.8200622,0.69109198,0.05237724,18836.2914,8.60347304651052,2.80197673825574,8.66776908262573,8.89920494209762,8.39359893942671,8.57179394960636
