"","cue","log","id","rho","burst","iota_N1","iota_N2","phi_N1","phi_N2","fitness_rho","fitness_beta","fitness_psin","fitness_psiw","fitness_phin","fitness_phiw"
"659","G","none",659,0.34849114,4.56005712,29.8379633,1.76860006,0.13716181,174.51114,8.61939171080203,5.0994739699188,8.26709023482127,5.66098677772048,7.38727983248996,8.63143586878269
