"","cue","log","id","rho","burst","iota_N1","iota_N2","phi_N1","phi_N2","fitness_rho","fitness_beta","fitness_psin","fitness_psiw","fitness_phin","fitness_phiw"
"3273","G","none",3273,0.28252367,3.94270057,12.033426,0.66085199,0.05025411,9192.04994,8.59844116092556,2.21018944123953,8.66584052523086,8.95224164732294,8.41904414043341,8.57240466975902
