"","cue","log","id","rho","burst","iota_N1","iota_N2","phi_N1","phi_N2","fitness_rho","fitness_beta","fitness_psin","fitness_psiw","fitness_phin","fitness_phiw"
"1125","G","none",1125,0.34265913,4.0077733,41.3001234,0.57549699,0.01681925,1347.44218,8.61777167015078,2.56738214543589,7.98532427707371,9.0855979921264,8.6775686790553,8.57929587444899
