"","cue","log","id","rho","burst","iota_N1","iota_N2","phi_N1","phi_N2","fitness_rho","fitness_beta","fitness_psin","fitness_psiw","fitness_phin","fitness_phiw"
"386","G","none",386,0.25155594,4.00407419,217.617521,1.05812506,0.00499648,435.219944,8.58621731399424,2.54717766778269,4.55058062736717,7.91213934150878,8.61567757924884,8.59595854394574
