"","cue","log","id","rho","burst","iota_N1","iota_N2","phi_N1","phi_N2","fitness_rho","fitness_beta","fitness_psin","fitness_psiw","fitness_phin","fitness_phiw"
"3251","G","none",3251,0.38026568,4.54961039,54.4691383,1.71756327,0.08414048,185.849311,8.62756614144077,5.05753632806172,7.65623982171157,5.79740923208979,8.02153570675519,8.62790321903457
