"","cue","log","id","rho","burst","iota_N1","iota_N2","phi_N1","phi_N2","fitness_rho","fitness_beta","fitness_psin","fitness_psiw","fitness_phin","fitness_phiw"
"4301","G","none",4301,0.15710835,4.61714055,182.791741,2.65365636,0.00935841,438.682976,8.53452775660402,5.32956775686957,4.95408955809011,4.13032861961042,8.65731188881787,8.59576491861458
