"","cue","log","id","rho","burst","iota_N1","iota_N2","phi_N1","phi_N2","fitness_rho","fitness_beta","fitness_psin","fitness_psiw","fitness_phin","fitness_phiw"
"4985","G","none",4985,0.25019446,4.50776563,27.0336796,2.13630064,0.07473455,199.004673,8.58563613786634,4.88965377060633,8.33745005884036,4.86245305330524,8.13019736903138,8.62429038233637
