"","cue","log","id","rho","burst","iota_N1","iota_N2","phi_N1","phi_N2","fitness_rho","fitness_beta","fitness_psin","fitness_psiw","fitness_phin","fitness_phiw"
"2640","G","none",2640,0.33787592,6.27169769,64.1102051,1.89343989,0.01229272,1282.06123,8.61641189542347,8.12391435679394,7.40515554990649,5.35465978636679,8.66818264348545,8.57970372166946
