"","cue","log","id","rho","burst","iota_N1","iota_N2","phi_N1","phi_N2","fitness_rho","fitness_beta","fitness_psin","fitness_psiw","fitness_phin","fitness_phiw"
"4464","G","none",4464,0.3105606,5.98141621,42.8300492,2.19708305,0.02806797,237.757971,8.60809216528675,8.67027495473815,7.94777476812151,4.75763670068522,8.65131432100357,8.61590234412044
