"","cue","log","id","rho","burst","iota_N1","iota_N2","phi_N1","phi_N2","fitness_rho","fitness_beta","fitness_psin","fitness_psiw","fitness_phin","fitness_phiw"
"3941","G","none",3941,0.20711346,4.72683129,75.724452,2.02930182,0.03603507,112.748081,8.56508542235507,5.77921550429104,7.09558491515727,5.06374512751036,8.58238241777601,8.66237396312121
