"","cue","log","id","rho","burst","iota_N1","iota_N2","phi_N1","phi_N2","fitness_rho","fitness_beta","fitness_psin","fitness_psiw","fitness_phin","fitness_phiw"
"4311","G","none",4311,0.38614055,3.87557536,60.8202676,0.6913774,0.01773478,432.06613,8.62896648336237,1.84443038406126,7.4917179867292,8.89875304839819,8.67863075768817,8.59613547436122
