"","cue","log","id","rho","burst","iota_N1","iota_N2","phi_N1","phi_N2","fitness_rho","fitness_beta","fitness_psin","fitness_psiw","fitness_phin","fitness_phiw"
"1722","G","none",1722,0.38244426,5.95512754,17.277983,1.8311451,0.0940565,2257.44803,8.62808944807994,8.6738645489368,8.57816157246422,5.50267076764708,7.90666881651841,8.57604926056399
