"","cue","log","id","rho","burst","iota_N1","iota_N2","phi_N1","phi_N2","fitness_rho","fitness_beta","fitness_psin","fitness_psiw","fitness_phin","fitness_phiw"
"4429","G","none",4429,0.28341401,5.37562997,20.446362,1.1101731,0.03167607,111.336235,8.59876811935112,8.02439594175695,8.50352134424061,7.7393594572433,8.62392274937897,8.66345455135767
