"","cue","log","id","rho","burst","iota_N1","iota_N2","phi_N1","phi_N2","fitness_rho","fitness_beta","fitness_psin","fitness_psiw","fitness_phin","fitness_phiw"
"2660","G","none",2660,0.31211646,4.0439896,3.53262944,0.69201043,0.1309297,166.895998,8.60859304756004,2.7638344490106,8.64293469745371,8.89774833491943,7.46457477233971,8.63406799406897
