"","cue","log","id","rho","burst","iota_N1","iota_N2","phi_N1","phi_N2","fitness_rho","fitness_beta","fitness_psin","fitness_psiw","fitness_phin","fitness_phiw"
"69","G","none",69,0.3289517,4.05056584,39.9241673,0.84041615,0.01646389,886.010097,8.61380092824503,2.79918840804886,8.01901784743385,8.59846403311531,8.67705758918202,8.58347045945418
