"","cue","log","id","rho","burst","iota_N1","iota_N2","phi_N1","phi_N2","fitness_rho","fitness_beta","fitness_psin","fitness_psiw","fitness_phin","fitness_phiw"
"1952","G","none",1952,0.28614597,4.01236576,21.6167546,0.75977921,0.02803281,2415.11832,8.59975940441948,2.59243245793389,8.47442705784551,8.78801342869598,8.65154519480295,8.57573375218855
