"","cue","log","id","rho","burst","iota_N1","iota_N2","phi_N1","phi_N2","fitness_rho","fitness_beta","fitness_psin","fitness_psiw","fitness_phin","fitness_phiw"
"3005","G","none",3005,0.4596867,4.47740003,3.45537197,1.82610428,1.86076146,672.798153,8.64405458602026,4.7675046795295,8.64146626455203,5.51506574441011,1.7572932907712,8.58731479188553
