"","cue","log","id","rho","burst","iota_N1","iota_N2","phi_N1","phi_N2","fitness_rho","fitness_beta","fitness_psin","fitness_psiw","fitness_phin","fitness_phiw"
"3860","G","none",3860,0.24679381,3.95162928,149.111697,0.76840595,0.00421064,96.3463883,8.58417209168104,2.25927933406569,5.45115443502222,8.7713011135005,8.60392805857938,8.67675063066365
