"","cue","log","id","rho","burst","iota_N1","iota_N2","phi_N1","phi_N2","fitness_rho","fitness_beta","fitness_psin","fitness_psiw","fitness_phin","fitness_phiw"
"1634","G","none",1634,0.30976076,4.01011276,16.0477414,0.66926106,0.03709449,601.910872,8.60783536936753,2.58014839646596,8.60417349877344,8.93640566362112,8.57128775682768,8.58918681152879
