"","cue","log","id","rho","burst","iota_N1","iota_N2","phi_N1","phi_N2","fitness_rho","fitness_beta","fitness_psin","fitness_psiw","fitness_phin","fitness_phiw"
"828","G","none",828,0.29807304,6.04777395,10.4668696,1.99250632,0.07944989,2608.01885,8.60394526861145,8.63421144479839,8.6763001956303,5.13841432164365,8.07568776339268,8.57539850168636
