"","cue","log","id","rho","burst","iota_N1","iota_N2","phi_N1","phi_N2","fitness_rho","fitness_beta","fitness_psin","fitness_psiw","fitness_phin","fitness_phiw"
"2247","G","none",2247,0.49414019,3.85162224,10.3661643,0.72678243,0.08519384,519.43902,8.6498372932181,1.71678722730555,8.67667667854095,8.84445127058692,8.00936521089468,8.59200173179949
