"","cue","log","id","rho","burst","iota_N1","iota_N2","phi_N1","phi_N2","fitness_rho","fitness_beta","fitness_psin","fitness_psiw","fitness_phin","fitness_phiw"
"686","G","none",686,0.2487857,3.9614082,260.077388,0.83077587,0.00209744,873.38691,8.58503275942715,2.31306360574536,4.15520022106624,8.62462306096028,8.56856803718347,8.58364530660712
