"","cue","log","id","rho","burst","iota_N1","iota_N2","phi_N1","phi_N2","fitness_rho","fitness_beta","fitness_psin","fitness_psiw","fitness_phin","fitness_phiw"
"2087","G","none",2087,0.15742806,4.38378546,82.5222083,2.04222868,0.03077914,457.660215,8.53474602546791,4.38424827397966,6.91455790701461,5.03820154612423,8.63142890519637,8.59476336638722
