"","cue","log","id","rho","burst","iota_N1","iota_N2","phi_N1","phi_N2","fitness_rho","fitness_beta","fitness_psin","fitness_psiw","fitness_phin","fitness_phiw"
"385","G","none",385,0.29492707,5.59623653,11.6764962,1.08412893,0.03974894,9859.83338,8.60286378262682,8.43535483416001,8.66898580362179,7.8259502475619,8.54229141250037,8.57232373326509
