"","cue","log","id","rho","burst","iota_N1","iota_N2","phi_N1","phi_N2","fitness_rho","fitness_beta","fitness_psin","fitness_psiw","fitness_phin","fitness_phiw"
"3667","G","none",3667,0.25760903,5.53377974,59.8790056,1.17460941,0.01060107,389.953138,8.58875012130532,8.33577169845845,7.5163321998779,7.52421238178229,8.66281141759291,8.59878115783547
