"","cue","log","id","rho","burst","iota_N1","iota_N2","phi_N1","phi_N2","fitness_rho","fitness_beta","fitness_psin","fitness_psiw","fitness_phin","fitness_phiw"
"1442","G","none",1442,0.25729126,3.98373356,18.3658023,0.78426059,0.03951454,512.658123,8.58862027382748,2.4357569406588,8.55350347030616,8.73821630529992,8.54490910252979,8.59227427840391
