"","cue","log","id","rho","burst","iota_N1","iota_N2","phi_N1","phi_N2","fitness_rho","fitness_beta","fitness_psin","fitness_psiw","fitness_phin","fitness_phiw"
"692","G","none",692,0.28682967,3.94624219,94.4453307,0.67249977,0.00812395,367.4032,8.60000448879746,2.22965980087015,6.60474824496434,8.93052608294377,8.64961278817855,8.60043662450142
