"","cue","log","id","rho","burst","iota_N1","iota_N2","phi_N1","phi_N2","fitness_rho","fitness_beta","fitness_psin","fitness_psiw","fitness_phin","fitness_phiw"
"4852","G","none",4852,0.31147297,4.74609724,57.643816,0.45312304,0.00576169,193.773206,8.6083870994763,5.85917416967112,7.57446890303354,9.10830323609956,8.62599923878534,8.62567126340292
