"","cue","log","id","rho","burst","iota_N1","iota_N2","phi_N1","phi_N2","fitness_rho","fitness_beta","fitness_psin","fitness_psiw","fitness_phin","fitness_phiw"
"1435","G","none",1435,0.48103556,5.49910657,23.2883871,1.04423951,0.02434502,13202.0309,8.64772386671959,8.27500217139237,8.43229438406355,7.95804182564723,8.6704620578979,8.57204291108861
