"","cue","log","id","rho","burst","iota_N1","iota_N2","phi_N1","phi_N2","fitness_rho","fitness_beta","fitness_psin","fitness_psiw","fitness_phin","fitness_phiw"
"3456","G","none",3456,0.54762927,6.21497603,8.04929115,1.73628343,0.12529647,2824.14749,8.65756567345783,8.3083469027326,8.67685472570868,5.74662239652577,7.53388550709994,8.5750811650828
