"","cue","log","id","rho","burst","iota_N1","iota_N2","phi_N1","phi_N2","fitness_rho","fitness_beta","fitness_psin","fitness_psiw","fitness_phin","fitness_phiw"
"1524","G","none",1524,0.26862398,6.04925222,10.5318121,1.95739362,0.05320478,252.306083,8.59317578371212,8.63283330110403,8.67603526078193,5.21245525841599,8.38368099591673,8.61339439381202
