"","cue","log","id","rho","burst","iota_N1","iota_N2","phi_N1","phi_N2","fitness_rho","fitness_beta","fitness_psin","fitness_psiw","fitness_phin","fitness_phiw"
"1650","G","none",1650,0.33730953,5.91051333,89.9969614,1.97452485,0.0066723,802.159078,8.61625053921366,8.67251048927687,6.71872388225163,5.17598119984731,8.63661717591362,8.58474289491528
