"","cue","log","id","rho","burst","iota_N1","iota_N2","phi_N1","phi_N2","fitness_rho","fitness_beta","fitness_psin","fitness_psiw","fitness_phin","fitness_phiw"
"3498","G","none",3498,0.34224323,6.36129004,13.6191907,1.93088411,0.05882892,449.718925,8.61765556794864,7.85911624124094,8.64677737788104,5.2702267945908,8.31652855240094,8.59517476023212
