"","cue","log","id","rho","burst","iota_N1","iota_N2","phi_N1","phi_N2","fitness_rho","fitness_beta","fitness_psin","fitness_psiw","fitness_phin","fitness_phiw"
"3677","I+Ig","log10",3677,0.15950982,4.81948633,125.85375,1.83626842,0.01145192,1285.78285,9.50697760345626,6.14294140040874,6.13341203357254,5.82716378310387,9.7345511053443,9.56019879158567
