"","cue","log","id","rho","burst","iota_N1","iota_N2","phi_N1","phi_N2","fitness_rho","fitness_beta","fitness_psin","fitness_psiw","fitness_phin","fitness_phiw"
"2726","I+Ig","log10",2726,0.27024433,3.89452464,9.09761845,0.98671733,0.10329429,1384.83704,9.5788795905144,2.29908635971804,9.7254545823527,9.01235025433436,8.41734042688925,9.5593737021749
