"","cue","log","id","rho","burst","iota_N1","iota_N2","phi_N1","phi_N2","fitness_rho","fitness_beta","fitness_psin","fitness_psiw","fitness_phin","fitness_phiw"
"884","I+Ig","none",884,0.29095945,4.06473798,27.3233824,0.81024817,0.02718773,678.992336,8.85734520638751,4.38428969703168,7.75140026384651,8.62968080227701,6.99210984820502,8.85187897007536
