"","cue","log","id","rho","burst","iota_N1","iota_N2","phi_N1","phi_N2","fitness_rho","fitness_beta","fitness_psin","fitness_psiw","fitness_phin","fitness_phiw"
"4144","I+Ig","none",4144,0.32192346,4.79624509,19.7866714,0.44107687,0.01455935,1098.82032,8.82535555155115,5.89543787575684,8.53115725737099,5.73583218570894,5.96681655985251,8.84325958876395
