"","cue","log","id","rho","burst","iota_N1","iota_N2","phi_N1","phi_N2","fitness_rho","fitness_beta","fitness_psin","fitness_psiw","fitness_phin","fitness_phiw"
"1154","I+Ig","log10",1154,0.19365783,4.03984362,305.757924,0.88849755,0.00137871,1031.78694,9.53521390369038,2.75701111842582,3.77756586954232,9.40961067836524,9.62201464178469,9.56304319953971
