"","cue","log","id","rho","burst","iota_N1","iota_N2","phi_N1","phi_N2","fitness_rho","fitness_beta","fitness_psin","fitness_psiw","fitness_phin","fitness_phiw"
"10","I+Ig","none",10,0.28918332,4.86722708,18.8557136,0.50591169,0.01430833,179.939918,8.85807864498683,6.03806532308055,8.65178093362258,5.90082024877983,5.95866350327285,8.9005272268829
