"","cue","log","id","rho","burst","iota_N1","iota_N2","phi_N1","phi_N2","fitness_rho","fitness_beta","fitness_psin","fitness_psiw","fitness_phin","fitness_phiw"
"1862","I+Ig","none",1862,0.23402586,3.93125156,8.21905536,0.78486491,0.06436253,425.784813,8.83259729574789,3.97101359636394,6.05642809471725,7.76345014688463,7.53964429783362,8.86444466921266
