"","cue","log","id","rho","burst","iota_N1","iota_N2","phi_N1","phi_N2","fitness_rho","fitness_beta","fitness_psin","fitness_psiw","fitness_phin","fitness_phiw"
"4911","I+Ig","none",4911,0.39633711,3.97573547,169.808657,0.57026112,0.00329419,5069.00753,8.53985277759905,4.11877298786189,5.05893123384972,6.04553376787317,5.55721204711229,8.8317490998161
