"","cue","log","id","rho","burst","iota_N1","iota_N2","phi_N1","phi_N2","fitness_rho","fitness_beta","fitness_psin","fitness_psiw","fitness_phin","fitness_phiw"
"3081","I+Ig","log10",3081,0.22995265,3.83348485,67.978275,0.74948173,0.00660211,2878.15226,9.55868564913868,2.12265421183704,7.72423058434463,9.8712453517598,9.70291408878165,9.55378716049198
