"","cue","log","id","rho","burst","iota_N1","iota_N2","phi_N1","phi_N2","fitness_rho","fitness_beta","fitness_psin","fitness_psiw","fitness_phin","fitness_phiw"
"3931","I+Ig","none",3931,0.23676358,5.48681784,3.54950657,0.93939623,0.10983855,559.489023,8.83586312651927,7.64065040111592,5.72094536561162,8.098648849506,6.68368146728499,8.85651409596911
