"","cue","log","id","rho","burst","iota_N1","iota_N2","phi_N1","phi_N2","fitness_rho","fitness_beta","fitness_psin","fitness_psiw","fitness_phin","fitness_phiw"
"1513","I+Ig","log10",1513,0.30096527,5.55488229,23.0689927,1.02182853,0.01725076,157.674649,9.59112623362428,9.29479781252207,9.37917774443035,8.86138136267433,9.73331055161771,9.63939574327249
