"","cue","log","id","rho","burst","iota_N1","iota_N2","phi_N1","phi_N2","fitness_rho","fitness_beta","fitness_psin","fitness_psiw","fitness_phin","fitness_phiw"
"3717","I+Ig","log10",3717,0.30987636,4.00062453,19.6004396,0.69388832,0.02566295,773.975447,9.59425955992714,2.62805843813558,9.49117411102301,10.0101618637016,9.68077114271513,9.56781281909422
