"","cue","log","id","rho","burst","iota_N1","iota_N2","phi_N1","phi_N2","fitness_rho","fitness_beta","fitness_psin","fitness_psiw","fitness_phin","fitness_phiw"
"2238","I+Ig","none",2238,0.33544655,5.82812577,5.89599927,2.07539425,0.23359796,837.838501,8.79837882047567,6.32135811658545,5.89407598319402,4.51917554602208,5.63230564724676,8.84765313619299
