"","cue","log","id","rho","burst","iota_N1","iota_N2","phi_N1","phi_N2","fitness_rho","fitness_beta","fitness_psin","fitness_psiw","fitness_phin","fitness_phiw"
"1248","I+Ig","log10",1248,0.32146879,6.10245297,88.7350085,1.8567105,0.00580347,4152.04181,9.59809065333654,9.32191866079969,7.07082466185109,5.77378571078708,9.69406285288824,9.55219064593152
