"","cue","log","id","rho","burst","iota_N1","iota_N2","phi_N1","phi_N2","fitness_rho","fitness_beta","fitness_psin","fitness_psiw","fitness_phin","fitness_phiw"
"1958","I+Ig","none",1958,0.26379232,3.8888713,18.3136038,0.85719781,0.04310691,160.309733,8.85738975913063,3.81977134081259,8.7190230039808,8.78549207208305,8.45127243325774,8.90591204845558
