"","cue","log","id","rho","burst","iota_N1","iota_N2","phi_N1","phi_N2","fitness_rho","fitness_beta","fitness_psin","fitness_psiw","fitness_phin","fitness_phiw"
"4729","I+Ig","log10",4729,0.39232829,5.84903788,4.15926701,0.93687489,0.08697063,109.152116,9.61649567029467,9.63103069827551,9.72063957466995,9.21945125059712,8.71032772866837,9.67695293651947
