"","cue","log","id","rho","burst","iota_N1","iota_N2","phi_N1","phi_N2","fitness_rho","fitness_beta","fitness_psin","fitness_psiw","fitness_phin","fitness_phiw"
"4124","I+Ig","log10",4124,0.33656371,3.93244015,102.745701,0.67801951,0.010705,3755.03806,9.60268956562145,2.41335216180493,6.68515429111836,10.043943126798,9.73189691987138,9.55257141298584
