"","cue","log","id","rho","burst","iota_N1","iota_N2","phi_N1","phi_N2","fitness_rho","fitness_beta","fitness_psin","fitness_psiw","fitness_phin","fitness_phiw"
"3864","I+Ig","none",3864,0.29386533,5.99810282,43.937741,2.16722914,0.02393434,458.913501,8.85589418744989,5.43464240566357,6.9281350087976,4.38533648014051,6.42581245499813,8.86209479811214
