"","cue","log","id","rho","burst","iota_N1","iota_N2","phi_N1","phi_N2","fitness_rho","fitness_beta","fitness_psin","fitness_psiw","fitness_phin","fitness_phiw"
"2493","I+Ig","log10",2493,0.26359663,3.96974425,6.0874779,0.92303467,0.06270684,43.609896,9.57590158338821,2.52934112974346,9.73697556306031,9.27507475370197,9.14460609301481,9.83811933929656
