"","cue","log","id","rho","burst","iota_N1","iota_N2","phi_N1","phi_N2","fitness_rho","fitness_beta","fitness_psin","fitness_psiw","fitness_phin","fitness_phiw"
"927","I+Ig","none",927,0.30117298,3.92561666,8.32550277,0.69868695,0.05327511,1500.97398,8.8509115127721,3.95150791966425,6.06458020602577,6.39735561806242,7.92942209423267,8.8393946299802
