"","cue","log","id","rho","burst","iota_N1","iota_N2","phi_N1","phi_N2","fitness_rho","fitness_beta","fitness_psin","fitness_psiw","fitness_phin","fitness_phiw"
"3029","I+Ig","none",3029,0.16462953,4.59422685,21.4015728,2.20500658,0.09939338,344.814744,8.6909069157742,5.51092285535893,8.32710793061536,4.33307672608102,6.82883282001081,8.87179720412395
