"","cue","log","id","rho","burst","iota_N1","iota_N2","phi_N1","phi_N2","fitness_rho","fitness_beta","fitness_psin","fitness_psiw","fitness_phin","fitness_phiw"
"3802","I+Ig","log10",3802,0.31380355,4.73587471,14.2102568,0.49033686,0.01455295,7248.46815,9.59558919077847,5.71734357704419,9.63798565287329,10.1580258748402,9.73830905775669,9.55064697582525
