"","cue","log","id","rho","burst","iota_N1","iota_N2","phi_N1","phi_N2","fitness_rho","fitness_beta","fitness_psin","fitness_psiw","fitness_phin","fitness_phiw"
"4710","I+Ig","none",4710,0.36053643,5.86288378,70.0136698,2.01151667,0.01937856,525.591802,8.72211913106556,6.05937036702803,6.27363053126313,4.61845413624001,6.14239573289949,8.85817727267148
