"","cue","log","id","rho","burst","iota_N1","iota_N2","phi_N1","phi_N2","fitness_rho","fitness_beta","fitness_psin","fitness_psiw","fitness_phin","fitness_phiw"
"2085","I+Ig","log10",2085,0.29320121,3.94169306,20.9099021,0.82364588,0.03170175,40.9231006,9.58825197386238,2.44178832576629,9.45013782074551,9.64276291613663,9.61838989288547,9.85369674846792
