"","cue","log","id","rho","burst","iota_N1","iota_N2","phi_N1","phi_N2","fitness_rho","fitness_beta","fitness_psin","fitness_psiw","fitness_phin","fitness_phiw"
"2732","I+Ig","log10",2732,0.25180979,4.14133095,11.9031959,0.78006176,0.03387372,276.919146,9.57029449465056,3.10962211638483,9.68566179901265,9.78252751613861,9.59230008345729,9.60138696127221
