"","cue","log","id","rho","burst","iota_N1","iota_N2","phi_N1","phi_N2","fitness_rho","fitness_beta","fitness_psin","fitness_psiw","fitness_phin","fitness_phiw"
"1713","I+Ig","log10",1713,0.34031399,4.04233356,7.15451837,0.60385186,0.03735697,1090.67959,9.60376518627189,2.76533275010953,9.73738570352303,10.1606414105716,9.54719778808435,9.56226641149695
