"","cue","log","id","rho","burst","iota_N1","iota_N2","phi_N1","phi_N2","fitness_rho","fitness_beta","fitness_psin","fitness_psiw","fitness_phin","fitness_phiw"
"1714","I+Ig","none",1714,0.31661191,4.76186019,9.41774876,0.53850119,0.0288349,1580.59546,8.83360864278776,5.82808907126209,6.15934915240432,5.97669567122549,7.47991672203718,8.83885476884946
