"","cue","log","id","rho","burst","iota_N1","iota_N2","phi_N1","phi_N2","fitness_rho","fitness_beta","fitness_psin","fitness_psiw","fitness_phin","fitness_phiw"
"311","I+Ig","log10",311,0.31361642,4.45524569,17.7073354,2.01932107,0.22692333,1746.03046,9.59552866190296,4.376820931825,9.54725818264255,5.38180479598399,6.58035177533873,9.5571506493621
