"","cue","log","id","rho","burst","iota_N1","iota_N2","phi_N1","phi_N2","fitness_rho","fitness_beta","fitness_psin","fitness_psiw","fitness_phin","fitness_phiw"
"2514","I+Ig","log10",2514,0.38008735,6.35620642,45.0033169,1.63512755,0.01534282,260.006105,9.61383926155345,8.62195304439364,8.55947748969431,6.40892803597768,9.7375756457206,9.60471947570236
