"","cue","log","id","rho","burst","iota_N1","iota_N2","phi_N1","phi_N2","fitness_rho","fitness_beta","fitness_psin","fitness_psiw","fitness_phin","fitness_phiw"
"3182","I+Ig","log10",3182,0.25889457,3.94878733,15.8235283,0.81014674,0.03674974,4477.69433,9.57371658753034,2.46374058000254,9.59850442429288,9.6876266380907,9.55532515095187,9.55192632127198
