"","cue","log","id","rho","burst","iota_N1","iota_N2","phi_N1","phi_N2","fitness_rho","fitness_beta","fitness_psin","fitness_psiw","fitness_phin","fitness_phiw"
"770","I+Ig","none",770,0.29973217,3.88631715,15.9309663,0.66292474,0.06456449,4012.34969,8.85205173755074,3.81031280242034,8.82490722017375,6.25931023761327,7.53374652919172,8.83261085672521
