"","cue","log","id","rho","burst","iota_N1","iota_N2","phi_N1","phi_N2","fitness_rho","fitness_beta","fitness_psin","fitness_psiw","fitness_phin","fitness_phiw"
"11","I+Ig","none",11,0.26167513,4.52765453,14.2641147,1.81914737,0.2288543,295.615134,8.85643631327862,5.38716723827669,7.86917515519346,4.95331807576533,5.66128118461313,8.87786266126765
