"","cue","log","id","rho","burst","iota_N1","iota_N2","phi_N1","phi_N2","fitness_rho","fitness_beta","fitness_psin","fitness_psiw","fitness_phin","fitness_phiw"
"1773","I+Ig","log10",1773,0.70255867,3.98653245,27.8540898,0.50847879,0.0642004,218.534035,9.64706423636784,2.58270114299702,9.21097333968561,10.177683471174,9.11850867508969,9.61500001910533
