"","cue","log","id","rho","burst","iota_N1","iota_N2","phi_N1","phi_N2","fitness_rho","fitness_beta","fitness_psin","fitness_psiw","fitness_phin","fitness_phiw"
"1522","I+Ig","none",1522,0.36231996,4.70590877,21.2392974,0.44192571,0.01240277,8476.6177,8.71523123297437,5.72052358676461,8.34685179046547,5.73804505668376,5.89653421299665,8.83043064646701
