"","cue","log","id","rho","burst","iota_N1","iota_N2","phi_N1","phi_N2","fitness_rho","fitness_beta","fitness_psin","fitness_psiw","fitness_phin","fitness_phiw"
"3697","I+Ig","none",3697,0.32645732,5.64958881,8.85735447,0.85893773,0.05965892,139.054942,8.81728814919722,8.46910537709869,6.10785847301353,8.77408007308221,7.68766216013679,8.91193966317051
