"","cue","log","id","rho","burst","iota_N1","iota_N2","phi_N1","phi_N2","fitness_rho","fitness_beta","fitness_psin","fitness_psiw","fitness_phin","fitness_phiw"
"464","I+Ig","log10",464,0.28196569,4.08230888,29.3037928,0.71567038,0.02343799,589.859154,9.58383350311987,2.90120765008972,9.15786567239167,9.9593960339374,9.69918866646914,9.57373907109825
