"","cue","log","id","rho","burst","iota_N1","iota_N2","phi_N1","phi_N2","fitness_rho","fitness_beta","fitness_psin","fitness_psiw","fitness_phin","fitness_phiw"
"225","I+Ig","log10",225,0.41258427,4.00377253,9.46893223,0.83184035,0.07422638,1090.98458,9.62049755644063,2.63825585962488,9.721568551809,9.61487646888987,8.94034548495148,9.56226218454801
