"","cue","log","id","rho","burst","iota_N1","iota_N2","phi_N1","phi_N2","fitness_rho","fitness_beta","fitness_psin","fitness_psiw","fitness_phin","fitness_phiw"
"3723","I+Ig","none",3723,0.38338958,3.90558367,30.6370182,0.94452989,0.03041863,797.99039,8.61668501556282,3.88068007975001,7.52481470861703,8.05669811927037,8.01272954095962,8.84856329767868
