"","cue","log","id","rho","burst","iota_N1","iota_N2","phi_N1","phi_N2","fitness_rho","fitness_beta","fitness_psin","fitness_psiw","fitness_phin","fitness_phiw"
"1949","I+Ig","log10",1949,0.27616621,4.5243649,198.886113,1.97771667,0.01703563,1262.01779,9.58142978637122,4.69084630022539,4.87872095381799,5.47687803340945,9.73395634602588,9.56041849076293
