"","cue","log","id","rho","burst","iota_N1","iota_N2","phi_N1","phi_N2","fitness_rho","fitness_beta","fitness_psin","fitness_psiw","fitness_phin","fitness_phiw"
"623","I+Ig","log10",623,0.18465738,4.6392608,25.4893628,2.06501808,0.06140587,510.782057,9.52842489612881,5.23756829955842,9.29567295829612,5.2811782376147,9.16721137056337,9.57757262924068
