"","cue","log","id","rho","burst","iota_N1","iota_N2","phi_N1","phi_N2","fitness_rho","fitness_beta","fitness_psin","fitness_psiw","fitness_phin","fitness_phiw"
"471","I+Ig","none",471,0.24247145,3.97711467,10.1713151,0.87308681,0.02946164,2227.5316,8.84205465416582,4.12318499934473,6.24083941231712,8.66851026348133,7.67339542731608,8.83588610751077
