"","cue","log","id","rho","burst","iota_N1","iota_N2","phi_N1","phi_N2","fitness_rho","fitness_beta","fitness_psin","fitness_psiw","fitness_phin","fitness_phiw"
"2106","I+Ig","log10",2106,0.38639436,6.0786471,119.278556,1.70204513,0.00545682,431.025144,9.61523225811082,9.37209488288515,6.28070241331606,6.2033428986108,9.68985473859383,9.58284629998684
