"","cue","log","id","rho","burst","iota_N1","iota_N2","phi_N1","phi_N2","fitness_rho","fitness_beta","fitness_psin","fitness_psiw","fitness_phin","fitness_phiw"
"4829","I+Ig","log10",4829,0.28110597,4.53361632,94.9412062,2.14926024,0.03511832,236.914188,9.58348359120041,4.73376572353927,6.89477964396042,5.10541086113282,9.57661598239434,9.61001455902277
