"","cue","log","id","rho","burst","iota_N1","iota_N2","phi_N1","phi_N2","fitness_rho","fitness_beta","fitness_psin","fitness_psiw","fitness_phin","fitness_phiw"
"437","I+Ig","log10",437,0.28946113,4.57936272,36.5792433,2.00793603,0.07181974,651.704899,9.58681506715527,4.94891938323155,8.8830313592136,5.40748867789597,8.98347986610736,9.57137882231979
