"","cue","log","id","rho","burst","iota_N1","iota_N2","phi_N1","phi_N2","fitness_rho","fitness_beta","fitness_psin","fitness_psiw","fitness_phin","fitness_phiw"
"4598","I+Ig","none",4598,0.24385609,3.97185477,40.2607184,0.9113642,0.01350946,401.313011,8.84342372399933,4.10631032290782,7.06143779266405,8.33758647356215,5.93273425326301,8.86639697405447
