"","cue","log","id","rho","burst","iota_N1","iota_N2","phi_N1","phi_N2","fitness_rho","fitness_beta","fitness_psin","fitness_psiw","fitness_phin","fitness_phiw"
"4260","I+Ig","none",4260,0.34361958,5.96759953,8.20708313,2.12663104,0.07796077,886.707175,8.77756427925299,5.56492842036354,6.0555158965075,4.44327695020477,7.20407788589346,8.84664156532248
