"","cue","log","id","rho","burst","iota_N1","iota_N2","phi_N1","phi_N2","fitness_rho","fitness_beta","fitness_psin","fitness_psiw","fitness_phin","fitness_phiw"
"463","I+Ig","none",463,0.37285288,5.39955411,15.4347129,1.17395901,0.0424471,5571.02717,8.66998911379603,7.34152024925964,8.70941257388285,6.73191381780364,8.49110723315827,8.83145560007124
