"","cue","log","id","rho","burst","iota_N1","iota_N2","phi_N1","phi_N2","fitness_rho","fitness_beta","fitness_psin","fitness_psiw","fitness_phin","fitness_phiw"
"1121","I+Ig","none",1121,0.13425221,4.46787451,147.727872,2.09868594,0.01373247,482.051599,8.59669726708539,5.27523583396037,5.26238510224088,4.48427719683409,5.93998297622311,8.86062545264056
