"","cue","log","id","rho","burst","iota_N1","iota_N2","phi_N1","phi_N2","fitness_rho","fitness_beta","fitness_psin","fitness_psiw","fitness_phin","fitness_phiw"
"3563","I+Ig","log10",3563,0.21531359,4.59967299,6.6898877,1.90294345,0.28668083,3208996.35,9.54990948094152,5.0459536140711,9.73788029274755,5.6565970955831,5.94049472203458,9.54857865162091
