"","cue","log","id","rho","burst","iota_N1","iota_N2","phi_N1","phi_N2","fitness_rho","fitness_beta","fitness_psin","fitness_psiw","fitness_phin","fitness_phiw"
"1917","I+Ig","none",1917,0.35585595,3.84351471,23.0074204,0.8140463,0.03744671,307.421757,8.73924794633838,3.64582228377399,8.14360256651881,8.7180191492862,8.78259499321269,8.8762632450918
