"","cue","log","id","rho","burst","iota_N1","iota_N2","phi_N1","phi_N2","fitness_rho","fitness_beta","fitness_psin","fitness_psiw","fitness_phin","fitness_phiw"
"966","I+Ig","none",966,0.35765344,6.11086682,12.4812522,2.17903384,0.09079362,6949.00145,8.73282768417705,4.95576081897729,6.76667454987881,4.36883902195031,6.9641447047883,8.83086264924688
