"","cue","log","id","rho","burst","iota_N1","iota_N2","phi_N1","phi_N2","fitness_rho","fitness_beta","fitness_psin","fitness_psiw","fitness_phin","fitness_phiw"
"1591","I+Ig","log10",1591,0.29663259,5.52063698,44.1435517,1.06805349,0.0089617,1911.68537,9.58953847068874,9.20978610970966,8.59238305785238,8.65838901339879,9.72272364841353,9.55641038261723
