"","cue","log","id","rho","burst","iota_N1","iota_N2","phi_N1","phi_N2","fitness_rho","fitness_beta","fitness_psin","fitness_psiw","fitness_phin","fitness_phiw"
"1303","I+Ig","none",1303,0.22376835,5.48039451,4.56895148,1.01732624,0.10207974,2079.58273,8.818678398981,7.61640343097996,5.79906939029912,7.53211802617219,6.7897146380801,8.83640425470379
