"","cue","log","id","rho","burst","iota_N1","iota_N2","phi_N1","phi_N2","fitness_rho","fitness_beta","fitness_psin","fitness_psiw","fitness_phin","fitness_phiw"
"2581","I+Ig","log10",2581,0.31906006,5.59876907,7.66828421,0.99209476,0.02691688,1374.05706,9.59731800306726,9.39062691065251,9.73571196426787,8.98946454068194,9.66921051476864,9.55945890308081
