"","cue","log","id","rho","burst","iota_N1","iota_N2","phi_N1","phi_N2","fitness_rho","fitness_beta","fitness_psin","fitness_psiw","fitness_phin","fitness_phiw"
"3549","I+Ig","log10",3549,0.24349542,4.06907848,41.2011235,0.88679561,0.01067343,159.785228,9.56607384895042,2.85576776748731,8.70535835119765,9.41607323150766,9.73176842190052,9.63825231807773
