"","cue","log","id","rho","burst","iota_N1","iota_N2","phi_N1","phi_N2","fitness_rho","fitness_beta","fitness_psin","fitness_psiw","fitness_phin","fitness_phiw"
"3541","I+Ig","none",3541,0.36392124,5.35467935,8.60568201,1.09435549,0.09077157,731.820607,8.70884271106926,7.20631221922593,6.0867990354875,7.09698656640864,6.96451363740448,8.85028255748824
