"","cue","log","id","rho","burst","iota_N1","iota_N2","phi_N1","phi_N2","fitness_rho","fitness_beta","fitness_psin","fitness_psiw","fitness_phin","fitness_phiw"
"1842","I+Ig","log10",1842,0.39121433,6.10740504,22.0923756,2.04448703,0.04184067,861.073974,9.61626278293797,9.3110294247067,9.41174035255556,5.32591129257825,9.484173241458,9.56588517294353
