"","cue","log","id","rho","burst","iota_N1","iota_N2","phi_N1","phi_N2","fitness_rho","fitness_beta","fitness_psin","fitness_psiw","fitness_phin","fitness_phiw"
"752","I+Ig","none",752,0.33211656,3.94209711,41.5148136,0.71433508,0.01868945,2231.85307,8.80585108547993,4.00804624878562,7.0140512666223,6.48049754460576,6.11288449061461,8.83587078060727
