"","cue","log","id","rho","burst","iota_N1","iota_N2","phi_N1","phi_N2","fitness_rho","fitness_beta","fitness_psin","fitness_psiw","fitness_phin","fitness_phiw"
"1090","I+Ig","none",1090,0.40782283,4.77635376,7.48936122,0.49119024,0.04352106,1475.70076,8.46205092818165,5.85635069464434,6.00353412898716,5.86468465184319,8.42652302068277,8.83957549407834
