"","cue","log","id","rho","burst","iota_N1","iota_N2","phi_N1","phi_N2","fitness_rho","fitness_beta","fitness_psin","fitness_psiw","fitness_phin","fitness_phiw"
"1801","I+Ig","log10",1801,0.38785425,5.43244767,37.1824883,1.079609,0.02058634,291.226939,9.61554985510513,8.95165370894424,8.85988723443391,8.60715241352318,9.7183658673103,9.59886232701906
