"","cue","log","id","rho","burst","iota_N1","iota_N2","phi_N1","phi_N2","fitness_rho","fitness_beta","fitness_psin","fitness_psiw","fitness_phin","fitness_phiw"
"3777","I+Ig","log10",3777,0.43541672,3.94412532,10.0632302,0.73173055,0.10439294,159.882652,9.62448305177441,2.4493055698878,9.71440766703557,9.91888412648997,8.39784968804935,9.63819971739647
