"","cue","log","id","rho","burst","iota_N1","iota_N2","phi_N1","phi_N2","fitness_rho","fitness_beta","fitness_psin","fitness_psiw","fitness_phin","fitness_phiw"
"2799","I+Ig","log10",2799,0.29403729,3.91248123,9.96106889,0.92710674,0.04496888,872.326362,9.58856718166978,2.35274863828934,9.71571909691791,9.25880705440151,9.4374657374159,9.56566230064366
