"","cue","log","id","rho","burst","iota_N1","iota_N2","phi_N1","phi_N2","fitness_rho","fitness_beta","fitness_psin","fitness_psiw","fitness_phin","fitness_phiw"
"1789","I+Ig","none",1789,0.31946667,5.53178055,5.5062255,0.9603077,0.07274704,184.60838,8.82931680790811,7.8242272023833,5.86682467650588,7.93185260260972,7.31995791402479,8.89930738230914
