"","cue","log","id","rho","burst","iota_N1","iota_N2","phi_N1","phi_N2","fitness_rho","fitness_beta","fitness_psin","fitness_psiw","fitness_phin","fitness_phiw"
"2182","I+Ig","none",2182,0.41956224,4.74939057,77.0836945,0.41483226,0.00194577,2173.54922,8.37549990214022,5.80391603089751,6.14449778415093,5.6676651033052,5.50104494535043,8.83606527009094
