"","cue","log","id","rho","burst","iota_N1","iota_N2","phi_N1","phi_N2","fitness_rho","fitness_beta","fitness_psin","fitness_psiw","fitness_phin","fitness_phiw"
"3993","I+Ig","none",3993,0.34109253,3.94262368,42.3389915,1.07269012,0.01702834,112.109604,8.78439211020908,4.00982454211473,6.98403841786869,7.20954560277137,6.04960949834974,8.91786588078575
