"","cue","log","id","rho","burst","iota_N1","iota_N2","phi_N1","phi_N2","fitness_rho","fitness_beta","fitness_psin","fitness_psiw","fitness_phin","fitness_phiw"
"123","I+Ig","none",123,0.31423548,3.95308233,5.17021694,0.89875044,0.14222214,735.199291,8.83691197276701,4.04488061022738,5.84293178701715,8.44855583073597,6.32068827622916,8.85018635526345
