"","cue","log","id","rho","burst","iota_N1","iota_N2","phi_N1","phi_N2","fitness_rho","fitness_beta","fitness_psin","fitness_psiw","fitness_phin","fitness_phiw"
"979","I+Ig","none",979,0.27130788,5.79211478,34.6760753,1.17066571,0.0105129,113.707945,8.85969379956765,7.06729888407221,7.30387754569483,6.74576405585466,5.83292531674089,8.91766590136652
