"","cue","log","id","rho","burst","iota_N1","iota_N2","phi_N1","phi_N2","fitness_rho","fitness_beta","fitness_psin","fitness_psiw","fitness_phin","fitness_phiw"
"1971","I+Ig","none",1971,0.49021421,4.01592625,6.62779132,0.57732134,0.11049644,322.669667,7.88128986888251,4.24333783761775,5.94434016594836,6.06034244693596,6.67512265836769,8.87434052632994
