"","cue","log","id","rho","burst","iota_N1","iota_N2","phi_N1","phi_N2","fitness_rho","fitness_beta","fitness_psin","fitness_psiw","fitness_phin","fitness_phiw"
"2186","I+Ig","none",2186,0.32970916,3.95785042,11.4116099,0.84935415,0.08374334,169.233525,8.81089560174999,4.06066378037193,6.43012303920009,8.83068385197021,7.0891748365202,8.90341848769994
