"","cue","log","id","rho","burst","iota_N1","iota_N2","phi_N1","phi_N2","fitness_rho","fitness_beta","fitness_psin","fitness_psiw","fitness_phin","fitness_phiw"
"528","I+Ig","none",528,0.39387439,6.14224237,89.1484741,2.08418807,0.01371296,118.70014,8.5554326153477,4.79112033905039,5.95054686690057,4.50592036304185,5.93934664707719,8.91686766020005
