"","cue","log","id","rho","burst","iota_N1","iota_N2","phi_N1","phi_N2","fitness_rho","fitness_beta","fitness_psin","fitness_psiw","fitness_phin","fitness_phiw"
"1420","I+Ig","none",1420,0.43109882,4.92624209,15.2734457,0.51615626,0.01424454,589.619469,8.28686708362226,6.16086884743312,8.64213758702276,5.9252976953182,5.95658894165646,8.85518360612973
