"","cue","log","id","rho","burst","iota_N1","iota_N2","phi_N1","phi_N2","fitness_rho","fitness_beta","fitness_psin","fitness_psiw","fitness_phin","fitness_phiw"
"3267","I+Ig","none",3267,0.23007147,4.08301293,18.5852992,0.82417515,0.02001821,807.988367,8.82754275457796,4.43439729739949,8.68584205418367,8.84386299895883,6.17194699071299,8.84832831223938
