"","cue","log","id","rho","burst","iota_N1","iota_N2","phi_N1","phi_N2","fitness_rho","fitness_beta","fitness_psin","fitness_psiw","fitness_phin","fitness_phiw"
"4501","I+Ig","none",4501,0.31186812,5.47686503,10.975742,1.08194923,0.04517741,2411.55829,8.83995067872195,7.60326614361195,6.35025452793638,7.16062196161494,8.33004263671304,8.83532806751318
