"","cue","log","id","rho","burst","iota_N1","iota_N2","phi_N1","phi_N2","fitness_rho","fitness_beta","fitness_psin","fitness_psiw","fitness_phin","fitness_phiw"
"2866","I+Ig","none",2866,0.32295702,4.80449004,7.12532876,0.4988814,0.04152768,491.251943,8.82359373868664,5.91174462817267,5.97834452146272,5.88370282034488,8.54717620708532,8.86007582622684
