"","cue","log","id","rho","burst","iota_N1","iota_N2","phi_N1","phi_N2","fitness_rho","fitness_beta","fitness_psin","fitness_psiw","fitness_phin","fitness_phiw"
"1948","I+Ig","log10",1948,0.44713754,4.7196338,11.8836022,0.51074036,0.02813135,1150.53948,9.62633499708996,5.63577218997825,9.68601492399673,10.1795394383556,9.65727157159766,9.56155829709814
