"","cue","log","id","rho","burst","iota_N1","iota_N2","phi_N1","phi_N2","fitness_rho","fitness_beta","fitness_psin","fitness_psiw","fitness_phin","fitness_phiw"
"971","I+Ig","log10",971,0.28731287,4.6307197,23.8767229,1.95598021,0.17063507,686.518676,9.5859738633268,5.19595654197565,9.35172728147273,5.52792105892894,7.32202218098795,9.57023530999267
