"","cue","log","id","rho","burst","iota_N1","iota_N2","phi_N1","phi_N2","fitness_rho","fitness_beta","fitness_psin","fitness_psiw","fitness_phin","fitness_phiw"
"3147","I+Ig","log10",3147,0.39728021,4.01765023,11.8092804,0.67668903,0.04791898,1919.81633,9.61751657605405,2.68354240883535,9.68734673952842,10.0466465189458,9.3917003385953,9.55637625862843
