"","cue","log","id","rho","burst","iota_N1","iota_N2","phi_N1","phi_N2","fitness_rho","fitness_beta","fitness_psin","fitness_psiw","fitness_phin","fitness_phiw"
"2217","I+Ig","none",2217,0.28485663,3.74526274,37.0689918,0.78710902,0.01503525,656.686765,8.85942881620464,3.22384861274733,7.19285362862662,7.8281008726863,5.98231070621693,8.85262472460131
