"","cue","log","id","rho","burst","iota_N1","iota_N2","phi_N1","phi_N2","fitness_rho","fitness_beta","fitness_psin","fitness_psiw","fitness_phin","fitness_phiw"
"3617","I+Ig","log10",3617,0.18622371,4.6408578,75.6174637,2.12621758,0.01927119,1797.57876,9.52963440861417,5.24536466823608,7.47189057217305,5.15228838017687,9.72530398165341,9.55690413026818
