"","cue","log","id","rho","burst","iota_N1","iota_N2","phi_N1","phi_N2","fitness_rho","fitness_beta","fitness_psin","fitness_psiw","fitness_phin","fitness_phiw"
"1634","I+Ig","none",1634,0.30976076,4.01011276,16.0477414,0.66926106,0.03709449,601.910872,8.84246603921447,4.22581839290649,8.83820484270739,6.27987076202808,8.7990252203016,8.85467453553495
