"","cue","log","id","rho","burst","iota_N1","iota_N2","phi_N1","phi_N2","fitness_rho","fitness_beta","fitness_psin","fitness_psiw","fitness_phin","fitness_phiw"
"182","I+Ig","log10",182,0.24734857,4.13859013,15.1466546,0.79637284,0.02500073,105.059519,9.56805556381175,3.09973512273042,9.61560765496563,9.73197191917773,9.68654641125259,9.68158924984054
