"","cue","log","id","rho","burst","iota_N1","iota_N2","phi_N1","phi_N2","fitness_rho","fitness_beta","fitness_psin","fitness_psiw","fitness_phin","fitness_phiw"
"739","I+Ig","log10",739,0.31531566,5.50059888,3.7778584,1.15032346,0.09173227,122.368844,9.59609262874093,9.15600561549827,9.71463944662368,8.29231127309969,8.62437045118917,9.66396078431521
