"","cue","log","id","rho","burst","iota_N1","iota_N2","phi_N1","phi_N2","fitness_rho","fitness_beta","fitness_psin","fitness_psiw","fitness_phin","fitness_phiw"
"181","I+Ig","log10",181,0.42855533,5.59213647,5.57533556,0.75301863,0.05382529,1179.21215,9.6233385187469,9.37710781803714,9.73473337389603,9.8614060228201,9.29599778065287,9.56124495296804
