"","cue","log","id","rho","burst","iota_N1","iota_N2","phi_N1","phi_N2","fitness_rho","fitness_beta","fitness_psin","fitness_psiw","fitness_phin","fitness_phiw"
"2016","I+Ig","none",2016,0.40942609,6.20744119,11.7708912,1.85127826,0.06299334,1971.56579,8.45061834434667,4.43886514033744,6.51645626553766,4.89324128072575,7.58055204785954,8.83683361810598
