"","cue","log","id","rho","burst","iota_N1","iota_N2","phi_N1","phi_N2","fitness_rho","fitness_beta","fitness_psin","fitness_psiw","fitness_phin","fitness_phiw"
"1274","I+Ig","none",1274,0.37558095,4.06253626,104.61606,0.88371475,0.00698401,1926.13266,8.65700151974015,4.37816224854349,5.73698429077158,8.57977482695649,5.70483107750296,8.83702759036723
