"","cue","log","id","rho","burst","iota_N1","iota_N2","phi_N1","phi_N2","fitness_rho","fitness_beta","fitness_psin","fitness_psiw","fitness_phin","fitness_phiw"
"4636","I+Ig","none",4636,0.3756191,4.87223521,12.125835,0.52554135,0.02117614,545.602267,8.65679051040973,6.04833293057458,6.62630605479425,5.9472108835529,6.23139769175108,8.85717383157909
