"","cue","log","id","rho","burst","iota_N1","iota_N2","phi_N1","phi_N2","fitness_rho","fitness_beta","fitness_psin","fitness_psiw","fitness_phin","fitness_phiw"
"690","I+Ig","none",690,0.31330302,6.1294753,115.992983,1.72105311,0.00525219,225.349857,8.83813151237915,4.85973074638595,5.59788736242826,5.14847047729287,5.63702912317107,8.88984284339218
