"","cue","log","id","rho","burst","iota_N1","iota_N2","phi_N1","phi_N2","fitness_rho","fitness_beta","fitness_psin","fitness_psiw","fitness_phin","fitness_phiw"
"2602","I+Ig","none",2602,0.3957412,4.89177041,27.1054674,0.461616,0.01170698,137.987998,8.54363914454196,6.08864225459009,7.76821473850257,5.78933891734819,5.87343518271821,8.91223049843681
