"","cue","log","id","rho","burst","iota_N1","iota_N2","phi_N1","phi_N2","fitness_rho","fitness_beta","fitness_psin","fitness_psiw","fitness_phin","fitness_phiw"
"3776","I+Ig","log10",3776,0.25791901,4.05029717,4.68522613,0.87547392,0.21236563,263.816044,9.57325513499852,2.79206376480483,9.72731712877491,9.45860341342163,6.75788529635982,9.60393525674644
