"","cue","log","id","rho","burst","iota_N1","iota_N2","phi_N1","phi_N2","fitness_rho","fitness_beta","fitness_psin","fitness_psiw","fitness_phin","fitness_phiw"
"472","I+Ig","log10",472,0.3579236,4.76610803,20.2897898,0.52602281,0.01283166,565.847396,9.60852144500429,5.87036982249113,9.46977867938073,10.1888602285938,9.73760014640749,9.57478963304031
