"","cue","log","id","rho","burst","iota_N1","iota_N2","phi_N1","phi_N2","fitness_rho","fitness_beta","fitness_psin","fitness_psiw","fitness_phin","fitness_phiw"
"4259","I+Ig","log10",4259,0.24743675,4.63404993,6.54227865,1.60959567,0.39436077,1320.04073,9.56810270672719,5.21215941199582,9.73782364422798,6.49077023029776,5.06214234965066,9.55990296588955
