"","cue","log","id","rho","burst","iota_N1","iota_N2","phi_N1","phi_N2","fitness_rho","fitness_beta","fitness_psin","fitness_psiw","fitness_phin","fitness_phiw"
"702","I+Ig","none",702,0.33008214,6.0194381,15.0635962,2.07604349,0.08729596,759.824308,8.81014716409995,5.35067620334008,8.52351311851262,4.51819462775547,7.02434990173089,8.84952186934576
