"","cue","log","id","rho","burst","iota_N1","iota_N2","phi_N1","phi_N2","fitness_rho","fitness_beta","fitness_psin","fitness_psiw","fitness_phin","fitness_phiw"
"2713","I+Ig","log10",2713,0.31554189,5.43161832,7.40578433,1.11156522,0.06285443,280.261873,9.59616444440705,8.94896956982125,9.73670891071403,8.46495062652921,9.14203302936154,9.6007759051469
