"","cue","log","id","rho","burst","iota_N1","iota_N2","phi_N1","phi_N2","fitness_rho","fitness_beta","fitness_psin","fitness_psiw","fitness_phin","fitness_phiw"
"1442","I+Ig","none",1442,0.25729126,3.98373356,18.3658023,0.78426059,0.03951454,512.658123,8.85405759906535,4.14421648278149,8.71274998261743,7.74644035251867,8.66921095987686,8.85886697600208
