"","cue","log","id","rho","burst","iota_N1","iota_N2","phi_N1","phi_N2","fitness_rho","fitness_beta","fitness_psin","fitness_psiw","fitness_phin","fitness_phiw"
"4721","I+Ig","none",4721,0.1966837,4.49782567,15.5736731,2.03789273,0.27058717,136.840213,8.76981192209708,5.33149556663581,8.75373098941842,4.57680997127936,5.42170692463713,8.91254634944456
