"","cue","log","id","rho","burst","iota_N1","iota_N2","phi_N1","phi_N2","fitness_rho","fitness_beta","fitness_psin","fitness_psiw","fitness_phin","fitness_phiw"
"2964","I+Ig","none",2964,0.37154265,5.94994321,13.0288069,1.95282948,0.05765367,7302.28843,8.67604568229093,5.64738335705162,7.0549391268884,4.71458404070085,7.75787532187983,8.83074746788425
