"","cue","log","id","rho","burst","iota_N1","iota_N2","phi_N1","phi_N2","fitness_rho","fitness_beta","fitness_psin","fitness_psiw","fitness_phin","fitness_phiw"
"334","I+Ig","none",334,0.36118245,4.97125997,9.19224573,0.47319831,0.02632242,672.532627,8.71965227574372,6.25739332727272,6.13778922506293,5.81919545819174,6.78177703961086,8.85209070206483
