"","cue","log","id","rho","burst","iota_N1","iota_N2","phi_N1","phi_N2","fitness_rho","fitness_beta","fitness_psin","fitness_psiw","fitness_phin","fitness_phiw"
"4828","I+Ig","none",4828,0.34392865,4.61108057,12.6621418,0.61008214,0.03474526,3763.95367,8.77669705300412,5.5422884520289,6.85207771135653,6.12855468009721,8.85888921996723,8.83288326541205
