"","cue","log","id","rho","burst","iota_N1","iota_N2","phi_N1","phi_N2","fitness_rho","fitness_beta","fitness_psin","fitness_psiw","fitness_phin","fitness_phiw"
"4197","I+Ig","none",4197,0.39944388,3.97360976,3.80409556,0.66204204,0.17439897,737.760707,8.51967803795661,4.11195650151776,5.7409199974474,6.25657348579578,6.03926425981324,8.85011786775939
