"","cue","log","id","rho","burst","iota_N1","iota_N2","phi_N1","phi_N2","fitness_rho","fitness_beta","fitness_psin","fitness_psiw","fitness_phin","fitness_phiw"
"4834","I+Ig","none",4834,0.39477806,4.80715885,16.7206727,0.44028327,0.01055741,324.831423,8.54976007106336,5.91703782990855,8.85620282750676,5.73375835256156,5.83446749401288,8.87407995418905
