"","cue","log","id","rho","burst","iota_N1","iota_N2","phi_N1","phi_N2","fitness_rho","fitness_beta","fitness_psin","fitness_psiw","fitness_phin","fitness_phiw"
"29","I+Ig","none",29,0.40912076,4.58223203,13.2391891,1.79078855,0.3001994,62206.8195,8.4527834334388,5.48862587920468,7.18523176210893,5.00786503980224,5.2689213902154,8.82872531729202
