"","cue","log","id","rho","burst","iota_N1","iota_N2","phi_N1","phi_N2","fitness_rho","fitness_beta","fitness_psin","fitness_psiw","fitness_phin","fitness_phiw"
"1846","I+Ig","log10",1846,0.36469265,4.7348999,20.8419417,0.43966051,0.02668863,1239.82493,9.6102210454377,5.71242647948655,9.45230813898753,10.0553555353326,9.67137720194824,9.56062922166708
