"","cue","log","id","rho","burst","iota_N1","iota_N2","phi_N1","phi_N2","fitness_rho","fitness_beta","fitness_psin","fitness_psiw","fitness_phin","fitness_phiw"
"1245","I+Ig","log10",1245,0.39669171,3.8832835,46.0490466,0.82083952,0.01571851,5760.03871,9.61739828831963,2.26589988634667,8.51954760281695,9.65220197497834,9.73701087943292,9.55118362366166
