"","cue","log","id","rho","burst","iota_N1","iota_N2","phi_N1","phi_N2","fitness_rho","fitness_beta","fitness_psin","fitness_psiw","fitness_phin","fitness_phiw"
"4674","I+Ig","log10",4674,0.44831159,6.15642631,141.73261,1.87727701,0.00842785,2539.92711,9.62651251876751,9.19543133640132,5.80562815811913,5.72105680650827,9.71902278107827,9.55447777874199
