"","cue","log","id","rho","burst","iota_N1","iota_N2","phi_N1","phi_N2","fitness_rho","fitness_beta","fitness_psin","fitness_psiw","fitness_phin","fitness_phiw"
"4786","I+Ig","log10",4786,0.39308993,4.77465952,8.8975991,0.41554149,0.05195663,995.479858,9.61665502478715,5.913850122802,9.7273473238838,9.98127421865609,9.32679170820643,9.56356489399998
