"","cue","log","id","rho","burst","iota_N1","iota_N2","phi_N1","phi_N2","fitness_rho","fitness_beta","fitness_psin","fitness_psiw","fitness_phin","fitness_phiw"
"2752","I+Ig","none",2752,0.36287626,4.66993129,7.25721787,0.44070076,0.02429063,3382.41136,8.71304206786859,5.65242921459124,5.98741312088275,5.73484689841482,6.46277775715403,8.83337655083916
