"","cue","log","id","rho","burst","iota_N1","iota_N2","phi_N1","phi_N2","fitness_rho","fitness_beta","fitness_psin","fitness_psiw","fitness_phin","fitness_phiw"
"1626","I+Ig","none",1626,0.40487057,6.1084442,79.4094769,1.8686706,0.01174918,378.963301,8.48287734735068,4.96784646988203,6.10476880144298,4.86146190079781,5.8748414701931,8.86836676652816
