"","iter","rho","burst","iota_N1","iota_N2","phi_N1","phi_N2","max_fitness_rho","max_fitness_beta","max_fitness_psin","max_fitness_psiw","max_fitness_phin","max_fitness_phiw","id"
"570",570,0.45672273,5.98902867,5.76685522,2.00795457,0.22805283,556.966831,9.62776042970657,9.52484343435385,9.73573744842116,5.40744557686747,6.56696212167381,9.57520392907159,"I+Ig_log"
