"","cue","log","id","rho","burst","iota_N1","iota_N2","phi_N1","phi_N2","fitness_rho","fitness_beta","fitness_psin","fitness_psiw","fitness_phin","fitness_phiw"
"4672","I+Ig","log10",4672,0.38784274,4.76951512,45.376128,0.55941738,0.00488455,34.4454629,9.61554531963797,5.88768320392619,8.54523221975934,10.1909922542625,9.68242220975137,9.89900820385573
