"","cue","log","id","rho","burst","iota_N1","iota_N2","phi_N1","phi_N2","fitness_rho","fitness_beta","fitness_psin","fitness_psiw","fitness_phin","fitness_phiw"
"4861","I+Ig","none",4861,0.4467062,5.74612007,35.5213989,1.12685185,0.0253629,384.888328,8.16807241600297,8.69861136210371,7.26324450142989,6.93969330499717,6.60488352073039,8.86782592969773
