"","cue","log","id","rho","burst","iota_N1","iota_N2","phi_N1","phi_N2","fitness_rho","fitness_beta","fitness_psin","fitness_psiw","fitness_phin","fitness_phiw"
"4773","I+Ig","log10",4773,0.39552929,3.99437479,25.329287,0.82513815,0.01894725,1327.70097,9.61716426816404,2.60787731792562,9.30130308376534,9.63772083028099,9.72681109517792,9.55983541481368
