"","cue","log","id","rho","burst","iota_N1","iota_N2","phi_N1","phi_N2","fitness_rho","fitness_beta","fitness_psin","fitness_psiw","fitness_phin","fitness_phiw"
"3507","I+Ig","log10",3507,0.4594813,3.99104633,2.60186179,0.61506278,0.23724489,145.241269,9.6281592647948,2.59717129997089,9.68943399692982,10.1478452090513,6.45999907591709,9.64675914759779
