"","cue","log","id","rho","burst","iota_N1","iota_N2","phi_N1","phi_N2","fitness_rho","fitness_beta","fitness_psin","fitness_psiw","fitness_phin","fitness_phiw"
"2188","I+Ig","log10",2188,0.33172623,4.8891485,8.36227802,0.55397442,0.05030377,334.328999,9.60126047681234,6.501314127709,9.73170843790018,10.1922300117875,9.35365424435389,9.59252987928716
