"","cue","log","id","rho","burst","iota_N1","iota_N2","phi_N1","phi_N2","fitness_rho","fitness_beta","fitness_psin","fitness_psiw","fitness_phin","fitness_phiw"
"2705","I+Ig","log10",2705,0.15187847,4.53081843,47.446332,2.17254686,0.04889874,199.833274,9.49965670737,4.72075623202527,8.46636548373983,5.05891862793108,9.37617238569764,9.62097770117626
