"","cue","log","id","rho","burst","iota_N1","iota_N2","phi_N1","phi_N2","fitness_rho","fitness_beta","fitness_psin","fitness_psiw","fitness_phin","fitness_phiw"
"3055","I+Ig","log10",3055,0.34368493,5.80973338,8.97943296,0.94345808,0.03951445,1219.05104,9.60471563577068,9.62953339531586,9.72659111605383,9.19267992194207,9.51750226142298,9.56083374193959
