"","cue","log","id","rho","burst","iota_N1","iota_N2","phi_N1","phi_N2","fitness_rho","fitness_beta","fitness_psin","fitness_psiw","fitness_phin","fitness_phiw"
"4896","I+Ig","log10",4896,0.41810178,6.02260088,21.7719617,2.18970264,0.08205213,1412.57701,9.62151033333593,9.47471592749995,9.42226004577404,5.02522046294718,8.7992441256616,9.55916418712274
