"","cue","log","id","rho","burst","iota_N1","iota_N2","phi_N1","phi_N2","fitness_rho","fitness_beta","fitness_psin","fitness_psiw","fitness_phin","fitness_phiw"
"4455","I+Ig","none",4455,0.42723163,3.86764024,8.08706673,0.72391777,0.10062279,1308.6238,8.31671943015904,3.73994365314377,6.0465012986284,6.54813066759575,6.81076324056126,8.84095557879963
