"","cue","log","id","rho","burst","iota_N1","iota_N2","phi_N1","phi_N2","fitness_rho","fitness_beta","fitness_psin","fitness_psiw","fitness_phin","fitness_phiw"
"143","I+Ig","log10",143,0.1589226,4.61167078,3.73648697,1.94624829,0.4536625,297.548061,9.50642893741924,5.10368213166149,9.71392882057638,5.55108777398662,4.68515329489733,9.59782172480626
