"","cue","log","id","rho","burst","iota_N1","iota_N2","phi_N1","phi_N2","fitness_rho","fitness_beta","fitness_psin","fitness_psiw","fitness_phin","fitness_phiw"
"2660","I+Ig","none",2660,0.31211646,4.0439896,3.53262944,0.69201043,0.1309297,166.895998,8.83964999388185,4.32568591731894,5.71961431843383,6.36721687690488,6.4356236302038,8.90406456077135
