"","cue","log","id","rho","burst","iota_N1","iota_N2","phi_N1","phi_N2","fitness_rho","fitness_beta","fitness_psin","fitness_psiw","fitness_phin","fitness_phiw"
"43","I+Ig","log10",43,0.28336518,5.54303179,7.00623756,1.02710473,0.05960943,306.419521,9.58440418598859,9.26637919524213,9.7376500669531,8.8384160942153,9.19820873360202,9.59643108687252
