"","cue","log","id","rho","burst","iota_N1","iota_N2","phi_N1","phi_N2","fitness_rho","fitness_beta","fitness_psin","fitness_psiw","fitness_phin","fitness_phiw"
"3544","I+Ig","none",3544,0.40028465,4.90501848,5.17391223,0.4570311,0.03570435,147.370471,8.51408387739913,6.11623214309146,5.84319811727167,5.77743205647708,8.84817735884705,8.90959887944426
