"","cue","log","id","rho","burst","iota_N1","iota_N2","phi_N1","phi_N2","fitness_rho","fitness_beta","fitness_psin","fitness_psiw","fitness_phin","fitness_phiw"
"355","I+Ig","log10",355,0.26987102,5.60040038,5.4073133,1.13764716,0.07512384,1580.30875,9.57871503415527,9.39389649966398,9.73368847045027,8.34872821323196,8.92421797609465,9.5580439145949
