"","cue","log","id","rho","burst","iota_N1","iota_N2","phi_N1","phi_N2","fitness_rho","fitness_beta","fitness_psin","fitness_psiw","fitness_phin","fitness_phiw"
"4683","I+Ig","none",4683,0.31858405,4.05080787,4.07820166,0.79901093,0.16574113,47.0927619,8.83068233239222,4.34515340695383,5.76207964824415,8.23333828716031,6.10945811842477,8.62280591407318
