"","cue","log","id","rho","burst","iota_N1","iota_N2","phi_N1","phi_N2","fitness_rho","fitness_beta","fitness_psin","fitness_psiw","fitness_phin","fitness_phiw"
"4950","I+Ig","none",4950,0.34356923,6.17001656,4.34474606,2.1561853,0.17926969,130.750527,8.77771234577255,4.63831086138455,5.78230961823437,4.4009131091454,6.00125690589828,8.91415676465816
