"","cue","log","id","rho","burst","iota_N1","iota_N2","phi_N1","phi_N2","fitness_rho","fitness_beta","fitness_psin","fitness_psiw","fitness_phin","fitness_phiw"
"3880","I+Ig","log10",3880,0.36196634,4.99088381,138.363199,0.48692992,0.00094455,73.0857446,9.60954305829596,7.02325155898036,5.87208868792936,10.1533669887505,9.61259382473398,9.73379847144389
