"","cue","log","id","rho","burst","iota_N1","iota_N2","phi_N1","phi_N2","fitness_rho","fitness_beta","fitness_psin","fitness_psiw","fitness_phin","fitness_phiw"
"1504","I+Ig","log10",1504,0.41515972,4.75092782,1.0142252,0.43035887,0.22460151,5623.83015,9.62097325913252,5.79339065634363,9.63694436157724,10.0286470521609,6.60804337249804,9.55124502325838
