"","cue","log","id","rho","burst","iota_N1","iota_N2","phi_N1","phi_N2","fitness_rho","fitness_beta","fitness_psin","fitness_psiw","fitness_phin","fitness_phiw"
"2492","I+Ig","log10",2492,0.38496166,4.02280317,4.78062627,0.62211921,0.22941826,5557.75292,9.61492137688647,2.70048501118167,9.72833891441346,10.1388323587748,6.55084745364361,9.55127731709492
