"","cue","log","id","rho","burst","iota_N1","iota_N2","phi_N1","phi_N2","fitness_rho","fitness_beta","fitness_psin","fitness_psiw","fitness_phin","fitness_phiw"
"2210","I+Ig","log10",2210,0.28862544,4.00033384,8.82209748,0.98089855,0.08607094,543.923484,9.58648700212824,2.62711436124629,9.72802924426288,9.03701167869749,8.72658977587545,9.5758336724966
