"","cue","log","id","rho","burst","iota_N1","iota_N2","phi_N1","phi_N2","fitness_rho","fitness_beta","fitness_psin","fitness_psiw","fitness_phin","fitness_phiw"
"2164","I+Ig","log10",2164,0.35367028,4.84115074,3.1898519,0.49515126,0.12239764,49.9202833,9.60741886071239,6.25419741705455,9.7033578202342,10.1640808817392,8.08474446549246,9.80705705150458
