"","cue","log","id","rho","burst","iota_N1","iota_N2","phi_N1","phi_N2","fitness_rho","fitness_beta","fitness_psin","fitness_psiw","fitness_phin","fitness_phiw"
"2548","I+Ig","log10",2548,0.33794484,4.6150361,14.3193424,0.53367093,0.01945467,176.033321,9.60308868815269,5.11992661862692,9.63545964917012,10.1914706864795,9.72441061625072,9.63033835286247
