"","cue","log","id","rho","burst","iota_N1","iota_N2","phi_N1","phi_N2","fitness_rho","fitness_beta","fitness_psin","fitness_psiw","fitness_phin","fitness_phiw"
"2940","I+Ig","none",2940,0.53180765,6.21359831,28.6520821,1.58918539,0.01832266,1467.21335,7.67146770963805,4.40783445725178,7.65440040182327,5.44249649077336,6.0980577174369,8.83964174779276
