"","cue","log","id","rho","burst","iota_N1","iota_N2","phi_N1","phi_N2","fitness_rho","fitness_beta","fitness_psin","fitness_psiw","fitness_phin","fitness_phiw"
"1652","I+Ig","none",1652,0.39171596,3.9688252,32.1653493,0.81574106,0.03367004,609.072054,8.56871103850143,4.096525677144,7.43535542364826,8.74900913902341,8.83005602016725,8.8543873374812
