"","cue","log","id","rho","burst","iota_N1","iota_N2","phi_N1","phi_N2","fitness_rho","fitness_beta","fitness_psin","fitness_psiw","fitness_phin","fitness_phiw"
"150","I+Ig","log10",150,0.46263544,6.06049566,11.8623812,1.90703537,0.07814795,1982.09938,9.62860324820153,9.40780556512101,9.68639551381179,5.64645334607553,8.86975161252252,9.55613255618386
