"","cue","log","id","rho","burst","iota_N1","iota_N2","phi_N1","phi_N2","fitness_rho","fitness_beta","fitness_psin","fitness_psiw","fitness_phin","fitness_phiw"
"3202","I+Ig","none",3202,0.26596649,4.70437923,7.94434088,0.58048459,0.05821016,267.687852,8.85822937328131,5.71761375523027,6.03597852995426,6.06693930764033,7.73791792091659,8.88206988462015
