"","cue","log","id","rho","burst","iota_N1","iota_N2","phi_N1","phi_N2","fitness_rho","fitness_beta","fitness_psin","fitness_psiw","fitness_phin","fitness_phiw"
"4017","I+Ig","none",4017,0.27093553,3.97979587,7.46676581,0.88312363,0.07577153,1322.27236,8.85961988527814,4.1317313535032,6.00195547139845,8.58484224533618,7.25114560345188,8.84082872212788
