"","cue","log","id","rho","burst","iota_N1","iota_N2","phi_N1","phi_N2","fitness_rho","fitness_beta","fitness_psin","fitness_psiw","fitness_phin","fitness_phiw"
"4519","I+Ig","log10",4519,0.3641627,5.6074178,25.5907835,0.82601535,0.02511385,146.655376,9.61009147428029,9.40772927172532,9.29209427513626,9.63474739678234,9.68557524334975,9.64585974559845
