"","cue","log","id","rho","burst","iota_N1","iota_N2","phi_N1","phi_N2","fitness_rho","fitness_beta","fitness_psin","fitness_psiw","fitness_phin","fitness_phiw"
"1025","I+Ig","none",1025,0.19490819,4.51770049,104.83477,2.22364266,0.02405646,661.863894,8.76602336694968,5.36861922017605,5.73418644459643,4.30785472801075,6.43799976228102,8.85244744712796
