"","cue","log","id","rho","burst","iota_N1","iota_N2","phi_N1","phi_N2","fitness_rho","fitness_beta","fitness_psin","fitness_psiw","fitness_phin","fitness_phiw"
"4222","I+Ig","none",4222,0.34803467,4.79204567,83.0748048,0.45170543,0.00354906,994.793401,8.76477573067407,5.8871561951816,6.04456104271751,5.76356604856564,5.56774163069431,8.84474834276171
