"","cue","log","id","rho","burst","iota_N1","iota_N2","phi_N1","phi_N2","fitness_rho","fitness_beta","fitness_psin","fitness_psiw","fitness_phin","fitness_phiw"
"2334","I+Ig","none",2334,0.40097534,6.16958764,16.0900636,2.18724253,0.0784195,237.203643,8.50945588940089,4.64067212163264,8.84207212487783,4.35745924100698,7.19448072925705,8.887475773615
