"","cue","log","id","rho","burst","iota_N1","iota_N2","phi_N1","phi_N2","fitness_rho","fitness_beta","fitness_psin","fitness_psiw","fitness_phin","fitness_phiw"
"3852","I+Ig","log10",3852,0.38247526,6.1348609,8.92333666,2.18708338,0.1336543,341.696387,9.6143725927789,9.24795853668468,9.72711261342615,5.03033330080212,7.89618087732951,9.59160182942496
