"","cue","log","id","rho","burst","iota_N1","iota_N2","phi_N1","phi_N2","fitness_rho","fitness_beta","fitness_psin","fitness_psiw","fitness_phin","fitness_phiw"
"1041","I+Ig","none",1041,0.22496154,3.87289164,2.24217378,1.11429845,0.23443003,13801.0577,8.82043004539558,3.75994605746574,5.61377319200809,6.99894776686837,5.62727585481616,8.82967088933967
