"","cue","log","id","rho","burst","iota_N1","iota_N2","phi_N1","phi_N2","fitness_rho","fitness_beta","fitness_psin","fitness_psiw","fitness_phin","fitness_phiw"
"3392","I+Ig","none",3392,0.37716813,3.92300113,35.7519805,0.73190937,0.02784768,376.378085,8.64916133020139,3.94239349827667,7.2524423166141,6.62254158438361,7.18117416017402,8.86861062310457
