"","cue","log","id","rho","burst","iota_N1","iota_N2","phi_N1","phi_N2","fitness_rho","fitness_beta","fitness_psin","fitness_psiw","fitness_phin","fitness_phiw"
"3243","I+Ig","log10",3243,0.21730063,4.00427279,3.52937715,1.00974192,0.10758007,468.878419,9.55115305847455,2.63988385759068,9.71018382330753,8.91373385397451,8.34152790190229,9.5801259778564
