"","cue","log","id","rho","burst","iota_N1","iota_N2","phi_N1","phi_N2","fitness_rho","fitness_beta","fitness_psin","fitness_psiw","fitness_phin","fitness_phiw"
"4852","I+Ig","none",4852,0.31147297,4.74609724,57.643816,0.45312304,0.00576169,193.773206,8.84043988416086,5.797549075357,6.53889516417372,5.76726139999286,5.65728776285843,8.8969920193637
