"","cue","log","id","rho","burst","iota_N1","iota_N2","phi_N1","phi_N2","fitness_rho","fitness_beta","fitness_psin","fitness_psiw","fitness_phin","fitness_phiw"
"2112","I+Ig","log10",2112,0.37147248,6.00018348,3.24129161,1.88950272,0.30505014,406.929918,9.61185538034095,9.50918872504225,9.7044491090836,5.69017259327368,5.76868856041446,9.584836305997
