"","cue","log","id","rho","burst","iota_N1","iota_N2","phi_N1","phi_N2","fitness_rho","fitness_beta","fitness_psin","fitness_psiw","fitness_phin","fitness_phiw"
"903","I+Ig","log10",903,0.34426824,4.02089454,76.8606536,0.89437462,0.00734948,767.107578,9.60487985482619,2.69420381223805,7.4321397239376,9.38718019757983,9.7101751569413,9.56798254772795
