"","cue","log","id","rho","burst","iota_N1","iota_N2","phi_N1","phi_N2","fitness_rho","fitness_beta","fitness_psin","fitness_psiw","fitness_phin","fitness_phiw"
"615","I+Ig","none",615,0.36449266,3.94123977,7.51910272,0.82583934,0.05285987,206.58777,8.7065164841765,4.00514083941948,6.00561879078254,8.85367180813327,7.94715553540193,8.89394190990225
