"","cue","log","id","rho","burst","iota_N1","iota_N2","phi_N1","phi_N2","fitness_rho","fitness_beta","fitness_psin","fitness_psiw","fitness_phin","fitness_phiw"
"2713","I+Ig","none",2713,0.31554189,5.43161832,7.40578433,1.11156522,0.06285443,280.261873,8.83513091757009,7.44475406282418,5.99770769293495,7.01209204651247,7.58479162286576,8.88009317403069
