"","cue","log","id","rho","burst","iota_N1","iota_N2","phi_N1","phi_N2","fitness_rho","fitness_beta","fitness_psin","fitness_psiw","fitness_phin","fitness_phiw"
"1321","I+Ig","log10",1321,0.3641305,5.47046933,14.7775716,1.24713266,0.05761024,4755.83991,9.61008254318602,9.06967426630401,9.62461435108126,7.86732803571124,9.23238520766312,9.55173183040416
