"","cue","log","id","rho","burst","iota_N1","iota_N2","phi_N1","phi_N2","fitness_rho","fitness_beta","fitness_psin","fitness_psiw","fitness_phin","fitness_phiw"
"2715","I+Ig","log10",2715,0.33801795,3.79758205,20.3506185,0.74569872,0.06534507,17632.0556,9.60310993760321,2.02313848252749,9.46787050952577,9.88164587566325,9.09841372872889,9.54942914248425
