"","cue","log","id","rho","burst","iota_N1","iota_N2","phi_N1","phi_N2","fitness_rho","fitness_beta","fitness_psin","fitness_psiw","fitness_phin","fitness_phiw"
"3748","I+Ig","none",3748,0.42720167,4.81155791,6.66550957,0.42503183,0.0584348,358.469131,8.31693326838313,5.9257768545316,5.94691586021447,5.69403958960729,7.72995730508055,8.87036086507486
