"","cue","log","id","rho","burst","iota_N1","iota_N2","phi_N1","phi_N2","fitness_rho","fitness_beta","fitness_psin","fitness_psiw","fitness_phin","fitness_phiw"
"1701","I+Ig","none",1701,0.44250127,3.9411205,1004.70888,0.88370838,0.00077621,675.50221,8.19957066916975,4.00473565704853,1.56183898181971,8.57982760706751,5.45204033563509,8.85199280862528
