"","cue","log","id","rho","burst","iota_N1","iota_N2","phi_N1","phi_N2","fitness_rho","fitness_beta","fitness_psin","fitness_psiw","fitness_phin","fitness_phiw"
"98","I+Ig","none",98,0.25278307,4.06004342,63.9208811,0.67635249,0.00676,1965.95411,8.85104172318105,4.37119495182453,6.39695579116647,6.3047403565107,5.69622816128944,8.83685576620853
