"","cue","log","id","rho","burst","iota_N1","iota_N2","phi_N1","phi_N2","fitness_rho","fitness_beta","fitness_psin","fitness_psiw","fitness_phin","fitness_phiw"
"630","I+Ig","none",630,0.2920235,6.1746586,69.7869029,1.94940713,0.00881473,324.861459,8.85684325665832,4.61282053069576,6.27800321820529,4.72034458784209,5.77298083294286,8.87407570852942
