"","cue","log","id","rho","burst","iota_N1","iota_N2","phi_N1","phi_N2","fitness_rho","fitness_beta","fitness_psin","fitness_psiw","fitness_phin","fitness_phiw"
"1060","I+Ig","log10",1060,0.34197568,4.71900033,29.2515412,0.46238611,0.00770712,14816.0905,9.60423734060274,5.63259433750446,9.1597911534659,10.1103686849015,9.71331789001256,9.54958782249918
