"","cue","log","id","rho","burst","iota_N1","iota_N2","phi_N1","phi_N2","fitness_rho","fitness_beta","fitness_psin","fitness_psiw","fitness_phin","fitness_phiw"
"3013","I+Ig","log10",3013,0.34170766,5.51826371,33.5960943,1.16668889,0.01510639,372.493,9.60416135102055,9.20357163126839,8.99692493574224,8.21963158071622,9.73786164633335,9.58811874075708
