"","cue","log","id","rho","burst","iota_N1","iota_N2","phi_N1","phi_N2","fitness_rho","fitness_beta","fitness_psin","fitness_psiw","fitness_phin","fitness_phiw"
"2851","I+Ig","none",2851,0.29986744,5.56930832,13.0910783,0.92812038,0.03019268,736.504774,8.85195060185516,8.00054487802935,7.09271616479307,8.19293105758946,7.92578826645772,8.85014992592617
