"","cue","log","id","rho","burst","iota_N1","iota_N2","phi_N1","phi_N2","fitness_rho","fitness_beta","fitness_psin","fitness_psiw","fitness_phin","fitness_phiw"
"3925","I+Ig","log10",3925,0.31818548,5.61951713,21.5923266,0.95764408,0.02758482,977.131166,9.59703224737186,9.43065536728783,9.4281238500645,9.13435150715054,9.66273336624338,9.56384400968794
