"","cue","log","id","rho","burst","iota_N1","iota_N2","phi_N1","phi_N2","fitness_rho","fitness_beta","fitness_psin","fitness_psiw","fitness_phin","fitness_phiw"
"2598","I+Ig","none",2598,0.40654097,5.82738455,12.8843034,2.07395643,0.11356112,1133.76666,8.47116681094835,6.32997027166848,6.97058278177354,4.52135198951481,6.63603115751832,8.84281604237075
