"","iter","rho","burst","iota_N1","iota_N2","phi_N1","phi_N2","max_fitness_rho","max_fitness_beta","max_fitness_psin","max_fitness_psiw","max_fitness_phin","max_fitness_phiw","id"
"737",737,0.26665883,4.6435178,16.6276202,1.91547357,0.18802001,71.9701945,9.57728912046963,5.25836163195469,9.57724915656059,5.62565414945881,7.07658865110181,9.73636578692868,"I+Ig_log"
