"","cue","log","id","rho","burst","iota_N1","iota_N2","phi_N1","phi_N2","fitness_rho","fitness_beta","fitness_psin","fitness_psiw","fitness_phin","fitness_phiw"
"1456","I+Ig","none",1456,0.34311177,4.82734213,4.41373899,0.46946119,0.0599202,39.4107225,8.77895527990671,5.9572879921742,5.78749381809483,5.80960499275905,7.67884992486126,8.36389392586177
