"","cue","log","id","rho","burst","iota_N1","iota_N2","phi_N1","phi_N2","fitness_rho","fitness_beta","fitness_psin","fitness_psiw","fitness_phin","fitness_phiw"
"4661","I+Ig","log10",4661,0.1974145,4.52114372,46.3194646,2.31993594,0.05466914,209.653105,9.53792192437769,4.67594897333758,8.50924035823316,4.7837083653134,9.28195024887667,9.61771184855442
