"","cue","log","id","rho","burst","iota_N1","iota_N2","phi_N1","phi_N2","fitness_rho","fitness_beta","fitness_psin","fitness_psiw","fitness_phin","fitness_phiw"
"252","I+Ig","log10",252,0.34628005,5.96143606,20.2315426,1.88307273,0.0468092,240.971473,9.60543444785623,9.55918416922212,9.47160455224378,5.70637291678127,9.40909463126921,9.60901422703065
