"","cue","log","id","rho","burst","iota_N1","iota_N2","phi_N1","phi_N2","fitness_rho","fitness_beta","fitness_psin","fitness_psiw","fitness_phin","fitness_phiw"
"3015","I+Ig","log10",3015,0.21706536,3.83215986,24.5463082,0.90673274,0.02358438,1095.69933,9.55100645998114,2.11892513665534,9.32864339743929,9.33937423990539,9.6980679594582,9.56220380115687
