"","cue","log","id","rho","burst","iota_N1","iota_N2","phi_N1","phi_N2","fitness_rho","fitness_beta","fitness_psin","fitness_psiw","fitness_phin","fitness_phiw"
"3608","I+Ig","log10",3608,0.23926618,3.94435657,16.6830724,0.80085615,0.04887832,2060.35173,9.56383815729156,2.450016778162,9.5757471713955,9.71770236602401,9.37649802091811,9.55584747769339
