"","cue","log","id","rho","burst","iota_N1","iota_N2","phi_N1","phi_N2","fitness_rho","fitness_beta","fitness_psin","fitness_psiw","fitness_phin","fitness_phiw"
"4843","I+Ig","none",4843,0.33351641,5.54945177,24.4299979,1.00757974,0.01097258,3430.90293,8.80277581543662,7.90425277187511,7.99920172459263,7.59506081671158,5.84866155147136,8.8333082577244
