"","cue","log","id","rho","burst","iota_N1","iota_N2","phi_N1","phi_N2","fitness_rho","fitness_beta","fitness_psin","fitness_psiw","fitness_phin","fitness_phiw"
"3941","I+Ig","log10",3941,0.20711346,4.72683129,75.724452,2.02930182,0.03603507,112.748081,9.54460099555934,5.67180096360236,7.46845145751447,5.35949377756322,9.5647514768316,9.67313952219343
