"","cue","log","id","rho","burst","iota_N1","iota_N2","phi_N1","phi_N2","fitness_rho","fitness_beta","fitness_psin","fitness_psiw","fitness_phin","fitness_phiw"
"4250","I+Ig","none",4250,0.40256935,3.92725637,16.7491747,0.65077336,0.05613521,162.475095,8.49867482998901,3.95720354838984,8.8553792685008,6.22381517281187,7.81434692457873,8.90530288601206
