"","cue","log","id","rho","burst","iota_N1","iota_N2","phi_N1","phi_N2","fitness_rho","fitness_beta","fitness_psin","fitness_psiw","fitness_phin","fitness_phiw"
"2941","I+Ig","none",2941,0.32822437,5.49327685,32.8842948,1.00846379,0.01149898,4319.56392,8.81388278303922,7.66548464931414,7.39589779068241,7.58926789852187,5.86645117625059,8.83231907049419
