"","cue","log","id","rho","burst","iota_N1","iota_N2","phi_N1","phi_N2","fitness_rho","fitness_beta","fitness_psin","fitness_psiw","fitness_phin","fitness_phiw"
"2463","I+Ig","none",2463,0.45634254,3.98841554,115.259761,0.81688972,0.007252,944.51635,8.09808668129017,4.15895302291256,5.60648241312953,8.76737594020052,5.71503837819354,8.84557596543857
