"","cue","log","id","rho","burst","iota_N1","iota_N2","phi_N1","phi_N2","fitness_rho","fitness_beta","fitness_psin","fitness_psiw","fitness_phin","fitness_phiw"
"2867","I+Ig","log10",2867,0.24220514,4.50947907,28.2071694,1.82983697,0.11815946,383.062052,9.56539837221197,4.62221444966293,9.19811115977575,5.84416175820707,8.15726246635939,9.58705045185213
