"","cue","log","id","rho","burst","iota_N1","iota_N2","phi_N1","phi_N2","fitness_rho","fitness_beta","fitness_psin","fitness_psiw","fitness_phin","fitness_phiw"
"680","I+Ig","log10",680,0.28270292,3.9498615,31.6645666,0.81924055,0.01932944,756.2844,9.58413259302863,2.46707698380288,9.06991103683673,9.65755448434515,9.72502334456163,9.56825638578837
