"","cue","log","id","rho","burst","iota_N1","iota_N2","phi_N1","phi_N2","fitness_rho","fitness_beta","fitness_psin","fitness_psiw","fitness_phin","fitness_phiw"
"685","I+Ig","log10",685,0.26733623,5.56364834,36.0329239,0.95522334,0.00886301,266.879017,9.57759154027145,9.31513089408203,8.90396438175229,9.14436408890117,9.722070382792,9.6033149556485
