"","cue","log","id","rho","burst","iota_N1","iota_N2","phi_N1","phi_N2","fitness_rho","fitness_beta","fitness_psin","fitness_psiw","fitness_phin","fitness_phiw"
"2438","I+Ig","log10",2438,0.33610372,3.97380829,18.8071807,0.84175387,0.06151631,5697.59959,9.60255455813834,2.54219056349504,9.51517791119586,9.58049299885171,9.16529582566091,9.55120995781873
