"","cue","log","id","rho","burst","iota_N1","iota_N2","phi_N1","phi_N2","fitness_rho","fitness_beta","fitness_psin","fitness_psiw","fitness_phin","fitness_phiw"
"1974","I+Ig","none",1974,0.42600057,6.17728843,22.5928766,1.83787502,0.04529419,2750.96923,8.32614424832319,4.59842467337876,8.18886845484188,4.9180852757399,8.32341774530262,8.83449105091549
