"","cue","log","id","rho","burst","iota_N1","iota_N2","phi_N1","phi_N2","fitness_rho","fitness_beta","fitness_psin","fitness_psiw","fitness_phin","fitness_phiw"
"214","I+Ig","log10",214,0.42468531,4.99674811,56.0223422,0.45364796,0.00445813,203.397773,9.62267279425509,7.05307014269792,8.14622939140516,10.090954723739,9.6764644969141,9.61975663318744
