"","cue","log","id","rho","burst","iota_N1","iota_N2","phi_N1","phi_N2","fitness_rho","fitness_beta","fitness_psin","fitness_psiw","fitness_phin","fitness_phiw"
"3601","I+Ig","log10",3601,0.31293037,5.5152337,93.3631461,1.18228202,0.00819902,495.872408,9.59529770462975,9.19557207627944,6.93873840922112,8.15060974476494,9.71730179567238,9.57843422584065
