"","cue","log","id","rho","burst","iota_N1","iota_N2","phi_N1","phi_N2","fitness_rho","fitness_beta","fitness_psin","fitness_psiw","fitness_phin","fitness_phiw"
"4970","I+Ig","log10",4970,0.41106926,3.90546959,13.6626101,0.68209758,0.083287,767.85199,9.6202130514776,2.33169815931315,9.65031694603872,10.0355306510439,8.7769206940257,9.56796434354293
