"","cue","log","id","rho","burst","iota_N1","iota_N2","phi_N1","phi_N2","fitness_rho","fitness_beta","fitness_psin","fitness_psiw","fitness_phin","fitness_phiw"
"1132","I+Ig","none",1132,0.33755904,4.70363708,17.5804537,0.50534276,0.01123265,51.668261,8.79332982295801,5.71620278690986,8.79908709977316,5.89944304536098,5.85748297522108,8.72326559785019
