"","cue","log","id","rho","burst","iota_N1","iota_N2","phi_N1","phi_N2","fitness_rho","fitness_beta","fitness_psin","fitness_psiw","fitness_phin","fitness_phiw"
"3650","I+Ig","none",3650,0.30776806,3.96361349,38.9056925,0.73799826,0.01768875,3191.71594,8.84468582682282,4.07957719933492,7.11518844113268,6.6938607217584,6.07365265231336,8.83366663294689
