"","cue","log","id","rho","burst","iota_N1","iota_N2","phi_N1","phi_N2","fitness_rho","fitness_beta","fitness_psin","fitness_psiw","fitness_phin","fitness_phiw"
"3030","I+Ig","none",3030,0.32166841,6.09066239,15.5438695,2.3817438,0.10265317,323.591562,8.82577119250809,5.05349737791212,8.74515311140255,4.10751817048988,6.78153417384525,8.87422987940302
