"","cue","log","id","rho","burst","iota_N1","iota_N2","phi_N1","phi_N2","fitness_rho","fitness_beta","fitness_psin","fitness_psiw","fitness_phin","fitness_phiw"
"4670","I+Ig","none",4670,0.28577162,4.06199435,61.4345713,0.80663025,0.00969433,104.811215,8.85919784344234,4.37664924206953,6.45115424137739,8.51941865947343,5.80442040974001,8.91824872992438
