"","cue","log","id","rho","burst","iota_N1","iota_N2","phi_N1","phi_N2","fitness_rho","fitness_beta","fitness_psin","fitness_psiw","fitness_phin","fitness_phiw"
"4640","I+Ig","none",4640,0.26905558,4.16893951,10.8740852,0.71299976,0.04159422,230.597061,8.85918069995039,4.65312683977501,6.33438475433957,6.4723957138376,8.54311096079868,8.88877381876237
