"","cue","log","id","rho","burst","iota_N1","iota_N2","phi_N1","phi_N2","fitness_rho","fitness_beta","fitness_psin","fitness_psiw","fitness_phin","fitness_phiw"
"4314","I+Ig","none",4314,0.34139482,6.30125051,86.585652,1.89750049,0.01113857,708.084886,8.78358934011732,4.02528244817015,5.98940137831516,4.8098861786093,5.85429651180899,8.85097198988845
