"","cue","log","id","rho","burst","iota_N1","iota_N2","phi_N1","phi_N2","fitness_rho","fitness_beta","fitness_psin","fitness_psiw","fitness_phin","fitness_phiw"
"2452","I+Ig","log10",2452,0.33614561,4.79692328,9.802705,0.54357549,0.02526342,37.3333788,9.60256626260868,6.02741119211175,9.71768694878994,10.1929286924971,9.68428256904042,9.87727877473555
