"","cue","log","id","rho","burst","iota_N1","iota_N2","phi_N1","phi_N2","fitness_rho","fitness_beta","fitness_psin","fitness_psiw","fitness_phin","fitness_phiw"
"2622","I+Ig","log10",2622,0.31486621,5.92607549,82.8088791,2.09926142,0.01024974,232.282263,9.59594320738482,9.59377266686344,7.24703458200986,5.20825760785451,9.7299152738299,9.61119969373833
