"","cue","log","id","rho","burst","iota_N1","iota_N2","phi_N1","phi_N2","fitness_rho","fitness_beta","fitness_psin","fitness_psiw","fitness_phin","fitness_phiw"
"2846","I+Ig","none",2846,0.30730279,4.03305521,10.5200563,0.69460602,0.06995167,1324.47123,8.84518700285342,4.29403440160203,6.28441817159746,6.37865474896931,7.38800944209168,8.84080961558374
