"","cue","log","id","rho","burst","iota_N1","iota_N2","phi_N1","phi_N2","fitness_rho","fitness_beta","fitness_psin","fitness_psiw","fitness_phin","fitness_phiw"
"4392","I+Ig","none",4392,0.33670088,5.9808342,39.1509429,1.89486498,0.02499178,299.96118,8.79542841760317,5.5063963032053,7.10525049994227,4.81454515910165,6.54991046808407,8.87726086245355
