"","cue","log","id","rho","burst","iota_N1","iota_N2","phi_N1","phi_N2","fitness_rho","fitness_beta","fitness_psin","fitness_psiw","fitness_phin","fitness_phiw"
"3005","I+Ig","log10",3005,0.4596867,4.47740003,3.45537197,1.82610428,1.86076146,672.798153,9.62818747761043,4.47617612206715,9.70877103163091,5.85406748171659,1.82175371499107,9.57067164030627
