"","cue","log","id","rho","burst","iota_N1","iota_N2","phi_N1","phi_N2","fitness_rho","fitness_beta","fitness_psin","fitness_psiw","fitness_phin","fitness_phiw"
"3443","I+Ig","log10",3443,0.39483904,4.5025167,85.0196718,1.83281032,0.04522211,601.498015,9.61701789516947,4.59030284008183,7.18035459795782,5.83628758185176,9.43359909877546,9.57325840935432
