"","cue","log","id","rho","burst","iota_N1","iota_N2","phi_N1","phi_N2","fitness_rho","fitness_beta","fitness_psin","fitness_psiw","fitness_phin","fitness_phiw"
"4265","I+Ig","none",4265,0.20639138,4.65101581,31.9132655,1.98761527,0.07126386,1200.43159,8.78928345235373,5.61688898350113,7.44956798733321,4.65701341889812,7.35549018550711,8.8420450643967
