"","cue","log","id","rho","burst","iota_N1","iota_N2","phi_N1","phi_N2","fitness_rho","fitness_beta","fitness_psin","fitness_psiw","fitness_phin","fitness_phiw"
"897","I+Ig","none",897,0.28422007,3.92401532,11.4363374,1.02705293,0.06213599,156.479065,8.85957481953123,3.94593475292579,6.43539607392684,7.4712977410064,7.60703844145279,8.90699524320315
