"","cue","log","id","rho","burst","iota_N1","iota_N2","phi_N1","phi_N2","fitness_rho","fitness_beta","fitness_psin","fitness_psiw","fitness_phin","fitness_phiw"
"789","I+Ig","log10",789,0.46482026,3.98591581,15.5876264,0.60862898,0.06522928,105.892741,9.62890956693872,2.58072797257342,9.60454858695796,10.1554215613084,9.10044854912626,9.68062129308904
