"","cue","log","id","rho","burst","iota_N1","iota_N2","phi_N1","phi_N2","fitness_rho","fitness_beta","fitness_psin","fitness_psiw","fitness_phin","fitness_phiw"
"2461","I+Ig","none",2461,0.26997252,5.48334679,1.3983338,1.13522617,0.31442184,277.695171,8.85940982939234,7.62749027642724,5.54141294982665,6.90113969807267,5.19950190708902,8.88048672281758
