"","cue","log","id","rho","burst","iota_N1","iota_N2","phi_N1","phi_N2","fitness_rho","fitness_beta","fitness_psin","fitness_psiw","fitness_phin","fitness_phiw"
"4809","I+Ig","log10",4809,0.37646293,3.98952748,43.1332434,0.56161875,0.01503473,2058.12184,9.6130190378498,2.59229496899097,8.63112020692375,10.1903233082073,9.73793787091743,9.55585335842778
