"","cue","log","id","rho","burst","iota_N1","iota_N2","phi_N1","phi_N2","fitness_rho","fitness_beta","fitness_psin","fitness_psiw","fitness_phin","fitness_phiw"
"2764","I+Ig","log10",2764,0.36477741,4.64816807,69.7505055,0.47712837,0.00656681,15.5643567,9.61024043188361,5.2811151018136,7.66445677964058,10.138209948901,9.70254346341702,10.1555689176796
