"","cue","log","id","rho","burst","iota_N1","iota_N2","phi_N1","phi_N2","fitness_rho","fitness_beta","fitness_psin","fitness_psiw","fitness_phin","fitness_phiw"
"3655","I+Ig","log10",3655,0.36002226,5.48543738,17.0894314,1.09015343,0.04583713,28643.1104,9.60905503835486,9.11337089986932,9.56461496013238,8.5602958044149,9.42415491571497,9.54909999780924
