"","cue","log","id","rho","burst","iota_N1","iota_N2","phi_N1","phi_N2","fitness_rho","fitness_beta","fitness_psin","fitness_psiw","fitness_phin","fitness_phiw"
"1060","I+Ig","none",1060,0.34197568,4.71900033,29.2515412,0.46238611,0.00770712,14816.0905,8.78204429992793,5.74549129155784,7.61347661177791,5.79133387770086,5.73220977040937,8.82958808741558
