"","cue","log","id","rho","burst","iota_N1","iota_N2","phi_N1","phi_N2","fitness_rho","fitness_beta","fitness_psin","fitness_psiw","fitness_phin","fitness_phiw"
"2255","I+Ig","log10",2255,0.14801142,4.54592352,26.6692232,2.56784632,0.07189892,6994.75301,9.49578390011937,4.79117003031338,9.25374415852595,4.38422213469442,8.98206267082563,9.55072193271252
