"","cue","log","id","rho","burst","iota_N1","iota_N2","phi_N1","phi_N2","fitness_rho","fitness_beta","fitness_psin","fitness_psiw","fitness_phin","fitness_phiw"
"876","I+Ig","log10",876,0.40977372,6.00861437,30.0738362,1.90062437,0.035762,438.055357,9.61996860689388,9.49669551987087,9.12935731190644,5.66235909098306,9.56831338325676,9.58230579998237
