"","cue","log","id","rho","burst","iota_N1","iota_N2","phi_N1","phi_N2","fitness_rho","fitness_beta","fitness_psin","fitness_psiw","fitness_phin","fitness_phiw"
"674","I+Ig","none",674,0.2505995,4.08744398,19.1121528,0.9031258,0.03198126,97.9358292,8.8493822504529,4.44634321240145,8.61886005116121,8.41000000269436,8.59265313913406,8.91749977842399
