"","cue","log","id","rho","burst","iota_N1","iota_N2","phi_N1","phi_N2","fitness_rho","fitness_beta","fitness_psin","fitness_psiw","fitness_phin","fitness_phiw"
"4033","I+Ig","log10",4033,0.32949244,5.54038339,6.78517824,1.04242944,0.11284472,3598.04126,9.60058588052944,9.25988157057355,9.73786034759859,8.77137774250665,8.24927707099173,9.55274518334995
