"","cue","log","id","rho","burst","iota_N1","iota_N2","phi_N1","phi_N2","fitness_rho","fitness_beta","fitness_psin","fitness_psiw","fitness_phin","fitness_phiw"
"2930","I+Ig","none",2930,0.41927525,3.96618893,11.0642587,0.70894966,0.09420614,606.925527,8.37764099082124,4.08796840553117,6.36478856218602,6.4492276199235,6.90845547477784,8.85447305090337
