"","cue","log","id","rho","burst","iota_N1","iota_N2","phi_N1","phi_N2","fitness_rho","fitness_beta","fitness_psin","fitness_psiw","fitness_phin","fitness_phiw"
"688","I+Ig","log10",688,0.35575669,4.7522307,88.371687,0.45418519,0.00339899,30.4315008,9.60796423403992,5.79998839563043,7.08139389586956,10.0922088435991,9.66006494742424,9.9343206198858
