"","cue","log","id","rho","burst","iota_N1","iota_N2","phi_N1","phi_N2","fitness_rho","fitness_beta","fitness_psin","fitness_psiw","fitness_phin","fitness_phiw"
"1561","I+Ig","log10",1561,0.36196607,5.48849712,19.2306749,1.16736382,0.03397163,296.370879,9.60954293334803,9.12210713532277,9.50244692355324,8.21663881518987,9.59108589585657,9.59801255346713
