"","cue","log","id","rho","burst","iota_N1","iota_N2","phi_N1","phi_N2","fitness_rho","fitness_beta","fitness_psin","fitness_psiw","fitness_phin","fitness_phiw"
"3706","I+Ig","none",3706,0.39885486,4.9166047,16.7628309,0.5439895,0.01691502,1689.22565,8.52353627523286,6.14053368619419,8.85495231301426,5.9889055795001,6.04560807495621,8.8382029791809
