"","cue","log","id","rho","burst","iota_N1","iota_N2","phi_N1","phi_N2","fitness_rho","fitness_beta","fitness_psin","fitness_psiw","fitness_phin","fitness_phiw"
"354","I+Ig","none",354,0.29130654,6.01430364,16.7746774,1.75967341,0.06312331,350.530358,8.85718075726825,5.37066606459861,8.85456280156996,5.06943335653768,7.57659495057209,8.87118359293902
