"","cue","log","id","rho","burst","iota_N1","iota_N2","phi_N1","phi_N2","fitness_rho","fitness_beta","fitness_psin","fitness_psiw","fitness_phin","fitness_phiw"
"2368","I+Ig","log10",2368,0.41862779,4.74397282,8.52883504,0.489094,0.04265521,974.724244,9.62160299479383,5.75821488968987,9.73046268307084,10.1563638888475,9.47220838075372,9.5638816068129
