"","cue","log","id","rho","burst","iota_N1","iota_N2","phi_N1","phi_N2","fitness_rho","fitness_beta","fitness_psin","fitness_psiw","fitness_phin","fitness_phiw"
"1783","I+Ig","log10",1783,0.403526,5.69724175,1.48922473,0.74273229,0.18359076,562.016321,9.61876708508071,9.54935302098923,9.65508982884459,9.88970701581141,7.13766474595783,9.57496670341622
