"","cue","log","id","rho","burst","iota_N1","iota_N2","phi_N1","phi_N2","fitness_rho","fitness_beta","fitness_psin","fitness_psiw","fitness_phin","fitness_phiw"
"4945","I+Ig","log10",4945,0.35872841,5.38076581,2.80229699,0.8879186,0.19606092,1388.65178,9.60872831307,8.77574648575015,9.69448879719046,9.41181364627715,6.96819045836988,9.55934453431089
