"","cue","log","id","rho","burst","iota_N1","iota_N2","phi_N1","phi_N2","fitness_rho","fitness_beta","fitness_psin","fitness_psiw","fitness_phin","fitness_phiw"
"3362","I+Ig","log10",3362,0.36994167,3.9913721,9.50257449,0.90883927,0.09456536,2086.8257,9.61149134935447,2.59821765206306,9.72119622786516,9.33114552032656,8.57337362394511,9.5557529577817
