"","cue","log","id","rho","burst","iota_N1","iota_N2","phi_N1","phi_N2","fitness_rho","fitness_beta","fitness_psin","fitness_psiw","fitness_phin","fitness_phiw"
"2692","I+Ig","log10",2692,0.37311883,4.77674918,6.28126913,0.4592141,0.03176085,830.345074,9.61224254940709,5.92448867151268,9.73746368141189,10.103568241481,9.61769866849565,9.56651861913211
