"","cue","log","id","rho","burst","iota_N1","iota_N2","phi_N1","phi_N2","fitness_rho","fitness_beta","fitness_psin","fitness_psiw","fitness_phin","fitness_phiw"
"2010","I+Ig","log10",2010,0.45275279,6.05694571,36.6167924,2.06473114,0.03360973,497.450954,9.62718120955168,9.41451877216542,8.88158810243951,5.28179597559026,9.59555900758679,9.57834118517175
