"","cue","log","id","rho","burst","iota_N1","iota_N2","phi_N1","phi_N2","fitness_rho","fitness_beta","fitness_psin","fitness_psiw","fitness_phin","fitness_phiw"
"2752","I+Ig","log10",2752,0.36287626,4.66993129,7.25721787,0.44070076,0.02429063,3382.41136,9.60977120483807,5.38813864618435,9.73714081117554,10.0581943028414,9.6924655536353,9.55301130276179
