"","cue","log","id","rho","burst","iota_N1","iota_N2","phi_N1","phi_N2","fitness_rho","fitness_beta","fitness_psin","fitness_psiw","fitness_phin","fitness_phiw"
"57","I+Ig","log10",57,0.29337658,3.92570037,12.7494584,0.68378413,0.03888775,676.177749,9.58831779669222,2.3927756343866,9.66952215793286,10.0319946679162,9.52625399149307,9.57056433968723
