"","cue","log","id","rho","burst","iota_N1","iota_N2","phi_N1","phi_N2","fitness_rho","fitness_beta","fitness_psin","fitness_psiw","fitness_phin","fitness_phiw"
"679","I+Ig","none",679,0.40167902,5.50072991,17.7859579,0.9568951,0.04976266,134.271598,8.50472895394755,7.69472905773107,8.77852671972388,7.95832065038031,8.08856746729728,8.91324402484509
