"","cue","log","id","rho","burst","iota_N1","iota_N2","phi_N1","phi_N2","fitness_rho","fitness_beta","fitness_psin","fitness_psiw","fitness_phin","fitness_phiw"
"3501","I+Ig","log10",3501,0.44397764,3.98480733,28.1154463,0.72986757,0.02563031,113.035048,9.62584774573103,2.57718203436609,9.20145925948933,9.92371567316072,9.6810616320434,9.67284604245046
