"","cue","log","id","rho","burst","iota_N1","iota_N2","phi_N1","phi_N2","fitness_rho","fitness_beta","fitness_psin","fitness_psiw","fitness_phin","fitness_phiw"
"3283","I+Ig","none",3283,0.33399532,5.4915448,30.7722607,1.09013543,0.02410343,238.514375,8.80170331772912,7.65877774435159,7.51656298807045,7.11839652735051,6.44281939404969,8.88722327396284
