"","cue","log","id","rho","burst","iota_N1","iota_N2","phi_N1","phi_N2","fitness_rho","fitness_beta","fitness_psin","fitness_psiw","fitness_phin","fitness_phiw"
"3681","I+Ig","none",3681,0.46394774,4.09351779,20.5681613,0.80127198,0.03268652,655.357033,8.045350466403,4.46258849758628,8.43052325524054,8.32089564819043,8.73463976992255,8.85267087097945
