"","cue","log","id","rho","burst","iota_N1","iota_N2","phi_N1","phi_N2","fitness_rho","fitness_beta","fitness_psin","fitness_psiw","fitness_phin","fitness_phiw"
"4116","I+Ig","none",4116,0.46298612,6.23123928,6.49100773,1.60848087,0.18068735,483.647389,8.05187590103497,4.32219305554688,5.9349944037721,5.39695552087833,5.99038422344538,8.86052950277284
