"","cue","log","id","rho","burst","iota_N1","iota_N2","phi_N1","phi_N2","fitness_rho","fitness_beta","fitness_psin","fitness_psiw","fitness_phin","fitness_phiw"
"1651","I+Ig","log10",1651,0.29899252,5.52542629,99.7839683,1.04621859,0.00679749,5540.29222,9.59041008335565,9.22220318549445,6.76321067031275,8.75474049648999,9.70490446395377,9.55128529828033
