"","iter","rho","burst","iota_N1","iota_N2","phi_N1","phi_N2","max_fitness_rho","max_fitness_beta","max_fitness_psin","max_fitness_psiw","max_fitness_phin","max_fitness_phiw","id"
"707",707,0.2500301,4.63253691,16.681723,2.25177867,0.14821071,943.367994,9.56940968419995,5.20479986990368,9.57578201836756,4.90704553961958,7.66169114204849,9.56438795176433,"I+Ig_log"
