"","cue","log","id","rho","burst","iota_N1","iota_N2","phi_N1","phi_N2","fitness_rho","fitness_beta","fitness_psin","fitness_psiw","fitness_phin","fitness_phiw"
"3002","I+Ig","log10",3002,0.2487586,3.94395144,2.14029092,0.96220746,0.3970218,357.845379,9.56877121608988,2.44876426212066,9.67651125305881,9.1154136424655,5.04385178376051,9.58970346476247
