"","cue","log","id","rho","burst","iota_N1","iota_N2","phi_N1","phi_N2","fitness_rho","fitness_beta","fitness_psin","fitness_psiw","fitness_phin","fitness_phiw"
"2530","I+Ig","log10",2530,0.41796056,4.83737941,14.0048754,0.48099227,0.02597668,857.903208,9.62148375432239,6.2348085631081,9.64267801598504,10.1445012692382,9.67795320586382,9.56594756448744
