"","cue","log","id","rho","burst","iota_N1","iota_N2","phi_N1","phi_N2","fitness_rho","fitness_beta","fitness_psin","fitness_psiw","fitness_phin","fitness_phiw"
"1301","I+Ig","log10",1301,0.21812976,4.54966225,26.6958989,2.12145769,0.09748116,4678.71016,9.55166420998521,4.80868136840643,9.25278888734727,5.16207987749097,8.52104652650181,9.55178432908917
