"","cue","log","id","rho","burst","iota_N1","iota_N2","phi_N1","phi_N2","fitness_rho","fitness_beta","fitness_psin","fitness_psiw","fitness_phin","fitness_phiw"
"1859","I+Ig","none",1859,0.20941796,4.47140211,48.7034888,2.08237838,0.06201433,3319.37264,8.7949147751671,5.28188438481736,6.77688476628903,4.50864238560573,7.61085323348469,8.83346913178759
