"","cue","log","id","rho","burst","iota_N1","iota_N2","phi_N1","phi_N2","fitness_rho","fitness_beta","fitness_psin","fitness_psiw","fitness_phin","fitness_phiw"
"2793","I+Ig","log10",2793,0.34797035,3.99185023,3.2416032,0.84264886,0.12100177,696.289676,9.60589603327339,2.59975452114749,9.70445648963996,9.57735603885781,8.10854168208694,9.56993557711405
