"","cue","log","id","rho","burst","iota_N1","iota_N2","phi_N1","phi_N2","fitness_rho","fitness_beta","fitness_psin","fitness_psiw","fitness_phin","fitness_phiw"
"3875","I+Ig","none",3875,0.21956883,4.73876163,320.07405,1.99204631,0.00558221,504.447319,8.81223078069486,5.78340474193021,3.96411042450791,4.64980362106516,5.65017687093833,8.85932166157375
