"","cue","log","id","rho","burst","iota_N1","iota_N2","phi_N1","phi_N2","fitness_rho","fitness_beta","fitness_psin","fitness_psiw","fitness_phin","fitness_phiw"
"4443","I+Ig","none",4443,0.45703103,3.91466394,1.96879435,0.76286261,0.3822659,205.771834,8.09323412372672,3.91307238215698,5.59053120535482,7.16339637464009,4.89558633222376,8.89412756997628
