"","cue","log","id","rho","burst","iota_N1","iota_N2","phi_N1","phi_N2","fitness_rho","fitness_beta","fitness_psin","fitness_psiw","fitness_phin","fitness_phiw"
"3556","I+Ig","none",3556,0.37807986,4.91116939,20.4058865,0.45729553,0.01368472,1296.00929,8.64457039721345,6.12911557112823,8.45119592601255,5.77812000700672,5.93842809741676,8.84107262899642
