"","cue","log","id","rho","burst","iota_N1","iota_N2","phi_N1","phi_N2","fitness_rho","fitness_beta","fitness_psin","fitness_psiw","fitness_phin","fitness_phiw"
"408","I+Ig","none",408,0.30468652,5.92300681,54.7298941,1.73555892,0.0139494,656.151271,8.84780098290532,5.77661634719018,6.61114190354711,5.11843392374209,5.94701461522037,8.85264451247699
