"","cue","log","id","rho","burst","iota_N1","iota_N2","phi_N1","phi_N2","fitness_rho","fitness_beta","fitness_psin","fitness_psiw","fitness_phin","fitness_phiw"
"3434","I+Ig","log10",3434,0.4583882,3.91420604,56.3154904,0.69977632,0.01910674,821.203989,9.62800201384164,2.35794623677446,8.13551248837027,9.99692717871043,9.72607939817455,9.56671744605679
