"","cue","log","id","rho","burst","iota_N1","iota_N2","phi_N1","phi_N2","fitness_rho","fitness_beta","fitness_psin","fitness_psiw","fitness_phin","fitness_phiw"
"2343","I+Ig","log10",2343,0.27359345,3.95013698,28.5904502,0.84092387,0.01932075,1512.34981,9.58033247203558,2.46793070172717,9.18409808253937,9.5833987293914,9.72506697484836,9.55846991950353
