"","cue","log","id","rho","burst","iota_N1","iota_N2","phi_N1","phi_N2","fitness_rho","fitness_beta","fitness_psin","fitness_psiw","fitness_phin","fitness_phiw"
"3832","I+Ig","none",3832,0.36634304,4.89694443,11.6459293,0.44177562,0.03279707,872.691975,8.69889649814733,6.09939380168102,6.48387066018531,5.73765847657307,8.75028677356795,8.84692149274142
