"","cue","log","id","rho","burst","iota_N1","iota_N2","phi_N1","phi_N2","fitness_rho","fitness_beta","fitness_psin","fitness_psiw","fitness_phin","fitness_phiw"
"578","I+Ig","none",578,0.28637466,4.06992304,13.7080848,0.8243535,0.03882608,2084.86279,8.8590279299744,4.39864997531239,7.48671354036574,8.845033300268,8.70925036667045,8.83638529760374
