"","cue","log","id","rho","burst","iota_N1","iota_N2","phi_N1","phi_N2","fitness_rho","fitness_beta","fitness_psin","fitness_psiw","fitness_phin","fitness_phiw"
"2848","I+Ig","none",2848,0.35785377,4.60304944,9.69891463,0.54960015,0.06029669,732.623285,8.73212058563942,5.52733418323455,6.1879703692676,6.00124478362475,7.66628905379358,8.85025771125945
