"","iter","rho","burst","iota_N1","iota_N2","phi_N1","phi_N2","max_fitness_rho","max_fitness_beta","max_fitness_psin","max_fitness_psiw","max_fitness_phin","max_fitness_phiw","id"
"694",694,0.31941466,4.80063408,5.58938158,0.43354381,0.01527607,216.338591,9.59743216834919,6.04638567260621,9.73481517129298,10.0380599949527,9.73766309218995,9.6156528872586,"I+Ig_log"
