"","cue","log","id","rho","burst","iota_N1","iota_N2","phi_N1","phi_N2","fitness_rho","fitness_beta","fitness_psin","fitness_psiw","fitness_phin","fitness_phiw"
"2737","I+Ig","none",2737,0.31253276,5.63641107,16.5086821,0.99426476,0.03378509,340.588933,8.83911785430977,8.3838263162869,8.85898731055231,7.68447092002151,8.83606216541997,8.87226212491551
