"","cue","log","id","rho","burst","iota_N1","iota_N2","phi_N1","phi_N2","fitness_rho","fitness_beta","fitness_psin","fitness_psiw","fitness_phin","fitness_phiw"
"1028","I+Ig","log10",1028,0.2645712,4.00602322,31.2251339,0.98076832,0.01930668,2398.82039,9.57634809752534,2.64556522334387,9.08639760382277,9.03756237719947,9.7251340930189,9.55482349531256
