"","cue","log","id","rho","burst","iota_N1","iota_N2","phi_N1","phi_N2","fitness_rho","fitness_beta","fitness_psin","fitness_psiw","fitness_phin","fitness_phiw"
"1553","I+Ig","log10",1553,0.23446909,4.5380712,7.96138754,1.64279447,0.31632881,2999.89005,9.56122429396806,4.75450533888308,9.73425731094622,6.38472563902309,5.6682349034218,9.55357499340822
