"","cue","log","id","rho","burst","iota_N1","iota_N2","phi_N1","phi_N2","fitness_rho","fitness_beta","fitness_psin","fitness_psiw","fitness_phin","fitness_phiw"
"3894","I+Ig","log10",3894,0.41167516,5.93252311,9.84284444,2.09967503,0.09969511,611.195693,9.62032884638641,9.58826934869004,9.71719423959421,5.20738771756046,8.48144313816509,9.57286992454434
