"","cue","log","id","rho","burst","iota_N1","iota_N2","phi_N1","phi_N2","fitness_rho","fitness_beta","fitness_psin","fitness_psiw","fitness_phin","fitness_phiw"
"444","I+Ig","log10",444,0.65236238,6.06412583,10.814282,1.74865768,0.16873807,7923.93595,9.64497372940811,9.40084765272941,9.7038100686359,6.06744705090838,7.34974124736066,9.5504716109106
