"","cue","log","id","rho","burst","iota_N1","iota_N2","phi_N1","phi_N2","fitness_rho","fitness_beta","fitness_psin","fitness_psiw","fitness_phin","fitness_phiw"
"339","I+Ig","log10",339,0.30562659,4.02586316,13.8249143,0.72745577,0.06336827,161.538366,9.59278642703011,2.71057972913498,9.64672151849713,9.92991737576659,9.13306758493766,9.63732634773583
