"","cue","log","id","rho","burst","iota_N1","iota_N2","phi_N1","phi_N2","fitness_rho","fitness_beta","fitness_psin","fitness_psiw","fitness_phin","fitness_phiw"
"3925","I+Ig","none",3925,0.31818548,5.61951713,21.5923266,0.95764408,0.02758482,977.131166,8.83130336890381,8.27870692911029,8.30417877197133,7.95248260306858,7.10375293964845,8.84502782838503
