"","cue","log","id","rho","burst","iota_N1","iota_N2","phi_N1","phi_N2","fitness_rho","fitness_beta","fitness_psin","fitness_psiw","fitness_phin","fitness_phiw"
"3917","I+Ig","log10",3917,0.23466034,4.63316882,59.2839362,1.91693455,0.05746909,648.491332,9.56132895690947,5.20787183184499,8.02801539462134,5.62206990360393,9.23478400852831,9.57149147938023
