"","cue","log","id","rho","burst","iota_N1","iota_N2","phi_N1","phi_N2","fitness_rho","fitness_beta","fitness_psin","fitness_psiw","fitness_phin","fitness_phiw"
"4917","I+Ig","none",4917,0.47455513,4.08583659,54.0096595,0.86432337,0.01368166,47797.6348,7.97568655022562,4.44201868324492,6.62971913387559,8.73625460973452,5.93832944287795,8.82880560581774
