"","cue","log","id","rho","burst","iota_N1","iota_N2","phi_N1","phi_N2","fitness_rho","fitness_beta","fitness_psin","fitness_psiw","fitness_phin","fitness_phiw"
"343","I+Ig","log10",343,0.31524001,5.39226668,20.091015,1.06323316,0.05537749,3611.60495,9.59606620818954,8.81638595195247,9.47599640385161,8.67971554621736,9.27009789500253,9.5527309457091
