"","cue","log","id","rho","burst","iota_N1","iota_N2","phi_N1","phi_N2","fitness_rho","fitness_beta","fitness_psin","fitness_psiw","fitness_phin","fitness_phiw"
"4234","I+Ig","none",4234,0.28165849,4.7513686,20.182601,0.56640955,0.01419756,291.08049,8.86002681025428,5.80774142407031,8.47985222401655,6.03739819576516,5.95507028564022,8.8785022133732
