"","cue","log","id","rho","burst","iota_N1","iota_N2","phi_N1","phi_N2","fitness_rho","fitness_beta","fitness_psin","fitness_psiw","fitness_phin","fitness_phiw"
"1661","I+Ig","log10",1661,0.23746609,4.64557012,12.1776543,2.19744022,0.21315528,268.671427,9.56286469654312,5.26839822091025,9.6806118444854,5.01017256793356,6.74801074582818,9.60296099788234
