"","cue","log","id","rho","burst","iota_N1","iota_N2","phi_N1","phi_N2","fitness_rho","fitness_beta","fitness_psin","fitness_psiw","fitness_phin","fitness_phiw"
"303","I+Ig","log10",303,0.34670133,3.95409046,13.6606621,0.81520726,0.04051421,1358.51324,9.6055494390848,2.48023424525094,9.65035965040173,9.6709705856992,9.5033359236592,9.55958238932206
