"","cue","log","id","rho","burst","iota_N1","iota_N2","phi_N1","phi_N2","fitness_rho","fitness_beta","fitness_psin","fitness_psiw","fitness_phin","fitness_phiw"
"2779","I+Ig","log10",2779,0.28968153,5.51369974,5.04169805,1.41108556,0.12271474,502.439436,9.58689988317738,9.19150066753989,9.73085015399417,7.19537901833803,8.07934898481801,9.57805029171702
