"","cue","log","id","rho","burst","iota_N1","iota_N2","phi_N1","phi_N2","fitness_rho","fitness_beta","fitness_psin","fitness_psiw","fitness_phin","fitness_phiw"
"4010","I+Ig","log10",4010,0.25176803,4.01081963,72.1028161,1.01018484,0.01273201,35.3039455,9.57027463688087,2.66118948777283,7.58626024777822,8.9118225251843,9.73745864484892,9.8922601437791
