"","cue","log","id","rho","burst","iota_N1","iota_N2","phi_N1","phi_N2","fitness_rho","fitness_beta","fitness_psin","fitness_psiw","fitness_phin","fitness_phiw"
"3725","I+Ig","none",3725,0.21866206,4.70611783,74.1626453,2.45971974,0.03027874,228.745317,8.81078257828458,5.72092103809997,6.1962367779476,4.01676305423068,7.95841775148528,8.88914882591476
