"","cue","log","id","rho","burst","iota_N1","iota_N2","phi_N1","phi_N2","fitness_rho","fitness_beta","fitness_psin","fitness_psiw","fitness_phin","fitness_phiw"
"2092","I+Ig","log10",2092,0.41943525,4.84943314,18.0242108,0.42729146,0.00660388,200.656462,9.62174650679165,6.29679759427915,9.53816454272378,10.0193157022523,9.70292949713046,9.6206903139915
