"","cue","log","id","rho","burst","iota_N1","iota_N2","phi_N1","phi_N2","fitness_rho","fitness_beta","fitness_psin","fitness_psiw","fitness_phin","fitness_phiw"
"298","I+Ig","none",298,0.39308058,4.852716,65.5817846,0.4422649,0.00510142,364.772305,8.56032158002163,6.00847888029723,6.36207303041855,5.73893606160525,5.6309848771985,8.86973019187719
