"","cue","log","id","rho","burst","iota_N1","iota_N2","phi_N1","phi_N2","fitness_rho","fitness_beta","fitness_psin","fitness_psiw","fitness_phin","fitness_phiw"
"1138","I+Ig","log10",1138,0.38940113,4.79418612,9.46921238,0.54967423,0.02991404,55.8419436,9.61587785545002,6.01341993914447,9.72156610184035,10.1927872942341,9.63852551934859,9.78336215855927
