"","cue","log","id","rho","burst","iota_N1","iota_N2","phi_N1","phi_N2","fitness_rho","fitness_beta","fitness_psin","fitness_psiw","fitness_phin","fitness_phiw"
"264","I+Ig","log10",264,0.35909763,6.17770481,15.3589729,1.80795504,0.06557691,11402.4841,9.6088207454207,9.14125026699964,9.61032411906766,5.90273607598372,9.09433443775465,9.54989412670194
