"","cue","log","id","rho","burst","iota_N1","iota_N2","phi_N1","phi_N2","fitness_rho","fitness_beta","fitness_psin","fitness_psiw","fitness_phin","fitness_phiw"
"4143","I+Ig","none",4143,0.4506811,3.86293427,36.6148148,0.71076598,0.0286557,994.283843,8.13878925279917,3.72187131887288,7.21300806279956,6.459380149834,7.42557065576626,8.84475347747335
