"","cue","log","id","rho","burst","iota_N1","iota_N2","phi_N1","phi_N2","fitness_rho","fitness_beta","fitness_psin","fitness_psiw","fitness_phin","fitness_phiw"
"2955","I+Ig","none",2955,0.3521636,3.86959229,12.0566899,0.76285906,0.04256398,1190.0601,8.75176569875923,3.74739815739646,6.60271457726548,7.16331232530309,8.48401707574082,8.84215938650983
