"","cue","log","id","rho","burst","iota_N1","iota_N2","phi_N1","phi_N2","fitness_rho","fitness_beta","fitness_psin","fitness_psiw","fitness_phin","fitness_phiw"
"2058","I+Ig","log10",2058,0.36111976,6.11451526,17.9096959,2.02054101,0.04505829,1756.48157,9.60933125272589,9.29512660336048,9.54146517051587,5.37906782790805,9.43610096146938,9.55709804305902
