"","cue","log","id","rho","burst","iota_N1","iota_N2","phi_N1","phi_N2","fitness_rho","fitness_beta","fitness_psin","fitness_psiw","fitness_phin","fitness_phiw"
"3154","I+Ig","none",3154,0.35604867,4.88736228,25.8007659,0.50107525,0.01725908,254.281942,8.73857465052577,6.07950731147872,7.87484964619912,5.88907056441406,6.05787897087926,8.88433014972277
