"","cue","log","id","rho","burst","iota_N1","iota_N2","phi_N1","phi_N2","fitness_rho","fitness_beta","fitness_psin","fitness_psiw","fitness_phin","fitness_phiw"
"4350","I+Ig","none",4350,0.3843759,6.17454354,17.6671178,1.78898461,0.03786261,2782.28016,8.61127211144736,4.61344999680832,8.79064170975674,5.01138725563515,8.7617858406408,8.83442387216588
