"","cue","log","id","rho","burst","iota_N1","iota_N2","phi_N1","phi_N2","fitness_rho","fitness_beta","fitness_psin","fitness_psiw","fitness_phin","fitness_phiw"
"2143","I+Ig","none",2143,0.23741437,5.60114855,7.17209416,1.03947402,0.07252995,13328.1091,8.83661197179529,8.17087770310124,5.98154860920235,7.39636827167508,7.32507999598751,8.82971286354569
