"","cue","log","id","rho","burst","iota_N1","iota_N2","phi_N1","phi_N2","fitness_rho","fitness_beta","fitness_psin","fitness_psiw","fitness_phin","fitness_phiw"
"1189","I+Ig","log10",1189,0.33264748,5.3242999,221.035541,1.22317666,0.00409992,184.75769,9.60153490505015,8.56451363212793,4.59798072052664,7.97113051324185,9.6711788828448,9.62663821393457
