"","cue","log","id","rho","burst","iota_N1","iota_N2","phi_N1","phi_N2","fitness_rho","fitness_beta","fitness_psin","fitness_psiw","fitness_phin","fitness_phiw"
"1893","I+Ig","none",1893,0.42411601,4.06119743,10.1758124,0.80146158,0.04869791,1113.54062,8.34068646785853,4.37442233357578,6.24137790221793,8.32826201338178,8.14112391722939,8.84306786146458
