"","cue","log","id","rho","burst","iota_N1","iota_N2","phi_N1","phi_N2","fitness_rho","fitness_beta","fitness_psin","fitness_psiw","fitness_phin","fitness_phiw"
"4628","I+Ig","none",4628,0.35541795,4.10016655,20.2855391,0.9305046,0.04574261,3780.30274,8.74078115679316,4.48020927373144,8.46660668116813,8.17276601285498,8.29816247928625,8.83286326237535
