"","cue","log","id","rho","burst","iota_N1","iota_N2","phi_N1","phi_N2","fitness_rho","fitness_beta","fitness_psin","fitness_psiw","fitness_phin","fitness_phiw"
"4644","I+Ig","none",4644,0.39665618,5.9862985,19.2196744,2.20370268,0.071237,358.68141,8.53780477834399,5.48316102762163,8.60494215148129,4.3348534509826,7.35614637850586,8.87033976152552
