"","cue","log","id","rho","burst","iota_N1","iota_N2","phi_N1","phi_N2","fitness_rho","fitness_beta","fitness_psin","fitness_psiw","fitness_phin","fitness_phiw"
"1520","I+Ig","log10",1520,0.26321435,3.97407309,26.1320999,0.91595466,0.0149409,1816.75743,9.57572283408214,2.54302543596748,9.27292023205206,9.30316796939008,9.73802930473392,9.5568186529878
