"","cue","log","id","rho","burst","iota_N1","iota_N2","phi_N1","phi_N2","fitness_rho","fitness_beta","fitness_psin","fitness_psiw","fitness_phin","fitness_phiw"
"3372","I+Ig","log10",3372,0.45657836,6.00079274,86.6446012,1.75394315,0.01059501,502.95012,9.62774191683176,9.50830396293307,7.1320613305766,6.05240097077723,9.73144439855373,9.57802148672393
