"","cue","log","id","rho","burst","iota_N1","iota_N2","phi_N1","phi_N2","fitness_rho","fitness_beta","fitness_psin","fitness_psiw","fitness_phin","fitness_phiw"
"2853","I+Ig","none",2853,0.38750036,3.82748978,6.8287835,0.77078573,0.11594747,234.998192,8.5936517076267,3.58126232243152,5.95805750235463,7.37557493973687,6.60646492815343,8.88790387391596
