"","cue","log","id","rho","burst","iota_N1","iota_N2","phi_N1","phi_N2","fitness_rho","fitness_beta","fitness_psin","fitness_psiw","fitness_phin","fitness_phiw"
"2284","I+Ig","none",2284,0.36527309,4.77158113,3.8756102,0.57546327,0.04091611,26.7483056,8.70332871036325,5.84702839572619,5.74647475251973,6.05646017422263,8.58457602264273,7.7923526606428
