"","cue","log","id","rho","burst","iota_N1","iota_N2","phi_N1","phi_N2","fitness_rho","fitness_beta","fitness_psin","fitness_psiw","fitness_phin","fitness_phiw"
"2944","I+Ig","none",2944,0.39123704,4.81822638,7.52628116,0.44636237,0.03904985,1830.67619,8.57157674700441,5.93905978387924,6.00611894477314,5.74962374464937,8.6964087274449,8.83746277276558
