"","cue","log","id","rho","burst","iota_N1","iota_N2","phi_N1","phi_N2","fitness_rho","fitness_beta","fitness_psin","fitness_psiw","fitness_phin","fitness_phiw"
"112","I+Ig","log10",112,0.40439209,4.75361573,13.5772129,0.463003,0.03009114,801.833174,9.61893459930728,5.80700509918329,9.65218528819222,10.1116559125254,9.63658701418562,9.56715316492894
