"","cue","log","id","rho","burst","iota_N1","iota_N2","phi_N1","phi_N2","fitness_rho","fitness_beta","fitness_psin","fitness_psiw","fitness_phin","fitness_phiw"
"240","I+Ig","log10",240,0.42734521,5.82154735,59.2357429,2.39533021,0.03146133,557.236889,9.62312910685984,9.63144358922758,8.02974021905234,4.65449664737734,9.62116934964674,9.57519102998712
