"","cue","log","id","rho","burst","iota_N1","iota_N2","phi_N1","phi_N2","fitness_rho","fitness_beta","fitness_psin","fitness_psiw","fitness_phin","fitness_phiw"
"3185","I+Ig","none",3185,0.2564384,4.61331783,96.0304592,2.07400524,0.02932318,1614.38858,8.85353135244658,5.54645439331506,5.851447266284,4.52128132774843,7.62961182889022,8.83864385900666
