"","cue","log","id","rho","burst","iota_N1","iota_N2","phi_N1","phi_N2","fitness_rho","fitness_beta","fitness_psin","fitness_psiw","fitness_phin","fitness_phiw"
"3009","I+Ig","log10",3009,0.26681076,4.05000361,8.93734463,0.77633384,0.0280877,952.717459,9.57735678290807,2.79107174928256,9.7269836567962,9.7937741315085,9.65771420355374,9.5642322313279
