"","cue","log","id","rho","burst","iota_N1","iota_N2","phi_N1","phi_N2","fitness_rho","fitness_beta","fitness_psin","fitness_psiw","fitness_phin","fitness_phiw"
"1935","I+Ig","none",1935,0.3463859,3.93104736,37.8532327,0.88348428,0.01502763,80.4246688,8.76967065995543,3.97030897992269,7.15896480428981,8.58175381302775,5.98205706227768,8.9053673478115
