"","cue","log","id","rho","burst","iota_N1","iota_N2","phi_N1","phi_N2","fitness_rho","fitness_beta","fitness_psin","fitness_psiw","fitness_phin","fitness_phiw"
"4824","I+Ig","log10",4824,0.43307418,6.42664061,8.44319065,1.69917795,0.09564387,5105.50426,9.62409607797101,8.3999924057048,9.73111583779461,6.21189549982644,8.55399796846764,9.55151713989871
