"","cue","log","id","rho","burst","iota_N1","iota_N2","phi_N1","phi_N2","fitness_rho","fitness_beta","fitness_psin","fitness_psiw","fitness_phin","fitness_phiw"
"3495","I+Ig","log10",3495,0.2530694,3.90240801,14.4151323,0.77894574,0.03178818,168.703178,9.57091338046254,2.32254675269201,9.63322455416351,9.78590737994202,9.61738346913985,9.63373010532075
