"","cue","log","id","rho","burst","iota_N1","iota_N2","phi_N1","phi_N2","fitness_rho","fitness_beta","fitness_psin","fitness_psiw","fitness_phin","fitness_phiw"
"1015","I+Ig","none",1015,0.29875776,5.43813858,18.7058468,1.11428084,0.04909293,348.763004,8.85277669730572,7.4665781603785,8.67076040522038,6.99903263062918,8.12138439660922,8.8713713184933
