"","cue","log","id","rho","burst","iota_N1","iota_N2","phi_N1","phi_N2","fitness_rho","fitness_beta","fitness_psin","fitness_psiw","fitness_phin","fitness_phiw"
"1623","I+Ig","log10",1623,0.24977796,3.94038689,72.2328288,0.8493879,0.00651084,1367.4322,9.56928471475345,2.43775959383686,7.58197870625887,9.55355294190765,9.70195777523854,9.55951287299298
