"","cue","log","id","rho","burst","iota_N1","iota_N2","phi_N1","phi_N2","fitness_rho","fitness_beta","fitness_psin","fitness_psiw","fitness_phin","fitness_phiw"
"4787","I+Ig","log10",4787,0.22506176,4.42891526,22.8606965,2.19370841,0.13335022,257.244661,9.55584924339362,4.26037796094225,9.386182459815,5.01741858996763,7.90119662512072,9.60530363917863
