"","cue","log","id","rho","burst","iota_N1","iota_N2","phi_N1","phi_N2","fitness_rho","fitness_beta","fitness_psin","fitness_psiw","fitness_phin","fitness_phiw"
"2290","I+Ig","none",2290,0.46727357,4.60115464,6.1288615,0.49474697,0.08304901,637.80699,8.02299469816852,5.52380874323226,5.91016549879883,5.87352456845305,7.1023203011434,8.85329563631613
