"","cue","log","id","rho","burst","iota_N1","iota_N2","phi_N1","phi_N2","fitness_rho","fitness_beta","fitness_psin","fitness_psiw","fitness_phin","fitness_phiw"
"2750","I+Ig","none",2750,0.30910431,3.9306659,18.702709,0.69974019,0.03746259,4062.56484,8.84322146719709,3.96899405457093,8.67116175100878,6.40233217765715,8.78182318597354,8.83255952991953
