"","cue","log","id","rho","burst","iota_N1","iota_N2","phi_N1","phi_N2","fitness_rho","fitness_beta","fitness_psin","fitness_psiw","fitness_phin","fitness_phiw"
"2747","I+Ig","none",2747,0.18936836,4.65436225,15.2426017,1.95860818,0.15707509,928.393629,8.75374947311693,5.62316550323789,8.62705937001249,4.70489662822941,6.18348047108348,8.84586166250454
