"","cue","log","id","rho","burst","iota_N1","iota_N2","phi_N1","phi_N2","fitness_rho","fitness_beta","fitness_psin","fitness_psiw","fitness_phin","fitness_phiw"
"1303","I+Ig","log10",1303,0.22376835,5.48039451,4.56895148,1.01732624,0.10207974,2079.58273,9.55508126485929,9.09882674391045,9.72599430249943,8.88092653202208,8.43892605864393,9.55577934848583
