"","cue","log","id","rho","burst","iota_N1","iota_N2","phi_N1","phi_N2","fitness_rho","fitness_beta","fitness_psin","fitness_psiw","fitness_phin","fitness_phiw"
"1773","I+Ig","none",1773,0.70255867,3.98653245,27.8540898,0.50847879,0.0642004,218.534035,7.05787528453946,4.15303926470433,7.71155727604632,5.90701042352687,7.54440198330335,8.89128074523964
