"","cue","log","id","rho","burst","iota_N1","iota_N2","phi_N1","phi_N2","fitness_rho","fitness_beta","fitness_psin","fitness_psiw","fitness_phin","fitness_phiw"
"2638","I+Ig","log10",2638,0.31850797,4.85385853,12.6089312,0.44078271,0.01234864,132.092443,9.59713826442413,6.31956093100042,9.67231460955504,10.058416552178,9.73679634896198,9.6559650703476
