"","cue","log","id","rho","burst","iota_N1","iota_N2","phi_N1","phi_N2","fitness_rho","fitness_beta","fitness_psin","fitness_psiw","fitness_phin","fitness_phiw"
"1211","I+Ig","log10",1211,0.25474147,4.52186307,22.8419176,1.81627254,0.14723719,91.9356308,9.57173060775458,4.67927311734284,9.38681169779584,5.88033326233971,7.67703158048429,9.69900590135074
