"","cue","log","id","rho","burst","iota_N1","iota_N2","phi_N1","phi_N2","fitness_rho","fitness_beta","fitness_psin","fitness_psiw","fitness_phin","fitness_phiw"
"1605","I+Ig","none",1605,0.2642057,3.8820707,164.208924,0.89158935,0.00322345,25297.2136,8.85755732506603,3.79450395321,5.10879608551194,8.51149385987827,5.55428035756495,8.82911778047023
