"","cue","log","id","rho","burst","iota_N1","iota_N2","phi_N1","phi_N2","fitness_rho","fitness_beta","fitness_psin","fitness_psiw","fitness_phin","fitness_phiw"
"1156","I+Ig","log10",1156,0.31660384,4.68385758,249.938573,0.51024314,0.00085413,316.216454,9.59651675214969,5.45707388932001,4.27898136965093,10.1791406410647,9.61057532711708,9.59498337376938
