"","cue","log","id","rho","burst","iota_N1","iota_N2","phi_N1","phi_N2","fitness_rho","fitness_beta","fitness_psin","fitness_psiw","fitness_phin","fitness_phiw"
"829","I+Ig","none",829,0.34309538,5.7057625,4.5499769,1.00055096,0.06814109,1029.14106,8.77899898020705,8.81286194382533,5.79766053437795,7.64175485632951,7.43467009446206,8.84422151697634
