"","cue","log","id","rho","burst","iota_N1","iota_N2","phi_N1","phi_N2","fitness_rho","fitness_beta","fitness_psin","fitness_psiw","fitness_phin","fitness_phiw"
"4651","I+Ig","none",4651,0.35774409,5.57166739,18.1610044,1.15051731,0.03936328,944.015664,8.7325467859885,8.01246782152639,8.73701650245092,6.83262590373826,8.67813488407156,8.84558576402396
