"","cue","log","id","rho","burst","iota_N1","iota_N2","phi_N1","phi_N2","fitness_rho","fitness_beta","fitness_psin","fitness_psiw","fitness_phin","fitness_phiw"
"1031","I+Ig","log10",1031,0.14538457,4.49575046,67.2724706,2.20346636,0.02407137,6872.35065,9.49309370401349,4.55940688676674,7.7482476277642,4.99851884809076,9.69423656172212,9.55076144256062
