"","cue","log","id","rho","burst","iota_N1","iota_N2","phi_N1","phi_N2","fitness_rho","fitness_beta","fitness_psin","fitness_psiw","fitness_phin","fitness_phiw"
"4984","I+Ig","log10",4984,0.3452255,4.76205778,5.27726489,0.45876456,0.04642078,198.960892,9.60514302849702,5.84980664011751,9.73276695285581,10.1025837280181,9.41513243586223,9.62128105991535
