"","cue","log","id","rho","burst","iota_N1","iota_N2","phi_N1","phi_N2","fitness_rho","fitness_beta","fitness_psin","fitness_psiw","fitness_phin","fitness_phiw"
"1915","I+Ig","log10",1915,0.34562858,5.41363575,12.8270404,1.19018708,0.08048659,676.117094,9.60525649011284,8.88964216531446,9.66795711471097,8.11572695218637,8.82753376655044,9.57056637381948
