"","cue","log","id","rho","burst","iota_N1","iota_N2","phi_N1","phi_N2","fitness_rho","fitness_beta","fitness_psin","fitness_psiw","fitness_phin","fitness_phiw"
"2330","I+Ig","log10",2330,0.26015708,3.87409586,31.3248722,0.80526351,0.02148694,30.1298192,9.57431011348378,2.23900750930546,9.08266108853878,9.70351877447557,9.71289291924451,9.93725756982881
