"","cue","log","id","rho","burst","iota_N1","iota_N2","phi_N1","phi_N2","fitness_rho","fitness_beta","fitness_psin","fitness_psiw","fitness_phin","fitness_phiw"
"709","I+Ig","log10",709,0.33056536,5.648849,6.15962959,1.02793909,0.0817456,994.715325,9.60091212108039,9.48131717642131,9.73717777494076,8.8347791112853,8.80478393510531,9.56357733408463
