"","cue","log","id","rho","burst","iota_N1","iota_N2","phi_N1","phi_N2","fitness_rho","fitness_beta","fitness_psin","fitness_psiw","fitness_phin","fitness_phiw"
"4967","I+Ig","log10",4967,0.24760512,4.63064631,45.8846472,1.94948666,0.05295487,1416.23798,9.56818836535952,5.19559864744758,8.52581321713606,5.54335610621175,9.31039606968081,9.55913508907008
