"","cue","log","id","rho","burst","iota_N1","iota_N2","phi_N1","phi_N2","fitness_rho","fitness_beta","fitness_psin","fitness_psiw","fitness_phin","fitness_phiw"
"1090","I+Ig","log10",1090,0.40782283,4.77635376,7.48936122,0.49119024,0.04352106,1475.70076,9.61959951072383,5.92247941971895,9.73642506220631,10.1591453661809,9.45933439953292,9.55871299422863
