"","cue","log","id","rho","burst","iota_N1","iota_N2","phi_N1","phi_N2","fitness_rho","fitness_beta","fitness_psin","fitness_psiw","fitness_phin","fitness_phiw"
"254","I+Ig","log10",254,0.46151126,3.93777931,51.4710457,0.85921041,0.02103089,81.5987763,9.62844668999575,2.42973324166718,8.31462805385903,9.51831575463386,9.71573609755828,9.71628833881743
