"","cue","log","id","rho","burst","iota_N1","iota_N2","phi_N1","phi_N2","fitness_rho","fitness_beta","fitness_psin","fitness_psiw","fitness_phin","fitness_phiw"
"3615","I+Ig","none",3615,0.32976187,3.80221598,39.0784914,0.6142065,0.01126588,1525.54868,8.81078312769578,3.47607808487042,7.10817612736907,6.13731337540024,5.85860658130974,8.8392217589316
