"","cue","log","id","rho","burst","iota_N1","iota_N2","phi_N1","phi_N2","fitness_rho","fitness_beta","fitness_psin","fitness_psiw","fitness_phin","fitness_phiw"
"543","I+Ig","none",543,0.40661641,4.09260828,38.0446256,0.79151266,0.0123163,257.941787,8.47060879452822,4.46016783594616,7.15086511407269,7.96463662951736,5.89368177338365,8.88369733897858
