"","cue","log","id","rho","burst","iota_N1","iota_N2","phi_N1","phi_N2","fitness_rho","fitness_beta","fitness_psin","fitness_psiw","fitness_phin","fitness_phiw"
"1568","I+Ig","log10",1568,0.23544781,3.9022288,20.4533259,0.83164027,0.03840486,3151.80334,9.56176309411057,2.32201165683165,9.46463566363744,9.61556159631678,9.53292980884008,9.55333446215985
