"","cue","log","id","rho","burst","iota_N1","iota_N2","phi_N1","phi_N2","fitness_rho","fitness_beta","fitness_psin","fitness_psiw","fitness_phin","fitness_phiw"
"1833","I+Ig","none",1833,0.25703745,3.8831129,11.0155635,0.90832563,0.03705295,444.401119,8.85390256631764,3.79839470377367,6.35670709958078,8.36423655673197,8.80087728772023,8.86308657152196
