"","cue","log","id","rho","burst","iota_N1","iota_N2","phi_N1","phi_N2","fitness_rho","fitness_beta","fitness_psin","fitness_psiw","fitness_phin","fitness_phiw"
"3120","I+Ig","log10",3120,0.39863356,6.18600666,15.5350903,1.89886364,0.07403897,132.835893,9.61779314344967,9.11952238293556,9.6058840123843,5.6667461989108,8.94370801535352,9.65539742426191
