"","cue","log","id","rho","burst","iota_N1","iota_N2","phi_N1","phi_N2","fitness_rho","fitness_beta","fitness_psin","fitness_psiw","fitness_phin","fitness_phiw"
"3811","I+Ig","none",3811,0.33115249,5.51186011,22.3125672,0.97422443,0.03777176,186.091827,8.80790994657164,7.73966378201028,8.22031344649538,7.82698313562004,8.76644422933347,8.89892691977548
