"","cue","log","id","rho","burst","iota_N1","iota_N2","phi_N1","phi_N2","fitness_rho","fitness_beta","fitness_psin","fitness_psiw","fitness_phin","fitness_phiw"
"3754","I+Ig","log10",3754,0.4316119,4.79044713,7.06933327,0.4566503,0.03436709,289.937459,9.623852500491,5.99432599603043,9.73755095420674,10.0978693637256,9.58614392462625,9.59908009857895
