"","cue","log","id","rho","burst","iota_N1","iota_N2","phi_N1","phi_N2","fitness_rho","fitness_beta","fitness_psin","fitness_psiw","fitness_phin","fitness_phiw"
"2515","I+Ig","none",2515,0.32468223,5.61266499,41.67481,1.12277315,0.01148402,119.851374,8.82055331170554,8.23765891207806,7.00815582136517,6.95875008363011,5.8659547445511,8.91665298399786
