"","cue","log","id","rho","burst","iota_N1","iota_N2","phi_N1","phi_N2","fitness_rho","fitness_beta","fitness_psin","fitness_psiw","fitness_phin","fitness_phiw"
"4834","I+Ig","log10",4834,0.39477806,4.80715885,16.7206727,0.44028327,0.01055741,324.831423,9.61700509198886,6.07976947950135,9.57472626241912,10.0570620833119,9.73128656867867,9.59378461031674
