"","cue","log","id","rho","burst","iota_N1","iota_N2","phi_N1","phi_N2","fitness_rho","fitness_beta","fitness_psin","fitness_psiw","fitness_phin","fitness_phiw"
"4811","I+Ig","none",4811,0.17889261,4.71142489,187.592491,2.45938079,0.00969335,149.955758,8.72871800210778,5.73103024547965,4.90695525296518,4.01714664459531,5.80436757007429,8.90886165040966
