"","cue","log","id","rho","burst","iota_N1","iota_N2","phi_N1","phi_N2","fitness_rho","fitness_beta","fitness_psin","fitness_psiw","fitness_phin","fitness_phiw"
"4253","I+Ig","log10",4253,0.19345682,4.74200779,36.6385056,2.24507032,0.06037858,1020.55689,9.53506646590881,5.74829002819494,8.88075627072629,4.91954082337143,9.18497315147489,9.56320049874643
