"","cue","log","id","rho","burst","iota_N1","iota_N2","phi_N1","phi_N2","fitness_rho","fitness_beta","fitness_psin","fitness_psiw","fitness_phin","fitness_phiw"
"3883","I+Ig","log10",3883,0.2655585,5.56176633,69.2133079,1.17891215,0.00414988,193.764824,9.57679418606247,9.31081316832351,7.68249755177522,8.16550614083494,9.67193036069591,9.62315553568746
