"","cue","log","id","rho","burst","iota_N1","iota_N2","phi_N1","phi_N2","fitness_rho","fitness_beta","fitness_psin","fitness_psiw","fitness_phin","fitness_phiw"
"4761","I+Ig","none",4761,0.22236401,3.91571848,8.80636746,0.89973498,0.02404442,126.090962,8.81656836413173,3.91680343862349,6.10349155157487,8.4398857838868,6.43676581382211,8.91530460306023
