"","iter","rho","burst","iota_N1","iota_N2","phi_N1","phi_N2","max_fitness_rho","max_fitness_beta","max_fitness_psin","max_fitness_psiw","max_fitness_phin","max_fitness_phiw","id"
"846",846,0.43662196,6.28895462,67.3175603,1.84758035,0.00951532,135.732499,9.62467855262437,8.82789354844597,7.74670698180847,5.7975054118144,9.72610836433696,9.65324628630152,"I+Ig_log"
