"","cue","log","id","rho","burst","iota_N1","iota_N2","phi_N1","phi_N2","fitness_rho","fitness_beta","fitness_psin","fitness_psiw","fitness_phin","fitness_phiw"
"1284","I+Ig","none",1284,0.30335993,6.11581559,27.1656014,1.81983621,0.02044377,1463.00681,8.84903380323972,4.93074905612109,7.76354705382781,4.95200886747983,6.19285533469893,8.83967104359409
