"","cue","log","id","rho","burst","iota_N1","iota_N2","phi_N1","phi_N2","fitness_rho","fitness_beta","fitness_psin","fitness_psiw","fitness_phin","fitness_phiw"
"2696","I+Ig","log10",2696,0.16359922,4.1228477,34.2476191,0.84965463,0.00898985,279.211158,9.51073625376032,3.04334899888748,8.97214875625613,9.55260425595033,9.72290899691808,9.60096532901798
