"","cue","log","id","rho","burst","iota_N1","iota_N2","phi_N1","phi_N2","fitness_rho","fitness_beta","fitness_psin","fitness_psiw","fitness_phin","fitness_phiw"
"3749","I+Ig","log10",3749,0.27977553,4.56895385,50.0014692,2.27348475,0.06016583,338.174202,9.5829336738091,4.89954285278188,8.3697601700703,4.86706243704397,9.18863987439383,9.59204089924222
