"","cue","log","id","rho","burst","iota_N1","iota_N2","phi_N1","phi_N2","fitness_rho","fitness_beta","fitness_psin","fitness_psiw","fitness_phin","fitness_phiw"
"4171","I+Ig","log10",4171,0.29997837,5.46257818,13.0511762,0.9905882,0.03207139,14153.6222,9.59076888962229,9.04600279783669,9.66336995053846,8.99588482106396,9.61406960531395,9.54963697022355
