"","cue","log","id","rho","burst","iota_N1","iota_N2","phi_N1","phi_N2","fitness_rho","fitness_beta","fitness_psin","fitness_psiw","fitness_phin","fitness_phiw"
"3766","I+Ig","log10",3766,0.41381205,4.87658163,21.4040608,0.43058531,0.00682528,2734.72583,9.62072562408787,6.43657176569359,9.43423364231123,10.0293216791244,9.70517834588959,9.55405874491161
