"","cue","log","id","rho","burst","iota_N1","iota_N2","phi_N1","phi_N2","fitness_rho","fitness_beta","fitness_psin","fitness_psiw","fitness_phin","fitness_phiw"
"3601","I+Ig","none",3601,0.31293037,5.5152337,93.3631461,1.18228202,0.00819902,495.872408,8.83862086959642,7.75359606849729,5.88900591737152,6.69731420494789,5.75047630163029,8.8598090628769
