"","cue","log","id","rho","burst","iota_N1","iota_N2","phi_N1","phi_N2","fitness_rho","fitness_beta","fitness_psin","fitness_psiw","fitness_phin","fitness_phiw"
"2368","I+Ig","none",2368,0.41862779,4.74397282,8.52883504,0.489094,0.04265521,974.724244,8.38250585995527,5.79344869171147,6.0805866397834,5.85945844314138,8.47850010050386,8.84506955841073
