"","cue","log","id","rho","burst","iota_N1","iota_N2","phi_N1","phi_N2","fitness_rho","fitness_beta","fitness_psin","fitness_psiw","fitness_phin","fitness_phiw"
"1775","I+Ig","log10",1775,0.2406818,4.64413884,65.3009788,2.10343208,0.05310819,1059.297,9.56459357583411,5.2613942986913,7.81593691350376,5.19951551496526,9.30786729832396,9.56267038946041
