"","cue","log","id","rho","burst","iota_N1","iota_N2","phi_N1","phi_N2","fitness_rho","fitness_beta","fitness_psin","fitness_psiw","fitness_phin","fitness_phiw"
"2583","I+Ig","none",2583,0.23613768,3.78089728,38.6981928,0.6148841,0.00799796,5756.41089,8.8351343936103,3.38412945779661,7.12367261570326,6.13875581089584,5.74304022174183,8.83136024642481
