"","cue","log","id","rho","burst","iota_N1","iota_N2","phi_N1","phi_N2","fitness_rho","fitness_beta","fitness_psin","fitness_psiw","fitness_phin","fitness_phiw"
"3164","I+Ig","none",3164,0.35793058,3.94227793,4.73920728,0.8218742,0.23915133,1219.43544,8.73185400117473,4.00865558404079,5.81164529870105,8.8261561691298,5.59900878320375,8.84183947529359
