"","cue","log","id","rho","burst","iota_N1","iota_N2","phi_N1","phi_N2","fitness_rho","fitness_beta","fitness_psin","fitness_psiw","fitness_phin","fitness_phiw"
"1868","I+Ig","none",1868,0.18087084,3.88397242,5.79209875,1.07595319,0.10497274,26.2324563,8.73362774095504,3.80159596566234,5.88685568994014,7.19215849983788,6.74903333514597,7.76330773718095
