"","cue","log","id","rho","burst","iota_N1","iota_N2","phi_N1","phi_N2","fitness_rho","fitness_beta","fitness_psin","fitness_psiw","fitness_phin","fitness_phiw"
"696","I+Ig","none",696,0.3060631,5.97167085,60.7752604,1.81843694,0.01672398,892.17012,8.84645940339849,5.54658086001174,6.46595315995685,4.95466580847364,6.0389140973649,8.84653548456983
