"","cue","log","id","rho","burst","iota_N1","iota_N2","phi_N1","phi_N2","fitness_rho","fitness_beta","fitness_psin","fitness_psiw","fitness_phin","fitness_phiw"
"3986","I+Ig","log10",3986,0.40825987,4.00861527,3.72431535,0.70391728,0.25681347,49865.972,9.61967996873614,2.65400350558878,9.71371530180469,9.98740053531719,6.2436212111515,9.54887235678357
