"","cue","log","id","rho","burst","iota_N1","iota_N2","phi_N1","phi_N2","fitness_rho","fitness_beta","fitness_psin","fitness_psiw","fitness_phin","fitness_phiw"
"4730","I+Ig","none",4730,0.27263699,3.9313685,26.4357962,0.73113148,0.0282467,3864.99918,8.85992418792416,3.97141293255794,7.8216233654115,6.61437979740915,7.30141292148299,8.83276806838897
