"","cue","log","id","rho","burst","iota_N1","iota_N2","phi_N1","phi_N2","fitness_rho","fitness_beta","fitness_psin","fitness_psiw","fitness_phin","fitness_phiw"
"4300","I+Ig","log10",4300,0.38708033,4.73755036,189.200356,0.44799785,0.00196729,1010.68493,9.61538342083087,5.72579000829611,5.01325913164443,10.0772448793612,9.63405999103582,9.56334103836909
