"","cue","log","id","rho","burst","iota_N1","iota_N2","phi_N1","phi_N2","fitness_rho","fitness_beta","fitness_psin","fitness_psiw","fitness_phin","fitness_phiw"
"4261","I+Ig","log10",4261,0.44826676,5.51231207,3.75691058,0.85294593,0.15453613,160.648502,9.6265081198026,9.1878002599273,9.71428261192158,9.54086351680712,7.56320917051011,9.63779353939403
