"","cue","log","id","rho","burst","iota_N1","iota_N2","phi_N1","phi_N2","fitness_rho","fitness_beta","fitness_psin","fitness_psiw","fitness_phin","fitness_phiw"
"1821","I+Ig","none",1821,0.283148,4.04203029,31.508741,0.79421376,0.01285436,1328.97268,8.85979013700874,4.32005369509553,7.47280755837472,8.05627510202183,5.91136947454007,8.84076896949674
