"","cue","log","id","rho","burst","iota_N1","iota_N2","phi_N1","phi_N2","fitness_rho","fitness_beta","fitness_psin","fitness_psiw","fitness_phin","fitness_phiw"
"3953","I+Ig","log10",3953,0.23198939,4.5506409,25.6631538,2.26428802,0.11877898,9142.29209,9.5598387135109,4.81326921230993,9.28954335542058,4.88391822502342,8.14660691524731,9.5502191754268
