"","cue","log","id","rho","burst","iota_N1","iota_N2","phi_N1","phi_N2","fitness_rho","fitness_beta","fitness_psin","fitness_psiw","fitness_phin","fitness_phiw"
"3064","I+Ig","none",3064,0.36070096,4.72442875,27.5944618,0.5752429,0.00671048,117.542086,8.721497228375,5.75587944149017,7.73085571081565,6.05599256544254,5.69433066036665,8.91707956254091
