"","cue","log","id","rho","burst","iota_N1","iota_N2","phi_N1","phi_N2","fitness_rho","fitness_beta","fitness_psin","fitness_psiw","fitness_phin","fitness_phiw"
"4664","I","log10",4664,0.23953977,3.94287795,5.02056572,0.90874615,0.18206488,392.879113,9.48458390036101,3.6033049164209,9.2605663705889,9.23876588399639,7.30518404899795,9.5082666305256
