"","cue","log","id","rho","burst","iota_N1","iota_N2","phi_N1","phi_N2","fitness_rho","fitness_beta","fitness_psin","fitness_psiw","fitness_phin","fitness_phiw"
"4299","I","log10",4299,0.30150583,3.94938214,195.196033,0.69763568,0.00327038,761.516264,9.51332594925163,3.62930747399483,5.46943431348,9.816832607812,8.81668011201084,9.48929634538622
