"","cue","log","id","rho","burst","iota_N1","iota_N2","phi_N1","phi_N2","fitness_rho","fitness_beta","fitness_psin","fitness_psiw","fitness_phin","fitness_phiw"
"4968","I","log10",4968,0.49484621,6.33681883,16.7075048,2.00591324,0.07838381,1055.57048,9.54280771146139,7.10595066677595,9.49668112366314,5.46824772062049,8.75642486131182,9.48358497160526
