"","cue","log","id","rho","burst","iota_N1","iota_N2","phi_N1","phi_N2","fitness_rho","fitness_beta","fitness_psin","fitness_psiw","fitness_phin","fitness_phiw"
"739","I","log10",739,0.31531566,5.50059888,3.7778584,1.15032346,0.09173227,122.368844,9.51792867976298,9.09993665018018,9.1117022527892,8.15028098387001,8.52898162399753,9.58978274260602
