"","cue","log","id","rho","burst","iota_N1","iota_N2","phi_N1","phi_N2","fitness_rho","fitness_beta","fitness_psin","fitness_psiw","fitness_phin","fitness_phiw"
"3801","I","log10",3801,0.38614508,4.04873685,14.4837137,0.85449954,0.04099838,4743.86328,9.53413482153087,4.03027234466403,9.54651524957547,9.45552427693296,9.41569839896262,9.47197489859613
