"","cue","log","id","rho","burst","iota_N1","iota_N2","phi_N1","phi_N2","fitness_rho","fitness_beta","fitness_psin","fitness_psiw","fitness_phin","fitness_phiw"
"3908","I","log10",3908,0.24661924,3.93055503,18.1170424,0.83884139,0.0342044,275.403425,9.48865066756879,3.55414140463516,9.45687335602183,9.51258876378284,9.5091922856613,9.52464691407706
