"","cue","log","id","rho","burst","iota_N1","iota_N2","phi_N1","phi_N2","fitness_rho","fitness_beta","fitness_psin","fitness_psiw","fitness_phin","fitness_phiw"
"126","I","log10",126,0.44463821,6.11212349,6.03488344,1.70943531,0.17695819,376.85196,9.54062115555844,8.11931503414518,9.36108056331347,6.17820503953542,7.36251789298354,9.50991710325211
