"","cue","log","id","rho","burst","iota_N1","iota_N2","phi_N1","phi_N2","fitness_rho","fitness_beta","fitness_psin","fitness_psiw","fitness_phin","fitness_phiw"
"1228","I","log10",1228,0.3417038,4.58601789,4.40854688,0.54766748,0.07744198,506.980208,9.5252885674459,6.18819033591909,9.19024497622203,9.28882993216719,8.77294137771978,9.49949966188046
