"","cue","log","id","rho","burst","iota_N1","iota_N2","phi_N1","phi_N2","fitness_rho","fitness_beta","fitness_psin","fitness_psiw","fitness_phin","fitness_phiw"
"2368","I","log10",2368,0.41862779,4.74397282,8.52883504,0.489094,0.04265521,974.724244,9.53834750995383,6.77788637320085,9.51758957756546,9.02414782937474,9.38972951668444,9.484814767521
