"","cue","log","id","rho","burst","iota_N1","iota_N2","phi_N1","phi_N2","fitness_rho","fitness_beta","fitness_psin","fitness_psiw","fitness_phin","fitness_phiw"
"2967","I","log10",2967,0.32332609,3.89401892,11.8619458,0.82149084,0.03046586,356.243005,9.52035468514454,3.40923461594959,9.57341356156377,9.57215473545311,9.54721472068563,9.51224514765172
