"","cue","log","id","rho","burst","iota_N1","iota_N2","phi_N1","phi_N2","fitness_rho","fitness_beta","fitness_psin","fitness_psiw","fitness_phin","fitness_phiw"
"4298","I","log10",4298,0.26254387,4.04709845,148.260674,0.78000665,0.00358622,822.068958,9.49699451291147,4.02361440390137,6.12658480909289,9.69534857776671,8.83656881845076,9.48778980485752
