"","cue","log","id","rho","burst","iota_N1","iota_N2","phi_N1","phi_N2","fitness_rho","fitness_beta","fitness_psin","fitness_psiw","fitness_phin","fitness_phiw"
"1989","I","log10",1989,0.25125325,3.87993171,11.2564536,0.91520604,0.06142781,2611.49358,9.49119238377038,3.35373201402835,9.5724975589038,9.21139716923391,9.06048343702235,9.47470114953851
