"","cue","log","id","rho","burst","iota_N1","iota_N2","phi_N1","phi_N2","fitness_rho","fitness_beta","fitness_psin","fitness_psiw","fitness_phin","fitness_phiw"
"873","I","log10",873,0.25466825,3.8252291,57.8269351,0.87741375,0.01307144,870.435631,9.493005720142,3.14043570253428,8.05933114708798,9.36717163468151,9.37802856808726,9.48673863549654
