"","cue","log","id","rho","burst","iota_N1","iota_N2","phi_N1","phi_N2","fitness_rho","fitness_beta","fitness_psin","fitness_psiw","fitness_phin","fitness_phiw"
"3254","I","log10",3254,0.28040256,4.04687198,17.5278841,0.77616283,0.05501645,144.336553,9.50514513335685,4.02269475622683,9.47413337247161,9.70513393286022,9.17668520783897,9.57247620308674
