"","cue","log","id","rho","burst","iota_N1","iota_N2","phi_N1","phi_N2","fitness_rho","fitness_beta","fitness_psin","fitness_psiw","fitness_phin","fitness_phiw"
"4655","I","log10",4655,0.21552931,4.68618778,18.9031434,2.15499086,0.10359554,1495.44956,9.46893855115643,6.56573195368928,9.43265097212798,5.16971272689313,8.33797701863133,9.47921067508393
