"","cue","log","id","rho","burst","iota_N1","iota_N2","phi_N1","phi_N2","fitness_rho","fitness_beta","fitness_psin","fitness_psiw","fitness_phin","fitness_phiw"
"556","I","log10",556,0.33000058,4.97701443,54.9758189,0.50683338,0.00372377,2389.08793,9.52224656013558,7.58748072156699,8.14673365538844,9.09774169905947,8.84526896014245,9.47526577054773
