"","cue","log","id","rho","burst","iota_N1","iota_N2","phi_N1","phi_N2","fitness_rho","fitness_beta","fitness_psin","fitness_psiw","fitness_phin","fitness_phiw"
"3540","I","log10",3540,0.47924912,6.15387423,24.9152907,1.8243131,0.05422777,383.318112,9.54240306553977,7.88290508462211,9.2198176331864,5.88217016119101,9.19086912837591,9.50923590313439
