"","cue","log","id","rho","burst","iota_N1","iota_N2","phi_N1","phi_N2","fitness_rho","fitness_beta","fitness_psin","fitness_psiw","fitness_phin","fitness_phiw"
"2856","I","log10",2856,0.44658628,6.48192298,10.1325091,1.75320412,0.07723887,400.957447,9.54075810729924,6.66543949431959,9.56118815936818,6.06195130186063,8.77650874790193,9.50748716420561
