"","cue","log","id","rho","burst","iota_N1","iota_N2","phi_N1","phi_N2","fitness_rho","fitness_beta","fitness_psin","fitness_psiw","fitness_phin","fitness_phiw"
"2887","I","log10",2887,0.41090382,5.57598493,13.5267172,1.03976073,0.03876731,282.987304,9.53749251358997,9.26645295082999,9.56125408356594,8.6516862586582,9.44900281956857,9.52319167608162
