"","cue","log","id","rho","burst","iota_N1","iota_N2","phi_N1","phi_N2","fitness_rho","fitness_beta","fitness_psin","fitness_psiw","fitness_phin","fitness_phiw"
"535","I","log10",535,0.29833387,5.58638666,36.5973165,1.07984476,0.01416137,849.050594,9.51218987713564,9.28755087516072,8.77460658827979,8.46779937814686,9.41880684372077,9.48718668316673
