"","cue","log","id","rho","burst","iota_N1","iota_N2","phi_N1","phi_N2","fitness_rho","fitness_beta","fitness_psin","fitness_psiw","fitness_phin","fitness_phiw"
"439","I","log10",439,0.20766609,5.67195752,3.72652234,0.91157521,0.1138414,203.997328,9.46313592923256,9.43728127318088,9.10509945360277,9.22681283268061,8.18145569363878,9.54342173865717
