"","cue","log","id","rho","burst","iota_N1","iota_N2","phi_N1","phi_N2","fitness_rho","fitness_beta","fitness_psin","fitness_psiw","fitness_phin","fitness_phiw"
"235","I","log10",235,0.3700196,5.58838981,23.2596125,0.98988303,0.03403257,10231.8908,9.53138278388033,9.29154787008716,9.28164098951456,8.88036138717389,9.51119420656381,9.4701784548002
