"","cue","log","id","rho","burst","iota_N1","iota_N2","phi_N1","phi_N2","fitness_rho","fitness_beta","fitness_psin","fitness_psiw","fitness_phin","fitness_phiw"
"3776","I","log10",3776,0.25791901,4.05029717,4.68522613,0.87547392,0.21236563,263.816044,9.49468318048907,4.03661247405048,9.22284175510473,9.37485316845133,6.98619181804671,9.52702619224847
