"","cue","log","id","rho","burst","iota_N1","iota_N2","phi_N1","phi_N2","fitness_rho","fitness_beta","fitness_psin","fitness_psiw","fitness_phin","fitness_phiw"
"6","I","log10",6,0.36816398,5.77949156,42.5090478,2.00371825,0.02653977,4063.64227,9.53103216357315,9.53042748307385,8.56021725199128,5.47290174141013,9.5707657022751,9.47253371868178
