"","cue","log","id","rho","burst","iota_N1","iota_N2","phi_N1","phi_N2","fitness_rho","fitness_beta","fitness_psin","fitness_psiw","fitness_phin","fitness_phiw"
"4085","I","log10",4085,0.15269423,4.54344531,7.69447591,2.74698452,0.30918359,525.361296,9.41078108229279,6.02425913184219,9.47877976885418,4.24668480731106,6.15072471932362,9.49843722188172
