"","cue","log","id","rho","burst","iota_N1","iota_N2","phi_N1","phi_N2","fitness_rho","fitness_beta","fitness_psin","fitness_psiw","fitness_phin","fitness_phiw"
"3938","I","log10",3938,0.28564059,4.05865418,28.5954326,0.88466397,0.02354223,49.7557047,9.50731381914961,4.07059986271147,9.0790868842075,9.3381692194904,9.57260575835477,9.73636685216227
