"","cue","log","id","rho","burst","iota_N1","iota_N2","phi_N1","phi_N2","fitness_rho","fitness_beta","fitness_psin","fitness_psiw","fitness_phin","fitness_phiw"
"2441","I","log10",2441,0.33346209,4.57916603,14.6125097,1.87943376,0.26840253,2070.32115,9.52317800949932,6.16194260145089,9.5441776495289,5.75002772626523,6.47420225894775,9.47628313097319
