"","cue","log","id","rho","burst","iota_N1","iota_N2","phi_N1","phi_N2","fitness_rho","fitness_beta","fitness_psin","fitness_psiw","fitness_phin","fitness_phiw"
"1708","I","log10",1708,0.40917224,4.7404539,8.54001435,0.48513483,0.03067609,357.539055,9.53728802884794,6.76509138890497,9.51802948353543,9.00840110850171,9.5454232368771,9.51209210051719
