"","cue","log","id","rho","burst","iota_N1","iota_N2","phi_N1","phi_N2","fitness_rho","fitness_beta","fitness_psin","fitness_psiw","fitness_phin","fitness_phiw"
"3232","I","log10",3232,0.39936255,4.76179619,3.41729853,0.43182801,0.08715256,491.714802,9.53605037610506,6.84244051762512,9.06475425608347,8.81760790817025,8.60555551680867,9.50044148555013
