"","cue","log","id","rho","burst","iota_N1","iota_N2","phi_N1","phi_N2","fitness_rho","fitness_beta","fitness_psin","fitness_psiw","fitness_phin","fitness_phiw"
"4882","I","log10",4882,0.38268732,4.93957575,16.9791542,0.38107719,0.01846765,447.157663,9.53358272698285,7.46257976857781,9.48942273887983,8.6676599928073,9.52759085039314,9.50354881314207
