"","cue","log","id","rho","burst","iota_N1","iota_N2","phi_N1","phi_N2","fitness_rho","fitness_beta","fitness_psin","fitness_psiw","fitness_phin","fitness_phiw"
"2923","I","log10",2923,0.29294404,5.51537506,27.713329,1.15927129,0.02166883,219.245669,9.5101833919627,9.13424599775842,9.11302720989339,8.11079270397246,9.56422410342645,9.53842686559763
