"","cue","log","id","rho","burst","iota_N1","iota_N2","phi_N1","phi_N2","fitness_rho","fitness_beta","fitness_psin","fitness_psiw","fitness_phin","fitness_phiw"
"565","I","log10",565,0.28503487,5.5393889,14.7149771,0.98598119,0.03439255,1861.64477,9.50706844761644,9.18836987970255,9.54226248974499,8.8981195988873,9.50697002587441,9.47713681589546
