"","cue","log","id","rho","burst","iota_N1","iota_N2","phi_N1","phi_N2","fitness_rho","fitness_beta","fitness_psin","fitness_psiw","fitness_phin","fitness_phiw"
"1123","I","log10",1123,0.2736892,5.51067919,37.7511106,1.17960674,0.01353136,77.9578782,9.50222127645996,9.12341912624341,8.73189575355471,8.02188267925373,9.39593781503304,9.65109452879544
