"","cue","log","id","rho","burst","iota_N1","iota_N2","phi_N1","phi_N2","fitness_rho","fitness_beta","fitness_psin","fitness_psiw","fitness_phin","fitness_phiw"
"937","I","log10",937,0.3845121,5.65764772,14.92231,0.91219403,0.0355529,1662.80795,9.5338765696118,9.41571860905478,9.53824466445086,9.22419219881795,9.49272439093445,9.47815163636861
