"","cue","log","id","rho","burst","iota_N1","iota_N2","phi_N1","phi_N2","fitness_rho","fitness_beta","fitness_psin","fitness_psiw","fitness_phin","fitness_phiw"
"3294","I","log10",3294,0.47776575,5.89426819,60.0990882,1.7340587,0.01398514,126.614899,9.54235219038583,9.38833097709649,7.99144804895708,6.11225788305802,9.4126005671917,9.58600597492481
