"","cue","log","id","rho","burst","iota_N1","iota_N2","phi_N1","phi_N2","fitness_rho","fitness_beta","fitness_psin","fitness_psiw","fitness_phin","fitness_phiw"
"1436","I","log10",1436,0.3343405,4.05505358,31.5290504,0.84766743,0.02929139,258.549819,9.5234128350027,4.05595304227522,8.9662756072489,9.48078220195777,9.55631384112231,9.52817672801984
