"","cue","log","id","rho","burst","iota_N1","iota_N2","phi_N1","phi_N2","fitness_rho","fitness_beta","fitness_psin","fitness_psiw","fitness_phin","fitness_phiw"
"1450","I","log10",1450,0.38222964,4.82734758,5.11142631,0.43753113,0.05099583,373.205944,9.53350792580828,7.07620668058102,9.27041901124924,8.83622356714558,9.24844998497905,9.51030427505153
