"","cue","log","id","rho","burst","iota_N1","iota_N2","phi_N1","phi_N2","fitness_rho","fitness_beta","fitness_psin","fitness_psiw","fitness_phin","fitness_phiw"
"970","I","log10",970,0.34829667,4.63714262,3.31820949,0.49335593,0.09676886,2249.58107,9.5268635111528,6.38237100599164,9.05166099669806,9.04136900497842,8.44658238642422,9.47567435980508
