"","cue","log","id","rho","burst","iota_N1","iota_N2","phi_N1","phi_N2","fitness_rho","fitness_beta","fitness_psin","fitness_psiw","fitness_phin","fitness_phiw"
"4545","I","log10",4545,0.255808,3.94744852,36.7131834,0.82708907,0.0175682,849.403375,9.4935979813054,3.62157222405444,8.77029989271191,9.55339205257399,9.51116065098694,9.48717922487092
