"","cue","log","id","rho","burst","iota_N1","iota_N2","phi_N1","phi_N2","fitness_rho","fitness_beta","fitness_psin","fitness_psiw","fitness_phin","fitness_phiw"
"1835","I","log10",1835,0.18121593,4.60680509,15.6975402,1.83089245,0.11715185,983.929948,9.44074813423338,6.26750422680636,9.5216235084082,5.86608009852763,8.13249850093279,9.48466586072203
