"","cue","log","id","rho","burst","iota_N1","iota_N2","phi_N1","phi_N2","fitness_rho","fitness_beta","fitness_psin","fitness_psiw","fitness_phin","fitness_phiw"
"2735","I","log10",2735,0.22531494,4.54413027,18.064608,2.11433713,0.15291722,63.297405,9.47567960522207,6.02691246718238,9.4584415382167,5.24784511735652,7.64851784812341,9.68744348127346
