"","cue","log","id","rho","burst","iota_N1","iota_N2","phi_N1","phi_N2","fitness_rho","fitness_beta","fitness_psin","fitness_psiw","fitness_phin","fitness_phiw"
"3437","I","log10",3437,0.18019183,4.57902885,69.6365857,2.08485166,0.02820364,2535.328,9.43978520059214,6.16141337875743,7.72234453423557,5.30600612494765,9.56326448117177,9.47488233730469
