"","cue","log","id","rho","burst","iota_N1","iota_N2","phi_N1","phi_N2","fitness_rho","fitness_beta","fitness_psin","fitness_psiw","fitness_phin","fitness_phiw"
"530","I","log10",530,0.26082521,4.00429899,52.7368492,0.79614991,0.00949516,3027.4403,9.496145296791,3.85015797108364,8.21716737744099,9.65101934452182,9.20469616384074,9.47386921485839
