"","cue","log","id","rho","burst","iota_N1","iota_N2","phi_N1","phi_N2","fitness_rho","fitness_beta","fitness_psin","fitness_psiw","fitness_phin","fitness_phiw"
"3371","I","log10",3371,0.26625179,4.62114632,69.8990126,2.32811303,0.0598873,430.252428,9.49878730386033,6.32193802429362,7.71527744126071,4.8613724561424,9.08848699026073,9.5048933566486
