"","cue","log","id","rho","burst","iota_N1","iota_N2","phi_N1","phi_N2","fitness_rho","fitness_beta","fitness_psin","fitness_psiw","fitness_phin","fitness_phiw"
"94","I","log10",94,0.35992611,4.81370522,14.7281248,0.47849385,0.02481447,1202.45765,9.5294043905932,7.02804041688105,9.54201392116568,8.98249702743545,9.57387738964662,9.48176891421817
