"","cue","log","id","rho","burst","iota_N1","iota_N2","phi_N1","phi_N2","fitness_rho","fitness_beta","fitness_psin","fitness_psiw","fitness_phin","fitness_phiw"
"2371","I","log10",2371,0.29887579,5.54064802,11.0787205,0.94038162,0.03095265,231.335171,9.5123868006607,9.19114845788729,9.5715881155325,9.10239800305951,9.54299934915249,9.53491794769913
