"","cue","log","id","rho","burst","iota_N1","iota_N2","phi_N1","phi_N2","fitness_rho","fitness_beta","fitness_psin","fitness_psiw","fitness_phin","fitness_phiw"
"3982","I","log10",3982,0.40678273,4.89980832,12.0000473,0.58577858,0.03147355,92.0850834,9.53700259795913,7.32771181226732,9.57318093019105,9.49043017555428,9.53822339961273,9.62583839517269
