"","cue","log","id","rho","burst","iota_N1","iota_N2","phi_N1","phi_N2","fitness_rho","fitness_beta","fitness_psin","fitness_psiw","fitness_phin","fitness_phiw"
"229","I","log10",229,0.30293878,5.51538741,7.37237898,1.16344282,0.10487646,729.938129,9.5138303138253,9.13427401132311,9.46035044769197,8.09245552329984,8.31798777030048,9.49018179755042
