"","cue","log","id","rho","burst","iota_N1","iota_N2","phi_N1","phi_N2","fitness_rho","fitness_beta","fitness_psin","fitness_psiw","fitness_phin","fitness_phiw"
"2527","I","log10",2527,0.30632584,5.41076633,16.2124158,1.0517129,0.03960198,137.249831,9.51499743367209,8.87764018351085,9.50933285115687,8.5967436318504,9.43678924757935,9.57749406996373
