"","cue","log","id","rho","burst","iota_N1","iota_N2","phi_N1","phi_N2","fitness_rho","fitness_beta","fitness_psin","fitness_psiw","fitness_phin","fitness_phiw"
"490","I","log10",490,0.41916249,4.67007424,8.41238555,0.57263322,0.03735807,1234.16818,9.53840122745626,6.50581367148481,9.51290586180945,9.41995928806279,9.46886901711491,9.48143583230785
