"","cue","log","id","rho","burst","iota_N1","iota_N2","phi_N1","phi_N2","fitness_rho","fitness_beta","fitness_psin","fitness_psiw","fitness_phin","fitness_phiw"
"1035","I","log10",1035,0.333329,3.97691237,6.08840566,0.64354181,0.04846078,1458.2418,9.52314437925912,3.7397426745188,9.36578244280857,9.74288388316213,9.29278324363003,9.47947931155283
