"","cue","log","id","rho","burst","iota_N1","iota_N2","phi_N1","phi_N2","fitness_rho","fitness_beta","fitness_psin","fitness_psiw","fitness_phin","fitness_phiw"
"2853","I","log10",2853,0.38750036,3.82748978,6.8287835,0.77078573,0.11594747,234.998192,9.53434502685402,3.14917098088089,9.42453510579471,9.71829067364067,8.15021976191266,9.53392437003324
