"","cue","log","id","rho","burst","iota_N1","iota_N2","phi_N1","phi_N2","fitness_rho","fitness_beta","fitness_psin","fitness_psiw","fitness_phin","fitness_phiw"
"3089","I","log10",3089,0.23277127,4.61882484,34.6479619,1.61118623,0.10940627,1001.40951,9.48047379790042,6.31314278475429,8.84761991282287,6.45615135359514,8.24826842022388,9.48438474503055
