"","cue","log","id","rho","burst","iota_N1","iota_N2","phi_N1","phi_N2","fitness_rho","fitness_beta","fitness_psin","fitness_psiw","fitness_phin","fitness_phiw"
"479","I","log10",479,0.27319103,4.73008288,25.8126091,1.80407367,0.10086604,96.3550157,9.50199725235155,6.72728369050478,9.18579414410805,5.93223767384583,8.38097926113597,9.61951603753385
