"","cue","log","id","rho","burst","iota_N1","iota_N2","phi_N1","phi_N2","fitness_rho","fitness_beta","fitness_psin","fitness_psiw","fitness_phin","fitness_phiw"
"854","I","log10",854,0.27384312,4.06228588,6.30310723,0.92442656,0.0965048,35.6124256,9.50228998970709,4.08537750262639,9.38402871887057,9.17188151782539,8.45086076490383,9.81623818268886
