"","cue","log","id","rho","burst","iota_N1","iota_N2","phi_N1","phi_N2","fitness_rho","fitness_beta","fitness_psin","fitness_psiw","fitness_phin","fitness_phiw"
"796","I","log10",796,0.32363718,4.71859983,4.72146726,0.50794478,0.04691943,97.6379775,9.52044551972239,6.68538727828258,9.22701812243129,9.10252775568834,9.31924503263207,9.61771365451916
