"","cue","log","id","rho","burst","iota_N1","iota_N2","phi_N1","phi_N2","fitness_rho","fitness_beta","fitness_psin","fitness_psiw","fitness_phin","fitness_phiw"
"3360","I","log10",3360,0.38539215,6.0179921,8.87414488,2.40093709,0.12929004,1818.85191,9.53401755180401,8.74315652569691,9.53017063068045,4.74229310479922,7.95937385894373,9.47733688840172
