"","cue","log","id","rho","burst","iota_N1","iota_N2","phi_N1","phi_N2","fitness_rho","fitness_beta","fitness_psin","fitness_psiw","fitness_phin","fitness_phiw"
"258","I","log10",258,0.40557536,6.09289273,38.6876239,1.76135214,0.02079443,153.567281,9.53685199217763,8.23801881429991,8.69752404308773,6.04079266532908,9.55726782958749,9.56659297504207
