"","cue","log","id","rho","burst","iota_N1","iota_N2","phi_N1","phi_N2","fitness_rho","fitness_beta","fitness_psin","fitness_psiw","fitness_phin","fitness_phiw"
"179","I","log10",179,0.26739846,4.66378218,40.4779671,2.3123256,0.06402287,1025.89343,9.49933017984966,6.4823338754158,8.63259274454358,4.88797102978872,9.01332275996017,9.48401480251016
