"","cue","log","id","rho","burst","iota_N1","iota_N2","phi_N1","phi_N2","fitness_rho","fitness_beta","fitness_psin","fitness_psiw","fitness_phin","fitness_phiw"
"1863","I","log10",1863,0.30146109,3.94997612,9.27049268,0.73186621,0.07715841,4211.52137,9.51331191849792,3.63168239343768,9.54233392731618,9.79205324043453,8.77792292778902,9.47239746114055
