"","cue","log","id","rho","burst","iota_N1","iota_N2","phi_N1","phi_N2","fitness_rho","fitness_beta","fitness_psin","fitness_psiw","fitness_phin","fitness_phiw"
"4133","I","log10",4133,0.22530062,4.54210079,266.625736,2.39751042,0.01119444,72.4174005,9.47567003423221,6.01904994558392,4.69244076677217,4.74776922333543,9.29434112365357,9.66333565445642
