"","cue","log","id","rho","burst","iota_N1","iota_N2","phi_N1","phi_N2","fitness_rho","fitness_beta","fitness_psin","fitness_psiw","fitness_phin","fitness_phiw"
"138","I","log10",138,0.37834919,5.83075124,12.8422917,2.29368577,0.0760907,1323.94767,9.53286231085182,9.5100549298659,9.568574919046,4.91974649169992,8.79673510246113,9.48057385830758
