"","cue","log","id","rho","burst","iota_N1","iota_N2","phi_N1","phi_N2","fitness_rho","fitness_beta","fitness_psin","fitness_psiw","fitness_phin","fitness_phiw"
"2529","I","log10",2529,0.22475579,3.84473858,10.4994255,0.88837982,0.03480063,470.38554,9.47530851095562,3.21607985603251,9.56639201887123,9.32312409128133,9.50206508316799,9.50185440086205
