"","cue","log","id","rho","burst","iota_N1","iota_N2","phi_N1","phi_N2","fitness_rho","fitness_beta","fitness_psin","fitness_psiw","fitness_phin","fitness_phiw"
"3995","I","log10",3995,0.25018978,4.7942077,47.6328963,1.75966245,0.04239187,2586.89715,9.49061850290757,6.95875060324629,8.38390034640921,6.04516479964949,9.39391730822444,9.47475915150359
