"","cue","log","id","rho","burst","iota_N1","iota_N2","phi_N1","phi_N2","fitness_rho","fitness_beta","fitness_psin","fitness_psiw","fitness_phin","fitness_phiw"
"3729","I","log10",3729,0.36590155,4.02797479,33.8969816,0.86012563,0.01628816,1704.02581,9.5305976642171,3.94599182004951,8.87600502448603,9.43433128386201,9.48234599249906,9.4779208994404
