"","cue","log","id","rho","burst","iota_N1","iota_N2","phi_N1","phi_N2","fitness_rho","fitness_beta","fitness_psin","fitness_psiw","fitness_phin","fitness_phiw"
"2988","I","log10",2988,0.47743788,5.91184004,49.7144575,2.43100643,0.05383458,2506.0408,9.54234082528918,9.33021440707,8.31484762392805,4.69478744096937,9.19791988027249,9.47495537546057
