"","cue","log","id","rho","burst","iota_N1","iota_N2","phi_N1","phi_N2","fitness_rho","fitness_beta","fitness_psin","fitness_psiw","fitness_phin","fitness_phiw"
"3979","I","log10",3979,0.3562282,5.50370201,30.6096321,1.16709367,0.02285089,432.943086,9.52862649449533,9.10720366203718,9.00156414733818,8.07645149552606,9.57047742469502,9.50467464357422
