"","cue","log","id","rho","burst","iota_N1","iota_N2","phi_N1","phi_N2","fitness_rho","fitness_beta","fitness_psin","fitness_psiw","fitness_phin","fitness_phiw"
"4846","I","log10",4846,0.44218696,4.93148086,20.8862717,0.50226401,0.01726439,59.4452562,9.54044380195892,7.43530772693168,9.36674376370495,9.07829325109168,9.50491753172425,9.69948045458221
