"","cue","log","id","rho","burst","iota_N1","iota_N2","phi_N1","phi_N2","fitness_rho","fitness_beta","fitness_psin","fitness_psiw","fitness_phin","fitness_phiw"
"3016","I","log10",3016,0.4483276,4.82475411,6.41024073,0.42814593,0.03608011,1111.02046,9.54087574402769,7.06706458422414,9.392761510129,8.80580685995813,9.48595627220283,9.48284527645325
