"","cue","log","id","rho","burst","iota_N1","iota_N2","phi_N1","phi_N2","fitness_rho","fitness_beta","fitness_psin","fitness_psiw","fitness_phin","fitness_phiw"
"4720","I","log10",4720,0.43469459,4.89903117,1.88332567,0.40390078,0.11315664,839.057196,9.53985639465968,7.32504706059227,8.85905878328057,8.73195360755211,8.19168177219264,9.48740721768373
