"","cue","log","id","rho","burst","iota_N1","iota_N2","phi_N1","phi_N2","fitness_rho","fitness_beta","fitness_psin","fitness_psiw","fitness_phin","fitness_phiw"
"563","I","log10",563,0.23065465,4.65408873,24.5384107,1.88893221,0.08747335,788.149823,9.47914059248273,6.4460550821655,9.23401650085198,5.72785719673118,8.60014382769628,9.48860670058992
