"","cue","log","id","rho","burst","iota_N1","iota_N2","phi_N1","phi_N2","fitness_rho","fitness_beta","fitness_psin","fitness_psiw","fitness_phin","fitness_phiw"
"532","I","log10",532,0.39391432,4.69406771,38.2690601,0.39476892,0.00609382,625.713165,9.53529606403176,6.5949102461476,8.71284994408408,8.70569926032634,8.99714557541229,9.49372197507882
