"","cue","log","id","rho","burst","iota_N1","iota_N2","phi_N1","phi_N2","fitness_rho","fitness_beta","fitness_psin","fitness_psiw","fitness_phin","fitness_phiw"
"2782","I","log10",2782,0.38739228,4.72553325,54.7080246,0.46377622,0.00555136,535.380081,9.53432751875026,6.71065396679436,8.15507488459383,8.9273241928735,8.9623141875765,9.49788876322857
