"","cue","log","id","rho","burst","iota_N1","iota_N2","phi_N1","phi_N2","fitness_rho","fitness_beta","fitness_psin","fitness_psiw","fitness_phin","fitness_phiw"
"2937","I","log10",2937,0.20066919,3.87679432,17.0058817,1.02861262,0.02825296,6246.89884,9.45766076659018,3.34140293422988,9.48869702244497,8.70294427132546,9.56298295668928,9.47117025766813
