"","cue","log","id","rho","burst","iota_N1","iota_N2","phi_N1","phi_N2","fitness_rho","fitness_beta","fitness_psin","fitness_psiw","fitness_phin","fitness_phiw"
"1108","I","log10",1108,0.375071,4.78185939,4.2752103,0.43400351,0.03623462,461.166778,9.53229404280565,6.91461418636425,9.17409587097268,8.82466092420482,9.48394277528867,9.50250912272941
