"","cue","log","id","rho","burst","iota_N1","iota_N2","phi_N1","phi_N2","fitness_rho","fitness_beta","fitness_psin","fitness_psiw","fitness_phin","fitness_phiw"
"2553","I","log10",2553,0.25672049,3.82488555,22.3935843,0.60636683,0.02387657,931.329157,9.49406834100458,3.13911027649422,9.31328319725285,9.59587077230377,9.57325994601013,9.48556346259327
