"","cue","log","id","rho","burst","iota_N1","iota_N2","phi_N1","phi_N2","fitness_rho","fitness_beta","fitness_psin","fitness_psiw","fitness_phin","fitness_phiw"
"2479","I","log10",2479,0.2976288,5.54169922,3.82179279,1.24778357,0.17132347,782.721682,9.51193149224648,9.19346249269558,9.1173418792203,7.73313519531769,7.42710643784427,9.48874220665085
