"","cue","log","id","rho","burst","iota_N1","iota_N2","phi_N1","phi_N2","fitness_rho","fitness_beta","fitness_psin","fitness_psiw","fitness_phin","fitness_phiw"
"4429","I","log10",4429,0.28341401,5.37562997,20.446362,1.1101731,0.03167607,111.336235,9.50640526441828,8.78529505830506,9.38186055324345,8.32992957338685,9.53629534618648,9.60084002936815
