"","cue","log","id","rho","burst","iota_N1","iota_N2","phi_N1","phi_N2","fitness_rho","fitness_beta","fitness_psin","fitness_psiw","fitness_phin","fitness_phiw"
"4890","I","log10",4890,0.35814325,6.1210393,9.36260769,1.73597331,0.10928645,1898.26929,9.52903243347195,8.06639667804032,9.5448265283485,6.10718815966349,8.25009346124247,9.4769736006914
