"","cue","log","id","rho","burst","iota_N1","iota_N2","phi_N1","phi_N2","fitness_rho","fitness_beta","fitness_psin","fitness_psiw","fitness_phin","fitness_phiw"
"3831","I","log10",3831,0.32581681,3.83047344,29.1374311,0.75137622,0.02912285,493.577765,9.52107171615317,3.16071987002716,9.05821643997747,9.76015380079838,9.55748777879187,9.50032268205833
