"","cue","log","id","rho","burst","iota_N1","iota_N2","phi_N1","phi_N2","fitness_rho","fitness_beta","fitness_psin","fitness_psiw","fitness_phin","fitness_phiw"
"961","I","log10",961,0.28884814,5.45788176,4.9210555,0.9645655,0.07476189,3482.27596,9.5085967393118,8.99694772492801,9.2495826092726,8.99491186776609,8.82023804193123,9.473185420259
