"","cue","log","id","rho","burst","iota_N1","iota_N2","phi_N1","phi_N2","fitness_rho","fitness_beta","fitness_psin","fitness_psiw","fitness_phin","fitness_phiw"
"238","I","log10",238,0.36750804,4.65998789,17.7793319,0.57475787,0.03240733,7483.93489,9.53090713201454,6.46814360432987,9.46686684494965,9.43136933201596,9.52901699873538,9.47075134694527
