"","cue","log","id","rho","burst","iota_N1","iota_N2","phi_N1","phi_N2","fitness_rho","fitness_beta","fitness_psin","fitness_psiw","fitness_phin","fitness_phiw"
"363","I","log10",363,0.37791815,3.94162407,6.29586141,0.84597498,0.11483905,3916.06973,9.53278890429093,3.59829392087668,9.38342793869482,9.48695584266942,8.16661988469018,9.47268239803725
