"","cue","log","id","rho","burst","iota_N1","iota_N2","phi_N1","phi_N2","fitness_rho","fitness_beta","fitness_psin","fitness_psiw","fitness_phin","fitness_phiw"
"802","I","log10",802,0.36405562,4.76419948,152.156264,0.49742594,0.00271596,240723.181,9.53023560280815,6.85111828194551,6.06609224069831,9.05808659893641,8.78211827484751,9.46868959849615
