"","cue","log","id","rho","burst","iota_N1","iota_N2","phi_N1","phi_N2","fitness_rho","fitness_beta","fitness_psin","fitness_psiw","fitness_phin","fitness_phiw"
"2244","I","log10",2244,0.3616961,6.13915944,16.2705725,2.23947291,0.07618197,179.290189,9.52976370177343,7.96296448716162,9.50788667329686,5.01454216480444,8.79511939452325,9.55322791603648
