"","cue","log","id","rho","burst","iota_N1","iota_N2","phi_N1","phi_N2","fitness_rho","fitness_beta","fitness_psin","fitness_psiw","fitness_phin","fitness_phiw"
"3717","I","log10",3717,0.30987636,4.00062453,19.6004396,0.69388832,0.02566295,773.975447,9.51618394917896,3.83531230768284,9.41017656047994,9.81664872267568,9.57299259892459,9.48896852758963
