"","cue","log","id","rho","burst","iota_N1","iota_N2","phi_N1","phi_N2","fitness_rho","fitness_beta","fitness_psin","fitness_psiw","fitness_phin","fitness_phiw"
"585","I","log10",585,0.33598444,3.92750634,14.5099062,0.65229342,0.03148062,35.0443356,9.52384203438773,3.54200065730492,9.54604757273119,9.76614725737818,9.53815711208318,9.82038149998946
