"","cue","log","id","rho","burst","iota_N1","iota_N2","phi_N1","phi_N2","fitness_rho","fitness_beta","fitness_psin","fitness_psiw","fitness_phin","fitness_phiw"
"4798","I","log10",4798,0.45046007,4.85832012,10.7401867,0.48734794,0.03387297,6570.47974,9.54101484698345,7.18460801805135,9.56898093469088,9.01717434697845,9.51303920253228,9.4710450699615
