"","cue","log","id","rho","burst","iota_N1","iota_N2","phi_N1","phi_N2","fitness_rho","fitness_beta","fitness_psin","fitness_psiw","fitness_phin","fitness_phiw"
"3854","I","log10",3854,0.45217754,3.9560977,43.9552536,0.71357917,0.01895225,76.7749216,9.54112374782564,3.65618842330261,8.50953759648064,9.81085940154832,9.53522927767417,9.65357919227993
