"","cue","log","id","rho","burst","iota_N1","iota_N2","phi_N1","phi_N2","fitness_rho","fitness_beta","fitness_psin","fitness_psiw","fitness_phin","fitness_phiw"
"2777","I","log10",2777,0.2506953,4.86982693,16.3564901,2.0295312,0.16250041,450.172034,9.49089137305723,7.22453719047678,9.50573199924579,5.41867370837966,7.53116607835393,9.50332034575008
