"","cue","log","id","rho","burst","iota_N1","iota_N2","phi_N1","phi_N2","fitness_rho","fitness_beta","fitness_psin","fitness_psiw","fitness_phin","fitness_phiw"
"260","I","log10",260,0.34020336,4.00845876,10.7121786,0.78732941,0.0507306,10167.6065,9.52491864320615,3.86696723537963,9.56871094695515,9.67586891388353,9.25312599958249,9.47019005709737
