"","cue","log","id","rho","burst","iota_N1","iota_N2","phi_N1","phi_N2","fitness_rho","fitness_beta","fitness_psin","fitness_psiw","fitness_phin","fitness_phiw"
"67","I","log10",67,0.25151738,5.65837797,14.7577554,1.02370494,0.04273986,918.60073,9.49133529897401,9.41685902148596,9.54145274458304,8.72549994674023,9.38837941036196,9.48579514106075
