"","cue","log","id","rho","burst","iota_N1","iota_N2","phi_N1","phi_N2","fitness_rho","fitness_beta","fitness_psin","fitness_psiw","fitness_phin","fitness_phiw"
"1552","I","log10",1552,0.48425657,4.87061167,2.3857255,0.45475644,0.12418386,3030.63249,9.54255818229532,7.22725285827846,8.92646955449448,8.89498889536525,8.03100527951545,9.4738651725354
