"","cue","log","id","rho","burst","iota_N1","iota_N2","phi_N1","phi_N2","fitness_rho","fitness_beta","fitness_psin","fitness_psiw","fitness_phin","fitness_phiw"
"636","I","log10",636,0.33399161,6.06377592,49.0426627,1.85161122,0.01409132,858.373746,9.52332038956961,8.42867567148037,8.33697552430066,5.81597444966677,9.41635805582173,9.48698833668492
