"","cue","log","id","rho","burst","iota_N1","iota_N2","phi_N1","phi_N2","fitness_rho","fitness_beta","fitness_psin","fitness_psiw","fitness_phin","fitness_phiw"
"3983","I","log10",3983,0.17753549,4.58491405,75.4590503,2.22628874,0.03232311,148.011905,9.43724869549485,6.18396348919136,7.56942317436595,5.03814434614247,9.52987796219111,9.57005256742053
