"","cue","log","id","rho","burst","iota_N1","iota_N2","phi_N1","phi_N2","fitness_rho","fitness_beta","fitness_psin","fitness_psiw","fitness_phin","fitness_phiw"
"582","I","log10",582,0.44552754,6.25333075,22.5267796,1.60011221,0.03355711,2241.4693,9.54068542558063,7.41911742301196,9.30845521734316,6.4890532010647,9.51662751877087,9.47570079228959
