"","cue","log","id","rho","burst","iota_N1","iota_N2","phi_N1","phi_N2","fitness_rho","fitness_beta","fitness_psin","fitness_psiw","fitness_phin","fitness_phiw"
"2207","I","log10",2207,0.25847196,4.42928857,24.6407201,2.86100718,0.15733324,122.536297,9.49495970999954,5.57580524911107,9.23016880431673,4.10476456828757,7.59386253394649,9.58962888448259
