"","cue","log","id","rho","burst","iota_N1","iota_N2","phi_N1","phi_N2","fitness_rho","fitness_beta","fitness_psin","fitness_psiw","fitness_phin","fitness_phiw"
"4685","I","log10",4685,0.24490609,4.59862827,5.096029,1.93837261,0.61591767,78.3159306,9.48768727089826,6.23636433291341,9.26876242446352,5.61517701108063,4.47463135720494,9.65035582198663
