"","cue","log","id","rho","burst","iota_N1","iota_N2","phi_N1","phi_N2","fitness_rho","fitness_beta","fitness_psin","fitness_psiw","fitness_phin","fitness_phiw"
"243","I","log10",243,0.19333453,3.9963,5.96869106,0.84770264,0.05420273,900.746471,9.45158495561138,3.8178550303033,9.35517983257972,9.48065362969044,9.1913182794374,9.48613273719463
