"","cue","log","id","rho","burst","iota_N1","iota_N2","phi_N1","phi_N2","fitness_rho","fitness_beta","fitness_psin","fitness_psiw","fitness_phin","fitness_phiw"
"3279","I","log10",3279,0.3516697,4.04702995,35.1819814,0.81835027,0.01854127,278.538303,9.52762730812356,4.02333687047414,8.8275165510788,9.58248317321218,9.52880200465763,9.52403507785739
