"","cue","log","id","rho","burst","iota_N1","iota_N2","phi_N1","phi_N2","fitness_rho","fitness_beta","fitness_psin","fitness_psiw","fitness_phin","fitness_phiw"
"3921","I","log10",3921,0.33524918,3.92062408,9.26128379,0.7973244,0.04910375,1546.46983,9.52365208965148,3.51462473140557,9.54207655370469,9.64760398692395,9.28162828975076,9.47886374962025
