"","cue","log","id","rho","burst","iota_N1","iota_N2","phi_N1","phi_N2","fitness_rho","fitness_beta","fitness_psin","fitness_psiw","fitness_phin","fitness_phiw"
"4059","I","log10",4059,0.30265535,3.91665818,14.3424678,0.69617966,0.04935085,709.006479,9.51373126821383,3.49886726570459,9.54898887623345,9.81683755322913,9.2773209054988,9.4908109598217
