"","cue","log","id","rho","burst","iota_N1","iota_N2","phi_N1","phi_N2","fitness_rho","fitness_beta","fitness_psin","fitness_psiw","fitness_phin","fitness_phiw"
"2295","I","log10",2295,0.43722883,3.89284219,41.2673304,0.66157488,0.02113909,77.4736838,9.54006303337016,3.40459021901223,8.60429878296785,9.78579100517461,9.5602593914299,9.65210365300145
