"","cue","log","id","rho","burst","iota_N1","iota_N2","phi_N1","phi_N2","fitness_rho","fitness_beta","fitness_psin","fitness_psiw","fitness_phin","fitness_phiw"
"787","I","log10",787,0.30240539,5.49087008,14.226375,1.26894794,0.0375412,3910.25969,9.51364413103568,9.0769651993894,9.55094764459251,7.64663883043246,9.46634387001068,9.47268852126309
