"","cue","log","id","rho","burst","iota_N1","iota_N2","phi_N1","phi_N2","fitness_rho","fitness_beta","fitness_psin","fitness_psiw","fitness_phin","fitness_phiw"
"3905","I","log10",3905,0.14305213,4.61637252,23.9117738,2.04571358,0.08669411,463.008073,9.39902807783993,6.30384670162336,9.25747071724503,5.38522232815384,8.61330774145497,9.5023762572449
