"","cue","log","id","rho","burst","iota_N1","iota_N2","phi_N1","phi_N2","fitness_rho","fitness_beta","fitness_psin","fitness_psiw","fitness_phin","fitness_phiw"
"806","I","log10",806,0.29722878,4.06313338,17.6814881,0.81722666,0.03242224,243.737975,9.51178884835643,4.08882729539981,9.46971207877955,9.58614259830317,9.52886168853983,9.53166496797312
