"","cue","log","id","rho","burst","iota_N1","iota_N2","phi_N1","phi_N2","fitness_rho","fitness_beta","fitness_psin","fitness_psiw","fitness_phin","fitness_phiw"
"3087","I","log10",3087,0.2419241,4.05655942,14.764104,0.739353,0.02110246,808.01615,9.48598090724817,4.06207457475634,9.54132907525,9.78114087033384,9.5599572353012,9.48811872316307
