"","cue","log","id","rho","burst","iota_N1","iota_N2","phi_N1","phi_N2","fitness_rho","fitness_beta","fitness_psin","fitness_psiw","fitness_phin","fitness_phiw"
"4471","I","log10",4471,0.31944017,5.44877128,13.145613,1.03038696,0.03104296,2037.17565,9.51920090442282,8.97431549708804,9.56569675965645,8.69478748047372,9.54219117921671,9.47640731327414
