"","iter","rho","burst","iota_N1","iota_N2","phi_N1","phi_N2","max_fitness_rho","max_fitness_beta","max_fitness_psin","max_fitness_psiw","max_fitness_phin","max_fitness_phiw","id"
"302",302,0.19717749,3.94352386,11.3157889,0.77274881,0.03795379,4337.91903,9.4548110483619,3.60588432487604,9.57273456484271,9.71356282066369,9.46059346290951,9.47228740580847,"I_log"
