"","cue","log","id","rho","burst","iota_N1","iota_N2","phi_N1","phi_N2","fitness_rho","fitness_beta","fitness_psin","fitness_psiw","fitness_phin","fitness_phiw"
"1214","I","log10",1214,0.24102827,4.01385267,30.1160716,0.87822802,0.01880198,941.507345,9.48545793446274,3.88879092723471,9.02054357788422,9.36393680381394,9.53294456174044,9.48538261715784
