"","cue","log","id","rho","burst","iota_N1","iota_N2","phi_N1","phi_N2","fitness_rho","fitness_beta","fitness_psin","fitness_psiw","fitness_phin","fitness_phiw"
"4334","I","log10",4334,0.24530902,3.97338846,10.8826984,0.87478271,0.06959164,931.833383,9.48791568443145,3.72557567833018,9.57022134108258,9.37757953613267,8.91260469937504,9.48555398295427
