"","cue","log","id","rho","burst","iota_N1","iota_N2","phi_N1","phi_N2","fitness_rho","fitness_beta","fitness_psin","fitness_psiw","fitness_phin","fitness_phiw"
"1339","I","log10",1339,0.34447754,5.34414074,9.27317565,0.89948702,0.06192411,461.952376,9.52596254728563,8.70035252890939,9.54240566934263,9.27749735677206,9.05146001980208,9.50245112748794
