"","cue","log","id","rho","burst","iota_N1","iota_N2","phi_N1","phi_N2","fitness_rho","fitness_beta","fitness_psin","fitness_psiw","fitness_phin","fitness_phiw"
"2359","I","log10",2359,0.37693141,5.59378269,28.0020529,1.05966035,0.02036665,321.825314,9.53261967059741,9.30222662277118,9.10192442296605,8.56025105727386,9.5530808703558,9.516785534164
