"","cue","log","id","rho","burst","iota_N1","iota_N2","phi_N1","phi_N2","fitness_rho","fitness_beta","fitness_psin","fitness_psiw","fitness_phin","fitness_phiw"
"958","I","log10",958,0.34761936,4.75354005,4.21789738,0.44651906,0.09484342,1677.10265,9.52670804236907,6.8125922002111,9.16707553107669,8.86640207971154,8.47785985657781,9.47806888052131
