"","cue","log","id","rho","burst","iota_N1","iota_N2","phi_N1","phi_N2","fitness_rho","fitness_beta","fitness_psin","fitness_psiw","fitness_phin","fitness_phiw"
"3328","I","log10",3328,0.32973848,4.65468338,12.0590466,0.49981242,0.02742876,624.692868,9.52217176307119,6.44828665265131,9.57303348056923,9.06800161557502,9.56725971114742,9.49376404556312
