"","cue","log","id","rho","burst","iota_N1","iota_N2","phi_N1","phi_N2","fitness_rho","fitness_beta","fitness_psin","fitness_psiw","fitness_phin","fitness_phiw"
"1043","I","log10",1043,0.26738382,4.55078626,12.9657222,2.13517309,0.18931066,9363.23353,9.49932353173638,6.05266734974447,9.56747334438562,5.20750911302214,7.22570301415139,9.47032479612633
