"","cue","log","id","rho","burst","iota_N1","iota_N2","phi_N1","phi_N2","fitness_rho","fitness_beta","fitness_psin","fitness_psiw","fitness_phin","fitness_phiw"
"1525","I","log10",1525,0.33894506,5.5041835,14.5041433,0.93274441,0.02756239,734.470801,9.52460198114406,9.1083270943194,9.54615002638496,9.13582132453935,9.56663278508406,9.4900475895268
