"","cue","log","id","rho","burst","iota_N1","iota_N2","phi_N1","phi_N2","fitness_rho","fitness_beta","fitness_psin","fitness_psiw","fitness_phin","fitness_phiw"
"4164","I","log10",4164,0.50825569,6.0494014,21.5740646,2.35260052,0.07885174,10450.9234,9.54298629434792,8.52656541105347,9.3426393733493,4.82067743468062,8.74824105903159,9.47014547501865
