"","cue","log","id","rho","burst","iota_N1","iota_N2","phi_N1","phi_N2","fitness_rho","fitness_beta","fitness_psin","fitness_psiw","fitness_phin","fitness_phiw"
"35","I","log10",35,0.31057776,4.65054183,37.7865822,1.71338088,0.08780165,1359.38516,9.51641454753995,6.43275844765728,8.73058522200071,6.16753987601488,8.59460861589313,9.4802652897349
