"","cue","log","id","rho","burst","iota_N1","iota_N2","phi_N1","phi_N2","fitness_rho","fitness_beta","fitness_psin","fitness_psiw","fitness_phin","fitness_phiw"
"682","I","log10",682,0.42567498,4.7074628,31.9607895,0.53416282,0.01315335,18186.2779,9.53905248202554,6.64433525949383,8.94974260820856,9.22204537821423,9.38129585316681,9.46949903615072
