"","cue","log","id","rho","burst","iota_N1","iota_N2","phi_N1","phi_N2","fitness_rho","fitness_beta","fitness_psin","fitness_psiw","fitness_phin","fitness_phiw"
"2096","I","log10",2096,0.29701125,3.96901001,84.6702259,0.80661926,0.00995724,143.560696,9.5117071155992,3.70798247255216,7.3427712899691,9.61971300446257,9.23027431914903,9.57300226367821
