"","cue","log","id","rho","burst","iota_N1","iota_N2","phi_N1","phi_N2","fitness_rho","fitness_beta","fitness_psin","fitness_psiw","fitness_phin","fitness_phiw"
"22","I","log10",22,0.30662743,4.59434939,13.985168,0.49108425,0.02425707,1726.04041,9.51510079118697,6.2200361658509,9.55480016222921,9.0321535908526,9.57372306706319,9.47780371165474
