"","cue","log","id","rho","burst","iota_N1","iota_N2","phi_N1","phi_N2","fitness_rho","fitness_beta","fitness_psin","fitness_psiw","fitness_phin","fitness_phiw"
"4200","I","log10",4200,0.37876007,6.00295004,17.4974817,1.99857219,0.07111907,4609.34899,9.53293074900461,8.84501631917541,9.4750014738875,5.48384205297197,8.88517630751923,9.47207428718767
