"","cue","log","id","rho","burst","iota_N1","iota_N2","phi_N1","phi_N2","fitness_rho","fitness_beta","fitness_psin","fitness_psiw","fitness_phin","fitness_phiw"
"3501","I","log10",3501,0.44397764,3.98480733,28.1154463,0.72986757,0.02563031,113.035048,9.54057414665571,3.77151993228863,9.09756359052136,9.79466852323105,9.57305114911678,9.5990085276144
