"","cue","log","id","rho","burst","iota_N1","iota_N2","phi_N1","phi_N2","fitness_rho","fitness_beta","fitness_psin","fitness_psiw","fitness_phin","fitness_phiw"
"3393","I","log10",3393,0.30584707,3.93361012,23.1714344,0.79944932,0.00975886,198.665887,9.51483476318736,3.56631375886915,9.28488667121781,9.64136126621978,9.21939594301041,9.54534159720397
