"","cue","log","id","rho","burst","iota_N1","iota_N2","phi_N1","phi_N2","fitness_rho","fitness_beta","fitness_psin","fitness_psiw","fitness_phin","fitness_phiw"
"3538","I","log10",3538,0.36062499,4.59514289,4.32560044,0.47773454,0.04729486,1368.29954,9.52954646904333,6.2230666535397,9.18022758599989,8.97957801435321,9.31284323697747,9.48018720608078
