"","cue","log","id","rho","burst","iota_N1","iota_N2","phi_N1","phi_N2","fitness_rho","fitness_beta","fitness_psin","fitness_psiw","fitness_phin","fitness_phiw"
"639","I","log10",639,0.3798559,4.12340586,8.5842317,0.6800015,0.06026749,567.582899,9.53311713068114,4.33472815559801,9.51974265394346,9.81011772485203,9.08157846161989,9.4962504705574
