"","cue","log","id","rho","burst","iota_N1","iota_N2","phi_N1","phi_N2","fitness_rho","fitness_beta","fitness_psin","fitness_psiw","fitness_phin","fitness_phiw"
"3999","I","log10",3999,0.28949021,3.89371027,36.7227532,0.79296846,0.01852962,795.2893,9.50884914039579,3.40801598930932,8.76994125447383,9.66014974122649,9.52861095496596,9.48843068753593
