"","cue","log","id","rho","burst","iota_N1","iota_N2","phi_N1","phi_N2","fitness_rho","fitness_beta","fitness_psin","fitness_psiw","fitness_phin","fitness_phiw"
"2779","I","log10",2779,0.28968153,5.51369974,5.04169805,1.41108556,0.12271474,502.439436,9.50892187000875,9.13039344954618,9.26287045860985,7.10595783296123,8.05193373408381,9.49977512674254
