"","cue","log","id","rho","burst","iota_N1","iota_N2","phi_N1","phi_N2","fitness_rho","fitness_beta","fitness_psin","fitness_psiw","fitness_phin","fitness_phiw"
"2985","I","log10",2985,0.27923879,3.99943054,22.6349783,0.9505677,0.02729786,2036.16075,9.50465031523557,3.83049155753041,9.3045222276976,9.05740483061465,9.56784894205338,9.47641001278297
