"","cue","log","id","rho","burst","iota_N1","iota_N2","phi_N1","phi_N2","fitness_rho","fitness_beta","fitness_psin","fitness_psiw","fitness_phin","fitness_phiw"
"2875","I","log10",2875,0.45896051,5.64622265,48.9363311,0.79446376,0.0082669,1365.74541,9.54151793499407,9.39737439885698,8.34048862461546,9.6558814381823,9.13305088870513,9.48020851851284
