"","cue","log","id","rho","burst","iota_N1","iota_N2","phi_N1","phi_N2","fitness_rho","fitness_beta","fitness_psin","fitness_psiw","fitness_phin","fitness_phiw"
"1725","I","log10",1725,0.27761219,3.84478466,23.6874518,0.86986354,0.02250708,203.5869,9.5039495024509,3.21625862302776,9.2658135783317,9.39686385087736,9.56901030811617,9.54356741259866
