"","cue","log","id","rho","burst","iota_N1","iota_N2","phi_N1","phi_N2","fitness_rho","fitness_beta","fitness_psin","fitness_psiw","fitness_phin","fitness_phiw"
"381","I","log10",381,0.26988381,3.94976974,34.5273788,0.82947898,0.01439243,1460.74304,9.50049004506241,3.63085553717327,8.8521672655549,9.54524276755393,9.42671829288562,9.4794605183504
