"","cue","log","id","rho","burst","iota_N1","iota_N2","phi_N1","phi_N2","fitness_rho","fitness_beta","fitness_psin","fitness_psiw","fitness_phin","fitness_phiw"
"1681","I","log10",1681,0.41762705,5.58129578,18.4320176,0.98038309,0.03796136,220.234766,9.5382409063599,9.27728782253767,9.44731973530544,8.9235341918499,9.46048918881345,9.53812696860501
