"","cue","log","id","rho","burst","iota_N1","iota_N2","phi_N1","phi_N2","fitness_rho","fitness_beta","fitness_psin","fitness_psiw","fitness_phin","fitness_phiw"
"3111","I","log10",3111,0.31822869,3.92179645,31.1485403,0.86805927,0.02359417,1418.6906,9.51883382416517,3.51928884078201,8.98086529069489,9.40387806675822,9.57272353867726,9.47977980618768
