"","cue","log","id","rho","burst","iota_N1","iota_N2","phi_N1","phi_N2","fitness_rho","fitness_beta","fitness_psin","fitness_psiw","fitness_phin","fitness_phiw"
"4295","I","log10",4295,0.33333313,4.51917484,47.4938683,1.81104355,0.07299014,18991.9508,9.52314574272428,5.92995274681322,8.38856925433082,5.91490001803329,8.85173537562687,9.4694634352516
