"","cue","log","id","rho","burst","iota_N1","iota_N2","phi_N1","phi_N2","fitness_rho","fitness_beta","fitness_psin","fitness_psiw","fitness_phin","fitness_phiw"
"4944","I","log10",4944,0.33272458,6.15672088,26.2044491,1.94083086,0.03793609,5092.15783,9.52298446222284,7.86781134444478,9.17085558098298,5.60968958876769,9.46084336266654,9.47174831823157
