"","cue","log","id","rho","burst","iota_N1","iota_N2","phi_N1","phi_N2","fitness_rho","fitness_beta","fitness_psin","fitness_psiw","fitness_phin","fitness_phiw"
"2205","I","log10",2205,0.32044758,3.88378677,21.3562787,0.61285153,0.03655219,120.068635,9.51950537391416,3.36889850455555,9.35032845297694,9.62642077716979,9.47975493644345,9.59193395355156
