"","cue","log","id","rho","burst","iota_N1","iota_N2","phi_N1","phi_N2","fitness_rho","fitness_beta","fitness_psin","fitness_psiw","fitness_phin","fitness_phiw"
"1379","I","log10",1379,0.20446717,4.65169655,15.6946058,1.97477613,0.12245244,1125.83713,9.46067100766961,6.43708845440456,9.52169178720975,5.53501732374612,8.05568034912363,9.48265971598392
