"","cue","log","id","rho","burst","iota_N1","iota_N2","phi_N1","phi_N2","fitness_rho","fitness_beta","fitness_psin","fitness_psiw","fitness_phin","fitness_phiw"
"3612","I","log10",3612,0.36995967,5.88607635,10.5738129,2.21492239,0.09257883,43.0469554,9.53136977350776,9.41147594840546,9.56726006197524,5.05867016787427,8.51499646424185,9.76935988979777
