"","cue","log","id","rho","burst","iota_N1","iota_N2","phi_N1","phi_N2","fitness_rho","fitness_beta","fitness_psin","fitness_psiw","fitness_phin","fitness_phiw"
"1018","I","log10",1018,0.4266119,4.8638328,8.78680376,0.46907092,0.03789936,631.984104,9.53913991811564,7.20376172709689,9.52716866398319,8.94682003488169,9.46135754128485,9.4934771402676
