"","cue","log","id","rho","burst","iota_N1","iota_N2","phi_N1","phi_N2","fitness_rho","fitness_beta","fitness_psin","fitness_psiw","fitness_phin","fitness_phiw"
"4848","I","log10",4848,0.40918591,6.04802753,22.0536337,2.04007534,0.05812975,5324.54166,9.53729053469587,8.53600463022735,9.32553649184719,5.39682904450284,9.12040073628346,9.47160973388637
