"","cue","log","id","rho","burst","iota_N1","iota_N2","phi_N1","phi_N2","fitness_rho","fitness_beta","fitness_psin","fitness_psiw","fitness_phin","fitness_phiw"
"1973","I","log10",1973,0.23819935,4.43260837,13.5511505,1.75233354,0.24270618,1854.26983,9.48378877412557,5.58900666933164,9.56094232220689,6.06422251904769,6.69800466426273,9.47717043222656
