"","cue","log","id","rho","burst","iota_N1","iota_N2","phi_N1","phi_N2","fitness_rho","fitness_beta","fitness_psin","fitness_psiw","fitness_phin","fitness_phiw"
"101","I","log10",101,0.16737619,4.5502929,44.892346,2.87443507,0.07063501,1001.10799,9.42704319938849,6.05075738875569,8.47708139138278,4.08865465851546,8.89385801887449,9.48439384383285
