"","cue","log","id","rho","burst","iota_N1","iota_N2","phi_N1","phi_N2","fitness_rho","fitness_beta","fitness_psin","fitness_psiw","fitness_phin","fitness_phiw"
"887","I","log10",887,0.27874864,4.51743169,27.5117294,2.52726176,0.09926275,1976.97958,9.50444094612009,5.92315241181642,9.12077110177992,4.54880884719926,8.40650184719182,9.4766430049871
