"","cue","log","id","rho","burst","iota_N1","iota_N2","phi_N1","phi_N2","fitness_rho","fitness_beta","fitness_psin","fitness_psiw","fitness_phin","fitness_phiw"
"1489","I","log10",1489,0.27005356,5.48025951,14.3055093,0.96578939,0.03720115,271.950081,9.50056746427454,9.05157136788673,9.54961878758133,8.98941536250843,9.47101540822324,9.52533573998318
