"","cue","log","id","rho","burst","iota_N1","iota_N2","phi_N1","phi_N2","fitness_rho","fitness_beta","fitness_psin","fitness_psiw","fitness_phin","fitness_phiw"
"4461","I","log10",4461,0.26035504,3.96190782,19.4304456,1.03893575,0.02172479,72.9117659,9.49591199399768,3.67947923250978,9.41573371416551,8.65547985644564,9.56460187667231,9.66217932922385
