"","cue","log","id","rho","burst","iota_N1","iota_N2","phi_N1","phi_N2","fitness_rho","fitness_beta","fitness_psin","fitness_psiw","fitness_phin","fitness_phiw"
"2996","I","log10",2996,0.29914513,4.08205105,6.61575088,0.72697152,0.09380242,1395.32415,9.51248201767297,4.16589809671414,9.40882788211553,9.79822404206121,8.49488335264773,9.47996622955332
