"","cue","log","id","rho","burst","iota_N1","iota_N2","phi_N1","phi_N2","fitness_rho","fitness_beta","fitness_psin","fitness_psiw","fitness_phin","fitness_phiw"
"1927","I","log10",1927,0.23220813,5.49980836,6.91826847,1.29473851,0.08076713,235.211261,9.4801217890846,9.09808298571988,9.43084886941044,7.54332900501356,8.71489260786418,9.53386660531305
