"","iter","rho","burst","iota_N1","iota_N2","phi_N1","phi_N2","max_fitness_rho","max_fitness_beta","max_fitness_psin","max_fitness_psiw","max_fitness_phin","max_fitness_phiw","id"
"103",103,0.33529636,5.50230557,9.30045474,0.83978033,0.02855062,1723.87015,9.52366499219281,9.10393791988779,9.54315653403436,9.50925079731355,9.56121006677109,9.47781668452803,"I_log"
