"","cue","log","id","rho","burst","iota_N1","iota_N2","phi_N1","phi_N2","fitness_rho","fitness_beta","fitness_psin","fitness_psiw","fitness_phin","fitness_phiw"
"1745","I","log10",1745,0.30480982,4.64125253,5.78616019,1.91757955,0.44681578,1794.63489,9.51447833349495,6.39784926841757,9.33841608748578,5.66201730073143,5.26884081854801,9.477455144178
