"","cue","log","id","rho","burst","iota_N1","iota_N2","phi_N1","phi_N2","fitness_rho","fitness_beta","fitness_psin","fitness_psiw","fitness_phin","fitness_phiw"
"2213","I","log10",2213,0.31001367,4.48286899,12.5200209,2.09093292,0.23132321,387.601359,9.516230098308,5.78779276123338,9.57095061548429,5.29390260194855,6.80285159170775,9.5087961973129
