"","cue","log","id","rho","burst","iota_N1","iota_N2","phi_N1","phi_N2","fitness_rho","fitness_beta","fitness_psin","fitness_psiw","fitness_phin","fitness_phiw"
"990","I","log10",990,0.40283259,6.18558078,17.2658351,1.93461911,0.05566436,1032.70165,9.53650548305121,7.72149171902101,9.48153573109174,5.62357240444771,9.16501197463964,9.48391329478816
