"","cue","log","id","rho","burst","iota_N1","iota_N2","phi_N1","phi_N2","fitness_rho","fitness_beta","fitness_psin","fitness_psiw","fitness_phin","fitness_phiw"
"2461","I","log10",2461,0.26997252,5.48334679,1.3983338,1.13522617,0.31442184,277.695171,9.50053079803174,9.05899410985872,8.79509883024902,8.21738489534183,6.11165971050263,9.52420028534091
