"","cue","log","id","rho","burst","iota_N1","iota_N2","phi_N1","phi_N2","fitness_rho","fitness_beta","fitness_psin","fitness_psiw","fitness_phin","fitness_phiw"
"4163","I","log10",4163,0.2545366,4.57257108,21.1275208,2.29934601,0.15451346,2639.95586,9.49293665858916,6.13662270665259,9.35834847304185,4.91005756138455,7.62864398808233,9.47463561826472
