"","cue","log","id","rho","burst","iota_N1","iota_N2","phi_N1","phi_N2","fitness_rho","fitness_beta","fitness_psin","fitness_psiw","fitness_phin","fitness_phiw"
"4748","I","log10",4748,0.2906774,3.93971757,4.56283085,0.82612278,0.14514319,1343.66855,9.50931205642636,3.59068371153748,9.20857751229642,9.55666312441516,7.74725379207848,9.48039867733379
