"","cue","log","id","rho","burst","iota_N1","iota_N2","phi_N1","phi_N2","fitness_rho","fitness_beta","fitness_psin","fitness_psiw","fitness_phin","fitness_phiw"
"2633","I","log10",2633,0.19756536,4.63768061,240.67841,2.61355259,0.01127332,246.169223,9.45513173495849,6.38439731489586,4.95005665150257,4.42530157637639,9.29819384102855,9.53106507401218
