"","cue","log","id","rho","burst","iota_N1","iota_N2","phi_N1","phi_N2","fitness_rho","fitness_beta","fitness_psin","fitness_psiw","fitness_phin","fitness_phiw"
"471","I","log10",471,0.24247145,3.97711467,10.1713151,0.87308681,0.02946164,2227.5316,9.48629790880368,3.74055877222654,9.56181002277689,9.38425480702047,9.5550922296034,9.47574450517306
