"","cue","log","id","rho","burst","iota_N1","iota_N2","phi_N1","phi_N2","fitness_rho","fitness_beta","fitness_psin","fitness_psiw","fitness_phin","fitness_phiw"
"3902","I","log10",3902,0.24468,4.03450866,9.9397526,0.79457018,0.10437783,143.419269,9.48756010740319,3.97248908386581,9.55781077730469,9.65557728181658,8.32575248270742,9.57309813149189
