"","cue","log","id","rho","burst","iota_N1","iota_N2","phi_N1","phi_N2","fitness_rho","fitness_beta","fitness_psin","fitness_psiw","fitness_phin","fitness_phiw"
"559","I","log10",559,0.20236309,5.3952392,36.4390683,1.21316881,0.01091843,1112.72805,9.45901478455067,8.83716744947383,8.78049619875167,7.87785933638912,9.28063393242596,9.48282316507197
