"","cue","log","id","rho","burst","iota_N1","iota_N2","phi_N1","phi_N2","fitness_rho","fitness_beta","fitness_psin","fitness_psiw","fitness_phin","fitness_phiw"
"2024","I","log10",2024,0.28157649,4.00167984,38.2792013,0.87527413,0.02516022,423.261268,9.50563706454424,3.83957139660995,8.71248080784569,9.37563998966817,9.57367606358587,9.50548059473348
