"","cue","log","id","rho","burst","iota_N1","iota_N2","phi_N1","phi_N2","fitness_rho","fitness_beta","fitness_psin","fitness_psiw","fitness_phin","fitness_phiw"
"3768","I","log10",3768,0.45316156,6.11010691,42.4661756,1.94387967,0.02012326,1698.95775,9.5411830199435,8.13147488346496,8.56172926209209,5.60289923299117,9.55045574750264,9.47794917182791
