"","cue","log","id","rho","burst","iota_N1","iota_N2","phi_N1","phi_N2","fitness_rho","fitness_beta","fitness_psin","fitness_psiw","fitness_phin","fitness_phiw"
"4497","I","log10",4497,0.40026135,3.84956491,18.6345233,0.72862247,0.03032092,259.27712,9.53616947161642,3.23486813545053,9.44106873368048,9.79623128019404,9.54842026104826,9.52801400752407
