"","cue","log","id","rho","burst","iota_N1","iota_N2","phi_N1","phi_N2","fitness_rho","fitness_beta","fitness_psin","fitness_psiw","fitness_phin","fitness_phiw"
"1296","I","log10",1296,0.3629259,6.15055258,36.4169303,1.88661966,0.02816823,185.906115,9.53001174346326,7.90068197276596,8.7813209307182,5.73323959300743,9.56346758490743,9.55035794423135
