"","cue","log","id","rho","burst","iota_N1","iota_N2","phi_N1","phi_N2","fitness_rho","fitness_beta","fitness_psin","fitness_psiw","fitness_phin","fitness_phiw"
"749","I","log10",749,0.17128675,4.6087336,49.1715456,2.10419707,0.03875957,2374.9269,9.43106965188456,6.27484306909543,8.33271560094282,5.26770643673297,9.44911476778644,9.4753048210113
