"","cue","log","id","rho","burst","iota_N1","iota_N2","phi_N1","phi_N2","fitness_rho","fitness_beta","fitness_psin","fitness_psiw","fitness_phin","fitness_phiw"
"820","I","log10",820,0.34216038,4.84618132,16.2421196,0.51577819,0.00671927,115.084326,9.52540248585562,7.142284079027,9.50859636222636,9.13687054414765,9.0370397190624,9.59686592529833
