"","cue","log","id","rho","burst","iota_N1","iota_N2","phi_N1","phi_N2","fitness_rho","fitness_beta","fitness_psin","fitness_psiw","fitness_phin","fitness_phiw"
"24","I","log10",24,0.55540904,5.88213474,35.583306,1.77822473,0.03262709,219.45284,9.54252235808281,9.4217595014441,8.81245612887022,5.99744849385788,9.52673305146414,9.53836497798552
