"","cue","log","id","rho","burst","iota_N1","iota_N2","phi_N1","phi_N2","fitness_rho","fitness_beta","fitness_psin","fitness_psiw","fitness_phin","fitness_phiw"
"3438","I","log10",3438,0.39288366,6.12396159,54.6613918,1.87263903,0.01448303,250.904794,9.53514721885708,8.04934816582234,8.15652819158852,5.76599349165235,9.42975073757413,9.52992761754526
