"","cue","log","id","rho","burst","iota_N1","iota_N2","phi_N1","phi_N2","fitness_rho","fitness_beta","fitness_psin","fitness_psiw","fitness_phin","fitness_phiw"
"2889","I","log10",2889,0.29606167,3.92811604,453.19238,0.854923,0.00092038,7735.21687,9.51135412875423,3.54442895328767,3.36476401034987,9.45394166286916,8.67398193447688,9.47068110128969
