"","cue","log","id","rho","burst","iota_N1","iota_N2","phi_N1","phi_N2","fitness_rho","fitness_beta","fitness_psin","fitness_psiw","fitness_phin","fitness_phiw"
"2786","I","log10",2786,0.32486777,3.82540442,153.786173,0.77260241,0.00345713,1142.74412,9.52080136551101,3.14111046755419,6.04114774101195,9.71391716481011,8.82842396636625,9.4824545625334
