"","cue","log","id","rho","burst","iota_N1","iota_N2","phi_N1","phi_N2","fitness_rho","fitness_beta","fitness_psin","fitness_psiw","fitness_phin","fitness_phiw"
"4766","I","log10",4766,0.30569393,3.9715012,5.31051682,0.93284089,0.19076775,1145.79773,9.51478204785659,3.71798295305052,9.29145301084397,9.13540400396752,7.20997736101711,9.48241856931928
