"","cue","log","id","rho","burst","iota_N1","iota_N2","phi_N1","phi_N2","fitness_rho","fitness_beta","fitness_psin","fitness_psiw","fitness_phin","fitness_phiw"
"4049","I","log10",4049,0.20641936,4.49203461,105.193689,2.21698215,0.02226281,4317.04217,9.46218112613104,5.82379691236251,6.89318588101809,5.05493809658011,9.56779603795409,9.47230564732261
