"","cue","log","id","rho","burst","iota_N1","iota_N2","phi_N1","phi_N2","fitness_rho","fitness_beta","fitness_psin","fitness_psiw","fitness_phin","fitness_phiw"
"855","I","log10",855,0.29540308,3.89551285,6.77701964,0.83335131,0.11043645,1336.86611,9.5111093710802,3.41513302865877,9.42080887075063,9.53187874785781,8.23262225703213,9.48045832925812
