"","cue","log","id","rho","burst","iota_N1","iota_N2","phi_N1","phi_N2","fitness_rho","fitness_beta","fitness_psin","fitness_psiw","fitness_phin","fitness_phiw"
"2670","I","none",2670,0.44746677,5.93532187,19.42746,2.1208161,0.07306519,127.06708,8.37287011086608,6.47808849966193,8.40471654228086,4.92781250890878,7.92680576207949,8.58647432373084
