"","cue","log","id","rho","burst","iota_N1","iota_N2","phi_N1","phi_N2","fitness_rho","fitness_beta","fitness_psin","fitness_psiw","fitness_phin","fitness_phiw"
"2504","I","none",2504,0.231471,4.08458508,15.1423998,0.97793728,0.03540678,1308.8372,8.4783422542603,4.02996303351289,8.49086703807785,7.90481434106226,8.49744467231449,8.48298105263951
