"","cue","log","id","rho","burst","iota_N1","iota_N2","phi_N1","phi_N2","fitness_rho","fitness_beta","fitness_psin","fitness_psiw","fitness_phin","fitness_phiw"
"2789","I","none",2789,0.17170714,4.57870954,476.550504,2.19119892,0.00327925,1919.57623,8.4125649422732,6.26461942061993,3.16219958071962,4.81585399118786,5.92791695610626,8.4790753000207
