"","cue","log","id","rho","burst","iota_N1","iota_N2","phi_N1","phi_N2","fitness_rho","fitness_beta","fitness_psin","fitness_psiw","fitness_phin","fitness_phiw"
"3249","I","none",3249,0.34730075,3.81210134,9.61049517,0.76357457,0.06131634,228.383498,8.506495822602,2.36252344007692,6.73751571407065,7.93041274332658,8.07418075228626,8.53835544095736
