"","cue","log","id","rho","burst","iota_N1","iota_N2","phi_N1","phi_N2","fitness_rho","fitness_beta","fitness_psin","fitness_psiw","fitness_phin","fitness_phiw"
"3183","I","none",3183,0.23019532,3.87906357,19.7203396,0.91573839,0.02239844,1406.66074,8.47727953954702,2.78478153576466,8.39313897984497,8.18308169015329,6.93344572077075,8.4821308419791
