"","cue","log","id","rho","burst","iota_N1","iota_N2","phi_N1","phi_N2","fitness_rho","fitness_beta","fitness_psin","fitness_psiw","fitness_phin","fitness_phiw"
"3818","I","none",3818,0.26048367,3.98775558,46.5309343,0.86971222,0.01097567,902.390869,8.49841263769778,3.45978036602058,7.66921933599158,8.39180835185757,6.21719516147865,8.48847530366391
