"","cue","log","id","rho","burst","iota_N1","iota_N2","phi_N1","phi_N2","fitness_rho","fitness_beta","fitness_psin","fitness_psiw","fitness_phin","fitness_phiw"
"2321","I","none",2321,0.25125163,4.6219533,26.771549,1.91751874,0.09355167,389.957684,8.49288352832323,6.40847109839616,8.14329359720828,5.28052752752319,7.70751580782354,8.51121757754055
