"","cue","log","id","rho","burst","iota_N1","iota_N2","phi_N1","phi_N2","fitness_rho","fitness_beta","fitness_psin","fitness_psiw","fitness_phin","fitness_phiw"
"1417","I","none",1417,0.31914875,5.44836398,9.9694803,0.93899683,0.05688588,1951.48171,8.51335779723438,8.13190477465115,6.80117545655363,8.07724871607031,8.13646231364701,8.47893875111314
