"","cue","log","id","rho","burst","iota_N1","iota_N2","phi_N1","phi_N2","fitness_rho","fitness_beta","fitness_psin","fitness_psiw","fitness_phin","fitness_phiw"
"13","I","none",13,0.29623083,5.46249213,10.0977046,1.14624113,0.05497504,369.250084,8.51187622250229,8.15148479727879,6.82461930329158,7.24373934408471,8.16478870368634,8.51341906659365
