"","cue","log","id","rho","burst","iota_N1","iota_N2","phi_N1","phi_N2","fitness_rho","fitness_beta","fitness_psin","fitness_psiw","fitness_phin","fitness_phiw"
"1275","I","none",1275,0.25577496,3.94614379,75.264068,0.77176398,0.00629656,1264.77065,8.49569439476548,3.20456628468942,7.14838476496317,8.16597003089242,6.02689784821899,8.48340899902871
