"","cue","log","id","rho","burst","iota_N1","iota_N2","phi_N1","phi_N2","fitness_rho","fitness_beta","fitness_psin","fitness_psiw","fitness_phin","fitness_phiw"
"495","I","none",495,0.32547601,3.92564675,23.6850217,0.6397886,0.02599165,413.530033,8.51268951640143,3.07716344848311,8.24426478254763,6.7387212097416,7.42333997338898,8.50897293208236
