"","cue","log","id","rho","burst","iota_N1","iota_N2","phi_N1","phi_N2","fitness_rho","fitness_beta","fitness_psin","fitness_psiw","fitness_phin","fitness_phiw"
"1217","I","none",1217,0.19702645,4.75251951,25.6227052,1.75350253,0.04689446,2856.92951,8.4444438762114,6.8005818321999,8.17941900884518,5.6024703587589,8.2964058553259,8.47631765999735
