"","cue","log","id","rho","burst","iota_N1","iota_N2","phi_N1","phi_N2","fitness_rho","fitness_beta","fitness_psin","fitness_psiw","fitness_phin","fitness_phiw"
"1498","I","none",1498,0.38335796,4.68692412,1.06547535,0.41313879,0.6097558,869.364999,8.48117073665803,6.61122706519104,5.89784093563554,6.13839026707752,4.50566829643643,8.48914488216375
