"","cue","log","id","rho","burst","iota_N1","iota_N2","phi_N1","phi_N2","fitness_rho","fitness_beta","fitness_psin","fitness_psiw","fitness_phin","fitness_phiw"
"2440","I","none",2440,0.38866755,4.75036659,14.2482229,0.48262096,0.01488783,4952.18634,8.47561461201024,6.79459912489852,8.38421353000854,6.26976443176001,6.39635011637122,8.47391557368903
