"","cue","log","id","rho","burst","iota_N1","iota_N2","phi_N1","phi_N2","fitness_rho","fitness_beta","fitness_psin","fitness_psiw","fitness_phin","fitness_phiw"
"496","I","none",496,0.33894234,4.84132112,25.9769052,0.44859432,0.01362033,118.127873,8.50960624244531,7.03421478934992,8.16810884916326,6.19813984276859,6.3359669978702,8.59409593299807
