"","cue","log","id","rho","burst","iota_N1","iota_N2","phi_N1","phi_N2","fitness_rho","fitness_beta","fitness_psin","fitness_psiw","fitness_phin","fitness_phiw"
"267","I","none",267,0.30332994,3.8953075,9.59398437,0.78066234,0.05547996,172.599088,8.51296689737245,2.88707564365594,6.73464815165544,8.37916827625328,8.15721612712066,8.55854007260479
