"","cue","log","id","rho","burst","iota_N1","iota_N2","phi_N1","phi_N2","fitness_rho","fitness_beta","fitness_psin","fitness_psiw","fitness_phin","fitness_phiw"
"400","I","none",400,0.47269957,4.7378147,15.1941304,0.45165723,0.03497459,220.720539,8.2988546136108,6.75941899223765,8.49346079208101,6.20397974463762,8.50191521842852,8.5405646597634
