"","cue","log","id","rho","burst","iota_N1","iota_N2","phi_N1","phi_N2","fitness_rho","fitness_beta","fitness_psin","fitness_psiw","fitness_phin","fitness_phiw"
"1941","I","none",1941,0.35490869,3.98923507,15.220075,0.88387915,0.03462155,3734.64961,8.50281752280435,3.46875702456671,8.49466321435985,8.32869760489849,8.50489993361509,8.47498329951028
