"","cue","log","id","rho","burst","iota_N1","iota_N2","phi_N1","phi_N2","fitness_rho","fitness_beta","fitness_psin","fitness_psiw","fitness_phin","fitness_phiw"
"1270","I","none",1270,0.30123462,4.66494019,19.1587223,0.55748373,0.01653677,1383.74106,8.51270267390125,6.54436666329239,8.41531383285659,6.46658282858322,6.48322712077903,8.48232005153328
