"","cue","log","id","rho","burst","iota_N1","iota_N2","phi_N1","phi_N2","fitness_rho","fitness_beta","fitness_psin","fitness_psiw","fitness_phin","fitness_phiw"
"3047","I","none",3047,0.2056098,4.60440274,34.2038727,1.9719806,0.04709005,560.849151,8.45390456530058,6.35096983378806,7.94037360320443,5.18141786824457,8.29297651402879,8.49911805014966
