"","cue","log","id","rho","burst","iota_N1","iota_N2","phi_N1","phi_N2","fitness_rho","fitness_beta","fitness_psin","fitness_psiw","fitness_phin","fitness_phiw"
"3001","I","none",3001,0.36756932,5.56339173,5.48730644,0.91147461,0.14784132,2240.7153,8.49479417545246,8.29138164431564,6.23897980467634,8.20261479593209,7.22272204964245,8.47787250032031
