"","cue","log","id","rho","burst","iota_N1","iota_N2","phi_N1","phi_N2","fitness_rho","fitness_beta","fitness_psin","fitness_psiw","fitness_phin","fitness_phiw"
"2162","I","none",2162,0.21644622,3.99135078,4.07218613,0.95016336,0.10921021,40.1375843,8.46488794980684,3.48157876864822,6.11222054870409,8.02710247763184,7.55786469020083,8.70576735562295
