"","cue","log","id","rho","burst","iota_N1","iota_N2","phi_N1","phi_N2","fitness_rho","fitness_beta","fitness_psin","fitness_psiw","fitness_phin","fitness_phiw"
"1360","I","none",1360,0.37664766,4.70844607,12.9217964,0.50175911,0.02320159,472.100181,8.48747901914693,6.67500429087118,7.71227882888592,6.31619584064005,7.01625852979259,8.50433815121457
