"","cue","log","id","rho","burst","iota_N1","iota_N2","phi_N1","phi_N2","fitness_rho","fitness_beta","fitness_psin","fitness_psiw","fitness_phin","fitness_phiw"
"2748","I","none",2748,0.5031116,6.04666952,5.11895464,1.99658451,0.26125654,2503.3172,8.1788793952509,5.95078551408015,6.20506472061679,5.13780390658071,6.3755952044001,8.47711501391786
