"","cue","log","id","rho","burst","iota_N1","iota_N2","phi_N1","phi_N2","fitness_rho","fitness_beta","fitness_psin","fitness_psiw","fitness_phin","fitness_phiw"
"1711","I","none",1711,0.29438795,5.58546142,19.5723969,0.93430762,0.03012214,639.769237,8.51150549313812,8.32236821128815,8.39898912367867,8.09845346958628,8.39528012604871,8.49566797184653
