"","cue","log","id","rho","burst","iota_N1","iota_N2","phi_N1","phi_N2","fitness_rho","fitness_beta","fitness_psin","fitness_psiw","fitness_phin","fitness_phiw"
"1078","I","none",1078,0.35096255,4.81296784,7.74041739,0.50701015,0.04304468,26.2731867,8.50483000082449,6.96232245957533,6.46543503910235,6.32957041494998,8.36615897410342,8.4618485670039
