"","cue","log","id","rho","burst","iota_N1","iota_N2","phi_N1","phi_N2","fitness_rho","fitness_beta","fitness_psin","fitness_psiw","fitness_phin","fitness_phiw"
"2477","I","none",2477,0.23729073,4.73250141,12.4451472,1.95577363,0.20046544,294.826614,8.48299982759755,6.74436601876834,7.46153698128004,5.21053874279447,6.81013479354498,8.52376469374707
