"","cue","log","id","rho","burst","iota_N1","iota_N2","phi_N1","phi_N2","fitness_rho","fitness_beta","fitness_psin","fitness_psiw","fitness_phin","fitness_phiw"
"2568","I","none",2568,0.35578266,6.01737154,34.1285417,2.0290015,0.03151108,2864.92517,8.50234202377576,6.06414110921467,7.94222645185912,5.08139757265698,8.47934386742179,8.4762996210787
