"","cue","log","id","rho","burst","iota_N1","iota_N2","phi_N1","phi_N2","fitness_rho","fitness_beta","fitness_psin","fitness_psiw","fitness_phin","fitness_phiw"
"2252","I","none",2252,0.28033988,4.07784055,12.7700631,0.79597813,0.05207323,77.2904663,8.50749090060638,3.99149260680049,7.62219087008183,8.54151465082936,8.20975088006734,8.64513037080858
