"","cue","log","id","rho","burst","iota_N1","iota_N2","phi_N1","phi_N2","fitness_rho","fitness_beta","fitness_psin","fitness_psiw","fitness_phin","fitness_phiw"
"4212","I","none",4212,0.38274326,6.11024974,53.4680032,2.11401693,0.0147662,154.812295,8.4817843331691,5.74292222592112,7.53420729844417,4.93888751084205,6.39038413672451,8.56772018069281
