"","cue","log","id","rho","burst","iota_N1","iota_N2","phi_N1","phi_N2","fitness_rho","fitness_beta","fitness_psin","fitness_psiw","fitness_phin","fitness_phiw"
"2565","I","none",2565,0.2416494,3.925749,38.9548835,0.87467825,0.01015053,139.015601,8.48627976148122,3.07780191123476,7.8293048719147,8.36993028662653,6.18143600220481,8.57759832382116
