"","cue","log","id","rho","burst","iota_N1","iota_N2","phi_N1","phi_N2","fitness_rho","fitness_beta","fitness_psin","fitness_psiw","fitness_phin","fitness_phiw"
"3625","I","none",3625,0.29900948,5.5571417,17.3349571,1.18745979,0.04539707,252.111834,8.5123677119833,8.28264331480401,8.48222118956629,7.10042069529466,8.32304797143153,8.53231071461006
