"","cue","log","id","rho","burst","iota_N1","iota_N2","phi_N1","phi_N2","fitness_rho","fitness_beta","fitness_psin","fitness_psiw","fitness_phin","fitness_phiw"
"4854","I","none",4854,0.37112464,6.10394478,56.589231,1.67525794,0.0117186,646.560308,8.49208960796739,5.76320912249415,7.47594699506636,5.77002746935752,6.24990806397047,8.49541076579892
