"","cue","log","id","rho","burst","iota_N1","iota_N2","phi_N1","phi_N2","fitness_rho","fitness_beta","fitness_psin","fitness_psiw","fitness_phin","fitness_phiw"
"1670","I","none",1670,0.32346153,3.95463248,25.5401344,0.62557138,0.02393272,288.79313,8.51295674077745,3.25702989187947,8.18207966216685,6.67941638024369,7.10330445510589,8.52482535681887
