"","cue","log","id","rho","burst","iota_N1","iota_N2","phi_N1","phi_N2","fitness_rho","fitness_beta","fitness_psin","fitness_psiw","fitness_phin","fitness_phiw"
"3044","I","none",3044,0.25625095,4.11835275,26.9046004,0.75149172,0.01475125,222.241614,8.49597684689553,4.21951921586501,8.13921020680659,7.66078546808659,6.38965489568378,8.540113666295
