"","cue","log","id","rho","burst","iota_N1","iota_N2","phi_N1","phi_N2","fitness_rho","fitness_beta","fitness_psin","fitness_psiw","fitness_phin","fitness_phiw"
"3281","I","none",3281,0.18083428,4.61055769,35.335765,2.16392106,0.05802794,125.967527,8.42474587316283,6.37127106375348,7.91291892990105,4.85867896606752,8.11997169606041,8.58736148288037
