"","cue","log","id","rho","burst","iota_N1","iota_N2","phi_N1","phi_N2","fitness_rho","fitness_beta","fitness_psin","fitness_psiw","fitness_phin","fitness_phiw"
"3663","I","none",3663,0.25312934,3.73173446,66.0341751,0.7634288,0.00946883,425.401363,8.49407118368246,1.86678735144632,7.30647713179616,7.92646893563162,6.15242261967669,8.50793480792734
