"","cue","log","id","rho","burst","iota_N1","iota_N2","phi_N1","phi_N2","fitness_rho","fitness_beta","fitness_psin","fitness_psiw","fitness_phin","fitness_phiw"
"4175","I","none",4175,0.17393682,4.70955293,34.4536165,2.24187062,0.05750599,11898.084,8.4156139349568,6.67823873786957,7.93425603583493,4.73813355071858,8.12746876141067,8.47199751983276
