"","cue","log","id","rho","burst","iota_N1","iota_N2","phi_N1","phi_N2","fitness_rho","fitness_beta","fitness_psin","fitness_psiw","fitness_phin","fitness_phiw"
"214","I","none",214,0.42468531,4.99674811,56.0223422,0.45364796,0.00445813,203.397773,8.4227323376025,7.38744645611086,7.48643192662079,6.20783495756866,5.96403138247866,8.54613117986382
