"","cue","log","id","rho","burst","iota_N1","iota_N2","phi_N1","phi_N2","fitness_rho","fitness_beta","fitness_psin","fitness_psiw","fitness_phin","fitness_phiw"
"4873","I","none",4873,0.26809289,5.63005302,14.3583651,1.15065299,0.03097414,926.173685,8.50234932609828,8.3854086178815,8.40631768369429,7.22808792025769,8.45630580753575,8.48802268787534
