"","cue","log","id","rho","burst","iota_N1","iota_N2","phi_N1","phi_N2","fitness_rho","fitness_beta","fitness_psin","fitness_psiw","fitness_phin","fitness_phiw"
"4262","I","none",4262,0.33343153,4.05589817,8.72833667,0.69686157,0.07725986,780.648203,8.51115204267541,3.86496994789332,6.59520901129142,7.06855149138877,7.87882638033419,8.49121889012449
