"","cue","log","id","rho","burst","iota_N1","iota_N2","phi_N1","phi_N2","fitness_rho","fitness_beta","fitness_psin","fitness_psiw","fitness_phin","fitness_phiw"
"2338","I","none",2338,0.39492167,4.75239725,11.5244037,0.57126707,0.03426508,1305.867,8.46839117263588,6.8002419617422,7.1426320158194,6.50578889544183,8.50719019245659,8.48301163880619
