"","cue","log","id","rho","burst","iota_N1","iota_N2","phi_N1","phi_N2","fitness_rho","fitness_beta","fitness_psin","fitness_psiw","fitness_phin","fitness_phiw"
"1829","I","none",1829,0.21364572,4.63378585,43.9611722,2.05657882,0.04816361,81.7805581,8.46215284635345,6.44657141874385,7.72171522503114,5.0343284000094,8.27437289353931,8.63781281755731
