"","cue","log","id","rho","burst","iota_N1","iota_N2","phi_N1","phi_N2","fitness_rho","fitness_beta","fitness_psin","fitness_psiw","fitness_phin","fitness_phiw"
"2317","I","none",2317,0.28347577,5.58957288,12.9902518,1.20189605,0.03762181,16869.6588,8.50856439271387,8.32816137950428,7.75598235382288,7.05170280316979,8.46541742868325,8.47159495386826
