"","cue","log","id","rho","burst","iota_N1","iota_N2","phi_N1","phi_N2","fitness_rho","fitness_beta","fitness_psin","fitness_psiw","fitness_phin","fitness_phiw"
"3328","I","none",3328,0.32973848,4.65468338,12.0590466,0.49981242,0.02742876,624.692868,8.51196405012261,6.51257070612689,7.31290379497398,6.31130363254099,7.78252529872938,8.49626063788194
