"","cue","log","id","rho","burst","iota_N1","iota_N2","phi_N1","phi_N2","fitness_rho","fitness_beta","fitness_psin","fitness_psiw","fitness_phin","fitness_phiw"
"4984","I","none",4984,0.3452255,4.76205778,5.27726489,0.45876456,0.04642078,198.960892,8.5073582909698,6.82689042958001,6.21957399230781,6.21798471230183,8.30475755448789,8.54770010257167
