"","cue","log","id","rho","burst","iota_N1","iota_N2","phi_N1","phi_N2","fitness_rho","fitness_beta","fitness_psin","fitness_psiw","fitness_phin","fitness_phiw"
"4358","I","none",4358,0.29021669,3.99053892,69.652268,0.7716465,0.01078563,167.816617,8.51052828322735,3.47666063143835,7.2437411246486,8.1625989533247,6.2089034058542,8.56083634825774
