"","cue","log","id","rho","burst","iota_N1","iota_N2","phi_N1","phi_N2","fitness_rho","fitness_beta","fitness_psin","fitness_psiw","fitness_phin","fitness_phiw"
"1791","I","none",1791,0.32613462,3.98806242,33.9649465,0.74926848,0.0174192,250.721691,8.51259458012354,3.46164236156625,7.94626037820313,7.62280860751481,6.53615047278174,8.53263564064357
