"","cue","log","id","rho","burst","iota_N1","iota_N2","phi_N1","phi_N2","fitness_rho","fitness_beta","fitness_psin","fitness_psiw","fitness_phin","fitness_phiw"
"1496","I","none",1496,0.31275128,4.0035123,1.01107389,0.80952727,0.45205509,202.088953,8.51354629134848,3.5550008699432,5.8947649595633,8.57262100708213,5.23755643374078,8.54658773764015
