"","cue","log","id","rho","burst","iota_N1","iota_N2","phi_N1","phi_N2","fitness_rho","fitness_beta","fitness_psin","fitness_psiw","fitness_phin","fitness_phiw"
"3326","I","none",3326,0.27555645,4.06576973,15.1798777,0.79318964,0.03403866,542.277181,8.5056591128924,3.922145086785,8.49276964330251,8.52551291481246,8.50820794368961,8.50007159658888
