"","cue","log","id","rho","burst","iota_N1","iota_N2","phi_N1","phi_N2","fitness_rho","fitness_beta","fitness_psin","fitness_psiw","fitness_phin","fitness_phiw"
"3235","I","none",3235,0.2852142,5.58465879,3.65303999,1.2112038,0.12426432,38.907789,8.5091159450484,8.32123836400732,6.07704649452659,7.02068085577731,7.42273774906566,8.70396706125143
