"","cue","log","id","rho","burst","iota_N1","iota_N2","phi_N1","phi_N2","fitness_rho","fitness_beta","fitness_psin","fitness_psiw","fitness_phin","fitness_phiw"
"2456","I","none",2456,0.33897407,4.04789816,2.68839364,0.87236246,0.46280221,1253.56205,8.50959730733994,3.81833326303908,6.00220007865943,8.38017510985091,5.18229019089551,8.48352346645399
