"","cue","log","id","rho","burst","iota_N1","iota_N2","phi_N1","phi_N2","fitness_rho","fitness_beta","fitness_psin","fitness_psiw","fitness_phin","fitness_phiw"
"2738","I","none",2738,0.29607746,4.02819276,129.675279,0.73291597,0.00827414,97.6284582,8.51184648231476,3.70235916711986,6.31053750611064,7.39450524637886,6.10304261019422,8.61574132542636
