"","cue","log","id","rho","burst","iota_N1","iota_N2","phi_N1","phi_N2","fitness_rho","fitness_beta","fitness_psin","fitness_psiw","fitness_phin","fitness_phiw"
"2846","I","none",2846,0.30730279,4.03305521,10.5200563,0.69460602,0.06995167,1324.47123,8.51333359129568,3.7311219232539,6.90509127534569,7.05327716209531,7.96380163851293,8.48283920704901
