"","cue","log","id","rho","burst","iota_N1","iota_N2","phi_N1","phi_N2","fitness_rho","fitness_beta","fitness_psin","fitness_psiw","fitness_phin","fitness_phiw"
"2745","I","none",2745,0.18989578,3.85197253,22.1673853,0.85649528,0.01567655,204.233369,8.43606792022488,2.61379320804868,8.298809048969,8.4479789348628,6.43631886548916,8.54584263142072
