"","cue","log","id","rho","burst","iota_N1","iota_N2","phi_N1","phi_N2","fitness_rho","fitness_beta","fitness_psin","fitness_psiw","fitness_phin","fitness_phiw"
"4685","I","none",4685,0.24490609,4.59862827,5.096029,1.93837261,0.61591767,78.3159306,8.48861635643441,6.33178977832748,6.20297137093501,5.24215248277998,4.48024784089354,8.64341283335259
