"","cue","log","id","rho","burst","iota_N1","iota_N2","phi_N1","phi_N2","fitness_rho","fitness_beta","fitness_psin","fitness_psiw","fitness_phin","fitness_phiw"
"356","I","none",356,0.37738182,3.96019777,46.2455161,0.75812205,0.02588042,113.969228,8.48682653239997,3.29131831102234,7.67497438400338,7.79441092774211,7.40242966446242,8.59797852032077
