"","cue","log","id","rho","burst","iota_N1","iota_N2","phi_N1","phi_N2","fitness_rho","fitness_beta","fitness_psin","fitness_psiw","fitness_phin","fitness_phiw"
"2227","I","none",2227,0.37463694,5.65211388,3.91642413,0.94253806,0.08652785,78.8265879,8.48921810628717,8.41640096378813,6.09898926192284,8.06129234370695,7.77890510154838,8.64256792635426
