"","cue","log","id","rho","burst","iota_N1","iota_N2","phi_N1","phi_N2","fitness_rho","fitness_beta","fitness_psin","fitness_psiw","fitness_phin","fitness_phiw"
"554","I","none",554,0.43280451,3.96602119,35.6704553,0.57153162,0.0323402,420.658235,8.40661513134498,3.32710793837193,7.9049288330972,6.50656243931336,8.49987425479805,8.50834141676444
