"","cue","log","id","rho","burst","iota_N1","iota_N2","phi_N1","phi_N2","fitness_rho","fitness_beta","fitness_psin","fitness_psiw","fitness_phin","fitness_phiw"
"2773","I","none",2773,0.36881848,5.62511552,36.9839652,1.13094017,0.0122728,225.658772,8.49387048262337,8.37842558107372,7.87411150376699,7.29861269396375,6.27461147056977,8.53912401325939
