"","cue","log","id","rho","burst","iota_N1","iota_N2","phi_N1","phi_N2","fitness_rho","fitness_beta","fitness_psin","fitness_psiw","fitness_phin","fitness_phiw"
"301","I","none",301,0.30865057,5.53487306,53.9161143,1.10353505,0.0121277,62.8549542,8.51341645406849,8.25162730614486,7.52575907483607,7.39928853178799,6.26812017984502,8.67208527685508
