"","cue","log","id","rho","burst","iota_N1","iota_N2","phi_N1","phi_N2","fitness_rho","fitness_beta","fitness_psin","fitness_psiw","fitness_phin","fitness_phiw"
"963","I","none",963,0.3803062,3.97509334,7.34481835,0.74651584,0.087451,60.5421281,8.48414017633411,3.38266482765903,6.42121111044552,7.5791993417771,7.76933551714877,8.67681003468132
