"","cue","log","id","rho","burst","iota_N1","iota_N2","phi_N1","phi_N2","fitness_rho","fitness_beta","fitness_psin","fitness_psiw","fitness_phin","fitness_phiw"
"359","I","none",359,0.17835098,4.48126065,150.693499,2.85656622,0.02795642,33.1329609,8.42151031802411,5.91262300316795,6.02062275686094,3.9487311365231,7.95328852849198,8.67107350299466
