"","cue","log","id","rho","burst","iota_N1","iota_N2","phi_N1","phi_N2","fitness_rho","fitness_beta","fitness_psin","fitness_psiw","fitness_phin","fitness_phiw"
"1811","I","none",1811,0.21217744,4.54805152,28.6143294,2.00299339,0.06792264,683.389551,8.46068971176819,6.15812985936908,8.08847406373293,5.12655812067467,7.98863237344284,8.49409701409069
