"","cue","log","id","rho","burst","iota_N1","iota_N2","phi_N1","phi_N2","fitness_rho","fitness_beta","fitness_psin","fitness_psiw","fitness_phin","fitness_phiw"
"1483","I","none",1483,0.27110926,5.61539441,8.40322819,1.09067156,0.0794849,1117.66226,8.50375578459827,8.36466573763579,6.54898422271887,7.4476456742922,7.85413677438666,8.48507461395612
