"","cue","log","id","rho","burst","iota_N1","iota_N2","phi_N1","phi_N2","fitness_rho","fitness_beta","fitness_psin","fitness_psiw","fitness_phin","fitness_phiw"
"3542","I","none",3542,0.34303922,3.96632374,8.6548917,0.610565,0.14833918,249.379676,8.50820368452384,3.32896441657116,6.5844503981349,6.62565085866949,7.21861879808556,8.53295238897432
