"","cue","log","id","rho","burst","iota_N1","iota_N2","phi_N1","phi_N2","fitness_rho","fitness_beta","fitness_psin","fitness_psiw","fitness_phin","fitness_phiw"
"2053","I","none",2053,0.30154006,5.3801949,10.7909391,1.17929827,0.07166699,208.604456,8.51274264375436,8.03627608981656,6.96072480909631,7.12829383050754,7.94326090613166,8.5443677385737
