"","cue","log","id","rho","burst","iota_N1","iota_N2","phi_N1","phi_N2","fitness_rho","fitness_beta","fitness_psin","fitness_psiw","fitness_phin","fitness_phiw"
"2741","I","none",2741,0.19778747,4.65578685,47.1645845,2.36161341,0.05174482,137.75063,8.44530922471534,6.51600936966797,7.65650938311134,4.56331714129261,8.21499539776207,8.5784758114559
