"","cue","log","id","rho","burst","iota_N1","iota_N2","phi_N1","phi_N2","fitness_rho","fitness_beta","fitness_psin","fitness_psiw","fitness_phin","fitness_phiw"
"2976","I","none",2976,0.41069907,6.12661824,32.9841331,1.69699241,0.02105148,271.070299,8.44664808574761,5.6903616399736,7.97078876961911,5.72249568871646,6.81126948506236,8.52820300953816
