"","cue","log","id","rho","burst","iota_N1","iota_N2","phi_N1","phi_N2","fitness_rho","fitness_beta","fitness_psin","fitness_psiw","fitness_phin","fitness_phiw"
"2131","I","none",2131,0.28728738,5.63647151,12.1284234,0.9178519,0.03973199,898.15667,8.50973299505061,8.394469856714,7.33748838550814,8.17340664873242,8.42796164718394,8.48855854043456
