"","cue","log","id","rho","burst","iota_N1","iota_N2","phi_N1","phi_N2","fitness_rho","fitness_beta","fitness_psin","fitness_psiw","fitness_phin","fitness_phiw"
"594","I","none",594,0.47342466,6.30674466,140.869648,1.5563429,0.00552729,167.248725,8.2964028877915,5.25437830276162,6.15401079586863,6.04476188260327,5.99960070544908,8.56111611824254
