"","cue","log","id","rho","burst","iota_N1","iota_N2","phi_N1","phi_N2","fitness_rho","fitness_beta","fitness_psin","fitness_psiw","fitness_phin","fitness_phiw"
"2070","I","none",2070,0.43653091,6.01897648,17.824988,2.32964568,0.08744209,807.300434,8.39862369011844,6.05731885872981,8.46583873231714,4.60882238890643,7.76942689356142,8.49054828421797
