"","cue","log","id","rho","burst","iota_N1","iota_N2","phi_N1","phi_N2","fitness_rho","fitness_beta","fitness_psin","fitness_psiw","fitness_phin","fitness_phiw"
"1003","I","none",1003,0.33438063,5.43763652,17.8927708,1.00244482,0.01933929,831.096695,8.51091428706507,8.11700159262315,8.46343454182198,7.80007288593943,6.67110478961958,8.48998433712074
