"","cue","log","id","rho","burst","iota_N1","iota_N2","phi_N1","phi_N2","fitness_rho","fitness_beta","fitness_psin","fitness_psiw","fitness_phin","fitness_phiw"
"3451","I","none",3451,0.26521898,5.54328626,55.8636145,0.92503716,0.00940857,682.951986,8.50092826617837,8.26332601397888,7.48937392033711,8.14058947593375,6.14988908105612,8.49411165261293
