"","cue","log","id","rho","burst","iota_N1","iota_N2","phi_N1","phi_N2","fitness_rho","fitness_beta","fitness_psin","fitness_psiw","fitness_phin","fitness_phiw"
"4907","I","none",4907,0.30204702,4.57413143,18.3615551,1.89713726,0.24743094,408.337129,8.51280980394325,6.24895923625071,8.44617750080035,5.31856356857621,6.47095729676824,8.5094460542117
