"","cue","log","id","rho","burst","iota_N1","iota_N2","phi_N1","phi_N2","fitness_rho","fitness_beta","fitness_psin","fitness_psiw","fitness_phin","fitness_phiw"
"3419","I","none",3419,0.35526552,4.5627021,32.6435658,1.86936943,0.13617962,142.911733,8.50262424286513,6.20949411344433,7.97944719035734,5.37123928924098,7.3201574422183,8.57498498716862
