"","cue","log","id","rho","burst","iota_N1","iota_N2","phi_N1","phi_N2","fitness_rho","fitness_beta","fitness_psin","fitness_psiw","fitness_phin","fitness_phiw"
"437","I","none",437,0.28946113,4.57936272,36.5792433,2.00793603,0.07181974,651.704899,8.51033177422144,6.26684722124583,7.88351866180772,5.11791528119398,7.941451950621,8.49521906062717
