"","cue","log","id","rho","burst","iota_N1","iota_N2","phi_N1","phi_N2","fitness_rho","fitness_beta","fitness_psin","fitness_psiw","fitness_phin","fitness_phiw"
"2866","I","none",2866,0.32295702,4.80449004,7.12532876,0.4988814,0.04152768,491.251943,8.51301524640995,6.94034469171601,6.39798398794573,6.30897391294033,8.39449497313916,8.50305589565346
