"","cue","log","id","rho","burst","iota_N1","iota_N2","phi_N1","phi_N2","fitness_rho","fitness_beta","fitness_psin","fitness_psiw","fitness_phin","fitness_phiw"
"3313","I","none",3313,0.36990739,5.34155467,5.04052391,1.03469807,0.17532183,331.606295,8.49303951338097,7.98066133938729,6.19791253670835,7.66685929248071,7.00237906025456,8.51809376407385
