"","cue","log","id","rho","burst","iota_N1","iota_N2","phi_N1","phi_N2","fitness_rho","fitness_beta","fitness_psin","fitness_psiw","fitness_phin","fitness_phiw"
"3973","I","none",3973,0.33139931,5.48391923,6.46250283,1.01710512,0.0486414,1406.58363,8.5116200435621,8.18111169429458,6.33149445115277,7.7388747835469,8.26621383018544,8.48213072144047
