"","cue","log","id","rho","burst","iota_N1","iota_N2","phi_N1","phi_N2","fitness_rho","fitness_beta","fitness_psin","fitness_psiw","fitness_phin","fitness_phiw"
"4444","I","none",4444,0.45873342,4.68630898,2.35765083,0.40906545,0.20058118,222.542462,8.34248607144508,6.60937981273506,5.97875739381922,6.13231167990006,6.80926791989359,8.54002621620768
