"","cue","log","id","rho","burst","iota_N1","iota_N2","phi_N1","phi_N2","fitness_rho","fitness_beta","fitness_psin","fitness_psiw","fitness_phin","fitness_phiw"
"157","I","none",157,0.23761509,5.52861937,17.4725993,1.25030783,0.01757042,1002.52648,8.48324861560868,8.24294908898615,8.47782482051631,6.89354818441066,6.54577933024104,8.48671344956602
