"","cue","log","id","rho","burst","iota_N1","iota_N2","phi_N1","phi_N2","fitness_rho","fitness_beta","fitness_psin","fitness_psiw","fitness_phin","fitness_phiw"
"1841","I","none",1841,0.27614646,4.37703167,9.53058008,2.25105587,0.59882209,2070.8017,8.50589905749641,5.49037959828845,6.7237356654048,4.72429310055599,4.55131595579905,8.47846240058453
