"","cue","log","id","rho","burst","iota_N1","iota_N2","phi_N1","phi_N2","fitness_rho","fitness_beta","fitness_psin","fitness_psiw","fitness_phin","fitness_phiw"
"1539","I","none",1539,0.46476107,3.97867284,54.2090561,0.64434585,0.0113239,3265.1879,8.32450245342157,3.40451863016731,7.52025306380063,6.7598504290998,6.23247371422466,8.47560838732212
