"","cue","log","id","rho","burst","iota_N1","iota_N2","phi_N1","phi_N2","fitness_rho","fitness_beta","fitness_psin","fitness_psiw","fitness_phin","fitness_phiw"
"86","I","none",86,0.35536866,3.99096517,13.6525112,0.78957226,0.06857833,983.676228,8.5025702234199,3.47924153046893,8.1800439219834,8.49750024122848,7.98054246167869,8.48701912636765
