"","cue","log","id","rho","burst","iota_N1","iota_N2","phi_N1","phi_N2","fitness_rho","fitness_beta","fitness_psin","fitness_psiw","fitness_phin","fitness_phiw"
"76","I","none",76,0.29845568,4.76604692,41.6125477,0.62916638,0.00537344,22.6141921,8.51227621117199,6.83780818076203,7.77121031209999,6.69353394151535,5.99431071808084,8.18340974592014
