"","cue","log","id","rho","burst","iota_N1","iota_N2","phi_N1","phi_N2","fitness_rho","fitness_beta","fitness_psin","fitness_psiw","fitness_phin","fitness_phiw"
"1922","I","none",1922,0.20841521,4.03340283,6.8206314,0.92504508,0.0796044,46.298607,8.45685128382822,3.73317517680627,6.36686443118603,8.14055391609814,7.85282044501908,8.70363449468325
