"","cue","log","id","rho","burst","iota_N1","iota_N2","phi_N1","phi_N2","fitness_rho","fitness_beta","fitness_psin","fitness_psiw","fitness_phin","fitness_phiw"
"4150","I","none",4150,0.35450962,4.69372031,13.3142462,0.46380845,0.01767237,465.57531,8.5030328578112,6.63154557611542,7.97726596288495,6.2283199793521,6.55236825204759,8.50480005964464
