"","cue","log","id","rho","burst","iota_N1","iota_N2","phi_N1","phi_N2","fitness_rho","fitness_beta","fitness_psin","fitness_psiw","fitness_phin","fitness_phiw"
"3823","I","none",3823,0.40076755,5.28416506,90.2212441,1.19460476,0.01004365,3335.71562,8.46094063062437,7.89527848463398,6.90381641605048,7.07621652062067,6.17685597717193,8.47550541341755
