"","cue","log","id","rho","burst","iota_N1","iota_N2","phi_N1","phi_N2","fitness_rho","fitness_beta","fitness_psin","fitness_psiw","fitness_phin","fitness_phiw"
"3409","I","none",3409,0.27588992,5.52509102,6.20399864,0.9388677,0.05329764,3012.47402,8.50579677984353,8.23805426252637,6.30652528667676,8.07783073101704,8.19048617464007,8.47602438471608
