"","cue","log","id","rho","burst","iota_N1","iota_N2","phi_N1","phi_N2","fitness_rho","fitness_beta","fitness_psin","fitness_psiw","fitness_phin","fitness_phiw"
"4818","I","none",4818,0.49748409,6.32357356,5.32734378,1.87244997,0.16169952,289.399621,8.20368265289569,5.21946928567852,6.22418522336329,5.36534498901598,7.11012568887231,8.52471508132303
