"","cue","log","id","rho","burst","iota_N1","iota_N2","phi_N1","phi_N2","fitness_rho","fitness_beta","fitness_psin","fitness_psiw","fitness_phin","fitness_phiw"
"1864","I","none",1864,0.31812065,4.73089154,9.04840669,0.35665148,0.03334713,3252.66115,8.51342110097664,6.73978824946587,6.64418249297015,6.06305953386654,8.50873033235301,8.47562806062191
