"","cue","log","id","rho","burst","iota_N1","iota_N2","phi_N1","phi_N2","fitness_rho","fitness_beta","fitness_psin","fitness_psiw","fitness_phin","fitness_phiw"
"2864","I","none",2864,0.28170345,3.97091424,6.63468392,0.81069528,0.10784818,60.2212683,8.50796899852286,3.35710424856513,6.34836440272104,8.57274450532501,7.57046069431616,8.67746977501396
