"","cue","log","id","rho","burst","iota_N1","iota_N2","phi_N1","phi_N2","fitness_rho","fitness_beta","fitness_psin","fitness_psiw","fitness_phin","fitness_phiw"
"3380","I","none",3380,0.30766357,4.07008577,18.6611681,0.80024164,0.02300273,59.6077175,8.51335653957483,3.94701164528401,8.43472924944147,8.55846240156063,6.99468315116376,8.67873468271921
