"","cue","log","id","rho","burst","iota_N1","iota_N2","phi_N1","phi_N2","fitness_rho","fitness_beta","fitness_psin","fitness_psiw","fitness_phin","fitness_phiw"
"2609","I","none",2609,0.22406222,4.67986717,93.9520203,2.11992757,0.02059768,971.298747,8.47196489960887,6.58995381863847,6.8446979049245,4.92925859674577,6.77264833501668,8.48722438307501
