"","cue","log","id","rho","burst","iota_N1","iota_N2","phi_N1","phi_N2","fitness_rho","fitness_beta","fitness_psin","fitness_psiw","fitness_phin","fitness_phiw"
"2971","I","none",2971,0.27731609,5.56074793,38.1572587,0.91272273,0.01934291,223.723242,8.5063621342137,8.28768345621851,7.84724583129874,8.19689531346992,6.67138253971848,8.53968063925868
