"","cue","log","id","rho","burst","iota_N1","iota_N2","phi_N1","phi_N2","fitness_rho","fitness_beta","fitness_psin","fitness_psiw","fitness_phin","fitness_phiw"
"4283","I","none",4283,0.15916661,4.39821395,85.7749057,2.45971219,0.02346721,1840.50446,8.39453151009859,5.58019822895718,6.97520617967166,4.42859942239225,7.04638694791772,8.47943648239352
