"","cue","log","id","rho","burst","iota_N1","iota_N2","phi_N1","phi_N2","fitness_rho","fitness_beta","fitness_psin","fitness_psiw","fitness_phin","fitness_phiw"
"1137","I","none",1137,0.26108192,3.87310776,35.4570398,0.9488983,0.01359642,3336.5849,8.49874094130347,2.74721630801321,7.91001842627736,8.03275779191213,6.33485596456967,8.47549991840556
