"","cue","log","id","rho","burst","iota_N1","iota_N2","phi_N1","phi_N2","fitness_rho","fitness_beta","fitness_psin","fitness_psiw","fitness_phin","fitness_phiw"
"1742","I","none",1742,0.23043271,4.15638094,2.22453554,0.76873888,0.0633948,416.4476,8.47748120396115,4.42666361409228,5.96965440113601,8.07755317824998,8.04641207814053,8.50871334012316
