"","cue","log","id","rho","burst","iota_N1","iota_N2","phi_N1","phi_N2","fitness_rho","fitness_beta","fitness_psin","fitness_psiw","fitness_phin","fitness_phiw"
"3035","I","none",3035,0.1201689,4.67690828,15.8591747,2.01897471,0.09652075,1695.32365,8.32830429939436,6.58098393027551,8.50872528030008,5.09871817336439,7.67823386611769,8.48018624911077
