"","cue","log","id","rho","burst","iota_N1","iota_N2","phi_N1","phi_N2","fitness_rho","fitness_beta","fitness_psin","fitness_psiw","fitness_phin","fitness_phiw"
"409","I","none",409,0.29687002,5.55368423,19.2992575,0.92164095,0.01589858,358.999759,8.51199800799911,8.27781715130675,8.40977806392296,8.15608796768534,6.44804525301581,8.51459977276578
