"","cue","log","id","rho","burst","iota_N1","iota_N2","phi_N1","phi_N2","fitness_rho","fitness_beta","fitness_psin","fitness_psiw","fitness_phin","fitness_phiw"
"4360","I","none",4360,0.47139051,4.95683244,18.3091339,0.33866534,0.00703186,308.263072,8.30324282178993,7.30292873548812,8.44815296328236,6.04176795586136,6.05426277755113,8.52154291326468
