"","cue","log","id","rho","burst","iota_N1","iota_N2","phi_N1","phi_N2","fitness_rho","fitness_beta","fitness_psin","fitness_psiw","fitness_phin","fitness_phiw"
"1610","I","none",1610,0.35414187,3.94651365,5.21987025,0.92225897,0.22625555,210.091678,8.50322497776009,3.20685423959831,6.21430355857678,8.15326550603635,6.62087294946761,8.54387942778741
