"","cue","log","id","rho","burst","iota_N1","iota_N2","phi_N1","phi_N2","fitness_rho","fitness_beta","fitness_psin","fitness_psiw","fitness_phin","fitness_phiw"
"1620","I","none",1620,0.39505893,6.20068667,24.3471412,2.08002033,0.0556425,320.750645,8.46822376858787,5.47706005610267,8.22152027927561,4.99496008878458,8.15478995657065,8.51963870455743
