"","cue","log","id","rho","burst","iota_N1","iota_N2","phi_N1","phi_N2","fitness_rho","fitness_beta","fitness_psin","fitness_psiw","fitness_phin","fitness_phiw"
"4468","I","none",4468,0.36325741,4.70588822,16.4662105,0.52098663,0.01646103,597.343906,8.49780200826851,6.66751045867906,8.5040396469142,6.36620218183443,6.47892341001389,8.49741204613236
