"","cue","log","id","rho","burst","iota_N1","iota_N2","phi_N1","phi_N2","fitness_rho","fitness_beta","fitness_psin","fitness_psiw","fitness_phin","fitness_phiw"
"4490","I","none",4490,0.34072233,4.01175309,18.0106107,0.82772187,0.05007321,74.287098,8.50902689136362,3.6044531175418,8.45919422821648,8.54803349200906,8.24220296965237,8.65031341817954
