"","cue","log","id","rho","burst","iota_N1","iota_N2","phi_N1","phi_N2","fitness_rho","fitness_beta","fitness_psin","fitness_psiw","fitness_phin","fitness_phiw"
"2686","I","none",2686,0.37587241,4.66979594,3.99924719,0.52632902,0.08658817,401.595039,8.48815579041677,6.55928600916234,6.10600410530144,6.38052838676437,7.77827696198316,8.5100779226894
