"","cue","log","id","rho","burst","iota_N1","iota_N2","phi_N1","phi_N2","fitness_rho","fitness_beta","fitness_psin","fitness_psiw","fitness_phin","fitness_phiw"
"2514","I","none",2514,0.38008735,6.35620642,45.0033169,1.63512755,0.01534282,260.006105,8.48434374390825,5.15104287970053,7.7002334960531,5.85989335448652,6.41911208940729,8.53053178227088
