"","cue","log","id","rho","burst","iota_N1","iota_N2","phi_N1","phi_N2","fitness_rho","fitness_beta","fitness_psin","fitness_psiw","fitness_phin","fitness_phiw"
"2108","I","none",2108,0.26924071,3.89620993,5.65242199,0.83461596,0.168783,1427.7892,8.50289404768406,2.89275199586805,6.25435667624812,8.52849571392632,7.05375956948337,8.4819609394429
