"","cue","log","id","rho","burst","iota_N1","iota_N2","phi_N1","phi_N2","fitness_rho","fitness_beta","fitness_psin","fitness_psiw","fitness_phin","fitness_phiw"
"3786","I","none",3786,0.34267235,5.99242333,15.7047705,1.67923937,0.03925249,184.082093,8.50833691033142,6.17894871058527,8.50760259237735,5.76126035200699,8.43675249909561,8.55346971137239
