"","cue","log","id","rho","burst","iota_N1","iota_N2","phi_N1","phi_N2","fitness_rho","fitness_beta","fitness_psin","fitness_psiw","fitness_phin","fitness_phiw"
"1689","I","none",1689,0.37045255,3.9452619,12.1627242,0.70442418,0.02598565,739.795058,8.49261618410939,3.19910222293397,7.34991162712499,7.12198752558852,7.42219036796187,8.49233780257737
