"","cue","log","id","rho","burst","iota_N1","iota_N2","phi_N1","phi_N2","fitness_rho","fitness_beta","fitness_psin","fitness_psiw","fitness_phin","fitness_phiw"
"2467","I","none",2467,0.31261479,5.48286984,18.8578598,1.02595627,0.0230517,153.781318,8.51354576230569,8.17966137885038,8.42710037464657,7.7024510992074,6.99992418193752,8.56830894010023
