"","cue","log","id","rho","burst","iota_N1","iota_N2","phi_N1","phi_N2","fitness_rho","fitness_beta","fitness_psin","fitness_psiw","fitness_phin","fitness_phiw"
"1014","I","none",1014,0.37242009,6.15836349,16.5250658,2.28405997,0.05866668,333.643091,8.49105484113053,5.59162184880997,8.50299928362118,4.67516174981266,8.11088357022399,8.51781571902406
