"","cue","log","id","rho","burst","iota_N1","iota_N2","phi_N1","phi_N2","fitness_rho","fitness_beta","fitness_psin","fitness_psiw","fitness_phin","fitness_phiw"
"2209","I","none",2209,0.32507569,5.50481223,12.1262949,0.98371262,0.04614684,388.752841,8.51274817441467,8.20998341483283,7.3367225925534,7.87985988587862,8.30962148959479,8.51133976945203
