"","cue","log","id","rho","burst","iota_N1","iota_N2","phi_N1","phi_N2","fitness_rho","fitness_beta","fitness_psin","fitness_psiw","fitness_phin","fitness_phiw"
"1510","I","none",1510,0.34825944,4.91393234,13.2034318,0.4957215,0.01735072,86.5341761,8.50607921485191,7.20747203138858,7.90086906620174,6.30113697558374,6.53184415516592,8.63060219000887
