"","cue","log","id","rho","burst","iota_N1","iota_N2","phi_N1","phi_N2","fitness_rho","fitness_beta","fitness_psin","fitness_psiw","fitness_phin","fitness_phiw"
"844","I","none",844,0.36428445,4.82560738,13.7471546,0.48825052,0.0110145,1089.22012,8.49711428920494,6.9946755581134,8.22469029014545,6.28301343005019,6.21889282700003,8.48544786924306
