"","cue","log","id","rho","burst","iota_N1","iota_N2","phi_N1","phi_N2","fitness_rho","fitness_beta","fitness_psin","fitness_psiw","fitness_phin","fitness_phiw"
"3505","I","none",3505,0.27729184,5.56266899,19.3101805,1.32088189,0.02777311,285.020165,8.50635124422165,8.29037170145925,8.40934720814395,6.67624684855496,7.89347071836448,8.52551106155808
