"","cue","log","id","rho","burst","iota_N1","iota_N2","phi_N1","phi_N2","fitness_rho","fitness_beta","fitness_psin","fitness_psiw","fitness_phin","fitness_phiw"
"3729","I","none",3729,0.36590155,4.02797479,33.8969816,0.86012563,0.01628816,1704.02581,8.49599359661724,3.70106916629506,7.94794037394569,8.43292294384291,6.46924156634413,8.48013922692608
