"","cue","log","id","rho","burst","iota_N1","iota_N2","phi_N1","phi_N2","fitness_rho","fitness_beta","fitness_psin","fitness_psiw","fitness_phin","fitness_phiw"
"2977","I","none",2977,0.30232419,5.65072533,20.1084608,0.91865152,0.02623206,478.589944,8.51284481557752,8.41446635299107,8.37781532083107,8.16975021301314,7.47115072068345,8.503891403132
