"","cue","log","id","rho","burst","iota_N1","iota_N2","phi_N1","phi_N2","fitness_rho","fitness_beta","fitness_psin","fitness_psiw","fitness_phin","fitness_phiw"
"2537","I","none",2537,0.27976009,4.56720797,25.6272774,1.69010773,0.11045357,1196.43772,8.50728162687128,6.22511439648983,8.17927421754957,5.73746456478064,7.54642659007267,8.48413275374298
