"","cue","log","id","rho","burst","iota_N1","iota_N2","phi_N1","phi_N2","fitness_rho","fitness_beta","fitness_psin","fitness_psiw","fitness_phin","fitness_phiw"
"3123","I","none",3123,0.56507503,3.89532644,4.39040226,0.58486649,0.30365718,1192.90804,7.86463144528403,2.88719580396568,6.13978408435819,6.54541672796351,6.0948891872981,8.48417096267057
