"","cue","log","id","rho","burst","iota_N1","iota_N2","phi_N1","phi_N2","fitness_rho","fitness_beta","fitness_psin","fitness_psiw","fitness_phin","fitness_phiw"
"2998","I","none",2998,0.37120677,4.60026732,5.69165609,0.44221891,0.08210686,2225.88894,8.49202824402252,6.3372437709661,6.25802223130248,6.18636707781295,7.82564123977805,8.47792086335771
