"","cue","log","id","rho","burst","iota_N1","iota_N2","phi_N1","phi_N2","fitness_rho","fitness_beta","fitness_psin","fitness_psiw","fitness_phin","fitness_phiw"
"3997","I","none",3997,0.33194316,5.59696223,36.2712106,1.07166261,0.01164576,173.080244,8.51150135774185,8.33859197418578,7.8907328538702,7.5204578734729,6.24667977767123,8.55831465889643
