"","cue","log","id","rho","burst","iota_N1","iota_N2","phi_N1","phi_N2","fitness_rho","fitness_beta","fitness_psin","fitness_psiw","fitness_phin","fitness_phiw"
"4520","I","none",4520,0.33391868,4.04036747,38.6049248,0.72269194,0.01354287,540.797584,8.51103117941145,3.77419908438598,7.83714453254586,7.27926598905103,6.33237970920605,8.50014872513681
