"","cue","log","id","rho","burst","iota_N1","iota_N2","phi_N1","phi_N2","fitness_rho","fitness_beta","fitness_psin","fitness_psiw","fitness_phin","fitness_phiw"
"4421","I","none",4421,0.23753506,4.59807334,146.177565,2.74804584,0.02204439,3101.52084,8.48318627333533,6.32993973459908,6.08148507777472,4.07068237643166,6.89988039226703,8.475868713723
