"","cue","log","id","rho","burst","iota_N1","iota_N2","phi_N1","phi_N2","fitness_rho","fitness_beta","fitness_psin","fitness_psiw","fitness_phin","fitness_phiw"
"3515","I","none",3515,0.23803127,4.61789634,278.125156,1.96221459,0.01041482,14884.7515,8.48356919803345,6.39528400495143,4.58739635463243,5.19892875767549,6.19282084502322,8.47172515662395
