"","cue","log","id","rho","burst","iota_N1","iota_N2","phi_N1","phi_N2","fitness_rho","fitness_beta","fitness_psin","fitness_psiw","fitness_phin","fitness_phiw"
"3978","I","none",3978,0.37017081,6.13848873,29.7199144,1.96436464,0.03222286,307.978547,8.49283332002529,5.65267831412244,8.05721701489324,5.19506355561918,8.49784172737002,8.5215885346046
