"","cue","log","id","rho","burst","iota_N1","iota_N2","phi_N1","phi_N2","fitness_rho","fitness_beta","fitness_psin","fitness_psiw","fitness_phin","fitness_phiw"
"1749","I","none",1749,0.4090394,4.02592178,9.93984312,0.69193052,0.03616039,62.8032524,8.44919175316072,3.68889758498343,6.79580881972421,7.03544244977746,8.48795822951401,8.67219006722426
