"","cue","log","id","rho","burst","iota_N1","iota_N2","phi_N1","phi_N2","fitness_rho","fitness_beta","fitness_psin","fitness_psiw","fitness_phin","fitness_phiw"
"617","I","none",617,0.17394551,4.68635045,32.640854,2.72072318,0.05104005,375.622287,8.41562624987136,6.60950333834072,7.97951354923069,4.10240690454312,8.22635892213388,8.51271550546407
