"","cue","log","id","rho","burst","iota_N1","iota_N2","phi_N1","phi_N2","fitness_rho","fitness_beta","fitness_psin","fitness_psiw","fitness_phin","fitness_phiw"
"1359","I","none",1359,0.28383535,4.04795485,9.92296881,0.82422193,0.02727271,706.025074,8.50868125714786,3.81866616080003,6.79276652392466,8.55628728366013,7.73458324001647,8.49335878163236
