"","cue","log","id","rho","burst","iota_N1","iota_N2","phi_N1","phi_N2","fitness_rho","fitness_beta","fitness_psin","fitness_psiw","fitness_phin","fitness_phiw"
"47","I","none",47,0.1828014,4.618446,66.2039063,1.92263211,0.03801,33083.2118,8.42727089742525,6.39707520541685,7.30350846036487,5.27106782556145,8.45883058218625,8.47112376324673
