"","cue","log","id","rho","burst","iota_N1","iota_N2","phi_N1","phi_N2","fitness_rho","fitness_beta","fitness_psin","fitness_psiw","fitness_phin","fitness_phiw"
"1582","I","none",1582,0.35355699,4.78377586,8.86442632,0.36552561,0.03374522,4982.25045,8.50353179296652,6.88568634047406,6.61562338576274,6.07390880592513,8.50894451845712,8.47389553143445
