"","cue","log","id","rho","burst","iota_N1","iota_N2","phi_N1","phi_N2","fitness_rho","fitness_beta","fitness_psin","fitness_psiw","fitness_phin","fitness_phiw"
"4438","I","none",4438,0.303998,4.62701958,16.0259625,0.64911289,0.02142383,260.454429,8.51304055632975,6.42485102282178,8.50872828494617,6.78310810199528,6.84375538289644,8.53043378299546
