"","cue","log","id","rho","burst","iota_N1","iota_N2","phi_N1","phi_N2","fitness_rho","fitness_beta","fitness_psin","fitness_psiw","fitness_phin","fitness_phiw"
"2859","I","none",2859,0.31783919,4.01069224,7.05466871,0.80960734,0.07467018,1197.42051,8.51343545010289,3.59809886323637,6.39066561088782,8.57263958331697,7.90821166919023,8.48412187105227
