"","cue","log","id","rho","burst","iota_N1","iota_N2","phi_N1","phi_N2","fitness_rho","fitness_beta","fitness_psin","fitness_psiw","fitness_phin","fitness_phiw"
"4593","I","none",4593,0.32205523,3.98597072,38.2193461,0.66639019,0.00907835,1610.39811,8.51311018300994,3.44894270659149,7.84584019144615,6.87672549658174,6.13606118626676,8.48068607424093
