"","cue","log","id","rho","burst","iota_N1","iota_N2","phi_N1","phi_N2","fitness_rho","fitness_beta","fitness_psin","fitness_psiw","fitness_phin","fitness_phiw"
"116","I","none",116,0.34151209,4.13842735,4.24883079,0.76391759,0.11818829,5674.94462,8.50875223956684,4.32971777453957,6.12744235519131,7.93969531736797,7.47644003682044,8.47349856136153
