"","cue","log","id","rho","burst","iota_N1","iota_N2","phi_N1","phi_N2","fitness_rho","fitness_beta","fitness_psin","fitness_psiw","fitness_phin","fitness_phiw"
"2635","I","none",2635,0.25741406,5.55403324,95.9530098,1.16164119,0.00387819,736.7526,8.49666334434564,8.27830364106681,6.81327137494206,7.18943941757234,5.94587774636056,8.49242588879608
