"","cue","log","id","rho","burst","iota_N1","iota_N2","phi_N1","phi_N2","fitness_rho","fitness_beta","fitness_psin","fitness_psiw","fitness_phin","fitness_phiw"
"4724","I","none",4724,0.24951104,3.98109126,8.57305128,0.88223612,0.08077392,529.058797,8.49175132094148,3.41925654253595,6.57268126742319,8.33611195474173,7.84004934787867,8.50079055239373
