"","cue","log","id","rho","burst","iota_N1","iota_N2","phi_N1","phi_N2","fitness_rho","fitness_beta","fitness_psin","fitness_psiw","fitness_phin","fitness_phiw"
"972","I","none",972,0.34173917,5.98657912,8.23636006,2.2488743,0.11823955,552.230692,8.50867279210003,6.20774647411612,6.52664957595664,4.72757058598513,7.47598259809658,8.49955161254121
