"","cue","log","id","rho","burst","iota_N1","iota_N2","phi_N1","phi_N2","fitness_rho","fitness_beta","fitness_psin","fitness_psiw","fitness_phin","fitness_phiw"
"1892","I","none",1892,0.28251504,4.01993354,17.8980969,0.69006719,0.05040044,2141.20669,8.50824403555391,3.65329815302285,8.46324588419424,7.02318327362944,8.23680815205498,8.47820529218048
