"","cue","log","id","rho","burst","iota_N1","iota_N2","phi_N1","phi_N2","fitness_rho","fitness_beta","fitness_psin","fitness_psiw","fitness_phin","fitness_phiw"
"4803","I","none",4803,0.28323542,4.03444464,23.9405402,0.79480884,0.02324557,11148.3333,8.50848553236696,3.73932190469101,8.23541335283669,8.53533312337814,7.02113769253171,8.47209030972774
