"","cue","log","id","rho","burst","iota_N1","iota_N2","phi_N1","phi_N2","fitness_rho","fitness_beta","fitness_psin","fitness_psiw","fitness_phin","fitness_phiw"
"104","I","none",104,0.27831889,4.00766374,72.2928961,0.61373734,0.01013634,1126.51839,8.50674449349142,3.57994196747707,7.19859193496239,6.63642489921103,6.18082937993344,8.48496149347069
