"","cue","log","id","rho","burst","iota_N1","iota_N2","phi_N1","phi_N2","fitness_rho","fitness_beta","fitness_psin","fitness_psiw","fitness_phin","fitness_phiw"
"914","I","none",914,0.31544737,4.04603243,18.4215296,0.72826984,0.02276708,2711.53469,8.51352565702476,3.80742036649101,8.44390726448269,7.33953605816257,6.97010547250605,8.4766172233482
