"","cue","log","id","rho","burst","iota_N1","iota_N2","phi_N1","phi_N2","fitness_rho","fitness_beta","fitness_psin","fitness_psiw","fitness_phin","fitness_phiw"
"718","Ig","log10",718,0.32712366,4.81562184,27.9377024,0.45377954,0.00535005,3229.474,9.64733434895462,5.32524413316895,9.29660470368042,10.7921746737415,9.98086144283981,9.59956989996782
