"","cue","log","id","rho","burst","iota_N1","iota_N2","phi_N1","phi_N2","fitness_rho","fitness_beta","fitness_psin","fitness_psiw","fitness_phin","fitness_phiw"
"3619","Ig","log10",3619,0.39132367,5.39811436,40.1064338,0.96886382,0.01361109,2381.26172,9.6670934076557,8.93669311259744,8.9310407457982,9.17094127610779,9.89003810609397,9.60114891690706
