"","cue","log","id","rho","burst","iota_N1","iota_N2","phi_N1","phi_N2","fitness_rho","fitness_beta","fitness_psin","fitness_psiw","fitness_phin","fitness_phiw"
"4538","Ig","log10",4538,0.25204429,3.89957492,42.0412748,0.84115185,0.01179021,195.113199,9.61576995385655,0.916492953491433,8.87234956575845,9.62801879095562,9.91082823173744,9.6666299895561
