"","cue","log","id","rho","burst","iota_N1","iota_N2","phi_N1","phi_N2","fitness_rho","fitness_beta","fitness_psin","fitness_psiw","fitness_phin","fitness_phiw"
"1679","Ig","log10",1679,0.26910172,4.46269862,50.9225886,1.81301483,0.05341533,184.24312,9.62396889572977,2.82395098924099,8.60277065736345,6.25319269078833,9.37462248579669,9.67070541005861
