"","cue","log","id","rho","burst","iota_N1","iota_N2","phi_N1","phi_N2","fitness_rho","fitness_beta","fitness_psin","fitness_psiw","fitness_phin","fitness_phiw"
"4164","Ig","log10",4164,0.50825569,6.0494014,21.5740646,2.35260052,0.07885174,10450.9234,9.69259916539315,9.66824488127176,9.48263626461777,4.9910369916056,9.0174983527365,9.59649382945385
