"","cue","log","id","rho","burst","iota_N1","iota_N2","phi_N1","phi_N2","fitness_rho","fitness_beta","fitness_psin","fitness_psiw","fitness_phin","fitness_phiw"
"4959","Ig","log10",4959,0.2312733,3.95012846,8.16173297,0.92525859,0.04670229,90.038892,9.60477663830415,1.01552387614296,9.84791132548964,9.3297802203172,9.46676754279797,9.7444269040242
