"","cue","log","id","rho","burst","iota_N1","iota_N2","phi_N1","phi_N2","fitness_rho","fitness_beta","fitness_psin","fitness_psiw","fitness_phin","fitness_phiw"
"3598","Ig","log10",3598,0.39589163,4.88950379,26.0270641,0.40194001,0.00896569,366.053968,9.66831255654246,5.92374918349028,9.3529887905734,10.9178042446511,9.94226340906754,9.63380979669986
