"","cue","log","id","rho","burst","iota_N1","iota_N2","phi_N1","phi_N2","fitness_rho","fitness_beta","fitness_psin","fitness_psiw","fitness_phin","fitness_phiw"
"2543","Ig","log10",2543,0.19230396,4.39168831,38.0361181,2.06802862,0.06759109,2023.2714,9.580541746819,2.45520942681632,8.99374781768098,5.59652192330616,9.17670388653545,9.60221777576542
