"","cue","log","id","rho","burst","iota_N1","iota_N2","phi_N1","phi_N2","fitness_rho","fitness_beta","fitness_psin","fitness_psiw","fitness_phin","fitness_phiw"
"412","Ig","log10",412,0.42279411,4.79701014,93.788688,0.46447612,0.00207438,2171.22539,9.67506531306551,5.17435677247991,7.35644363959676,10.7653625337023,10.0139864313764,9.60173328516274
