"","cue","log","id","rho","burst","iota_N1","iota_N2","phi_N1","phi_N2","fitness_rho","fitness_beta","fitness_psin","fitness_psiw","fitness_phin","fitness_phiw"
"3884","Ig","log10",3884,0.27339571,4.19876101,22.5616475,0.6935123,0.01695049,410.099519,9.6259234445665,1.67237839618769,9.45412541932911,10.1168816854164,9.85094774707038,9.62971833886416
