"","cue","log","id","rho","burst","iota_N1","iota_N2","phi_N1","phi_N2","fitness_rho","fitness_beta","fitness_psin","fitness_psiw","fitness_phin","fitness_phiw"
"2023","Ig","log10",2023,0.28020044,5.41121795,9.75863675,1.20033726,0.06231065,27.8546945,9.62894240557853,8.98062940531708,9.80732697022986,8.30538938942692,9.25085283450933,10.0117723862551
