"","cue","log","id","rho","burst","iota_N1","iota_N2","phi_N1","phi_N2","fitness_rho","fitness_beta","fitness_psin","fitness_psiw","fitness_phin","fitness_phiw"
"879","Ig","log10",879,0.3181961,3.9492463,5.09289934,0.81710307,0.08794439,254.319201,9.64412904218436,1.01371284544516,9.92261696630473,9.71092686201381,8.888333325848,9.65039433174726
