"","cue","log","id","rho","burst","iota_N1","iota_N2","phi_N1","phi_N2","fitness_rho","fitness_beta","fitness_psin","fitness_psiw","fitness_phin","fitness_phiw"
"3963","Ig","log10",3963,0.27079709,4.04473082,7.6354343,0.77424008,0.07992086,114.34003,9.62474312777796,1.22880654320878,9.86104829637843,9.85570373860973,9.0023266742021,9.7144253698382
