"","cue","log","id","rho","burst","iota_N1","iota_N2","phi_N1","phi_N2","fitness_rho","fitness_beta","fitness_psin","fitness_psiw","fitness_phin","fitness_phiw"
"4447","Ig","log10",4447,0.38142472,5.65627257,1.19067964,0.87555892,0.4668461,537.540864,9.66437816294219,9.54378108594212,10.0096291106966,9.50747389960356,4.78864466728086,9.62161256329306
