"","cue","log","id","rho","burst","iota_N1","iota_N2","phi_N1","phi_N2","fitness_rho","fitness_beta","fitness_psin","fitness_psiw","fitness_phin","fitness_phiw"
"1180","Ig","log10",1180,0.40327348,4.95606245,60.7396085,0.5160261,0.00550609,27.2862905,9.67023509476078,6.44890069821363,8.30679898885493,10.6318068975177,9.97923791391428,10.0186574723058
