"","cue","log","id","rho","burst","iota_N1","iota_N2","phi_N1","phi_N2","fitness_rho","fitness_beta","fitness_psin","fitness_psiw","fitness_phin","fitness_phiw"
"896","Ig","log10",896,0.25375497,4.0862535,8.3371095,0.81562459,0.06315416,285.136254,9.6166242034131,1.33551308927256,9.84350597385875,9.71598699308275,9.23903086716456,9.64454939808866
