"","cue","log","id","rho","burst","iota_N1","iota_N2","phi_N1","phi_N2","fitness_rho","fitness_beta","fitness_psin","fitness_psiw","fitness_phin","fitness_phiw"
"3191","Ig","log10",3191,0.16421134,4.69128603,15.7655625,2.30004599,0.11268424,302.453875,9.55940851360017,4.33927382939885,9.64667424564729,5.093869984529,8.53714586986771,9.64178001400254
