"","cue","log","id","rho","burst","iota_N1","iota_N2","phi_N1","phi_N2","fitness_rho","fitness_beta","fitness_psin","fitness_psiw","fitness_phin","fitness_phiw"
"1107","Ig","log10",1107,0.2749368,3.91301577,4.90335502,0.76706422,0.08075834,91.773571,9.6266165996672,0.941894542893733,9.927069679937,9.87954522726342,8.99044158808569,9.7417958795212
