"","cue","log","id","rho","burst","iota_N1","iota_N2","phi_N1","phi_N2","fitness_rho","fitness_beta","fitness_psin","fitness_psiw","fitness_phin","fitness_phiw"
"1340","Ig","log10",1340,0.24188432,3.92414858,15.2718552,0.89860062,0.04417741,2405.45012,9.61053986068022,0.963437057941426,9.66027523608774,9.42557806816928,9.50107105322186,9.6010912475332
