"","cue","log","id","rho","burst","iota_N1","iota_N2","phi_N1","phi_N2","fitness_rho","fitness_beta","fitness_psin","fitness_psiw","fitness_phin","fitness_phiw"
"4227","Ig","log10",4227,0.32978623,3.91366717,58.1464217,0.71359324,0.00841267,68.2913582,9.64826248090171,0.943144427777714,8.38461446648855,10.0533956172188,9.94829215634675,9.78774462006146
