"","cue","log","id","rho","burst","iota_N1","iota_N2","phi_N1","phi_N2","fitness_rho","fitness_beta","fitness_psin","fitness_psiw","fitness_phin","fitness_phiw"
"4023","Ig","log10",4023,0.3804045,3.91263192,13.3371973,0.89119957,0.05065536,423.621892,9.66409072755325,0.941160402023901,9.71294945774593,9.45198181173322,9.41265889882561,9.62862995330238
