"","cue","log","id","rho","burst","iota_N1","iota_N2","phi_N1","phi_N2","fitness_rho","fitness_beta","fitness_psin","fitness_psiw","fitness_phin","fitness_phiw"
"776","Ig","log10",776,0.28836251,4.01532454,39.3419539,0.811866,0.01559287,242.654696,9.6324349053367,1.15828464578316,8.95420619662099,9.72882732990647,9.86698030775546,9.65298252832447
