"","cue","log","id","rho","burst","iota_N1","iota_N2","phi_N1","phi_N2","fitness_rho","fitness_beta","fitness_psin","fitness_psiw","fitness_phin","fitness_phiw"
"3311","Ig","log10",3311,0.32633881,4.64834341,8.95347148,1.64018711,0.35431837,373.728445,9.64705696186526,4.01889155791394,9.82792081352484,6.76736359275995,5.68258111380463,9.63303078821248
