"","cue","log","id","rho","burst","iota_N1","iota_N2","phi_N1","phi_N2","fitness_rho","fitness_beta","fitness_psin","fitness_psiw","fitness_phin","fitness_phiw"
"3175","Ig","log10",3175,0.41976144,5.65136779,26.8130969,0.92273898,0.02495846,324.198933,9.67433587001062,9.53683932533859,9.32983784567524,9.33887930009711,9.7529732851671,9.63870953755885
