"","cue","log","id","rho","burst","iota_N1","iota_N2","phi_N1","phi_N2","fitness_rho","fitness_beta","fitness_psin","fitness_psiw","fitness_phin","fitness_phiw"
"3971","Ig","log10",3971,0.26732539,4.60158739,33.9500793,1.71733914,0.07180802,1785.2011,9.62314471114525,3.68721357198362,9.11704236674328,6.53075041468059,9.11722665313171,9.60315095908353
