"","cue","log","id","rho","burst","iota_N1","iota_N2","phi_N1","phi_N2","fitness_rho","fitness_beta","fitness_psin","fitness_psiw","fitness_phin","fitness_phiw"
"4707","Ig","log10",4707,0.22562526,4.07695646,39.1406092,0.97178316,0.01567017,156.037044,9.60157724864799,1.31086622230101,8.96030903951806,9.16022268912946,9.86607360250707,9.68382519557881
