"","cue","log","id","rho","burst","iota_N1","iota_N2","phi_N1","phi_N2","fitness_rho","fitness_beta","fitness_psin","fitness_psiw","fitness_phin","fitness_phiw"
"1337","Ig","log10",1337,0.31025016,4.5505959,38.4663057,1.90454882,0.08129722,149.825479,9.64117104577859,3.34836779461736,8.9807233326645,6.00391225546344,8.98279581260287,9.6873506482962
