"","cue","log","id","rho","burst","iota_N1","iota_N2","phi_N1","phi_N2","fitness_rho","fitness_beta","fitness_psin","fitness_psiw","fitness_phin","fitness_phiw"
"4333","Ig","log10",4333,0.33739295,5.63224725,26.588802,1.04935701,0.01068307,4424.01009,9.65086434615079,9.50823469546496,9.33645119790535,8.8724643443905,9.92327768079429,9.59836832744556
