"","cue","log","id","rho","burst","iota_N1","iota_N2","phi_N1","phi_N2","fitness_rho","fitness_beta","fitness_psin","fitness_psiw","fitness_phin","fitness_phiw"
"16","Ig","log10",16,0.30884181,4.6086141,2.86735777,0.62609195,0.11334135,1210.14362,9.6406333329774,3.73582572539498,9.97351350908494,10.3224335742329,8.52786249046188,9.6069602991839
