"","cue","log","id","rho","burst","iota_N1","iota_N2","phi_N1","phi_N2","fitness_rho","fitness_beta","fitness_psin","fitness_psiw","fitness_phin","fitness_phiw"
"4699","Ig","log10",4699,0.48930891,5.39810211,21.8108003,0.95694775,0.03001531,115.900828,9.68914838862103,8.93665139276599,9.47581580450904,9.21458169281943,9.68861971390383,9.71290324905331
