"","cue","log","id","rho","burst","iota_N1","iota_N2","phi_N1","phi_N2","fitness_rho","fitness_beta","fitness_psin","fitness_psiw","fitness_phin","fitness_phiw"
"3873","Ig","log10",3873,0.52660334,3.97035752,500.692193,0.68788262,0.0018191,169.772146,9.69573877112411,1.05791820471598,2.40314668134062,10.1344956373691,10.0164844341179,9.67691068922006
