"","cue","log","id","rho","burst","iota_N1","iota_N2","phi_N1","phi_N2","fitness_rho","fitness_beta","fitness_psin","fitness_psiw","fitness_phin","fitness_phiw"
"4542","Ig","log10",4542,0.34460817,5.98040965,122.07636,1.91621337,0.01051765,976.852381,9.65325346005125,9.6984527570761,6.6267943946581,5.97326045763118,9.92511848304297,9.60977280303304
