"","cue","log","id","rho","burst","iota_N1","iota_N2","phi_N1","phi_N2","fitness_rho","fitness_beta","fitness_psin","fitness_psiw","fitness_phin","fitness_phiw"
"869","Ig","log10",869,0.19828768,4.82169388,19.6595056,1.99504905,0.09904516,6901.52279,9.58461577862688,5.37456174518829,9.53743800384722,5.77257580926569,8.73050465147197,9.59720432837941
