"","cue","log","id","rho","burst","iota_N1","iota_N2","phi_N1","phi_N2","fitness_rho","fitness_beta","fitness_psin","fitness_psiw","fitness_phin","fitness_phiw"
"268","Ig","log10",268,0.33991256,4.76554573,9.19681808,0.5484422,0.02350343,69.3358469,9.65170554291475,4.92091940990441,9.8217245908347,10.5441192343319,9.77116575277224,9.78510062954603
