"","cue","log","id","rho","burst","iota_N1","iota_N2","phi_N1","phi_N2","fitness_rho","fitness_beta","fitness_psin","fitness_psiw","fitness_phin","fitness_phiw"
"2733","Ig","log10",2733,0.21095029,3.85167402,14.7533699,0.82470473,0.03554176,93.3163111,9.59278961086231,0.831064789537001,9.67449053312622,9.68484581400057,9.61655538133571,9.7395311002203
