"","cue","log","id","rho","burst","iota_N1","iota_N2","phi_N1","phi_N2","fitness_rho","fitness_beta","fitness_psin","fitness_psiw","fitness_phin","fitness_phiw"
"1896","Ig","log10",1896,0.42595126,6.03579765,16.2134124,1.84678307,0.07370675,1925.76623,9.67581474177789,9.67558594402182,9.63428218893585,6.15939601076955,9.09038185468962,9.60257491036607
