"","cue","log","id","rho","burst","iota_N1","iota_N2","phi_N1","phi_N2","fitness_rho","fitness_beta","fitness_psin","fitness_psiw","fitness_phin","fitness_phiw"
"4098","Ig","log10",4098,0.28547374,6.17337674,31.8622926,1.92944654,0.01955572,74.4339689,9.63121502950535,9.57402612668568,9.17969806480123,5.93879247963097,9.8196792973383,9.77316049135034
