"","cue","log","id","rho","burst","iota_N1","iota_N2","phi_N1","phi_N2","fitness_rho","fitness_beta","fitness_psin","fitness_psiw","fitness_phin","fitness_phiw"
"2180","Ig","log10",2180,0.31343973,3.91228998,115.898114,0.87584708,0.00735233,2570.81275,9.64237076499221,0.940506794926548,6.77872809745616,9.50645592867224,9.95972756336882,9.60070890116614
