"","cue","log","id","rho","burst","iota_N1","iota_N2","phi_N1","phi_N2","fitness_rho","fitness_beta","fitness_psin","fitness_psiw","fitness_phin","fitness_phiw"
"3362","Ig","log10",3362,0.36994167,3.9913721,9.50257449,0.90883927,0.09456536,2086.8257,9.6610891990895,1.10373973463514,9.8139028103083,9.38891173706915,8.79418302961392,9.6019993975621
