"","cue","log","id","rho","burst","iota_N1","iota_N2","phi_N1","phi_N2","fitness_rho","fitness_beta","fitness_psin","fitness_psiw","fitness_phin","fitness_phiw"
"2182","Ig","log10",2182,0.41956224,4.74939057,77.0836945,0.41483226,0.00194577,2173.54922,9.67429093901452,4.79205715398284,7.82570192471685,10.8872257489956,10.015244704491,9.60172533500988
