"","cue","log","id","rho","burst","iota_N1","iota_N2","phi_N1","phi_N2","fitness_rho","fitness_beta","fitness_psin","fitness_psiw","fitness_phin","fitness_phiw"
"3464","Ig","log10",3464,0.27810239,3.94819777,16.8460729,0.76510674,0.04018386,3637.2484,9.62802104683767,1.01156282730153,9.61669761820103,9.88602864735941,9.55485973959812,9.5990707860995
