"","cue","log","id","rho","burst","iota_N1","iota_N2","phi_N1","phi_N2","fitness_rho","fitness_beta","fitness_psin","fitness_psiw","fitness_phin","fitness_phiw"
"3181","Ig","log10",3181,0.30510893,5.60132994,13.5121021,0.8454837,0.03379494,5789.0731,9.63919708013262,9.456707030085,9.70822952284674,9.6129646227319,9.63950672329572,9.5976019076401
