"","cue","log","id","rho","burst","iota_N1","iota_N2","phi_N1","phi_N2","fitness_rho","fitness_beta","fitness_psin","fitness_psiw","fitness_phin","fitness_phiw"
"3760","Ig","log10",3760,0.45250188,4.64747536,3.65896117,0.43028591,0.1019052,231.805363,9.68177105074191,4.01256887188136,9.95576793604858,10.8499941162753,8.68987605416407,9.65561660308739
