"","cue","log","id","rho","burst","iota_N1","iota_N2","phi_N1","phi_N2","fitness_rho","fitness_beta","fitness_psin","fitness_psiw","fitness_phin","fitness_phiw"
"3906","Ig","log10",3906,0.41796972,6.11848549,19.3432198,2.01317663,0.08316247,166.902014,9.67390515114721,9.62143232801161,9.54643139590895,5.72798712051217,8.95630393572868,9.67826573047341
