"","cue","log","id","rho","burst","iota_N1","iota_N2","phi_N1","phi_N2","fitness_rho","fitness_beta","fitness_psin","fitness_psiw","fitness_phin","fitness_phiw"
"3635","Ig","log10",3635,0.19821721,4.59823638,150.334439,2.34513389,0.01230336,2410.35543,9.5845690993678,3.66419059848133,5.98539948917548,5.00541664666653,9.90500895495438,9.60107612762232
