"","cue","log","id","rho","burst","iota_N1","iota_N2","phi_N1","phi_N2","fitness_rho","fitness_beta","fitness_psin","fitness_psiw","fitness_phin","fitness_phiw"
"606","Ig","log10",606,0.37167128,6.06982341,49.5332911,1.67442326,0.01618802,413.71553,9.66159065238386,9.6560191903303,8.64489358564554,6.66096306669879,9.8599751625893,9.62942119735883
