"","cue","log","id","rho","burst","iota_N1","iota_N2","phi_N1","phi_N2","fitness_rho","fitness_beta","fitness_psin","fitness_psiw","fitness_phin","fitness_phiw"
"3302","Ig","log10",3302,0.25096531,4.01286497,28.7932138,1.01215573,0.02734299,1365.29698,9.61522730389459,1.15256617873615,9.27123538389929,9.01109716935603,9.72283731064129,9.6056203698616
