"","cue","log","id","rho","burst","iota_N1","iota_N2","phi_N1","phi_N2","fitness_rho","fitness_beta","fitness_psin","fitness_psiw","fitness_phin","fitness_phiw"
"4956","Ig","log10",4956,0.43066728,5.94985904,6.65679861,2.01020997,0.15617112,21763.9615,9.67691440614178,9.70590425068903,9.88513359253977,5.73525227033468,7.93342093517185,9.59577896206359
