"","cue","log","id","rho","burst","iota_N1","iota_N2","phi_N1","phi_N2","fitness_rho","fitness_beta","fitness_psin","fitness_psiw","fitness_phin","fitness_phiw"
"4692","Ig","log10",4692,0.358257,6.04178783,3.81003997,1.92875735,0.16367418,269.461065,9.65757742206544,9.67243183578406,9.95233558094379,5.94057974554366,7.83216931522342,9.64736139195636
