"","cue","log","id","rho","burst","iota_N1","iota_N2","phi_N1","phi_N2","fitness_rho","fitness_beta","fitness_psin","fitness_psiw","fitness_phin","fitness_phiw"
"1177","Ig","log10",1177,0.40539145,5.60761044,27.2773005,0.99201232,0.02049526,289.105964,9.67077703123666,9.4677104732268,9.31614089996354,9.08569966348783,9.80825217303566,9.64388701861455
