"","cue","log","id","rho","burst","iota_N1","iota_N2","phi_N1","phi_N2","fitness_rho","fitness_beta","fitness_psin","fitness_psiw","fitness_phin","fitness_phiw"
"1776","Ig","log10",1776,0.46506882,6.03491741,25.9496541,2.06974778,0.0465795,520.608892,9.684397024605,9.67603980532429,9.35526774214759,5.59248518407946,9.46843338672232,9.6224619170363
