"","cue","log","id","rho","burst","iota_N1","iota_N2","phi_N1","phi_N2","fitness_rho","fitness_beta","fitness_psin","fitness_psiw","fitness_phin","fitness_phiw"
"2994","Ig","log10",2994,0.59900095,6.22745817,16.1429957,1.96627541,0.0803616,6290.38888,9.70650280841474,9.51971298533844,9.63623418634065,5.8445346886698,8.99607204523882,9.5974040195339
