"","cue","log","id","rho","burst","iota_N1","iota_N2","phi_N1","phi_N2","fitness_rho","fitness_beta","fitness_psin","fitness_psiw","fitness_phin","fitness_phiw"
"3780","Ig","log10",3780,0.46391043,5.89400333,22.5941214,2.44706125,0.07274186,340.665666,9.68415940044821,9.70916841811898,9.45318705492836,4.81541732422326,9.1040266390255,9.63664195586522
