"","cue","log","id","rho","burst","iota_N1","iota_N2","phi_N1","phi_N2","fitness_rho","fitness_beta","fitness_psin","fitness_psiw","fitness_phin","fitness_phiw"
"910","Ig","log10",910,0.37446121,4.62148372,11.1546423,0.50325848,0.02447248,440.405455,9.6624004286918,3.82601371212463,9.77102962633721,10.6655567122205,9.75906790380925,9.62736952257432
