"","cue","log","id","rho","burst","iota_N1","iota_N2","phi_N1","phi_N2","fitness_rho","fitness_beta","fitness_psin","fitness_psiw","fitness_phin","fitness_phiw"
"2992","Ig","log10",2992,0.35348771,4.83681651,12.7334179,0.54884673,0.02751524,13742.9647,9.65609470684622,5.49742716084964,9.72916921272181,10.5430070996679,9.72064627264836,9.59616351372784
