"","cue","log","id","rho","burst","iota_N1","iota_N2","phi_N1","phi_N2","fitness_rho","fitness_beta","fitness_psin","fitness_psiw","fitness_phin","fitness_phiw"
"1491","Ig","log10",1491,0.26848115,3.85387496,91.8591857,0.69110784,0.00214675,1878.42552,9.62368195335463,0.834822909506036,7.40929042346405,10.1244138239303,10.0132735774102,9.60276216754906
