"","cue","log","id","rho","burst","iota_N1","iota_N2","phi_N1","phi_N2","fitness_rho","fitness_beta","fitness_psin","fitness_psiw","fitness_phin","fitness_phiw"
"4506","Ig","log10",4506,0.5087422,5.96545989,247.340247,2.16282196,0.00582436,231.515477,9.69268490956336,9.70257884104084,4.36540439603416,5.38108974887811,9.9759105941289,9.65569161385714
