"","cue","log","id","rho","burst","iota_N1","iota_N2","phi_N1","phi_N2","fitness_rho","fitness_beta","fitness_psin","fitness_psiw","fitness_phin","fitness_phiw"
"4485","Ig","log10",4485,0.37330985,4.02965038,12.8614904,0.82370396,0.02895808,174.001407,9.66206898544035,1.19213926173157,9.72573573312993,9.68828723084263,9.70221054464422,9.67499741097005
