"","cue","log","id","rho","burst","iota_N1","iota_N2","phi_N1","phi_N2","fitness_rho","fitness_beta","fitness_psin","fitness_psiw","fitness_phin","fitness_phiw"
"2284","Ig","log10",2284,0.36527309,4.77158113,3.8756102,0.57546327,0.04091611,26.7483056,9.65970282618097,4.96930953459021,9.95084173962178,10.4688341882286,9.54504406203831,10.0253815686953
