"","cue","log","id","rho","burst","iota_N1","iota_N2","phi_N1","phi_N2","fitness_rho","fitness_beta","fitness_psin","fitness_psiw","fitness_phin","fitness_phiw"
"1923","Ig","log10",1923,0.39881751,3.94213897,10.0532543,0.87409422,0.08090235,147.389131,9.66907976850305,0.99922808527598,9.7997259521002,9.51264469748036,8.9883943811426,9.68880977452881
