"","cue","log","id","rho","burst","iota_N1","iota_N2","phi_N1","phi_N2","fitness_rho","fitness_beta","fitness_psin","fitness_psiw","fitness_phin","fitness_phiw"
"4328","Ig","log10",4328,0.24863168,3.99892155,13.8789905,0.85717287,0.03076003,6013.97906,9.61404369389312,1.1206600946602,9.69830342428179,9.57215880587304,9.67900777979696,9.59750967734274
