"","cue","log","id","rho","burst","iota_N1","iota_N2","phi_N1","phi_N2","fitness_rho","fitness_beta","fitness_psin","fitness_psiw","fitness_phin","fitness_phiw"
"2806","Ig","log10",2806,0.40720856,4.75335703,9.90644386,0.35089526,0.03810758,854.439678,9.67123696887296,4.82360026986419,9.80351927722258,11.0346430753947,9.58257231333268,9.61185754706415
