"","cue","log","id","rho","burst","iota_N1","iota_N2","phi_N1","phi_N2","fitness_rho","fitness_beta","fitness_psin","fitness_psiw","fitness_phin","fitness_phiw"
"1007","Ig","log10",1007,0.28047339,4.64425878,15.5985715,1.64788653,0.15207205,16170.4026,9.62906107506682,3.98916995080868,9.651282754941,6.74323963074081,7.98915958196034,9.5960051137012
