"","cue","log","id","rho","burst","iota_N1","iota_N2","phi_N1","phi_N2","fitness_rho","fitness_beta","fitness_psin","fitness_psiw","fitness_phin","fitness_phiw"
"2814","Ig","log10",2814,0.39183865,6.10934605,17.3757969,1.95798554,0.06602793,606.319226,9.66723195719724,9.62848712647262,9.60190083886368,5.86553705953822,9.19869096918479,9.61863663633971
