"","cue","log","id","rho","burst","iota_N1","iota_N2","phi_N1","phi_N2","fitness_rho","fitness_beta","fitness_psin","fitness_psiw","fitness_phin","fitness_phiw"
"3755","Ig","log10",3755,0.14381812,4.6782089,43.2980106,2.53322972,0.03958601,321.154451,9.54164066330762,4.24025652198364,8.83420286706939,4.66488154664769,9.56285609241446,9.63911475430346
