"","cue","log","id","rho","burst","iota_N1","iota_N2","phi_N1","phi_N2","fitness_rho","fitness_beta","fitness_psin","fitness_psiw","fitness_phin","fitness_phiw"
"2405","Ig","log10",2405,0.22430519,4.71181639,112.05867,1.6171604,0.01987674,870.356942,9.60081261193505,4.49704074575057,6.87526984470619,6.84017963320948,9.81578313095596,9.611553517792
