"","cue","log","id","rho","burst","iota_N1","iota_N2","phi_N1","phi_N2","fitness_rho","fitness_beta","fitness_psin","fitness_psiw","fitness_phin","fitness_phiw"
"3758","Ig","log10",3758,0.26300974,4.07706285,7.37694114,0.91736421,0.10184439,363.028758,9.62111854592731,1.3111452504648,9.86745418796274,9.35826222293841,8.69074434473668,9.63412842091526
