"","cue","log","id","rho","burst","iota_N1","iota_N2","phi_N1","phi_N2","fitness_rho","fitness_beta","fitness_psin","fitness_psiw","fitness_phin","fitness_phiw"
"1919","Ig","log10",1919,0.18360924,4.53495203,34.1760164,2.3893085,0.08744984,390.138603,9.57437252422841,3.2494454405869,9.11024413972139,4.92142065399559,8.89536623726305,9.6314598526051
