"","cue","log","id","rho","burst","iota_N1","iota_N2","phi_N1","phi_N2","fitness_rho","fitness_beta","fitness_psin","fitness_psiw","fitness_phin","fitness_phiw"
"3272","Ig","log10",3272,0.29441099,3.97050328,11.1925037,0.69503526,0.0621579,4163.21516,9.63493962188045,1.05822859129723,9.77003768081507,10.1121006461818,9.25298609075598,9.59857235646339
