"","cue","log","id","rho","burst","iota_N1","iota_N2","phi_N1","phi_N2","fitness_rho","fitness_beta","fitness_psin","fitness_psiw","fitness_phin","fitness_phiw"
"2285","Ig","log10",2285,0.23218191,4.63607931,38.6643812,2.49374663,0.09019673,157.103072,9.60528446307959,3.93006585424349,8.97473135870157,4.7327593447517,8.85630617755073,9.68324581008389
