"","cue","log","id","rho","burst","iota_N1","iota_N2","phi_N1","phi_N2","fitness_rho","fitness_beta","fitness_psin","fitness_psiw","fitness_phin","fitness_phiw"
"3651","Ig","log10",3651,0.25948319,3.98948314,14.7573685,0.96076442,0.01665631,2189.13474,9.61943121006429,1.09954551869176,9.67438226656322,9.20062328611972,9.85443844076442,9.60168052615407
