"","cue","log","id","rho","burst","iota_N1","iota_N2","phi_N1","phi_N2","fitness_rho","fitness_beta","fitness_psin","fitness_psiw","fitness_phin","fitness_phiw"
"916","Ig","log10",916,0.43800204,4.76256145,18.3364616,0.48417422,0.01622553,53066.8645,9.67858852779143,4.89704607911008,9.57491687220308,10.7151791403379,9.8595343127972,9.59538553508104
