"","cue","log","id","rho","burst","iota_N1","iota_N2","phi_N1","phi_N2","fitness_rho","fitness_beta","fitness_psin","fitness_psiw","fitness_phin","fitness_phiw"
"2690","Ig","log10",2690,0.21227679,3.95409266,20.0867856,0.748389,0.03214239,3898.74878,9.59361307003283,1.02370411609985,9.52526793838688,9.94103809460435,9.66107871035153,9.59880610293435
