"","cue","log","id","rho","burst","iota_N1","iota_N2","phi_N1","phi_N2","fitness_rho","fitness_beta","fitness_psin","fitness_psiw","fitness_phin","fitness_phiw"
"4789","Ig","log10",4789,0.39202006,5.41132072,13.395483,0.96019461,0.08137464,294.886814,9.66728129740797,8.98096861726765,9.71137766039069,9.20270850371608,8.9816902864095,9.6429518124014
