"","cue","log","id","rho","burst","iota_N1","iota_N2","phi_N1","phi_N2","fitness_rho","fitness_beta","fitness_psin","fitness_psiw","fitness_phin","fitness_phiw"
"2663","Ig","log10",2663,0.17298997,4.55204697,10.9857952,1.73604969,0.2436152,1236.2739,9.56639578256987,3.35767037713303,9.77545880781268,6.47509025553082,6.82688690765425,9.6067119946405
