"","cue","log","id","rho","burst","iota_N1","iota_N2","phi_N1","phi_N2","fitness_rho","fitness_beta","fitness_psin","fitness_psiw","fitness_phin","fitness_phiw"
"309","Ig","log10",309,0.22386469,3.88035124,19.2835452,0.94995745,0.01738484,10656.1482,9.60055728584168,0.881273559751801,9.5481235772077,9.2401080444588,9.84578005116065,9.59646534077839
