"","cue","log","id","rho","burst","iota_N1","iota_N2","phi_N1","phi_N2","fitness_rho","fitness_beta","fitness_psin","fitness_psiw","fitness_phin","fitness_phiw"
"2579","Ig","log10",2579,0.28137383,4.66062851,17.54831,1.9235516,0.16263111,616.58751,9.62945425639304,4.10911776127271,9.59707098880667,5.95410690970088,7.84618453043982,9.61824985964077
