"","cue","log","id","rho","burst","iota_N1","iota_N2","phi_N1","phi_N2","fitness_rho","fitness_beta","fitness_psin","fitness_psiw","fitness_phin","fitness_phiw"
"646","Ig","log10",646,0.40771511,4.52160795,12.7675672,0.42901476,0.02648421,169.180104,9.67136252564251,3.16697450346938,9.72825229134979,10.8530793785616,9.73373617818168,9.6771891439312
