"","cue","log","id","rho","burst","iota_N1","iota_N2","phi_N1","phi_N2","fitness_rho","fitness_beta","fitness_psin","fitness_psiw","fitness_phin","fitness_phiw"
"3265","Ig","log10",3265,0.33042904,5.54305726,18.2398408,1.18947185,0.03568554,93.890134,9.64848829531055,9.34098959227771,9.57763813353743,8.34613014574681,9.61465875665573,9.73870706778586
