"","cue","log","id","rho","burst","iota_N1","iota_N2","phi_N1","phi_N2","fitness_rho","fitness_beta","fitness_psin","fitness_psiw","fitness_phin","fitness_phiw"
"4812","Ig","log10",4812,0.3307146,6.16914767,41.6675786,1.95022822,0.02084835,1493.92915,9.6485869904475,9.57796778770682,8.8836910910894,5.88530301081383,9.80393562718187,9.60472103456646
