"","cue","log","id","rho","burst","iota_N1","iota_N2","phi_N1","phi_N2","fitness_rho","fitness_beta","fitness_psin","fitness_psiw","fitness_phin","fitness_phiw"
"2520","Ig","log10",2520,0.37857305,6.05393542,8.16721257,1.84810105,0.09400305,361.938486,9.66357402881254,9.66565227591012,9.84777276128654,6.1557819845951,8.80217845433647,9.63424348908927
