"","cue","log","id","rho","burst","iota_N1","iota_N2","phi_N1","phi_N2","fitness_rho","fitness_beta","fitness_psin","fitness_psiw","fitness_phin","fitness_phiw"
"1541","Ig","log10",1541,0.29212365,4.75688175,200.85878,2.04099631,0.01513696,3217.98871,9.63400057367917,4.85167908004824,5.04218188956764,5.66067022401494,9.87232136064342,9.59958602880333
