"","cue","log","id","rho","burst","iota_N1","iota_N2","phi_N1","phi_N2","fitness_rho","fitness_beta","fitness_psin","fitness_psiw","fitness_phin","fitness_phiw"
"4016","Ig","log10",4016,0.2751948,4.17854272,9.44167637,0.69098915,0.04874213,950.424315,9.62673132203316,1.60621051226263,9.81546472151592,10.1247868599112,9.43890765402115,9.61017829439808
