"","cue","log","id","rho","burst","iota_N1","iota_N2","phi_N1","phi_N2","fitness_rho","fitness_beta","fitness_psin","fitness_psiw","fitness_phin","fitness_phiw"
"2574","Ig","log10",2574,0.4888982,6.11466953,10.8011729,1.75385256,0.11100713,765.98218,9.6890696403417,9.62440768300617,9.78028966069625,6.42275426233563,8.56086092154929,9.61377484641074
