"","cue","log","id","rho","burst","iota_N1","iota_N2","phi_N1","phi_N2","fitness_rho","fitness_beta","fitness_psin","fitness_psiw","fitness_phin","fitness_phiw"
"274","Ig","log10",274,0.29022883,4.6422331,2.33761198,0.69024741,0.15077499,106.677718,9.63321726274768,3.97448378851139,9.98514867580345,10.1271053048,8.00685567579199,9.72249582965409
