"","cue","log","id","rho","burst","iota_N1","iota_N2","phi_N1","phi_N2","fitness_rho","fitness_beta","fitness_psin","fitness_psiw","fitness_phin","fitness_phiw"
"23","Ig","log10",23,0.35642064,4.5178789,122.477259,1.81112605,0.02896833,390.376833,9.65700978211077,3.14424562826186,6.6170855573713,6.25850554377055,9.7020799795885,9.63143911398961
