"","cue","log","id","rho","burst","iota_N1","iota_N2","phi_N1","phi_N2","fitness_rho","fitness_beta","fitness_psin","fitness_psiw","fitness_phin","fitness_phiw"
"3454","Ig","log10",3454,0.36839803,4.76759244,9.48928037,0.4579001,0.03138061,700.898864,9.66063283210712,4.93731614850063,9.81424600050762,10.7818826406897,9.67097305915422,9.61549088963642
