"","cue","log","id","rho","burst","iota_N1","iota_N2","phi_N1","phi_N2","fitness_rho","fitness_beta","fitness_psin","fitness_psiw","fitness_phin","fitness_phiw"
"3176","Ig","log10",3176,0.35500214,3.89403698,11.8544352,0.77006931,0.105932,5040.07339,9.65656660668693,0.906212850818391,9.75257568003391,9.8695763370286,8.63274031944761,9.59796943420043
