"","cue","log","id","rho","burst","iota_N1","iota_N2","phi_N1","phi_N2","fitness_rho","fitness_beta","fitness_psin","fitness_psiw","fitness_phin","fitness_phiw"
"4297","Ig","log10",4297,0.36887223,5.35682357,44.0894026,1.22615027,0.01470397,462.816704,9.66077305993568,8.78790240608545,8.8101685574368,8.20882705069542,9.87737460385481,9.62583200509155
