"","cue","log","id","rho","burst","iota_N1","iota_N2","phi_N1","phi_N2","fitness_rho","fitness_beta","fitness_psin","fitness_psiw","fitness_phin","fitness_phiw"
"514","Ig","log10",514,0.34616802,4.58247788,43.1036511,0.56665319,0.00635296,5389.94531,9.65375862735231,3.55733368941251,8.8401016320534,10.4935990017378,9.97035303560404,9.59778708309869
