"","cue","log","id","rho","burst","iota_N1","iota_N2","phi_N1","phi_N2","fitness_rho","fitness_beta","fitness_psin","fitness_psiw","fitness_phin","fitness_phiw"
"3734","Ig","log10",3734,0.36714179,3.99285907,39.104949,0.84175403,0.01767911,1267.12216,9.66026028670487,1.10705230847833,8.96138728035712,9.62592730397237,9.84226642941179,9.60643373209567
