"","cue","log","id","rho","burst","iota_N1","iota_N2","phi_N1","phi_N2","fitness_rho","fitness_beta","fitness_psin","fitness_psiw","fitness_phin","fitness_phiw"
"1586","Ig","log10",1586,0.17870393,3.97018712,38.6842238,0.84657691,0.00896628,1641.16175,9.57075099827004,1.05755353072816,8.97413038424222,9.60915896629621,9.94225710088861,9.60386510900539
