"","cue","log","id","rho","burst","iota_N1","iota_N2","phi_N1","phi_N2","fitness_rho","fitness_beta","fitness_psin","fitness_psiw","fitness_phin","fitness_phiw"
"3625","Ig","log10",3625,0.29900948,5.5571417,17.3349571,1.18745979,0.04539707,252.111834,9.63679528476559,9.37126015339095,9.6030448032685,8.35367839924983,9.48452932121289,9.6508659688476
