"","cue","log","id","rho","burst","iota_N1","iota_N2","phi_N1","phi_N2","fitness_rho","fitness_beta","fitness_psin","fitness_psiw","fitness_phin","fitness_phiw"
"1814","Ig","log10",1814,0.37812523,4.08896535,6.34491341,0.67133018,0.08584067,239.896248,9.66344685474957,1.34279040982431,9.89271168046889,10.1858196122408,8.91824400274289,9.65363299771107
