"","cue","log","id","rho","burst","iota_N1","iota_N2","phi_N1","phi_N2","fitness_rho","fitness_beta","fitness_psin","fitness_psiw","fitness_phin","fitness_phiw"
"4443","Ig","log10",4443,0.45703103,3.91466394,1.96879435,0.76286261,0.3822659,205.771834,9.68273221703828,0.945055990165151,9.99313045695006,9.89345142451419,5.43747049846518,9.6630416368915
