"","cue","log","id","rho","burst","iota_N1","iota_N2","phi_N1","phi_N2","fitness_rho","fitness_beta","fitness_psin","fitness_psiw","fitness_phin","fitness_phiw"
"2835","Ig","log10",2835,0.39749855,3.98741266,5.6001137,1.05614097,0.18529715,369.700967,9.66873643682056,1.0949625143119,9.91060223365906,8.84708455790121,7.54642570266872,9.63343784695038
