"","cue","log","id","rho","burst","iota_N1","iota_N2","phi_N1","phi_N2","fitness_rho","fitness_beta","fitness_psin","fitness_psiw","fitness_phin","fitness_phiw"
"1230","Ig","log10",1230,0.47647677,6.31145031,4.95864827,1.68249377,0.1863275,480.828772,9.68668432301415,9.42289510133652,9.92577222613021,6.63620526947202,7.53305375668779,9.62469662014444
