"","cue","log","id","rho","burst","iota_N1","iota_N2","phi_N1","phi_N2","fitness_rho","fitness_beta","fitness_psin","fitness_psiw","fitness_phin","fitness_phiw"
"3689","Ig","log10",3689,0.19331343,4.69044368,28.9971978,1.90641514,0.07321417,311.284053,9.58124063340108,4.33285884357052,9.26517284014778,5.99898950528305,9.09735095899832,9.64048102624827
