"","cue","log","id","rho","burst","iota_N1","iota_N2","phi_N1","phi_N2","fitness_rho","fitness_beta","fitness_psin","fitness_psiw","fitness_phin","fitness_phiw"
"3706","Ig","log10",3706,0.39885486,4.9166047,16.7628309,0.5439895,0.01691502,1689.22565,9.66909053082678,6.14011076542246,9.61901661148465,10.5563343431683,9.85136987609861,9.60361573792765
