"","cue","log","id","rho","burst","iota_N1","iota_N2","phi_N1","phi_N2","fitness_rho","fitness_beta","fitness_psin","fitness_psiw","fitness_phin","fitness_phiw"
"1911","Ig","log10",1911,0.45279558,3.87277301,9.59716857,0.65642533,0.08038828,523.250389,9.68183574046675,0.86773663985833,9.81147704275683,10.2314237452641,8.99569248487322,9.62232736898647
