"","cue","log","id","rho","burst","iota_N1","iota_N2","phi_N1","phi_N2","fitness_rho","fitness_beta","fitness_psin","fitness_psiw","fitness_phin","fitness_phiw"
"3301","Ig","log10",3301,0.35171014,5.3971218,6.93758264,1.09990995,0.11439651,151.870201,9.65553463475353,8.93330001638357,9.87826949652688,8.68286726596604,8.51296103982746,9.68615506940906
