"","cue","log","id","rho","burst","iota_N1","iota_N2","phi_N1","phi_N2","fitness_rho","fitness_beta","fitness_psin","fitness_psiw","fitness_phin","fitness_phiw"
"1657","Ig","log10",1657,0.28735229,5.29387627,27.0955766,1.29578505,0.02046282,577.817631,9.63201148694835,8.52954687220988,9.32150531946426,7.95058870391403,9.80864628446308,9.61978581096969
