"","cue","log","id","rho","burst","iota_N1","iota_N2","phi_N1","phi_N2","fitness_rho","fitness_beta","fitness_psin","fitness_psiw","fitness_phin","fitness_phiw"
"2600","Ig","log10",2600,0.27307625,3.99242962,25.0988596,0.63391783,0.03012526,206.79875,9.62578207074042,1.10609508935222,9.38023208302992,10.2991850154995,9.68720399866151,9.66271254899483
