"","cue","log","id","rho","burst","iota_N1","iota_N2","phi_N1","phi_N2","fitness_rho","fitness_beta","fitness_psin","fitness_psiw","fitness_phin","fitness_phiw"
"1611","Ig","log10",1611,0.29267194,4.02960309,4.20666381,0.6817938,0.0616609,91.9381438,9.63422738790778,1.19202516120856,9.94325377708588,10.1534573489134,9.2599398100011,9.74154938117612
