"","cue","log","id","rho","burst","iota_N1","iota_N2","phi_N1","phi_N2","fitness_rho","fitness_beta","fitness_psin","fitness_psiw","fitness_phin","fitness_phiw"
"3235","Ig","log10",3235,0.2852142,5.58465879,3.65303999,1.2112038,0.12426432,38.907789,9.63110333252182,9.426131628895,9.95590312196948,8.26469578140469,8.37407423183251,9.91151361435255
