"","cue","log","id","rho","burst","iota_N1","iota_N2","phi_N1","phi_N2","fitness_rho","fitness_beta","fitness_psin","fitness_psiw","fitness_phin","fitness_phiw"
"3579","Ig","log10",3579,0.37740643,3.88842254,20.8867479,0.7015613,0.04963699,359.795989,9.66324359240437,0.895902691805629,9.50238344338382,10.0915560085914,9.42664216086077,9.63447385917931
