"","cue","log","id","rho","burst","iota_N1","iota_N2","phi_N1","phi_N2","fitness_rho","fitness_beta","fitness_psin","fitness_psiw","fitness_phin","fitness_phiw"
"2193","Ig","log10",2193,0.24425412,4.00714416,47.6897619,0.80933776,0.00712993,595.862104,9.61178635742276,1.13937253837592,8.70083774078354,9.73745017495339,9.96210684018053,9.61904558322234
