"","cue","log","id","rho","burst","iota_N1","iota_N2","phi_N1","phi_N2","fitness_rho","fitness_beta","fitness_psin","fitness_psiw","fitness_phin","fitness_phiw"
"1952","Ig","log10",1952,0.28614597,4.01236576,21.6167546,0.75977921,0.02803281,2415.11832,9.63150038463412,1.15140994513671,9.48140475667709,9.90362959456042,9.71404846218226,9.6010650414168
