"","cue","log","id","rho","burst","iota_N1","iota_N2","phi_N1","phi_N2","fitness_rho","fitness_beta","fitness_psin","fitness_psiw","fitness_phin","fitness_phiw"
"1591","Ig","log10",1591,0.29663259,5.52063698,44.1435517,1.06805349,0.0089617,1911.68537,9.63584146513687,9.28968346896367,8.80852377901021,8.80246914704213,9.94230630363533,9.60262638474328
