"","cue","log","id","rho","burst","iota_N1","iota_N2","phi_N1","phi_N2","fitness_rho","fitness_beta","fitness_psin","fitness_psiw","fitness_phin","fitness_phiw"
"4911","Ig","log10",4911,0.39633711,3.97573547,169.808657,0.57026112,0.00329419,5069.00753,9.66842955055069,1.06946928559269,5.59272484494206,10.4834847006741,10.0018755324091,9.59795561439051
