"","cue","log","id","rho","burst","iota_N1","iota_N2","phi_N1","phi_N2","fitness_rho","fitness_beta","fitness_psin","fitness_psiw","fitness_phin","fitness_phiw"
"1963","Ig","log10",1963,0.35986276,5.57750159,13.7820305,0.9667682,0.05640179,112.694079,9.6580711311493,9.41239506887459,9.70092882215529,9.17862710822288,9.33325359089642,9.71607249588214
