"","cue","log","id","rho","burst","iota_N1","iota_N2","phi_N1","phi_N2","fitness_rho","fitness_beta","fitness_psin","fitness_psiw","fitness_phin","fitness_phiw"
"1286","Ig","log10",1286,0.19945368,3.83877828,91.0171612,1.02610528,0.00745865,1138.56205,9.58539106406212,0.809364262052233,7.43246800491553,8.95923179007008,9.95858969408811,9.6077007420146
