"","cue","log","id","rho","burst","iota_N1","iota_N2","phi_N1","phi_N2","fitness_rho","fitness_beta","fitness_psin","fitness_psiw","fitness_phin","fitness_phiw"
"4878","Ig","log10",4878,0.35535057,6.28273746,7.62140894,1.83484479,0.08813276,372.985178,9.6566777570806,9.45751340980564,9.86139688584978,6.19231596036741,8.88565561748445,9.63310461329642
