"","cue","log","id","rho","burst","iota_N1","iota_N2","phi_N1","phi_N2","fitness_rho","fitness_beta","fitness_psin","fitness_psiw","fitness_phin","fitness_phiw"
"4664","Ig","log10",4664,0.23953977,3.94287795,5.02056572,0.90874615,0.18206488,392.879113,9.6092958683523,1.00072635913364,9.92431933067076,9.3892451258421,7.58853383847083,9.63121301935036
