"","cue","log","id","rho","burst","iota_N1","iota_N2","phi_N1","phi_N2","fitness_rho","fitness_beta","fitness_psin","fitness_psiw","fitness_phin","fitness_phiw"
"3718","Ig","log10",3718,0.34939934,4.75689891,17.3437429,0.49402986,0.01467772,1288.37291,9.6548011760413,4.85182302470553,9.60279819394527,10.6896763290412,9.87768103103742,9.60624584085173
