"","cue","log","id","rho","burst","iota_N1","iota_N2","phi_N1","phi_N2","fitness_rho","fitness_beta","fitness_psin","fitness_psiw","fitness_phin","fitness_phiw"
"808","Ig","log10",808,0.26971098,4.75710931,20.6458424,0.72052092,0.01444979,12.7227263,9.62424701896394,4.85350216715636,9.50928637258195,10.0312592972204,9.88033140153271,10.3257662705872
