"","cue","log","id","rho","burst","iota_N1","iota_N2","phi_N1","phi_N2","fitness_rho","fitness_beta","fitness_psin","fitness_psiw","fitness_phin","fitness_phiw"
"4461","Ig","log10",4461,0.26035504,3.96190782,19.4304456,1.03893575,0.02172479,72.9117659,9.61985162950619,1.04000922417256,9.54395116416435,8.91139921212418,9.79318139010643,9.77656733525685
