"","cue","log","id","rho","burst","iota_N1","iota_N2","phi_N1","phi_N2","fitness_rho","fitness_beta","fitness_psin","fitness_psiw","fitness_phin","fitness_phiw"
"966","Ig","log10",966,0.35765344,6.11086682,12.4812522,2.17903384,0.09079362,6949.00145,9.65739185786263,9.62733180598038,9.73590876337584,5.34568120240851,8.84782085496863,9.59718779440798
