"","cue","log","id","rho","burst","iota_N1","iota_N2","phi_N1","phi_N2","fitness_rho","fitness_beta","fitness_psin","fitness_psiw","fitness_phin","fitness_phiw"
"1314","Ig","log10",1314,0.42555237,6.18426949,5.53678643,1.75305903,0.16552966,108.089218,9.6757195304914,9.56365643348407,9.91211232427341,6.42507313460502,7.80729144169338,9.72092585147251
