"","cue","log","id","rho","burst","iota_N1","iota_N2","phi_N1","phi_N2","fitness_rho","fitness_beta","fitness_psin","fitness_psiw","fitness_phin","fitness_phiw"
"2125","Ig","log10",2125,0.3996763,5.51731358,14.0838564,1.07729631,0.05078872,132.5746,9.66930733878422,9.2817448267077,9.69274338397573,8.76780320819811,9.41082802416876,9.69878719418346
