"","cue","log","id","rho","burst","iota_N1","iota_N2","phi_N1","phi_N2","fitness_rho","fitness_beta","fitness_psin","fitness_psiw","fitness_phin","fitness_phiw"
"778","Ig","log10",778,0.35671189,4.74642357,14.9832034,0.44177564,0.01236787,310.333484,9.65710097067369,4.76850581374233,9.66819744048099,10.8219013209045,9.90427518548384,9.64061857283468
