"","cue","log","id","rho","burst","iota_N1","iota_N2","phi_N1","phi_N2","fitness_rho","fitness_beta","fitness_psin","fitness_psiw","fitness_phin","fitness_phiw"
"3686","Ig","log10",3686,0.34277332,3.97042685,25.0239206,0.83438209,0.03428627,188.425951,9.65265018873899,1.05806687571967,9.38242694123631,9.65147296314199,9.63306372100829,9.66908689360291
