"","cue","log","id","rho","burst","iota_N1","iota_N2","phi_N1","phi_N2","fitness_rho","fitness_beta","fitness_psin","fitness_psiw","fitness_phin","fitness_phiw"
"4601","Ig","log10",4601,0.2018373,4.65203497,29.7877571,1.70888518,0.05212677,869.950673,9.58696582918441,4.04587698838058,9.24165929826573,6.55612221513706,9.3924082078061,9.61156243040695
