"","cue","log","id","rho","burst","iota_N1","iota_N2","phi_N1","phi_N2","fitness_rho","fitness_beta","fitness_psin","fitness_psiw","fitness_phin","fitness_phiw"
"1766","Ig","log10",1766,0.2276925,4.19881319,8.44412715,0.71825863,0.0795452,3523.52902,9.60275940920941,1.67255303411366,9.8408120857265,10.0385039453043,9.00765780378072,9.59919822669192
