"","cue","log","id","rho","burst","iota_N1","iota_N2","phi_N1","phi_N2","fitness_rho","fitness_beta","fitness_psin","fitness_psiw","fitness_phin","fitness_phiw"
"4201","Ig","log10",4201,0.35919554,5.34894366,7.00870396,1.07869796,0.10835375,619.800486,9.65786687538951,8.7576783851933,9.87652588787596,8.76254343430359,8.59842444265125,9.61813166482609
