"","cue","log","id","rho","burst","iota_N1","iota_N2","phi_N1","phi_N2","fitness_rho","fitness_beta","fitness_psin","fitness_psiw","fitness_phin","fitness_phiw"
"3031","Ig","log10",3031,0.36188638,5.31695672,8.53701055,1.02379466,0.10670881,613.489897,9.65868319179637,8.62881815308799,9.83846981593425,8.9678336399658,8.62173005223884,9.61836364837492
