"","cue","log","id","rho","burst","iota_N1","iota_N2","phi_N1","phi_N2","fitness_rho","fitness_beta","fitness_psin","fitness_psiw","fitness_phin","fitness_phiw"
"1987","Ig","log10",1987,0.29915097,5.75037774,32.1348508,1.05884459,0.01111225,968.242112,9.6368505279196,9.64753758777091,9.17153724319191,8.8369647860359,9.9184695664413,9.60990171027624
