"","cue","log","id","rho","burst","iota_N1","iota_N2","phi_N1","phi_N2","fitness_rho","fitness_beta","fitness_psin","fitness_psiw","fitness_phin","fitness_phiw"
"398","Ig","log10",398,0.34521592,4.15973579,15.2976871,0.77610062,0.03547997,215.096623,9.65345354367551,1.54698995661248,9.65956347368108,9.84950393408681,9.61736833270802,9.66017948995662
