"","cue","log","id","rho","burst","iota_N1","iota_N2","phi_N1","phi_N2","fitness_rho","fitness_beta","fitness_psin","fitness_psiw","fitness_phin","fitness_phiw"
"2883","Ig","log10",2883,0.34714066,3.83191809,12.5932353,0.56344012,0.04326132,311.455183,9.65407618278824,0.798033458957247,9.73291995359211,10.5025764135412,9.51346345754222,9.64045954935615
