"","cue","log","id","rho","burst","iota_N1","iota_N2","phi_N1","phi_N2","fitness_rho","fitness_beta","fitness_psin","fitness_psiw","fitness_phin","fitness_phiw"
"1724","Ig","log10",1724,0.30088171,3.99864424,20.6124931,0.83967095,0.03051146,73.3739133,9.63754023217841,1.12003475374356,9.51023996596457,9.6331572322753,9.68221909167916,9.77551764961597
