"","cue","log","id","rho","burst","iota_N1","iota_N2","phi_N1","phi_N2","fitness_rho","fitness_beta","fitness_psin","fitness_psiw","fitness_phin","fitness_phiw"
"1638","Ig","log10",1638,0.32024862,6.05801426,18.7021311,1.93141314,0.03578177,377.645108,9.64487610834952,9.66326118027003,9.56459280300223,5.93369852881695,9.61338863431775,9.63264253109683
