"","cue","log","id","rho","burst","iota_N1","iota_N2","phi_N1","phi_N2","fitness_rho","fitness_beta","fitness_psin","fitness_psiw","fitness_phin","fitness_phiw"
"566","Ig","log10",566,0.31141399,4.24424205,5.51746779,0.70691284,0.0915499,158.730382,9.6416094470932,1.83123203805024,9.91256923923582,10.0746283915201,8.83706259786265,9.6823795598313
