"","cue","log","id","rho","burst","iota_N1","iota_N2","phi_N1","phi_N2","fitness_rho","fitness_beta","fitness_psin","fitness_psiw","fitness_phin","fitness_phiw"
"356","Ig","log10",356,0.37738182,3.96019777,46.2455161,0.75812205,0.02588042,113.969228,9.66323712551215,1.03641970961133,8.74468660752739,9.90909308002954,9.74136994767031,9.71479256953566
