"","cue","log","id","rho","burst","iota_N1","iota_N2","phi_N1","phi_N2","fitness_rho","fitness_beta","fitness_psin","fitness_psiw","fitness_phin","fitness_phiw"
"4590","Ig","log10",4590,0.35410081,6.26293065,10.197166,2.22264723,0.1317781,59.1634908,9.65628796900682,9.48051208704479,9.79600210624622,5.2524307816864,8.26902057947753,9.81442891240895
