"","cue","log","id","rho","burst","iota_N1","iota_N2","phi_N1","phi_N2","fitness_rho","fitness_beta","fitness_psin","fitness_psiw","fitness_phin","fitness_phiw"
"4891","Ig","log10",4891,0.3316771,5.54935714,12.5192109,1.06094799,0.0989555,5942.99649,9.64891649086563,9.35471422850841,9.7348956491997,8.82909355706206,8.73177745227239,9.59753882626363
