"","cue","log","id","rho","burst","iota_N1","iota_N2","phi_N1","phi_N2","fitness_rho","fitness_beta","fitness_psin","fitness_psiw","fitness_phin","fitness_phiw"
"4899","Ig","log10",4899,0.36702441,3.88357003,24.773443,0.76530565,0.02381684,47.4432785,9.66022821688317,0.887078845018767,9.38976086287646,9.88537300148065,9.76726041516639,9.86181300931192
