"","cue","log","id","rho","burst","iota_N1","iota_N2","phi_N1","phi_N2","fitness_rho","fitness_beta","fitness_psin","fitness_psiw","fitness_phin","fitness_phiw"
"3164","Ig","log10",3164,0.35793058,3.94227793,4.73920728,0.8218742,0.23915133,1219.43544,9.6574772698611,0.999508135273009,9.93090853441656,9.69457110569374,6.87914472030585,9.60687221841114
