"","cue","log","id","rho","burst","iota_N1","iota_N2","phi_N1","phi_N2","fitness_rho","fitness_beta","fitness_psin","fitness_psiw","fitness_phin","fitness_phiw"
"3804","Ig","log10",3804,0.41764609,6.14165996,11.7577793,1.6789984,0.09675884,1361.94078,9.67382462538457,9.60243877229633,9.75513593363284,6.64691769177211,8.76299760718265,9.60564663968583
