"","cue","log","id","rho","burst","iota_N1","iota_N2","phi_N1","phi_N2","fitness_rho","fitness_beta","fitness_psin","fitness_psiw","fitness_phin","fitness_phiw"
"4281","Ig","log10",4281,0.20023997,3.99230653,26.2419533,0.80047474,0.01429788,840.998215,9.58591492273691,1.10582155067649,9.346664837902,9.76756116864331,9.88209581075329,9.61212328991006
