"","cue","log","id","rho","burst","iota_N1","iota_N2","phi_N1","phi_N2","fitness_rho","fitness_beta","fitness_psin","fitness_psiw","fitness_phin","fitness_phiw"
"800","Ig","log10",800,0.24089846,3.91843046,122.649456,0.80559192,0.00324877,130098.202,9.61002014180118,0.95231372320883,6.61291421638451,9.75019774463579,10.0023301515468,9.59522685671983
