"","cue","log","id","rho","burst","iota_N1","iota_N2","phi_N1","phi_N2","fitness_rho","fitness_beta","fitness_psin","fitness_psiw","fitness_phin","fitness_phiw"
"1568","Ig","log10",1568,0.23544781,3.9022288,20.4533259,0.83164027,0.03840486,3151.80334,9.60708409937309,0.921454619910504,9.51479587488144,9.66094745249671,9.57861562102468,9.59967658637371
