"","cue","log","id","rho","burst","iota_N1","iota_N2","phi_N1","phi_N2","fitness_rho","fitness_beta","fitness_psin","fitness_psiw","fitness_phin","fitness_phiw"
"5009","Ig","log10",5009,0.24911099,4.69971778,31.61261,1.96611197,0.05767076,149.018842,9.61428584893148,4.40373975846724,9.18717523745692,5.84494728840096,9.31561610740621,9.68782764978698
