"","cue","log","id","rho","burst","iota_N1","iota_N2","phi_N1","phi_N2","fitness_rho","fitness_beta","fitness_psin","fitness_psiw","fitness_phin","fitness_phiw"
"3576","Ig","log10",3576,0.3336369,5.97536671,57.0571969,2.08954546,0.01346501,220.399443,9.6495928989555,9.69994421810878,8.41738886519359,5.54633791177691,9.89171789326378,9.65865990551542
