"","cue","log","id","rho","burst","iota_N1","iota_N2","phi_N1","phi_N2","fitness_rho","fitness_beta","fitness_psin","fitness_psiw","fitness_phin","fitness_phiw"
"2087","Ig","log10",2087,0.15742806,4.38378546,82.5222083,2.04222868,0.03077914,457.660215,9.55374668495848,2.41708348105734,7.67011742999486,5.65772224916782,9.6787603636992,9.62617226222023
