"","cue","log","id","rho","burst","iota_N1","iota_N2","phi_N1","phi_N2","fitness_rho","fitness_beta","fitness_psin","fitness_psiw","fitness_phin","fitness_phiw"
"614","Ig","log10",614,0.25073963,3.89083235,17.5563104,1.15955293,0.04004028,253.856192,9.61511353729637,0.900315322604006,9.59684632333718,8.45851657529684,9.55678078680625,9.65049425801421
