"","cue","log","id","rho","burst","iota_N1","iota_N2","phi_N1","phi_N2","fitness_rho","fitness_beta","fitness_psin","fitness_psiw","fitness_phin","fitness_phiw"
"3198","Ig","log10",3198,0.34117607,5.81161246,38.6658993,2.02252612,0.03331359,653.846009,9.65212499841148,9.68705704087774,8.97468379511871,5.70521675812738,9.64580704752649,9.61694367840437
