"","cue","log","id","rho","burst","iota_N1","iota_N2","phi_N1","phi_N2","fitness_rho","fitness_beta","fitness_psin","fitness_psiw","fitness_phin","fitness_phiw"
"2535","Ig","log10",2535,0.46732208,3.85960321,13.0238292,0.55670003,0.08133722,1226.84392,9.68485499289249,0.844676697723915,9.72138295134472,10.5213221972525,8.98222363599245,9.60680108382001
