"","cue","log","id","rho","burst","iota_N1","iota_N2","phi_N1","phi_N2","fitness_rho","fitness_beta","fitness_psin","fitness_psiw","fitness_phin","fitness_phiw"
"1008","Ig","log10",1008,0.49262932,5.83768451,10.1373962,2.02915017,0.10926926,149586.169,9.68976787507659,9.69774302493123,9.79754851212059,5.68917380730242,8.58546081805537,9.59521006840275
