"","cue","log","id","rho","burst","iota_N1","iota_N2","phi_N1","phi_N2","fitness_rho","fitness_beta","fitness_psin","fitness_psiw","fitness_phin","fitness_phiw"
"4871","Ig","log10",4871,0.21478308,4.65071712,75.6050887,1.71700164,0.03289541,672.781941,9.59515428009357,4.03623368236716,7.86842845206762,6.5317612750035,9.65126607387346,9.61633476324076
