"","cue","log","id","rho","burst","iota_N1","iota_N2","phi_N1","phi_N2","fitness_rho","fitness_beta","fitness_psin","fitness_psiw","fitness_phin","fitness_phiw"
"3876","Ig","log10",3876,0.48291817,6.18900202,495.910301,1.83225677,0.00166657,607.783133,9.68793336296394,9.55905953107647,2.42499450129706,6.199482843699,10.0179722532419,9.61858147049636
