"","cue","log","id","rho","burst","iota_N1","iota_N2","phi_N1","phi_N2","fitness_rho","fitness_beta","fitness_psin","fitness_psiw","fitness_phin","fitness_phiw"
"4527","Ig","log10",4527,0.37194396,4.10619294,30.4913986,0.82091774,0.01563924,724.603748,9.6616709877661,1.38991706543712,9.22067922485851,9.69785283229354,9.86643690284002,9.61482979954305
