"","cue","log","id","rho","burst","iota_N1","iota_N2","phi_N1","phi_N2","fitness_rho","fitness_beta","fitness_psin","fitness_psiw","fitness_phin","fitness_phiw"
"2842","Ig","log10",2842,0.40468466,4.69508675,12.0794018,0.50602971,0.03426571,105.916602,9.67059581631545,4.36827369388165,9.74661142214086,10.6582711121673,9.63334049783927,9.72335870101108
