"","cue","log","id","rho","burst","iota_N1","iota_N2","phi_N1","phi_N2","fitness_rho","fitness_beta","fitness_psin","fitness_psiw","fitness_phin","fitness_phiw"
"784","Ig","log10",784,0.43901771,4.73817024,12.3156449,0.45601285,0.02265807,69.0688082,9.67881688356215,4.7032114584611,9.74032566031652,10.7866034390863,9.78166044907657,9.78577048131026
