"","cue","log","id","rho","burst","iota_N1","iota_N2","phi_N1","phi_N2","fitness_rho","fitness_beta","fitness_psin","fitness_psiw","fitness_phin","fitness_phiw"
"3976","Ig","log10",3976,0.33989521,4.88825617,29.841182,0.65653354,0.0036943,12.1841177,9.65170201683446,5.91372532244602,9.24006656844286,10.2310941144861,9.9978408415503,10.3456726673021
