"","cue","log","id","rho","burst","iota_N1","iota_N2","phi_N1","phi_N2","fitness_rho","fitness_beta","fitness_psin","fitness_psiw","fitness_phin","fitness_phiw"
"2518","Ig","log10",2518,0.37076965,4.91853183,5.6719961,0.501696,0.03066948,26.2851633,9.66133008695356,6.15537965353891,9.90888922548797,10.6696570307501,9.68017638490675,10.0313448833806
