"","cue","log","id","rho","burst","iota_N1","iota_N2","phi_N1","phi_N2","fitness_rho","fitness_beta","fitness_psin","fitness_psiw","fitness_phin","fitness_phiw"
"4577","Ig","log10",4577,0.29101339,4.76996669,5.50087729,1.93256132,0.29951599,136.91205,9.63354002288726,4.95635734873814,9.91296584036964,5.93072360544274,6.21308692013727,9.69565488507584
