"","cue","log","id","rho","burst","iota_N1","iota_N2","phi_N1","phi_N2","fitness_rho","fitness_beta","fitness_psin","fitness_psiw","fitness_phin","fitness_phiw"
"3393","Ig","log10",3393,0.30584707,3.93361012,23.1714344,0.79944932,0.00975886,198.665887,9.63948181098915,0.982106888732139,9.43644957671088,9.77103523416689,9.93354197953245,9.66539307915163
