"","cue","log","id","rho","burst","iota_N1","iota_N2","phi_N1","phi_N2","fitness_rho","fitness_beta","fitness_psin","fitness_psiw","fitness_phin","fitness_phiw"
"753","Ig","log10",753,0.31584473,3.98474369,55.4626184,0.76340619,0.00944717,483.881362,9.64326561196217,1.08908360856465,8.46546046844934,9.89165494207341,9.93697844833614,9.62451081129345
