"","cue","log","id","rho","burst","iota_N1","iota_N2","phi_N1","phi_N2","fitness_rho","fitness_beta","fitness_psin","fitness_psiw","fitness_phin","fitness_phiw"
"1149","Ig","log10",1149,0.19042539,3.91484051,9.66465562,0.78580336,0.03296602,898.858332,9.57923686165442,0.945395006950032,9.80974077582078,9.81704032982434,9.65034602568479,9.6110350315592
