"","cue","log","id","rho","burst","iota_N1","iota_N2","phi_N1","phi_N2","fitness_rho","fitness_beta","fitness_psin","fitness_psiw","fitness_phin","fitness_phiw"
"1738","Ig","log10",1738,0.43120985,4.79496164,14.4545266,0.49896222,0.02406405,84.4061795,9.67703901818993,5.1577881872897,9.68265246156535,10.6768137034546,9.76417359162278,9.75366578439585
