"","cue","log","id","rho","burst","iota_N1","iota_N2","phi_N1","phi_N2","fitness_rho","fitness_beta","fitness_psin","fitness_psiw","fitness_phin","fitness_phiw"
"2534","Ig","log10",2534,0.34739547,4.09999239,16.6568826,0.84208052,0.0653833,947.209579,9.65415558905935,1.37277024773625,9.62196533589422,9.62479507137808,9.20775339114463,9.61022831147165
