"","cue","log","id","rho","burst","iota_N1","iota_N2","phi_N1","phi_N2","fitness_rho","fitness_beta","fitness_psin","fitness_psiw","fitness_phin","fitness_phiw"
"1234","Ig","log10",1234,0.37574518,4.73274164,14.3051265,0.45137508,0.01838651,289.879864,9.66276828543148,4.66043296787653,9.68672424578648,10.7981602575886,9.83379165718677,9.64376157636965
