"","cue","log","id","rho","burst","iota_N1","iota_N2","phi_N1","phi_N2","fitness_rho","fitness_beta","fitness_psin","fitness_psiw","fitness_phin","fitness_phiw"
"4635","Ig","log10",4635,0.29857514,3.88223893,15.0851284,0.76292772,0.0408836,134.875786,9.63662338552852,0.884673447952286,9.66540349584125,9.89323724354542,9.54548045693184,9.69709854943967
