"","cue","log","id","rho","burst","iota_N1","iota_N2","phi_N1","phi_N2","fitness_rho","fitness_beta","fitness_psin","fitness_psiw","fitness_phin","fitness_phiw"
"4535","Ig","log10",4535,0.22005973,4.73332722,29.9341573,2.12138374,0.06714292,1879.01144,9.59832624110594,4.66504340239894,9.23729642626874,5.4734749239924,9.18301250340845,9.60276058000272
