"","cue","log","id","rho","burst","iota_N1","iota_N2","phi_N1","phi_N2","fitness_rho","fitness_beta","fitness_psin","fitness_psiw","fitness_phin","fitness_phiw"
"2593","Ig","log10",2593,0.34413974,5.49984974,38.4217811,0.85055875,0.01980247,283.072334,9.65310054493145,9.23859624046202,8.98207507614805,9.59527867121798,9.81668512045334,9.64490219521308
