"","cue","log","id","rho","burst","iota_N1","iota_N2","phi_N1","phi_N2","fitness_rho","fitness_beta","fitness_psin","fitness_psiw","fitness_phin","fitness_phiw"
"3395","Ig","log10",3395,0.29547352,4.43403556,31.6846247,1.81562336,0.12644706,869.557536,9.63537184246072,2.66933584660533,9.18501973270136,6.24586970151806,8.34348759533956,9.61156768247883
