"","cue","log","id","rho","burst","iota_N1","iota_N2","phi_N1","phi_N2","fitness_rho","fitness_beta","fitness_psin","fitness_psiw","fitness_phin","fitness_phiw"
"1774","Ig","log10",1774,0.40726187,4.76710191,5.70509902,0.45557137,0.05767405,2302.31741,9.67125120714424,4.9333936539986,9.90809928971987,10.7877047320925,9.31556817850383,9.60135667620608
