"","cue","log","id","rho","burst","iota_N1","iota_N2","phi_N1","phi_N2","fitness_rho","fitness_beta","fitness_psin","fitness_psiw","fitness_phin","fitness_phiw"
"3186","Ig","log10",3186,0.35740151,5.99494835,30.3577616,1.97466605,0.02297424,592.991644,9.65731369873908,9.69358347604333,9.22466916910018,5.82339953042146,9.77774082118408,9.61916274071137
