"","cue","log","id","rho","burst","iota_N1","iota_N2","phi_N1","phi_N2","fitness_rho","fitness_beta","fitness_psin","fitness_psiw","fitness_phin","fitness_phiw"
"2550","Ig","log10",2550,0.34878855,6.17492213,16.5188376,1.58704535,0.02962102,233.386578,9.65460606848135,9.5725750679402,9.62580435943711,6.93691430793891,9.69369713692718,9.65521683046133
