"","cue","log","id","rho","burst","iota_N1","iota_N2","phi_N1","phi_N2","fitness_rho","fitness_beta","fitness_psin","fitness_psiw","fitness_phin","fitness_phiw"
"4550","Ig","log10",4550,0.26228873,4.21669723,4.45304021,0.89928835,0.07617705,754.568401,9.62077666693786,1.73332494386176,9.93756260964365,9.423120168604,9.05541222761628,9.61405333759434
