"","cue","log","id","rho","burst","iota_N1","iota_N2","phi_N1","phi_N2","fitness_rho","fitness_beta","fitness_psin","fitness_psiw","fitness_phin","fitness_phiw"
"2791","Ig","none",2791,0.2889239,5.58163383,98.9907551,1.21526327,0.00444312,1122.11851,8.58129196226227,8.30912359168743,6.11719924422436,7.07411889618745,8.08486309488929,8.56128845510319
