"","cue","log","id","rho","burst","iota_N1","iota_N2","phi_N1","phi_N2","fitness_rho","fitness_beta","fitness_psin","fitness_psiw","fitness_phin","fitness_phiw"
"1394","Ig","none",1394,0.27525799,4.07801523,5.67086561,0.8517895,0.10455231,1216.22181,8.57661403888624,3.34119103455736,8.20621399176936,8.54638747109556,7.31401290681265,8.56049952601832
