"","cue","log","id","rho","burst","iota_N1","iota_N2","phi_N1","phi_N2","fitness_rho","fitness_beta","fitness_psin","fitness_psiw","fitness_phin","fitness_phiw"
"1307","Ig","none",1307,0.23553387,4.64606428,10.3824315,1.77205924,0.20522562,755.214212,8.55914304898707,5.68844639242923,8.47377384693191,5.47393224476127,6.14091048611743,8.5662188189835
