"","cue","log","id","rho","burst","iota_N1","iota_N2","phi_N1","phi_N2","fitness_rho","fitness_beta","fitness_psin","fitness_psiw","fitness_phin","fitness_phiw"
"4760","Ig","none",4760,0.24945308,4.04199932,50.6036,0.78937187,0.01811928,166.373747,8.56598073468522,3.13487481197659,7.27507358175041,8.68668258750852,8.36546966822854,8.61667067389271
