"","cue","log","id","rho","burst","iota_N1","iota_N2","phi_N1","phi_N2","fitness_rho","fitness_beta","fitness_psin","fitness_psiw","fitness_phin","fitness_phiw"
"2639","Ig","none",2639,0.18489427,4.45348797,23.3696888,2.42253646,0.10835049,482.359875,8.52627252499653,5.06374801281503,8.34060182418433,4.38417218944292,7.25571303963486,8.57464003035074
