"","cue","log","id","rho","burst","iota_N1","iota_N2","phi_N1","phi_N2","fitness_rho","fitness_beta","fitness_psin","fitness_psiw","fitness_phin","fitness_phiw"
"5006","Ig","none",5006,0.29913037,3.92616475,15.3460934,0.80412789,0.04655672,139.913253,8.58440016979453,2.44389136639802,8.59135775211547,8.66369240457709,8.39559649511043,8.6281159413033
