"","cue","log","id","rho","burst","iota_N1","iota_N2","phi_N1","phi_N2","fitness_rho","fitness_beta","fitness_psin","fitness_psiw","fitness_phin","fitness_phiw"
"4951","Ig","none",4951,0.30101032,5.52498418,1.95323198,1.18517628,0.2922391,40.1315107,8.58493781593916,8.16881986826585,8.07920569351606,7.1877870549306,5.50263100325953,8.76950287126725
