"","cue","log","id","rho","burst","iota_N1","iota_N2","phi_N1","phi_N2","fitness_rho","fitness_beta","fitness_psin","fitness_psiw","fitness_phin","fitness_phiw"
"1293","Ig","none",1293,0.42258838,3.87272302,16.547294,0.8305841,0.067591,50.2104691,8.60256391098205,2.12163469694824,8.57458191746831,8.60580466735605,7.96746514720634,8.73653078134709
