"","cue","log","id","rho","burst","iota_N1","iota_N2","phi_N1","phi_N2","fitness_rho","fitness_beta","fitness_psin","fitness_psiw","fitness_phin","fitness_phiw"
"4114","Ig","none",4114,0.32890712,4.76016556,11.8333207,0.60469523,0.02753955,82.2013438,8.59178528169857,6.02030901904235,8.54450390313923,8.51892238851169,8.58150302912015,8.67505488778778
