"","cue","log","id","rho","burst","iota_N1","iota_N2","phi_N1","phi_N2","fitness_rho","fitness_beta","fitness_psin","fitness_psiw","fitness_phin","fitness_phiw"
"5007","Ig","none",5007,0.31488631,4.00200691,9.235267,0.72192691,0.05053458,204.826607,8.58860057906428,2.89990790193738,8.40306687874277,8.68850950025432,8.31682810591944,8.60500579127515
