"","cue","log","id","rho","burst","iota_N1","iota_N2","phi_N1","phi_N2","fitness_rho","fitness_beta","fitness_psin","fitness_psiw","fitness_phin","fitness_phiw"
"3064","Ig","none",3064,0.36070096,4.72442875,27.5944618,0.5752429,0.00671048,117.542086,8.59729272684498,5.91798076966079,8.15647581628804,8.5057825610384,8.11843054855362,8.641413968868
