"","cue","log","id","rho","burst","iota_N1","iota_N2","phi_N1","phi_N2","fitness_rho","fitness_beta","fitness_psin","fitness_psiw","fitness_phin","fitness_phiw"
"3026","Ig","none",3026,0.22055267,3.93715629,4.54361995,0.65593831,0.11873812,855.600009,8.55081168910161,2.51039127196424,8.16264668400724,8.57440808096499,7.10341143021295,8.56445747865929
