"","cue","log","id","rho","burst","iota_N1","iota_N2","phi_N1","phi_N2","fitness_rho","fitness_beta","fitness_psin","fitness_psiw","fitness_phin","fitness_phiw"
"3579","Ig","none",3579,0.37740643,3.88842254,20.8867479,0.7015613,0.04963699,359.795989,8.59935507161556,2.21590534205293,8.4418732560251,8.65746020068503,8.33493231330382,8.58245259792984
