"","cue","log","id","rho","burst","iota_N1","iota_N2","phi_N1","phi_N2","fitness_rho","fitness_beta","fitness_psin","fitness_psiw","fitness_phin","fitness_phiw"
"3374","Ig","none",3374,0.31712132,4.11432087,17.4862836,0.66420657,0.0380855,484.334493,8.58914274832642,3.54299375840846,8.55372846320173,8.58823832917725,8.53844553485876,8.57454358056769
