"","cue","log","id","rho","burst","iota_N1","iota_N2","phi_N1","phi_N2","fitness_rho","fitness_beta","fitness_psin","fitness_psiw","fitness_phin","fitness_phiw"
"3922","Ig","none",3922,0.36728953,4.82897784,8.71056517,0.60480729,0.05006115,857.697997,8.59816875205977,6.21525601056684,8.36944871482363,8.5189925358734,8.3263965412226,8.56442282166723
