"","cue","log","id","rho","burst","iota_N1","iota_N2","phi_N1","phi_N2","fitness_rho","fitness_beta","fitness_psin","fitness_psiw","fitness_phin","fitness_phiw"
"1902","Ig","none",1902,0.47709823,6.16353812,49.3151239,1.88631743,0.02669709,4490.86465,8.60280787664003,7.64611884915945,7.31709783480583,5.23678227701043,8.5725858828316,8.55358474391852
