"","cue","log","id","rho","burst","iota_N1","iota_N2","phi_N1","phi_N2","fitness_rho","fitness_beta","fitness_psin","fitness_psiw","fitness_phin","fitness_phiw"
"1018","Ig","none",1018,0.4266119,4.8638328,8.78680376,0.46907092,0.03789936,631.984104,8.60270476617334,6.31359578891864,8.37431361715925,8.50557214160926,8.54092095289753,8.56913678092091
