"","cue","log","id","rho","burst","iota_N1","iota_N2","phi_N1","phi_N2","fitness_rho","fitness_beta","fitness_psin","fitness_psiw","fitness_phin","fitness_phiw"
"2852","Ig","none",2852,0.30772221,3.91678458,10.897018,0.92215719,0.11132868,667.585202,8.5867773003157,2.38713981152426,8.50197670687215,8.29187003558636,7.21099967037059,8.56818473784162
