"","cue","log","id","rho","burst","iota_N1","iota_N2","phi_N1","phi_N2","fitness_rho","fitness_beta","fitness_psin","fitness_psiw","fitness_phin","fitness_phiw"
"379","Ig","none",379,0.27324838,5.75349794,18.0523494,1.16816852,0.03235473,1331.04996,8.57587272552268,8.59459431859911,8.53853886149241,7.25360063663006,8.59157402572468,8.55968810664378
