"","cue","log","id","rho","burst","iota_N1","iota_N2","phi_N1","phi_N2","fitness_rho","fitness_beta","fitness_psin","fitness_psiw","fitness_phin","fitness_phiw"
"4281","Ig","none",4281,0.20023997,3.99230653,26.2419533,0.80047474,0.01429788,840.998215,8.53771310798269,2.84216785604667,8.21590740781383,8.67005069689197,8.26026268652283,8.56468362415838
