"","cue","log","id","rho","burst","iota_N1","iota_N2","phi_N1","phi_N2","fitness_rho","fitness_beta","fitness_psin","fitness_psiw","fitness_phin","fitness_phiw"
"3951","Ig","none",3951,0.45908583,3.86396252,20.3670496,0.81010703,0.04124409,2545.76483,8.60309766776242,2.06927813046507,8.46156522756202,8.65238072566702,8.4911062614993,8.55555613100056
