"","cue","log","id","rho","burst","iota_N1","iota_N2","phi_N1","phi_N2","fitness_rho","fitness_beta","fitness_psin","fitness_psiw","fitness_phin","fitness_phiw"
"2597","Ig","none",2597,0.17153058,4.60437643,10.1107501,1.67718433,0.17539265,91.0405393,8.51508823809138,5.56205839409332,8.45779659577346,5.69069155014026,6.4225452649697,8.664525246793
