"","cue","log","id","rho","burst","iota_N1","iota_N2","phi_N1","phi_N2","fitness_rho","fitness_beta","fitness_psin","fitness_psiw","fitness_phin","fitness_phiw"
"4355","Ig","none",4355,0.2452556,4.60659417,64.4586953,2.41125957,0.03053866,14382.2473,8.56400443571926,5.56887753338972,6.86768175595852,4.39876651415113,8.59518546539629,8.55180514577786
