"","cue","log","id","rho","burst","iota_N1","iota_N2","phi_N1","phi_N2","fitness_rho","fitness_beta","fitness_psin","fitness_psiw","fitness_phin","fitness_phiw"
"4396","Ig","none",4396,0.37306651,4.87290621,3.70090882,0.47737667,0.0881507,12351.3008,8.59886858184389,6.33919907824787,8.13372397393736,8.50437796685232,7.58356067470818,8.55193848937192
