"","cue","log","id","rho","burst","iota_N1","iota_N2","phi_N1","phi_N2","fitness_rho","fitness_beta","fitness_psin","fitness_psiw","fitness_phin","fitness_phiw"
"1410","Ig","none",1410,0.39726717,6.02606767,4.0086485,2.16826524,0.34739754,28322.9114,8.60115978273974,8.01204700126829,8.14401144999413,4.74365409078785,5.18590239686628,8.55140599142796
