"","cue","log","id","rho","burst","iota_N1","iota_N2","phi_N1","phi_N2","fitness_rho","fitness_beta","fitness_psin","fitness_psiw","fitness_phin","fitness_phiw"
"660","Ig","none",660,0.34214222,6.29368681,16.6052958,1.69694774,0.0431463,4198.50846,8.59435065449705,7.40529082403865,8.57347119615942,5.64394812872431,8.45870325172885,8.55376498009869
