"","cue","log","id","rho","burst","iota_N1","iota_N2","phi_N1","phi_N2","fitness_rho","fitness_beta","fitness_psin","fitness_psiw","fitness_phin","fitness_phiw"
"1011","Ig","none",1011,0.30883798,4.01197242,12.8086219,0.8276006,0.02212563,238.89488,8.58707136815139,2.95894756033367,8.57490207694119,8.61329863691829,8.48298976910657,8.59765709562653
