"","cue","log","id","rho","burst","iota_N1","iota_N2","phi_N1","phi_N2","fitness_rho","fitness_beta","fitness_psin","fitness_psiw","fitness_phin","fitness_phiw"
"586","Ig","none",586,0.33333538,4.63862552,8.31817892,0.57327899,0.02445681,96.3232082,8.59268792821449,5.66615518997749,8.34471451896905,8.50522536187362,8.53713898773249,8.65903283355
