"","cue","log","id","rho","burst","iota_N1","iota_N2","phi_N1","phi_N2","fitness_rho","fitness_beta","fitness_psin","fitness_psiw","fitness_phin","fitness_phiw"
"3858","Ig","none",3858,0.46200158,6.19240916,48.5648438,1.74880068,0.016997,358.890402,8.60307316460226,7.58307874536647,7.34192435287314,5.52532029001487,8.33228943956172,8.58253033859537
