"","cue","log","id","rho","burst","iota_N1","iota_N2","phi_N1","phi_N2","fitness_rho","fitness_beta","fitness_psin","fitness_psiw","fitness_phin","fitness_phiw"
"3958","Ig","none",3958,0.26334416,4.86105514,12.6823539,0.74514412,0.01926101,18.89174,8.57201322264887,6.30576088426691,8.57178194129188,8.70780224048171,8.40006209085722,8.86981236429194
