"","cue","log","id","rho","burst","iota_N1","iota_N2","phi_N1","phi_N2","fitness_rho","fitness_beta","fitness_psin","fitness_psiw","fitness_phin","fitness_phiw"
"4226","Ig","none",4226,0.30071624,4.01146525,41.0964876,0.7668532,0.02045496,153.132049,8.58485454994555,2.95595114747454,7.60446366963562,8.706905505967,8.43592462582763,8.62194173081166
