"","cue","log","id","rho","burst","iota_N1","iota_N2","phi_N1","phi_N2","fitness_rho","fitness_beta","fitness_psin","fitness_psiw","fitness_phin","fitness_phiw"
"1374","Ig","none",1374,0.4249694,6.03196257,30.4641169,2.18961911,0.05152097,192.055651,8.60264996553081,7.9972845217321,8.03151688500616,4.71076399035557,8.29677645928101,8.60839274542537
