"","cue","log","id","rho","burst","iota_N1","iota_N2","phi_N1","phi_N2","fitness_rho","fitness_beta","fitness_psin","fitness_psiw","fitness_phin","fitness_phiw"
"3554","Ig","none",3554,0.17071423,3.89532134,25.3553191,1.02783295,0.02690809,871.001919,8.51436571106736,2.25747449216141,8.25478106518394,7.83752786713124,8.57504317841728,8.56421962304271
