"","cue","log","id","rho","burst","iota_N1","iota_N2","phi_N1","phi_N2","fitness_rho","fitness_beta","fitness_psin","fitness_psiw","fitness_phin","fitness_phiw"
"2202","Ig","none",2202,0.3306221,6.00850994,13.661467,1.84414715,0.06227057,1243.04,8.59213993818167,8.05472940943675,8.58979970181819,5.32146080646244,8.07509215582155,8.56029598819917
