"","cue","log","id","rho","burst","iota_N1","iota_N2","phi_N1","phi_N2","fitness_rho","fitness_beta","fitness_psin","fitness_psiw","fitness_phin","fitness_phiw"
"1596","Ig","none",1596,0.47435262,6.22043253,14.9719269,1.97485615,0.08087742,288.141527,8.60287264607657,7.52825137774778,8.59382411327003,5.06899605479023,7.71322643461194,8.58998458001916
