"","cue","log","id","rho","burst","iota_N1","iota_N2","phi_N1","phi_N2","fitness_rho","fitness_beta","fitness_psin","fitness_psiw","fitness_phin","fitness_phiw"
"1049","Ig","none",1049,0.22802067,4.74255622,28.27783,2.00156528,0.07876659,1041.58447,8.55509869555051,5.97001827737896,8.12650869611113,5.02087297061925,7.75211026978651,8.56207513530161
