"","cue","log","id","rho","burst","iota_N1","iota_N2","phi_N1","phi_N2","fitness_rho","fitness_beta","fitness_psin","fitness_psiw","fitness_phin","fitness_phiw"
"221","Ig","none",221,0.21257237,4.79204801,23.6195206,1.95867088,0.08936059,1146.8836,8.54592731103619,6.11086962222937,8.32995689190833,5.09870111107979,7.56262501395411,8.56106826508089
