"","cue","log","id","rho","burst","iota_N1","iota_N2","phi_N1","phi_N2","fitness_rho","fitness_beta","fitness_psin","fitness_psiw","fitness_phin","fitness_phiw"
"4999","Ig","none",4999,0.31269748,5.32444785,13.0581594,1.25260115,0.07972311,823.980008,8.5880608685873,7.62986121489054,8.58035692071843,6.937823624564,7.73441926189949,8.56496371732975
