"","cue","log","id","rho","burst","iota_N1","iota_N2","phi_N1","phi_N2","fitness_rho","fitness_beta","fitness_psin","fitness_psiw","fitness_phin","fitness_phiw"
"78","Ig","none",78,0.48894478,6.27509074,56.0910037,1.95281952,0.03080074,246.774861,8.60244658470404,7.43453084529148,7.1043965742965,5.10954658176925,8.59516514181813,8.59623186825766
