"","cue","log","id","rho","burst","iota_N1","iota_N2","phi_N1","phi_N2","fitness_rho","fitness_beta","fitness_psin","fitness_psiw","fitness_phin","fitness_phiw"
"742","Ig","none",742,0.37024317,4.82909556,5.68540076,0.61471051,0.03166839,12.6485058,8.59853720664975,6.21559319403873,8.20682152692327,8.52594620166373,8.59386735218314,8.86245585592834
