"","cue","log","id","rho","burst","iota_N1","iota_N2","phi_N1","phi_N2","fitness_rho","fitness_beta","fitness_psin","fitness_psiw","fitness_phin","fitness_phiw"
"3820","Ig","none",3820,0.44622405,4.77477236,7.60080313,0.42871577,0.02546465,1319.57126,8.60309034229428,6.0618673873655,8.30165777837832,8.51121308613872,8.55520733033197,8.55976088117702
