"","cue","log","id","rho","burst","iota_N1","iota_N2","phi_N1","phi_N2","fitness_rho","fitness_beta","fitness_psin","fitness_psiw","fitness_phin","fitness_phiw"
"4193","Ig","none",4193,0.11562368,4.56833632,700.770799,2.33309269,0.00243427,807.508495,8.453176100072,5.4495358401974,2.20027124136538,4.50312430573756,8.05640458463385,8.56524425413716
