"","cue","log","id","rho","burst","iota_N1","iota_N2","phi_N1","phi_N2","fitness_rho","fitness_beta","fitness_psin","fitness_psiw","fitness_phin","fitness_phiw"
"423","Ig","none",423,0.34113983,3.90209061,76.1207519,0.69343984,0.00510369,8145.58996,8.59417075190234,2.29831972027222,6.57845501252518,8.64272250124689,8.09445881645676,8.55242270709136
