"","cue","log","id","rho","burst","iota_N1","iota_N2","phi_N1","phi_N2","fitness_rho","fitness_beta","fitness_psin","fitness_psiw","fitness_phin","fitness_phiw"
"1490","Ig","none",1490,0.254754,3.94362496,90.0158268,0.83628066,0.00815002,4320.53991,8.56837111992154,2.54950442155819,6.28408849191917,8.59087454483217,8.14091511413915,8.55368758064452
