"","cue","log","id","rho","burst","iota_N1","iota_N2","phi_N1","phi_N2","fitness_rho","fitness_beta","fitness_psin","fitness_psiw","fitness_phin","fitness_phiw"
"4508","Ig","none",4508,0.20625328,4.09251722,21.3355074,0.72706203,0.01639492,2656.39085,8.54182392794732,3.42259392460771,8.42435911655231,8.69445535827917,8.31513405057116,8.55536667446751
