"","cue","log","id","rho","burst","iota_N1","iota_N2","phi_N1","phi_N2","fitness_rho","fitness_beta","fitness_psin","fitness_psiw","fitness_phin","fitness_phiw"
"3306","Ig","none",3306,0.45364795,6.09131387,35.878582,2.54552078,0.0417894,233.721792,8.60311901732494,7.8356272263513,7.80598516476885,4.23187518992936,8.48207001536824,8.59864043951062
