"","cue","log","id","rho","burst","iota_N1","iota_N2","phi_N1","phi_N2","fitness_rho","fitness_beta","fitness_psin","fitness_psiw","fitness_phin","fitness_phiw"
"1348","Ig","none",1348,0.455761,4.74295347,3.96841159,0.45627672,0.05434653,1234.40006,8.60311382573805,5.97115463373902,8.14265023188466,8.50746316496014,8.23872226653341,8.56035998217955
