"","cue","log","id","rho","burst","iota_N1","iota_N2","phi_N1","phi_N2","fitness_rho","fitness_beta","fitness_psin","fitness_psiw","fitness_phin","fitness_phiw"
"3338","Ig","none",3338,0.2284627,3.87847632,14.3732133,0.68828554,0.05753112,1656.41875,8.55534368132794,2.15612304809002,8.59458822483668,8.63301492861974,8.17279855918547,8.55799202880113
