"","cue","log","id","rho","burst","iota_N1","iota_N2","phi_N1","phi_N2","fitness_rho","fitness_beta","fitness_psin","fitness_psiw","fitness_phin","fitness_phiw"
"1134","Ig","none",1134,0.43823471,6.15653763,26.9996393,1.77538913,0.05253831,48.2661773,8.60299145086278,7.66252267433029,8.18260820422736,5.46666757229524,8.27596324965583,8.74216525330468
