"","cue","log","id","rho","burst","iota_N1","iota_N2","phi_N1","phi_N2","fitness_rho","fitness_beta","fitness_psin","fitness_psiw","fitness_phin","fitness_phiw"
"706","Ig","none",706,0.32085253,4.85193718,6.44398979,0.55325743,0.04652598,3555.64259,8.59001820855359,6.28003714053231,8.24078470639365,8.50132587250809,8.39618594958694,8.55426326790123
