"","cue","log","id","rho","burst","iota_N1","iota_N2","phi_N1","phi_N2","fitness_rho","fitness_beta","fitness_psin","fitness_psiw","fitness_phin","fitness_phiw"
"1310","Ig","none",1310,0.47580108,3.82894341,18.7656237,0.68026835,0.09978419,317.115712,8.60283838669079,1.86250197376337,8.51707764605754,8.61775243480778,7.38930712565106,8.5865443100523
