"","cue","log","id","rho","burst","iota_N1","iota_N2","phi_N1","phi_N2","fitness_rho","fitness_beta","fitness_psin","fitness_psiw","fitness_phin","fitness_phiw"
"4834","Ig","none",4834,0.39477806,4.80715885,16.7206727,0.44028327,0.01055741,324.831423,8.60096947489367,6.15362797199207,8.57118730777057,8.50974582379128,8.18190655150867,8.58572688698289
