"","cue","log","id","rho","burst","iota_N1","iota_N2","phi_N1","phi_N2","fitness_rho","fitness_beta","fitness_psin","fitness_psiw","fitness_phin","fitness_phiw"
"4774","Ig","none",4774,0.39527698,4.78804469,21.2483566,0.47103849,0.0121461,1116.60507,8.60100745961325,6.09952367429628,8.4277912297261,8.50528255885988,8.21246867663276,8.56133842335303
