"","cue","log","id","rho","burst","iota_N1","iota_N2","phi_N1","phi_N2","fitness_rho","fitness_beta","fitness_psin","fitness_psiw","fitness_phin","fitness_phiw"
"4320","Ig","none",4320,0.35948744,6.21408425,69.5408038,1.92248855,0.0087846,208.849406,8.59712307796252,7.54018537584958,6.73628726349693,5.1666537859036,8.15123826662779,8.60401961076419
