"","cue","log","id","rho","burst","iota_N1","iota_N2","phi_N1","phi_N2","fitness_rho","fitness_beta","fitness_psin","fitness_psiw","fitness_phin","fitness_phiw"
"3768","Ig","none",3768,0.45316156,6.11010691,42.4661756,1.94387967,0.02012326,1698.95775,8.60311706234505,7.78267805188114,7.5541218651382,5.12622025656119,8.4260789821368,8.55781438875192
