"","cue","log","id","rho","burst","iota_N1","iota_N2","phi_N1","phi_N2","fitness_rho","fitness_beta","fitness_psin","fitness_psiw","fitness_phin","fitness_phiw"
"1949","Ig","none",1949,0.27616621,4.5243649,198.886113,1.97771667,0.01703563,1262.01779,8.57694450919237,5.30726043450677,4.8779968756589,5.06378934787107,8.3334055459374,8.56015524266993
