"","cue","log","id","rho","burst","iota_N1","iota_N2","phi_N1","phi_N2","fitness_rho","fitness_beta","fitness_psin","fitness_psiw","fitness_phin","fitness_phiw"
"3510","Ig","none",3510,0.44667928,5.96847095,5.16088354,1.61168262,0.25058247,126.127856,8.60309475585083,8.14875301632861,8.18565364980261,5.85193923049473,5.78116635615921,8.63580464239514
