"","cue","log","id","rho","burst","iota_N1","iota_N2","phi_N1","phi_N2","fitness_rho","fitness_beta","fitness_psin","fitness_psiw","fitness_phin","fitness_phiw"
"931","Ig","none",931,0.25368047,5.56240997,7.76625776,1.33733663,0.08759882,119.468827,8.56789588494727,8.26254714920993,8.31127445679289,6.64679828034043,7.5931689509149,8.64009184308699
