"","cue","log","id","rho","burst","iota_N1","iota_N2","phi_N1","phi_N2","fitness_rho","fitness_beta","fitness_psin","fitness_psiw","fitness_phin","fitness_phiw"
"2976","Ig","none",2976,0.41069907,6.12661824,32.9841331,1.69699241,0.02105148,271.070299,8.60202122709922,7.7377912071164,7.92457561247724,5.64384304859693,8.45329979576627,8.59234106915429
