"","cue","log","id","rho","burst","iota_N1","iota_N2","phi_N1","phi_N2","fitness_rho","fitness_beta","fitness_psin","fitness_psiw","fitness_phin","fitness_phiw"
"3967","Ig","none",3967,0.24389172,5.54787524,3.90846907,1.21715868,0.07048429,675.452088,8.56334885320117,8.2265667045714,8.14063158394762,7.06707746545373,7.91022196088672,8.56798621260541
