"","cue","log","id","rho","burst","iota_N1","iota_N2","phi_N1","phi_N2","fitness_rho","fitness_beta","fitness_psin","fitness_psiw","fitness_phin","fitness_phiw"
"3073","Ig","none",3073,0.31487148,5.51947102,7.48257064,1.05904122,0.06053367,99.2866819,8.58859735300326,8.15474187879161,8.29492202816261,7.70224896825635,8.11076245239135,8.65617512570726
