"","cue","log","id","rho","burst","iota_N1","iota_N2","phi_N1","phi_N2","fitness_rho","fitness_beta","fitness_psin","fitness_psiw","fitness_phin","fitness_phiw"
"365","Ig","none",365,0.25490559,4.53758517,10.8315451,1.77974044,0.32094212,2304.19988,8.56843828131881,5.35066940966687,8.49855117538086,5.45720354197112,5.33165478976275,8.55603228470683
