"","cue","log","id","rho","burst","iota_N1","iota_N2","phi_N1","phi_N2","fitness_rho","fitness_beta","fitness_psin","fitness_psiw","fitness_phin","fitness_phiw"
"4167","Ig","none",4167,0.37710714,3.81636201,9.20331559,0.74752673,0.04655344,21388.4125,8.59932355177884,1.78947517152369,8.40101836372821,8.70862516060235,8.39565857566012,8.55153984184903
