"","cue","log","id","rho","burst","iota_N1","iota_N2","phi_N1","phi_N2","fitness_rho","fitness_beta","fitness_psin","fitness_psiw","fitness_phin","fitness_phiw"
"270","Ig","none",270,0.33320916,6.11266443,10.055815,2.11966463,0.07647653,240.52871,8.59266262329653,7.77559398140957,8.4544916385395,4.8206122317115,7.7949497748271,8.59735367677994
