"","cue","log","id","rho","burst","iota_N1","iota_N2","phi_N1","phi_N2","fitness_rho","fitness_beta","fitness_psin","fitness_psiw","fitness_phin","fitness_phiw"
"4332","Ig","none",4332,0.38185219,6.00501587,43.9154888,2.4034141,0.02780966,10461.5469,8.59981789457237,8.06303096238436,7.50195922263433,4.40898646054769,8.58386302068057,8.55210740005942
