"","cue","log","id","rho","burst","iota_N1","iota_N2","phi_N1","phi_N2","fitness_rho","fitness_beta","fitness_psin","fitness_psiw","fitness_phin","fitness_phiw"
"2550","Ig","none",2550,0.34878855,6.17492213,16.5188376,1.58704535,0.02962102,233.386578,8.59548755155553,7.62039427854528,8.57511720948153,5.91519882321477,8.59380372869179,8.59870622125431
