"","cue","log","id","rho","burst","iota_N1","iota_N2","phi_N1","phi_N2","fitness_rho","fitness_beta","fitness_psin","fitness_psiw","fitness_phin","fitness_phiw"
"159","Ig","none",159,0.27920739,3.96597757,3.49459522,1.05235143,0.11987139,10.1930277,8.57802961266989,2.68435904245482,8.12697116850464,7.73106203926973,7.08739815033948,8.82262498520947
