"","cue","log","id","rho","burst","iota_N1","iota_N2","phi_N1","phi_N2","fitness_rho","fitness_beta","fitness_psin","fitness_psiw","fitness_phin","fitness_phiw"
"2421","Ig","none",2421,0.47217086,4.05592706,26.6757059,0.65997088,0.02682391,1673.77944,8.60292055641977,3.21532472130385,8.19684803563743,8.58100252452384,8.57408147755541,8.55791661788757
