"","cue","log","id","rho","burst","iota_N1","iota_N2","phi_N1","phi_N2","fitness_rho","fitness_beta","fitness_psin","fitness_psiw","fitness_phin","fitness_phiw"
"2226","Ig","none",2226,0.34402559,6.10404688,3.91291962,2.05356215,0.19472747,1729.54324,8.59468125263452,7.79960426994129,8.14077659176312,4.93026870379044,6.23524245163102,8.55769630636658
