"","cue","log","id","rho","burst","iota_N1","iota_N2","phi_N1","phi_N2","fitness_rho","fitness_beta","fitness_psin","fitness_psiw","fitness_phin","fitness_phiw"
"2079","Ig","none",2079,0.25079731,3.88878681,26.4530182,0.87096896,0.0143085,6046.50434,8.56659816331429,2.21810066538448,8.20663324598344,8.48452154483903,8.26051751810973,8.55291952574659
