"","cue","log","id","rho","burst","iota_N1","iota_N2","phi_N1","phi_N2","fitness_rho","fitness_beta","fitness_psin","fitness_psiw","fitness_phin","fitness_phiw"
"4814","Ig","none",4814,0.29597101,4.026499,28.2431844,0.6378122,0.02223811,90.6291215,8.58347242756644,3.04446028909497,8.12802517964876,8.54883368939601,8.48595761339687,8.66497494996089
