"","cue","log","id","rho","burst","iota_N1","iota_N2","phi_N1","phi_N2","fitness_rho","fitness_beta","fitness_psin","fitness_psiw","fitness_phin","fitness_phiw"
"1519","Ig","none",1519,0.33662983,5.38129554,204.806979,0.91525275,0.00345773,354.888469,8.59333077081583,7.78729930847031,4.8231760399932,8.31964993182012,8.07077687754001,8.58287211734449
