"","cue","log","id","rho","burst","iota_N1","iota_N2","phi_N1","phi_N2","fitness_rho","fitness_beta","fitness_psin","fitness_psiw","fitness_phin","fitness_phiw"
"4561","Ig","none",4561,0.39418834,5.36720651,6.62561844,1.02155904,0.09453328,3018.65768,8.60092278908144,7.74857403803959,8.24958943512756,7.86493194852539,7.47506842012233,8.55484233428572
