"","cue","log","id","rho","burst","iota_N1","iota_N2","phi_N1","phi_N2","fitness_rho","fitness_beta","fitness_psin","fitness_psiw","fitness_phin","fitness_phiw"
"4705","Ig","none",4705,0.35910303,5.65226889,5.46132301,1.09699308,0.07737308,611.662638,8.59706849616848,8.46487714620493,8.19757309108475,7.54130559257458,7.77809900047051,8.56973134411859
