"","cue","log","id","rho","burst","iota_N1","iota_N2","phi_N1","phi_N2","fitness_rho","fitness_beta","fitness_psin","fitness_psiw","fitness_phin","fitness_phiw"
"2908","Ig","none",2908,0.51201255,4.86517056,27.0465703,0.48543403,0.02093678,482.953564,8.60139205273967,6.31737067048155,8.18054381739529,8.50329175834733,8.45000140265488,8.57461065707313
