"","cue","log","id","rho","burst","iota_N1","iota_N2","phi_N1","phi_N2","fitness_rho","fitness_beta","fitness_psin","fitness_psiw","fitness_phin","fitness_phiw"
"1850","Ig","none",1850,0.23051221,3.99544083,11.8510285,0.85188752,0.0427148,65.288165,8.55646883931953,2.86084983377371,8.54518540960377,8.54608995341519,8.46626153431539,8.70162356128622
