"","cue","log","id","rho","burst","iota_N1","iota_N2","phi_N1","phi_N2","fitness_rho","fitness_beta","fitness_psin","fitness_psiw","fitness_phin","fitness_phiw"
"3251","Ig","none",3251,0.38026568,4.54961039,54.4691383,1.71756327,0.08414048,185.849311,8.59965621231104,5.38966849977835,7.15349034198612,5.5960971378597,7.65423600935857,8.6101964290458
