"","cue","log","id","rho","burst","iota_N1","iota_N2","phi_N1","phi_N2","fitness_rho","fitness_beta","fitness_psin","fitness_psiw","fitness_phin","fitness_phiw"
"1678","Ig","none",1678,0.41140991,4.78850902,9.1011993,0.4218556,0.03203986,370.494329,8.60206007611705,6.10084139692435,8.39446173069587,8.51197394552539,8.59275866924396,8.58157168434738
