"","cue","log","id","rho","burst","iota_N1","iota_N2","phi_N1","phi_N2","fitness_rho","fitness_beta","fitness_psin","fitness_psiw","fitness_phin","fitness_phiw"
"357","Ig","none",357,0.32268441,3.91739537,17.7770488,0.68319718,0.04128351,28.3554822,8.59043377722548,2.39083758653413,8.54614689367525,8.62332963926403,8.49046214777935,8.82230853259406
