"","cue","log","id","rho","burst","iota_N1","iota_N2","phi_N1","phi_N2","fitness_rho","fitness_beta","fitness_psin","fitness_psiw","fitness_phin","fitness_phiw"
"4435","Ig","none",4435,0.31337179,5.39459003,19.975294,1.07874469,0.03940713,69.6650018,8.58822896344139,7.82364646166515,8.47592729917121,7.61811581722073,8.51978373353752,8.69374210417657
