"","cue","log","id","rho","burst","iota_N1","iota_N2","phi_N1","phi_N2","fitness_rho","fitness_beta","fitness_psin","fitness_psiw","fitness_phin","fitness_phiw"
"2253","Ig","none",2253,0.30598733,3.93675057,10.5326601,0.82102711,0.04591221,129.193978,8.58631473263353,2.50793905781317,8.48231461293967,8.62898269329669,8.40791402185213,8.6339679023164
