"","cue","log","id","rho","burst","iota_N1","iota_N2","phi_N1","phi_N2","fitness_rho","fitness_beta","fitness_psin","fitness_psiw","fitness_phin","fitness_phiw"
"3357","Ig","none",3357,0.39223747,4.10048889,4.89537078,0.78780765,0.13957042,612.670894,8.60076459798146,3.4668989253375,8.17552706988042,8.68868816602235,6.82628897540063,8.56969864193008
