"","cue","log","id","rho","burst","iota_N1","iota_N2","phi_N1","phi_N2","fitness_rho","fitness_beta","fitness_psin","fitness_psiw","fitness_phin","fitness_phiw"
"1081","Ig","none",1081,0.29589723,5.60005688,6.86070374,1.0743287,0.07172961,82.5468253,8.58345043332135,8.35243407330496,8.26139944694147,7.63686551832627,7.88588764876699,8.67460819681365
