"","cue","log","id","rho","burst","iota_N1","iota_N2","phi_N1","phi_N2","fitness_rho","fitness_beta","fitness_psin","fitness_psiw","fitness_phin","fitness_phiw"
"1152","Ig","none",1152,0.41774464,5.91629774,30.1669597,2.05866828,0.05254479,443.350965,8.60236589843272,8.28593183626705,8.04432474035258,4.92158534042392,8.27582846455538,8.57666926711951
