"","cue","log","id","rho","burst","iota_N1","iota_N2","phi_N1","phi_N2","fitness_rho","fitness_beta","fitness_psin","fitness_psiw","fitness_phin","fitness_phiw"
"2749","Ig","none",2749,0.30365013,5.5241308,8.1710167,1.11446617,0.11268455,1198.91309,8.58567682640866,8.16664293705221,8.3356067738158,7.46887441034322,7.1909277147192,8.56063495684976
