"","cue","log","id","rho","burst","iota_N1","iota_N2","phi_N1","phi_N2","fitness_rho","fitness_beta","fitness_psin","fitness_psiw","fitness_phin","fitness_phiw"
"1294","Ig","none",1294,0.37271372,4.71633558,15.8440394,0.46434876,0.01283177,48.0730353,8.5988269143958,5.89464375515455,8.58593516781337,8.50625837216656,8.22681314702309,8.74274065821752
