"","cue","log","id","rho","burst","iota_N1","iota_N2","phi_N1","phi_N2","fitness_rho","fitness_beta","fitness_psin","fitness_psiw","fitness_phin","fitness_phiw"
"3058","Ig","none",3058,0.39927922,4.71765003,15.2217827,0.47699454,0.02190778,3375.17864,8.6013051700879,5.89843796457274,8.59233707175083,8.5044308466898,8.47716490991805,8.5544382508407
