"","cue","log","id","rho","burst","iota_N1","iota_N2","phi_N1","phi_N2","fitness_rho","fitness_beta","fitness_psin","fitness_psiw","fitness_phin","fitness_phiw"
"1794","Ig","none",1794,0.52879448,6.13217298,34.5246946,1.95179867,0.02681552,2317.52647,8.60036450675649,7.72319200939158,7.86086005458778,5.11144185801806,8.57398531647701,8.55600351475201
