"","cue","log","id","rho","burst","iota_N1","iota_N2","phi_N1","phi_N2","fitness_rho","fitness_beta","fitness_psin","fitness_psiw","fitness_phin","fitness_phiw"
"1500","Ig","none",1500,0.38351328,5.92078862,2.50171358,1.85507966,0.37439724,285.036893,8.59998032959394,8.27276649491954,8.09574264278831,5.29919634577121,5.04685515197985,8.59039252179069
