"","cue","log","id","rho","burst","iota_N1","iota_N2","phi_N1","phi_N2","fitness_rho","fitness_beta","fitness_psin","fitness_psiw","fitness_phin","fitness_phiw"
"3913","Ig","none",3913,0.28095991,5.55315441,14.4057461,1.17632328,0.02574001,43.0724856,8.57864118905557,8.23970329614257,8.59465374462858,7.22190286641465,8.55954628806018,8.75885529723103
