"","cue","log","id","rho","burst","iota_N1","iota_N2","phi_N1","phi_N2","fitness_rho","fitness_beta","fitness_psin","fitness_psiw","fitness_phin","fitness_phiw"
"524","Ig","none",524,0.26787352,4.08270216,51.7369232,1.18160574,0.0151029,24.6413811,8.57382336091691,3.36761429259706,7.23873762126602,7.2015089386191,8.28036637672385,8.84193036669796
