"","cue","log","id","rho","burst","iota_N1","iota_N2","phi_N1","phi_N2","fitness_rho","fitness_beta","fitness_psin","fitness_psiw","fitness_phin","fitness_phiw"
"2822","Ig","none",2822,0.37900561,4.04840462,7.54780264,0.85007555,0.1055676,869.063075,8.59952587396928,3.17197161822731,8.29862851107946,8.55156401235311,7.29828774988044,8.56424880303276
