"","cue","log","id","rho","burst","iota_N1","iota_N2","phi_N1","phi_N2","fitness_rho","fitness_beta","fitness_psin","fitness_psiw","fitness_phin","fitness_phiw"
"609","Ig","none",609,0.26970995,3.98719246,348.182178,0.91827278,0.00104911,3619.6205,8.57453553177178,2.81163185276185,3.74639147148585,8.30755494068354,8.03733087190696,8.55420557173455
