"","cue","log","id","rho","burst","iota_N1","iota_N2","phi_N1","phi_N2","fitness_rho","fitness_beta","fitness_psin","fitness_psiw","fitness_phin","fitness_phiw"
"4963","Ig","none",4963,0.33826396,5.61208649,10.3386283,0.95463735,0.03640819,70.628126,8.59363995316711,8.37985359856338,8.47123988689523,8.15627380506226,8.5592269006124,8.69211266812293
