"","cue","log","id","rho","burst","iota_N1","iota_N2","phi_N1","phi_N2","fitness_rho","fitness_beta","fitness_psin","fitness_psiw","fitness_phin","fitness_phiw"
"2369","Ig","none",2369,0.1429019,4.50324076,31.1683642,2.24522079,0.08435132,3610.19325,8.48675738658465,5.23666143329564,8.00131774480995,4.62763631706472,7.65046836065552,8.55421567057434
