"","cue","log","id","rho","burst","iota_N1","iota_N2","phi_N1","phi_N2","fitness_rho","fitness_beta","fitness_psin","fitness_psiw","fitness_phin","fitness_phiw"
"1845","Ig","none",1845,0.47616562,3.93403995,22.2669492,0.82442796,0.0409713,276.907444,8.60283137822686,2.49154269249214,8.38676163277057,8.6210133627336,8.49554335325625,8.59150312624477
