"","cue","log","id","rho","burst","iota_N1","iota_N2","phi_N1","phi_N2","fitness_rho","fitness_beta","fitness_psin","fitness_psiw","fitness_phin","fitness_phiw"
"1648","Ig","none",1648,0.43558977,4.92349373,86.4642441,0.46543759,0.00360566,1486.53853,8.6029380119283,6.48217847804461,6.35482372993182,8.50610545688706,8.07286818935765,8.55878249837686
