"","cue","log","id","rho","burst","iota_N1","iota_N2","phi_N1","phi_N2","fitness_rho","fitness_beta","fitness_psin","fitness_psiw","fitness_phin","fitness_phiw"
"3202","Ig","none",3202,0.26596649,4.70437923,7.94434088,0.58048459,0.05821016,267.687852,8.57307165586042,5.86003854211282,8.32185372563166,8.5074338366911,8.15874421291345,8.5928411225991
