"","cue","log","id","rho","burst","iota_N1","iota_N2","phi_N1","phi_N2","fitness_rho","fitness_beta","fitness_psin","fitness_psiw","fitness_phin","fitness_phiw"
"4940","Ig","none",4940,0.23892903,4.07610382,4.87032471,0.87625281,0.07177476,3080.65342,8.56088768832298,3.33039030005032,8.17459658520521,8.46631876166247,7.88501155707046,8.55476663451101
