"","cue","log","id","rho","burst","iota_N1","iota_N2","phi_N1","phi_N2","fitness_rho","fitness_beta","fitness_psin","fitness_psiw","fitness_phin","fitness_phiw"
"2644","Ig","none",2644,0.39976923,4.66210203,33.061282,0.42027957,0.00894255,166.267676,8.60134105110956,5.73616980027714,7.92135336439169,8.5121321328259,8.15385377824438,8.61670899284966
