"","cue","log","id","rho","burst","iota_N1","iota_N2","phi_N1","phi_N2","fitness_rho","fitness_beta","fitness_psin","fitness_psiw","fitness_phin","fitness_phiw"
"4446","Ig","none",4446,0.47692946,6.05768427,5.89098885,2.08055012,0.30619845,786.535521,8.60281325010613,7.92983546142855,8.21560383220881,4.88477760407552,5.41764092795651,8.56562133702328
