"","cue","log","id","rho","burst","iota_N1","iota_N2","phi_N1","phi_N2","fitness_rho","fitness_beta","fitness_psin","fitness_psiw","fitness_phin","fitness_phiw"
"3072","Ig","none",3072,0.40996925,6.17771967,17.1014927,2.18927985,0.09913977,147.768436,8.60198443857504,7.61424705080749,8.5629816366062,4.71128483220794,7.3996697450725,8.62432366368509
