"","cue","log","id","rho","burst","iota_N1","iota_N2","phi_N1","phi_N2","fitness_rho","fitness_beta","fitness_psin","fitness_psiw","fitness_phin","fitness_phiw"
"2796","Ig","none",2796,0.41402114,5.92048757,15.8263793,2.69246205,0.1128016,5065.5488,8.60219192431053,8.2736387884326,8.58616435574259,4.06459391546162,7.18920486804704,8.55329318029063
