"","cue","log","id","rho","burst","iota_N1","iota_N2","phi_N1","phi_N2","fitness_rho","fitness_beta","fitness_psin","fitness_psiw","fitness_phin","fitness_phiw"
"2314","Ig","none",2314,0.32580895,4.81303109,7.94142501,0.53088585,0.04287796,15908.1488,8.59112303294986,6.17022793989547,8.32167250096621,8.49997912135726,8.46341789371477,8.55173013625229
