"","cue","log","id","rho","burst","iota_N1","iota_N2","phi_N1","phi_N2","fitness_rho","fitness_beta","fitness_psin","fitness_psiw","fitness_phin","fitness_phiw"
"4915","Ig","none",4915,0.32513644,5.59543949,112.782304,0.92543009,0.00315397,4682.54258,8.59097696547699,8.34171646638274,5.88865860714269,8.27855240269524,8.0664785666655,8.55348004510895
