"","cue","log","id","rho","burst","iota_N1","iota_N2","phi_N1","phi_N2","fitness_rho","fitness_beta","fitness_psin","fitness_psiw","fitness_phin","fitness_phiw"
"4729","Ig","none",4729,0.39232829,5.84903788,4.15926701,0.93687489,0.08697063,109.152116,8.60077053552888,8.490064564361,8.14915707364161,8.23130464953038,7.60415397463041,8.64765135479417
