"","cue","log","id","rho","burst","iota_N1","iota_N2","phi_N1","phi_N2","fitness_rho","fitness_beta","fitness_psin","fitness_psiw","fitness_phin","fitness_phiw"
"1328","Ig","none",1328,0.34688843,3.97970206,11.7262786,0.6110626,0.05221806,4212.81659,8.59517243688403,2.76680163641897,8.54028141068067,8.52320705706802,8.28252764700163,8.55375436453556
