"","cue","log","id","rho","burst","iota_N1","iota_N2","phi_N1","phi_N2","fitness_rho","fitness_beta","fitness_psin","fitness_psiw","fitness_phin","fitness_phiw"
"1906","Ig","none",1906,0.3876465,4.83909975,8.3899204,0.58768736,0.04128529,53.4514443,8.60036837381327,6.24382461997432,8.3491859586759,8.51014627112019,8.49043181399357,8.72779860183274
