"","cue","log","id","rho","burst","iota_N1","iota_N2","phi_N1","phi_N2","fitness_rho","fitness_beta","fitness_psin","fitness_psiw","fitness_phin","fitness_phiw"
"1033","Ig","none",1033,0.35905613,5.4936169,29.9539502,1.0037232,0.02525244,396.036144,8.59706055162982,8.08798518152918,8.05353068588975,7.94301309675025,8.55169390423101,8.5796535171214
