"","cue","log","id","rho","burst","iota_N1","iota_N2","phi_N1","phi_N2","fitness_rho","fitness_beta","fitness_psin","fitness_psiw","fitness_phin","fitness_phiw"
"210","Ig","none",210,0.33537808,6.06832781,26.4289496,2.09740603,0.0430054,1856.2201,8.59309098653755,7.90054393549143,8.20769171095495,4.85687390262163,8.46118452418632,8.55724093471961
