"","cue","log","id","rho","burst","iota_N1","iota_N2","phi_N1","phi_N2","fitness_rho","fitness_beta","fitness_psin","fitness_psiw","fitness_phin","fitness_phiw"
"3565","Ig","none",3565,0.43497435,5.63441645,6.73927194,0.93187861,0.09347239,677213.537,8.60292732316347,8.42853349097812,8.25523782057071,8.25205280485605,7.49277325217706,8.55101252374898
