"","cue","log","id","rho","burst","iota_N1","iota_N2","phi_N1","phi_N2","fitness_rho","fitness_beta","fitness_psin","fitness_psiw","fitness_phin","fitness_phiw"
"2437","Ig","none",2437,0.29728917,5.72835013,23.0355628,0.9201735,0.01339423,8583.1176,8.58386170104444,8.57887329315444,8.35473972238342,8.29989650611602,8.23918114000656,8.55235131875589
