"","cue","log","id","rho","burst","iota_N1","iota_N2","phi_N1","phi_N2","fitness_rho","fitness_beta","fitness_psin","fitness_psiw","fitness_phin","fitness_phiw"
"4714","Ig","none",4714,0.39989411,4.84909713,4.69466347,0.50725979,0.04759284,74.0644479,8.60135052078786,6.27202839352559,8.168112322332,8.5009502143533,8.37548921200359,8.68659048490853
