"","cue","log","id","rho","burst","iota_N1","iota_N2","phi_N1","phi_N2","fitness_rho","fitness_beta","fitness_psin","fitness_psiw","fitness_phin","fitness_phiw"
"3004","Ig","none",3004,0.36452459,4.91661693,2.20691046,0.4816562,0.04796918,198.597078,8.59781204958024,6.46270865680774,8.08680708385143,8.50379164981014,8.36810563344413,8.60660665601979
