"","cue","log","id","rho","burst","iota_N1","iota_N2","phi_N1","phi_N2","fitness_rho","fitness_beta","fitness_psin","fitness_psiw","fitness_phin","fitness_phiw"
"4010","Ig","none",4010,0.25176803,4.01081963,72.1028161,1.01018484,0.01273201,35.3039455,8.5670367978469,2.95213525703942,6.67326038997488,7.91470810100554,8.22467772646081,8.78911430235426
