"","cue","log","id","rho","burst","iota_N1","iota_N2","phi_N1","phi_N2","fitness_rho","fitness_beta","fitness_psin","fitness_psiw","fitness_phin","fitness_phiw"
"2672","Ig","none",2672,0.33234446,3.89832502,395.400318,0.61660814,0.00257771,462.94567,8.59248917619398,2.27558962611256,3.46550935229646,8.52745484710655,8.05839788011635,8.5756078629596
