"","cue","log","id","rho","burst","iota_N1","iota_N2","phi_N1","phi_N2","fitness_rho","fitness_beta","fitness_psin","fitness_psiw","fitness_phin","fitness_phiw"
"2463","Ig","none",2463,0.45634254,3.98841554,115.259761,0.81688972,0.007252,944.51635,8.60311164246552,2.81893893619,5.85063205616638,8.63825116295412,8.12675443935549,8.56320183416372
