"","cue","log","id","rho","burst","iota_N1","iota_N2","phi_N1","phi_N2","fitness_rho","fitness_beta","fitness_psin","fitness_psiw","fitness_phin","fitness_phiw"
"575","Ig","none",575,0.19705761,4.80620027,41.6567203,1.94872261,0.04915988,1819.76654,8.53545370787746,6.15091858052655,7.58374752503518,5.11717215337604,8.34448803446391,8.55736428353149
