"","cue","log","id","rho","burst","iota_N1","iota_N2","phi_N1","phi_N2","fitness_rho","fitness_beta","fitness_psin","fitness_psiw","fitness_phin","fitness_phiw"
"3197","Ig","none",3197,0.21596732,4.4788487,64.2109083,2.44386125,0.03587459,5658.32128,8.54804395408375,5.15311531515199,6.87431951264351,4.35687630594766,8.56505265850524,8.55305154907364
