"","cue","log","id","rho","burst","iota_N1","iota_N2","phi_N1","phi_N2","fitness_rho","fitness_beta","fitness_psin","fitness_psiw","fitness_phin","fitness_phiw"
"781","Ig","none",781,0.26660948,5.71519678,30.895553,0.98867616,0.01120034,574.577609,8.57332725280476,8.56542273976553,8.01298813028685,8.008869444706,8.19387929038576,8.57091499735726
