"","cue","log","id","rho","burst","iota_N1","iota_N2","phi_N1","phi_N2","fitness_rho","fitness_beta","fitness_psin","fitness_psiw","fitness_phin","fitness_phiw"
"1632","Ig","none",1632,0.34970361,6.0451951,16.9890742,2.18855449,0.05563421,793.85837,8.59563629428927,7.96320766110053,8.56550783121987,4.71239392691265,8.21208693392605,8.56548832822707
