"","cue","log","id","rho","burst","iota_N1","iota_N2","phi_N1","phi_N2","fitness_rho","fitness_beta","fitness_psin","fitness_psiw","fitness_phin","fitness_phiw"
"3121","Ig","none",3121,0.27979049,5.4245327,16.5448358,1.13095385,0.04463331,131.14567,8.57823353909164,7.90481637052159,8.5746296049227,7.40158081866309,8.4318563393218,8.63283594907061
