"","cue","log","id","rho","burst","iota_N1","iota_N2","phi_N1","phi_N2","fitness_rho","fitness_beta","fitness_psin","fitness_psiw","fitness_phin","fitness_phiw"
"4316","Ig","none",4316,0.35306185,3.93808716,92.2506805,0.72259161,0.01280243,2512.07899,8.59616899173044,2.5160224619307,6.24100108047371,8.68932956905515,8.2261852036412,8.55561815343928
