"","cue","log","id","rho","burst","iota_N1","iota_N2","phi_N1","phi_N2","fitness_rho","fitness_beta","fitness_psin","fitness_psiw","fitness_phin","fitness_phiw"
"2328","Ig","none",2328,0.27181708,6.08297342,17.3402489,2.04926004,0.04567259,138.904143,8.57533737256366,7.8593228450436,8.55735029038994,4.93761603807558,8.41245430314734,8.62863130353512
