"","cue","log","id","rho","burst","iota_N1","iota_N2","phi_N1","phi_N2","fitness_rho","fitness_beta","fitness_psin","fitness_psiw","fitness_phin","fitness_phiw"
"3453","Ig","none",3453,0.39304275,3.90094379,10.812995,0.8293488,0.11611143,395.329954,8.60083143702503,2.29139851639723,8.49758325465523,8.60893212609057,7.140972819449,8.57970255271591
