"","cue","log","id","rho","burst","iota_N1","iota_N2","phi_N1","phi_N2","fitness_rho","fitness_beta","fitness_psin","fitness_psiw","fitness_phin","fitness_phiw"
"4589","Ig","none",4589,0.35363821,4.5238222,29.2443814,1.27973341,0.13191594,445.171221,8.59625751441759,5.30546459372433,8.08431479363592,6.84195776942908,6.92402212962917,8.57656632840909
