"","cue","log","id","rho","burst","iota_N1","iota_N2","phi_N1","phi_N2","fitness_rho","fitness_beta","fitness_psin","fitness_psiw","fitness_phin","fitness_phiw"
"882","Ig","none",882,0.23356948,6.00941493,7.62910629,2.34551424,0.0953526,73.7558048,8.55811022528272,8.0525691285346,8.303292339163,4.48615467899389,7.46148537497003,8.68706914991042
