"","cue","log","id","rho","burst","iota_N1","iota_N2","phi_N1","phi_N2","fitness_rho","fitness_beta","fitness_psin","fitness_psiw","fitness_phin","fitness_phiw"
"4926","Ig","none",4926,0.30126728,6.0330837,15.2746639,2.04666549,0.03830194,123.290116,8.58501136850957,7.99445110824098,8.59194061066425,4.94205942410396,8.53551717238957,8.63758219427245
