"","cue","log","id","rho","burst","iota_N1","iota_N2","phi_N1","phi_N2","fitness_rho","fitness_beta","fitness_psin","fitness_psiw","fitness_phin","fitness_phiw"
"4150","Ig","none",4150,0.35450962,4.69372031,13.3142462,0.46380845,0.01767237,465.57531,8.59639225603038,5.8290424360449,8.58500064252422,8.50634740551635,8.35210186477926,8.57547070649635
