"","cue","log","id","rho","burst","iota_N1","iota_N2","phi_N1","phi_N2","fitness_rho","fitness_beta","fitness_psin","fitness_psiw","fitness_phin","fitness_phiw"
"2503","Ig","none",2503,0.39908737,5.45748239,100.181833,0.90208515,0.00943449,742.59034,8.60129179918866,7.99294635270334,6.09621523700779,8.37129512323159,8.16213483401542,8.56647398606301
