"","cue","log","id","rho","burst","iota_N1","iota_N2","phi_N1","phi_N2","fitness_rho","fitness_beta","fitness_psin","fitness_psiw","fitness_phin","fitness_phiw"
"4448","Ig","none",4448,0.31157015,3.8855889,39.6434705,1.1305126,0.03478845,847.994283,8.58777481133643,2.19885357362585,7.65901039136579,7.40336856053249,8.57558234822757,8.56457545529769
