"","cue","log","id","rho","burst","iota_N1","iota_N2","phi_N1","phi_N2","fitness_rho","fitness_beta","fitness_psin","fitness_psiw","fitness_phin","fitness_phiw"
"1687","Ig","none",1687,0.31210137,5.49714132,4.17421177,1.12721861,0.07156486,2158.49916,8.58790886032164,8.09715259247944,8.14966994026032,7.4167348649777,7.88909659279438,8.55636970336636
