"","cue","log","id","rho","burst","iota_N1","iota_N2","phi_N1","phi_N2","fitness_rho","fitness_beta","fitness_psin","fitness_psiw","fitness_phin","fitness_phiw"
"2630","Ig","none",2630,0.27283265,3.97118351,65.1874058,0.69095456,0.0094289,134.769489,8.57572081943768,2.71567036567573,6.84830305080751,8.63806495187342,8.16204087068416,8.6308181038214
