"","cue","log","id","rho","burst","iota_N1","iota_N2","phi_N1","phi_N2","fitness_rho","fitness_beta","fitness_psin","fitness_psiw","fitness_phin","fitness_phiw"
"2733","Ig","none",2733,0.21095029,3.85167402,14.7533699,0.82470473,0.03554176,93.3163111,8.54489296501809,1.99621298558643,8.59457556725635,8.62034951278822,8.56847663409508,8.66209275211693
