"","cue","log","id","rho","burst","iota_N1","iota_N2","phi_N1","phi_N2","fitness_rho","fitness_beta","fitness_psin","fitness_psiw","fitness_phin","fitness_phiw"
"2776","Ig","none",2776,0.41095923,4.72782759,3.84703682,0.51999066,0.11430338,251.84392,8.60203476271961,5.92775789163734,8.13857105540008,8.50017775786107,7.16719498747674,8.59536097879847
