"","cue","log","id","rho","burst","iota_N1","iota_N2","phi_N1","phi_N2","fitness_rho","fitness_beta","fitness_psin","fitness_psiw","fitness_phin","fitness_phiw"
"1100","Ig","none",1100,0.42703391,4.07334419,11.7227409,0.76380186,0.0678024,97.8809281,8.60271753359588,3.31475791294998,8.54014031903627,8.70816302135469,7.96324949994644,8.65751172498727
