"","cue","log","id","rho","burst","iota_N1","iota_N2","phi_N1","phi_N2","fitness_rho","fitness_beta","fitness_psin","fitness_psiw","fitness_phin","fitness_phiw"
"4830","Ig","none",4830,0.48677485,6.23394213,18.9004001,1.82026792,0.04071941,266.635825,8.60252433990584,7.50369511085444,8.51276588452749,5.37085925025897,8.4995886666524,8.59300118144241
