"","cue","log","id","rho","burst","iota_N1","iota_N2","phi_N1","phi_N2","fitness_rho","fitness_beta","fitness_psin","fitness_psiw","fitness_phin","fitness_phiw"
"2743","Ig","none",2743,0.37369068,5.55600664,200.35561,0.955431,0.00214515,115.549936,8.59894193456529,8.24676782489187,4.86427799323108,8.15288106659705,8.05238708811516,8.64282445381575
