"","cue","log","id","rho","burst","iota_N1","iota_N2","phi_N1","phi_N2","fitness_rho","fitness_beta","fitness_psin","fitness_psiw","fitness_phin","fitness_phiw"
"3104","Ig","none",3104,0.26213227,4.05162568,18.7275662,0.85265919,0.02556409,502.843684,8.5715168066406,3.19056392577809,8.51828114800878,8.54373850704915,8.55680305677619,8.57369670482803
