"","cue","log","id","rho","burst","iota_N1","iota_N2","phi_N1","phi_N2","fitness_rho","fitness_beta","fitness_psin","fitness_psiw","fitness_phin","fitness_phiw"
"4790","Ig","none",4790,0.25900959,3.94374965,11.2330266,0.85767753,0.06090034,33.0722489,8.5702114709924,2.55025960757918,8.51865103195856,8.52814708806792,8.10321608160814,8.79914246153798
