"","cue","log","id","rho","burst","iota_N1","iota_N2","phi_N1","phi_N2","fitness_rho","fitness_beta","fitness_psin","fitness_psiw","fitness_phin","fitness_phiw"
"1160","Ig","none",1160,0.34054954,4.04863741,26.5084362,0.80702203,0.03578568,113.375967,8.59406331781107,3.17331757695723,8.20419964131778,8.65835396319221,8.56598305063628,8.64441105327789
