"","cue","log","id","rho","burst","iota_N1","iota_N2","phi_N1","phi_N2","fitness_rho","fitness_beta","fitness_psin","fitness_psiw","fitness_phin","fitness_phiw"
"1706","Ig","none",1706,0.25563064,3.95320399,11.874211,0.8064938,0.03846126,311.82238,8.56875677063561,2.60736638599817,8.54606980890053,8.65934727438797,8.5333289344233,8.58712431350024
