"","cue","log","id","rho","burst","iota_N1","iota_N2","phi_N1","phi_N2","fitness_rho","fitness_beta","fitness_psin","fitness_psiw","fitness_phin","fitness_phiw"
"2964","Ig","none",2964,0.37154265,5.94994321,13.0288069,1.95282948,0.05765367,7302.28843,8.59868997841661,8.19397153211398,8.57976147273607,5.10952949104603,8.17026108893172,8.55258920935176
