"","cue","log","id","rho","burst","iota_N1","iota_N2","phi_N1","phi_N2","fitness_rho","fitness_beta","fitness_psin","fitness_psiw","fitness_phin","fitness_phiw"
"817","Ig","none",817,0.29479876,5.51917971,18.8819995,1.28704089,0.03429652,1046.47581,8.58312040935108,8.15399669422424,8.51335959098253,6.81658210841407,8.57971052185557,8.56202428346792
