"","cue","log","id","rho","burst","iota_N1","iota_N2","phi_N1","phi_N2","fitness_rho","fitness_beta","fitness_psin","fitness_psiw","fitness_phin","fitness_phiw"
"3787","Ig","none",3787,0.37344369,5.48265873,10.0443777,0.92617673,0.06670182,964.141152,8.59891459826485,8.05935688165506,8.45380250680406,8.27550147110144,7.98525114852069,8.56295699852096
