"","cue","log","id","rho","burst","iota_N1","iota_N2","phi_N1","phi_N2","fitness_rho","fitness_beta","fitness_psin","fitness_psiw","fitness_phin","fitness_phiw"
"2074","Ig","none",2074,0.43670834,4.75927961,23.0238653,0.55339428,0.00790256,16977.73,8.6029628649037,6.01778661726529,8.3552318709401,8.50134252384699,8.13696764784628,8.551679723616
