"","cue","log","id","rho","burst","iota_N1","iota_N2","phi_N1","phi_N2","fitness_rho","fitness_beta","fitness_psin","fitness_psiw","fitness_phin","fitness_phiw"
"3013","Ig","none",3013,0.34170766,5.51826371,33.5960943,1.16668889,0.01510639,372.493,8.59427391351974,8.15164830470346,7.89910387621777,7.2593804418007,8.28044749567811,8.58141538254611
