"","cue","log","id","rho","burst","iota_N1","iota_N2","phi_N1","phi_N2","fitness_rho","fitness_beta","fitness_psin","fitness_psiw","fitness_phin","fitness_phiw"
"3807","Ig","none",3807,0.35534021,3.96161462,31.2775686,0.73678577,0.02807323,850.889274,8.59651578882229,2.65808848829388,7.99665310584872,8.70317074314581,8.58594133008841,8.56452863906155
