"","cue","log","id","rho","burst","iota_N1","iota_N2","phi_N1","phi_N2","fitness_rho","fitness_beta","fitness_psin","fitness_psiw","fitness_phin","fitness_phiw"
"4886","Ig","none",4886,0.26396875,3.85738097,9.45274951,0.8768257,0.0834825,4726.95601,8.57226595939288,2.03008686757783,8.41695724306991,8.46431401306946,7.66602441637143,8.55345727627629
