"","cue","log","id","rho","burst","iota_N1","iota_N2","phi_N1","phi_N2","fitness_rho","fitness_beta","fitness_psin","fitness_psiw","fitness_phin","fitness_phiw"
"823","Ig","none",823,0.33745259,5.56765137,12.7767879,0.9620856,0.05884851,316.81401,8.59348748085786,8.27536827720963,8.57413875311772,8.12433493454218,8.1455374409992,8.58657627251255
