"","cue","log","id","rho","burst","iota_N1","iota_N2","phi_N1","phi_N2","fitness_rho","fitness_beta","fitness_psin","fitness_psiw","fitness_phin","fitness_phiw"
"4793","Ig","none",4793,0.22218717,4.59202258,80.2232839,1.89368052,0.03215461,429.629644,8.55177412521783,5.52385871755892,6.48641459343843,5.22232266116294,8.59235264712002,8.57746921749455
