"","cue","log","id","rho","burst","iota_N1","iota_N2","phi_N1","phi_N2","fitness_rho","fitness_beta","fitness_psin","fitness_psiw","fitness_phin","fitness_phiw"
"3965","Ig","none",3965,0.17540157,4.73468855,35.9619427,2.02239244,0.05563883,212.823743,8.51845018422685,5.94746983493463,7.80264468814664,4.98410280869244,8.21199049178311,8.60308053720764
