"","cue","log","id","rho","burst","iota_N1","iota_N2","phi_N1","phi_N2","fitness_rho","fitness_beta","fitness_psin","fitness_psiw","fitness_phin","fitness_phiw"
"1053","Ig","none",1053,0.31372837,3.85142182,28.5235911,0.69796342,0.03282298,14738.0834,8.58831538133307,1.99471368002844,8.11575654444089,8.65103367118495,8.58940975976233,8.55178634475871
