"","cue","log","id","rho","burst","iota_N1","iota_N2","phi_N1","phi_N2","fitness_rho","fitness_beta","fitness_psin","fitness_psiw","fitness_phin","fitness_phiw"
"3111","Ig","none",3111,0.31822869,3.92179645,31.1485403,0.86805927,0.02359417,1418.6906,8.58940623413761,2.417461681059,8.00216298219581,8.4943451082864,8.51899954368197,8.55915166751848
