"","cue","log","id","rho","burst","iota_N1","iota_N2","phi_N1","phi_N2","fitness_rho","fitness_beta","fitness_psin","fitness_psiw","fitness_phin","fitness_phiw"
"3580","Ig","none",3580,0.33257844,4.6247819,3.76218924,0.53752117,0.08012337,107.870604,8.59254010063138,5.62437626925274,8.135749666843,8.50011083625364,7.7270526581118,8.6486805986663
