"","cue","log","id","rho","burst","iota_N1","iota_N2","phi_N1","phi_N2","fitness_rho","fitness_beta","fitness_psin","fitness_psiw","fitness_phin","fitness_phiw"
"1098","Ig","none",1098,0.49424034,6.29199834,20.0216692,1.59077352,0.04054558,1203.60752,8.60224683104711,7.40790370859638,8.47424961951466,5.90553218170089,8.50234936209707,8.56059755514126
