"","cue","log","id","rho","burst","iota_N1","iota_N2","phi_N1","phi_N2","fitness_rho","fitness_beta","fitness_psin","fitness_psiw","fitness_phin","fitness_phiw"
"2152","Ig","none",2152,0.38185015,4.68891812,46.4766468,0.5579998,0.0045457,190.164109,8.59981525413959,5.8150301310105,7.41246567122021,8.50198540890822,8.08634626396602,8.60893002480765
