"","cue","log","id","rho","burst","iota_N1","iota_N2","phi_N1","phi_N2","fitness_rho","fitness_beta","fitness_psin","fitness_psiw","fitness_phin","fitness_phiw"
"13","Ig","none",13,0.29623083,5.46249213,10.0977046,1.14624113,0.05497504,369.250084,8.58354816814319,8.00622953642247,8.4570131222554,7.34013115843012,8.22572751237573,8.58167265033528
