"","cue","log","id","rho","burst","iota_N1","iota_N2","phi_N1","phi_N2","fitness_rho","fitness_beta","fitness_psin","fitness_psiw","fitness_phin","fitness_phiw"
"4701","Ig","none",4701,0.19421322,3.93500896,14.089271,0.738561,0.03048324,1077.41066,8.53338964414924,2.49740358043428,8.59346062359979,8.70437775844066,8.59516491672831,8.56171071561324
