"","cue","log","id","rho","burst","iota_N1","iota_N2","phi_N1","phi_N2","fitness_rho","fitness_beta","fitness_psin","fitness_psiw","fitness_phin","fitness_phiw"
"3145","Ig","none",3145,0.2809812,5.52270624,9.54603306,1.03185493,0.05248692,370.415839,8.57864835398499,8.16301007902066,8.42287246741369,7.81998808159613,8.27701600082039,8.58157660918022
