"","cue","log","id","rho","burst","iota_N1","iota_N2","phi_N1","phi_N2","fitness_rho","fitness_beta","fitness_psin","fitness_psiw","fitness_phin","fitness_phiw"
"2285","Ig","none",2285,0.23218191,4.63607931,38.6643812,2.49374663,0.09019673,157.103072,8.55736907689961,5.65850031523171,7.69644071702341,4.29450761351927,7.54825632654284,8.62027395810831
