"","cue","log","id","rho","burst","iota_N1","iota_N2","phi_N1","phi_N2","fitness_rho","fitness_beta","fitness_psin","fitness_psiw","fitness_phin","fitness_phiw"
"4614","Ig","none",4614,0.35407023,5.89725502,18.6174582,2.12830464,0.0461224,2053.36255,8.59632659434253,8.3444295081375,8.52172667625321,4.80671193545121,8.40391479900452,8.55664474755235
