"","cue","log","id","rho","burst","iota_N1","iota_N2","phi_N1","phi_N2","fitness_rho","fitness_beta","fitness_psin","fitness_psiw","fitness_phin","fitness_phiw"
"4272","Ig","none",4272,0.35079463,5.9644713,7.23828809,2.20320214,0.14075297,850.825088,8.59581349059786,8.15830733294322,8.28136276715448,4.69013094598734,6.81158284607532,8.56452824564998
