"","cue","log","id","rho","burst","iota_N1","iota_N2","phi_N1","phi_N2","fitness_rho","fitness_beta","fitness_psin","fitness_psiw","fitness_phin","fitness_phiw"
"2689","Ig","none",2689,0.28519342,5.55645393,9.26344571,1.11354434,0.05736154,296.195825,8.58007495304728,8.24787354676718,8.40487138600326,7.47266823366021,8.17630873778998,8.58896097805627
