"","cue","log","id","rho","burst","iota_N1","iota_N2","phi_N1","phi_N2","fitness_rho","fitness_beta","fitness_psin","fitness_psiw","fitness_phin","fitness_phiw"
"4598","Ig","none",4598,0.24385609,3.97185477,40.2607184,0.9113642,0.01350946,401.313011,8.56333049845538,2.7197053037968,7.63569444176249,8.33509517603259,8.24178595894613,8.57928801158535
