"","cue","log","id","rho","burst","iota_N1","iota_N2","phi_N1","phi_N2","fitness_rho","fitness_beta","fitness_psin","fitness_psiw","fitness_phin","fitness_phiw"
"2378","R","log10",2378,0.28453652,3.91123195,104.330126,0.74459783,0.00890182,2537.27858,8.18545512163275,2.96605053535274,2.79192594358983,8.29090959080174,7.34279350931354,8.17202134703652
