"","cue","log","id","rho","burst","iota_N1","iota_N2","phi_N1","phi_N2","fitness_rho","fitness_beta","fitness_psin","fitness_psiw","fitness_phin","fitness_phiw"
"3948","R","log10",3948,0.24145771,6.04114188,32.5590919,2.18376677,0.02965617,194.075866,8.05334507184158,6.36331841769929,5.60607107030816,4.44390184857082,8.1390171047036,8.23784129793138
