"","cue","log","id","rho","burst","iota_N1","iota_N2","phi_N1","phi_N2","fitness_rho","fitness_beta","fitness_psin","fitness_psiw","fitness_phin","fitness_phiw"
"661","R","log10",661,0.29870355,5.63733902,7.48931128,0.90888595,0.03934115,1293.64551,8.14394926170547,8.0373567777278,7.5876498689688,7.93243169707351,8.07087968060197,8.17749387706745
