"","cue","log","id","rho","burst","iota_N1","iota_N2","phi_N1","phi_N2","fitness_rho","fitness_beta","fitness_psin","fitness_psiw","fitness_phin","fitness_phiw"
"650","R","log10",650,0.305793,4.00402458,587.731511,0.83713627,0.00133882,783.341191,8.11717087818232,3.50190039481769,0.50315663130081,8.21140944530081,7.20781208051406,8.18470041619302
