"","cue","cue_b","log","log_b","id","rho","burst","iota_N1","iota_N2","phi_N1","phi_N2","fitness_rho","fitness_beta","fitness_psin","fitness_psiw","fitness_phin","fitness_phiw"
"3442","R","I","log10","log10",3442,0.34592469,4.70581013,41.4995292,0.53067249,0.00817742,1714.14033,7.87306423291225,4.01486044734153,5.23277706161097,9.98744530134406,5.25972650530778,9.84006670433445
