"","cue","log","id","rho","burst","iota_N1","iota_N2","phi_N1","phi_N2","fitness_rho","fitness_beta","fitness_psin","fitness_psiw","fitness_phin","fitness_phiw"
"601","R","log10",601,0.27430971,5.42542186,128.304552,1.14658229,0.0061452,639.782942,8.2001677639418,7.42226153871426,2.41911513776803,6.78064758818391,7.2765680925225,8.18877035458425
