"","cue","log","id","rho","burst","iota_N1","iota_N2","phi_N1","phi_N2","fitness_rho","fitness_beta","fitness_psin","fitness_psiw","fitness_phin","fitness_phiw"
"2443","R","log10",2443,0.31575131,5.66370184,10.9844122,0.94001936,0.04139076,7379.92958,8.07536445214327,8.09865561880769,7.91341789072358,7.78702426581473,7.92226833790234,8.16826277172384
