"","cue","cue_b","log","log_b","id","rho","burst","iota_N1","iota_N2","phi_N1","phi_N2","fitness_rho","fitness_beta","fitness_psin","fitness_psiw","fitness_phin","fitness_phiw"
"4363","R","I","log10","log10",4363,0.28814127,5.5402342,105.167252,1.09835782,0.0052459,146.195917,9.53054801164957,7.84405137634056,3.92080801067705,8.5552565760225,5.06683399413392,9.90856039963076
