"","cue","log","id","rho","burst","iota_N1","iota_N2","phi_N1","phi_N2","fitness_rho","fitness_beta","fitness_psin","fitness_psiw","fitness_phin","fitness_phiw"
"615","R","log10",615,0.36449266,3.94123977,7.51910272,0.82583934,0.05285987,206.58777,7.85214193649601,3.14349560032474,7.59030242306361,8.24408396507,6.66415841910051,8.23371596292956
