"","cue","log","id","rho","burst","iota_N1","iota_N2","phi_N1","phi_N2","fitness_rho","fitness_beta","fitness_psin","fitness_psiw","fitness_phin","fitness_phiw"
"3248","R","log10",3248,0.46310944,3.96702114,13.9083308,0.57689558,0.07462444,331.440999,7.50997874488413,3.29299428896212,8.13196556084356,7.40635467230978,5.20970629783389,8.20907764398092
