"","cue","cue_b","log","log_b","id","rho","burst","iota_N1","iota_N2","phi_N1","phi_N2","fitness_rho","fitness_beta","fitness_psin","fitness_psiw","fitness_phin","fitness_phiw"
"2988","R","I","log10","log10",2988,0.47743788,5.91184004,49.7144575,2.43100643,0.05383458,2506.0408,6.58789191704183,8.2593167383749,4.94585014951454,4.39298598840599,6.32381055632771,9.83792888801173
