"","cue","cue_b","log","log_b","id","rho","burst","iota_N1","iota_N2","phi_N1","phi_N2","fitness_rho","fitness_beta","fitness_psin","fitness_psiw","fitness_phin","fitness_phiw"
"603","R","I+Ig","log10","log10",603,0.33360913,4.10989391,35.3428409,0.90657412,0.01440862,196.063958,9.63923298308257,3.20481481539674,7.15807975022923,9.55941067311291,8.96004112900488,9.81114537358476
