"","cue","cue_b","log","log_b","id","rho","burst","iota_N1","iota_N2","phi_N1","phi_N2","fitness_rho","fitness_beta","fitness_psin","fitness_psiw","fitness_phin","fitness_phiw"
"716","R","I+Ig","log10","log10",716,0.29307588,3.9204429,13.3748436,0.73832541,0.04464319,1350.88737,9.74715112069568,2.48708257789346,9.64736228879977,10.0401228402244,9.03761082379446,9.76066786648092
