"","cue","cue_b","log","log_b","id","rho","burst","iota_N1","iota_N2","phi_N1","phi_N2","fitness_rho","fitness_beta","fitness_psin","fitness_psiw","fitness_phin","fitness_phiw"
"4767","R","I","log10","log10",4767,0.27464663,3.95880626,11.1601988,0.88963552,0.05444481,160.071487,9.78106091306052,2.13503833150676,6.54960761501723,9.69777112323426,6.28727001256956,9.90239759520611
