"","cue","log","id","rho","burst","iota_N1","iota_N2","phi_N1","phi_N2","fitness_rho","fitness_beta","fitness_psin","fitness_psiw","fitness_phin","fitness_phiw"
"1678","R","log10",1678,0.41140991,4.78850902,9.1011993,0.4218556,0.03203986,370.494329,7.66534227540883,6.04382672934463,7.73697076604368,6.73831475985735,8.18380910394585,8.20468690928939
