"","cue","cue_b","log","log_b","id","rho","burst","iota_N1","iota_N2","phi_N1","phi_N2","fitness_rho","fitness_beta","fitness_psin","fitness_psiw","fitness_phin","fitness_phiw"
"1925","R","I","log10","log10",1925,0.1784791,4.56864606,21.3188314,2.23445998,0.08492423,1268.15623,7.8182060407158,3.63425242135668,7.15615823695019,4.69402345112067,5.3065698023839,9.84244077317251
