"","cue","log","id","rho","burst","iota_N1","iota_N2","phi_N1","phi_N2","fitness_rho","fitness_beta","fitness_psin","fitness_psiw","fitness_phin","fitness_phiw"
"2599","R","log10",2599,0.38696629,5.50007119,7.47101496,0.92593152,0.14574691,833.659883,7.75721367584878,7.64505639015484,7.5860218625467,7.85399965428538,3.56391398300956,8.18360158660533
