"","cue","cue_b","log","log_b","id","rho","burst","iota_N1","iota_N2","phi_N1","phi_N2","fitness_rho","fitness_beta","fitness_psin","fitness_psiw","fitness_phin","fitness_phiw"
"3085","R","I","log10","log10",3085,0.25413106,5.49647504,77.2864355,1.25500541,0.00931611,3565.3998,9.80039849220929,7.38106217831335,4.31777233502492,7.58963989384792,5.33561161180231,9.83654931176591
