"","cue","log","id","rho","burst","iota_N1","iota_N2","phi_N1","phi_N2","fitness_rho","fitness_beta","fitness_psin","fitness_psiw","fitness_phin","fitness_phiw"
"3363","R","log10",3363,0.42291796,4.1009083,14.9013339,0.80542354,0.02873425,1261.93265,7.62633072435689,4.01074336849635,8.17529140898148,8.29150379495508,8.11471554163794,8.1777690158599
