"","cue","log","id","rho","burst","iota_N1","iota_N2","phi_N1","phi_N2","fitness_rho","fitness_beta","fitness_psin","fitness_psiw","fitness_phin","fitness_phiw"
"3755","R","log10",3755,0.14381812,4.6782089,43.2980106,2.53322972,0.03958601,321.154451,5.68437137625526,5.83782800075295,4.66083234437163,4.06061057759153,8.05688895547851,8.2104067190997
