"","cue","cue_b","log","log_b","id","rho","burst","iota_N1","iota_N2","phi_N1","phi_N2","fitness_rho","fitness_beta","fitness_psin","fitness_psiw","fitness_phin","fitness_phiw"
"3512","R","I","log10","log10",3512,0.26961846,4.05589475,107.366953,0.82158249,0.0074708,2788.30588,9.83063411425638,2.35164428731197,3.8950158271335,9.91583555900732,5.21305374438236,9.83745977318785
