"","cue","log","id","rho","burst","iota_N1","iota_N2","phi_N1","phi_N2","fitness_rho","fitness_beta","fitness_psin","fitness_psiw","fitness_phin","fitness_phiw"
"2567","R","log10",2567,0.23603239,4.46042688,39.3031863,1.82615015,0.05681164,840.607051,7.97349954737752,5.34799777854066,4.95057595876257,4.9433896849474,6.32914097528851,8.18346136167122
