"","cue","cue_b","log","log_b","id","rho","burst","iota_N1","iota_N2","phi_N1","phi_N2","fitness_rho","fitness_beta","fitness_psin","fitness_psiw","fitness_phin","fitness_phiw"
"4735","R","I","log10","log10",4735,0.32010648,5.54762631,23.2633733,0.86535348,0.00950007,3595.56763,8.53594974064368,7.93194235414431,6.66059339934108,9.78361186363195,5.347978198746,9.83652404026399
