"","cue","log","id","rho","burst","iota_N1","iota_N2","phi_N1","phi_N2","fitness_rho","fitness_beta","fitness_psin","fitness_psiw","fitness_phin","fitness_phiw"
"2415","R","log10",2415,0.39291003,3.89164036,10.6501089,0.7581151,0.0652757,74.4327688,7.73374406788143,2.84855295605747,7.8829754333377,8.31626016623331,5.72928917230812,8.33757427972312
