"","cue","cue_b","log","log_b","id","rho","burst","iota_N1","iota_N2","phi_N1","phi_N2","fitness_rho","fitness_beta","fitness_psin","fitness_psiw","fitness_phin","fitness_phiw"
"1115","R","I","log10","log10",1115,0.16303525,4.77360548,29.3363884,2.68388567,0.06785028,196.704322,7.53000354294198,4.20928297042925,5.91341917527249,4.06224911416225,5.72671660768172,9.89010666664566
