"","cue","log","id","rho","burst","iota_N1","iota_N2","phi_N1","phi_N2","fitness_rho","fitness_beta","fitness_psin","fitness_psiw","fitness_phin","fitness_phiw"
"1869","R","log10",1869,0.36322639,3.97751389,12.0882209,0.87185952,0.06319737,16.8335252,7.85775688267359,3.35294765124784,8.00799012257784,8.08913921212464,5.86521751111392,8.53986579801987
