"","cue","cue_b","log","log_b","id","rho","burst","iota_N1","iota_N2","phi_N1","phi_N2","fitness_rho","fitness_beta","fitness_psin","fitness_psiw","fitness_phin","fitness_phiw"
"2147","R","I","log10","log10",2147,0.22244042,4.71465355,29.453181,1.70888099,0.07807995,10676.4115,8.94651785972703,4.03997220578846,5.90381168207451,5.81272355033225,5.45353092361543,9.83437258854791
