"","cue","log","id","rho","burst","iota_N1","iota_N2","phi_N1","phi_N2","fitness_rho","fitness_beta","fitness_psin","fitness_psiw","fitness_phin","fitness_phiw"
"2543","R","log10",2543,0.19230396,4.39168831,38.0361181,2.06802862,0.06759109,2023.2714,6.75185778209843,5.15428068618829,5.05554289934115,4.59021017432862,5.58663278270965,8.17347023328746
