"","cue","cue_b","log","log_b","id","rho","burst","iota_N1","iota_N2","phi_N1","phi_N2","fitness_rho","fitness_beta","fitness_psin","fitness_psiw","fitness_phin","fitness_phiw"
"1847","R","I","log10","log10",1847,0.14826399,4.55754487,25.5708225,2.32339422,0.06450779,1325.85864,7.29320024265041,3.60413273134282,6.29747459431333,4.55226413314331,5.83690382682168,9.84203963792761
