"","cue","cue_b","log","log_b","id","rho","burst","iota_N1","iota_N2","phi_N1","phi_N2","fitness_rho","fitness_beta","fitness_psin","fitness_psiw","fitness_phin","fitness_phiw"
"4251","R","I","log10","log10",4251,0.34578251,3.95410404,12.2857093,0.90110883,0.04657954,37.588046,7.87595340096067,2.12476419880311,6.88476902783922,9.65394919996168,6.95102226466578,10.0809274033861
