"","cue","cue_b","log","log_b","id","rho","burst","iota_N1","iota_N2","phi_N1","phi_N2","fitness_rho","fitness_beta","fitness_psin","fitness_psiw","fitness_phin","fitness_phiw"
"3680","R","I","log10","log10",3680,0.39775026,4.06705945,6.90111287,0.85137159,0.10450409,58.8768323,7.15755693528927,2.37710791051135,5.6971559509636,9.82895435977983,4.9755561389516,10.0045265732083
