"","cue","cue_b","log","log_b","id","rho","burst","iota_N1","iota_N2","phi_N1","phi_N2","fitness_rho","fitness_beta","fitness_psin","fitness_psiw","fitness_phin","fitness_phiw"
"3366","R","I","log10","log10",3366,0.36732832,6.13638425,12.873533,1.88325296,0.05977326,3439.0902,7.51223863015112,6.85386054577559,7.10685700771388,5.37348714835069,6.02063999790708,9.83667122346021
