"","cue","cue_b","log","log_b","id","rho","burst","iota_N1","iota_N2","phi_N1","phi_N2","fitness_rho","fitness_beta","fitness_psin","fitness_psiw","fitness_phin","fitness_phiw"
"3713","R","I","log10","log10",3713,0.34851317,4.76058954,78.1775581,1.67433205,0.03769129,1036.40892,7.82207592572805,4.17159683387781,4.30243144611565,5.91104922546223,9.20584881215328,9.84446698115582
