"","cue","cue_b","log","log_b","id","rho","burst","iota_N1","iota_N2","phi_N1","phi_N2","fitness_rho","fitness_beta","fitness_psin","fitness_psiw","fitness_phin","fitness_phiw"
"1980","R","I","log10","log10",1980,0.36929391,6.03225064,11.809935,2.1049611,0.08139677,1424.42799,7.48486942506,7.37398446510127,6.73177294087525,4.91967297726574,5.37954354050059,9.84143850819414
