"","cue","cue_b","log","log_b","id","rho","burst","iota_N1","iota_N2","phi_N1","phi_N2","fitness_rho","fitness_beta","fitness_psin","fitness_psiw","fitness_phin","fitness_phiw"
"1343","R","I","log10","log10",1343,0.22718985,4.74215711,61.7970915,1.84863048,0.03862204,1087.55665,9.09823495963528,4.11853056281966,4.62667910255271,5.4539748153395,8.82037797207807,9.84394507255442
