"","cue","cue_b","log","log_b","id","rho","burst","iota_N1","iota_N2","phi_N1","phi_N2","fitness_rho","fitness_beta","fitness_psin","fitness_psiw","fitness_phin","fitness_phiw"
"948","R","I+Ig","log10","log10",948,0.38444879,6.06065092,6.24812051,2.24115537,0.24694376,545.230688,9.52092990051725,9.37199553225373,8.8094970616702,5.35162066733063,4.13431407226096,9.77369402454624
