"","cue","log","id","rho","burst","iota_N1","iota_N2","phi_N1","phi_N2","fitness_rho","fitness_beta","fitness_psin","fitness_psiw","fitness_phin","fitness_phiw"
"1918","R","log10",1918,0.37004757,4.79051098,6.15003858,0.48076492,0.01392808,218.432552,7.82782564179237,6.04744257758517,7.47504338218443,6.97567658532695,7.51057518667745,8.23022616236888
