"","cue","log","id","rho","burst","iota_N1","iota_N2","phi_N1","phi_N2","fitness_rho","fitness_beta","fitness_psin","fitness_psiw","fitness_phin","fitness_phiw"
"3595","R","log10",3595,0.3140645,5.59883129,109.309389,1.11750893,0.00720009,234.030724,8.08270850956467,7.93579623425279,2.70658621079032,6.91295409919113,7.2996214777895,8.22614619036009
