"","cue","log","id","rho","burst","iota_N1","iota_N2","phi_N1","phi_N2","fitness_rho","fitness_beta","fitness_psin","fitness_psiw","fitness_phin","fitness_phiw"
"4081","R","log10",4081,0.32426458,5.56196281,40.5859568,0.84754587,0.01411113,1094.25625,8.03718550158493,7.83023609121395,4.85107428053303,8.17791554600164,7.51769125304301,8.17951484251657
