"","cue","cue_b","log","log_b","id","rho","burst","iota_N1","iota_N2","phi_N1","phi_N2","fitness_rho","fitness_beta","fitness_psin","fitness_psiw","fitness_phin","fitness_phiw"
"871","R","I+Ig","log10","log10",871,0.29710355,5.58145699,9.43905103,0.96857281,0.02582423,38987.4467,9.7382335602653,9.52155863331623,9.36865116117629,9.32219989497774,9.57351636422673,9.75201908070257
