"","cue","cue_b","log","log_b","id","rho","burst","iota_N1","iota_N2","phi_N1","phi_N2","fitness_rho","fitness_beta","fitness_psin","fitness_psiw","fitness_phin","fitness_phiw"
"2539","R","I","log10","log10",2539,0.25220065,5.62046913,6.07056121,1.14967643,0.05091782,320.338278,9.77436434924594,8.95129670802306,5.56667232994162,8.21976699892913,6.52418993355462,9.86878940705608
