"","cue","log","id","rho","burst","iota_N1","iota_N2","phi_N1","phi_N2","fitness_rho","fitness_beta","fitness_psin","fitness_psiw","fitness_phin","fitness_phiw"
"4231","R","log10",4231,0.28001613,5.46412682,55.73352,1.03033556,0.00483453,215.654581,8.19393638437471,7.5369199419842,4.03152922956255,7.33656345996932,7.25192810948416,8.23101209296345
