"","cue","cue_b","log","log_b","id","rho","burst","iota_N1","iota_N2","phi_N1","phi_N2","fitness_rho","fitness_beta","fitness_psin","fitness_psiw","fitness_phin","fitness_phiw"
"2161","R","I","log10","log10",2161,0.25873132,5.62341797,20.0801064,1.11120515,0.02131135,1013.13945,9.84149314279536,8.99581464315598,7.65357545799237,8.47045269783753,6.31415093868646,9.84472297054903
