"","cue","log","id","rho","burst","iota_N1","iota_N2","phi_N1","phi_N2","fitness_rho","fitness_beta","fitness_psin","fitness_psiw","fitness_phin","fitness_phiw"
"1556","R","log10",1556,0.45204225,4.07276197,26.1442406,0.75274074,0.02958217,296.541914,7.53911128919558,3.8691056246747,6.51502070811627,8.30833660367486,8.13719828882739,8.21394596054215
