"","cue","cue_b","log","log_b","id","rho","burst","iota_N1","iota_N2","phi_N1","phi_N2","fitness_rho","fitness_beta","fitness_psin","fitness_psiw","fitness_phin","fitness_phiw"
"675","R","I","log10","log10",675,0.35443414,3.90681303,19.6522245,0.74233709,0.0301198,888.298167,7.71392767108561,2.02263925976449,7.87426296929137,10.0772863605132,8.00111137103097,9.8463158165566
