"","cue","cue_b","log","log_b","id","rho","burst","iota_N1","iota_N2","phi_N1","phi_N2","fitness_rho","fitness_beta","fitness_psin","fitness_psiw","fitness_phin","fitness_phiw"
"305","R","I+Ig","log10","log10",305,0.18651712,4.59125076,51.2140766,2.02448209,0.03937045,6746.94007,9.21739458424624,5.57565259222209,6.05638488066177,5.82863443787719,9.54734663347668,9.75350847493766
