"","cue","log","id","rho","burst","iota_N1","iota_N2","phi_N1","phi_N2","fitness_rho","fitness_beta","fitness_psin","fitness_psiw","fitness_phin","fitness_phiw"
"4327","R","log10",4327,0.36676756,5.56910271,8.14124501,0.95035725,0.07304503,3426.35559,7.84212179398158,7.85111075046972,7.64681120543077,7.73689818771436,5.28738772756787,8.17053653886382
