"","cue","cue_b","log","log_b","id","rho","burst","iota_N1","iota_N2","phi_N1","phi_N2","fitness_rho","fitness_beta","fitness_psin","fitness_psiw","fitness_phin","fitness_phiw"
"4083","R","I","log10","log10",4083,0.32228214,4.00250403,8.07947136,0.61969933,0.05979229,8687.05207,8.46878436453243,2.23145696052591,5.89857231047485,10.0892970709083,6.01981653052645,9.83462098538627
