"","cue","log","id","rho","burst","iota_N1","iota_N2","phi_N1","phi_N2","fitness_rho","fitness_beta","fitness_psin","fitness_psiw","fitness_phin","fitness_phiw"
"3315","R","log10",3315,0.50427839,4.02115832,11.5110331,0.61502662,0.0732133,3571.48774,7.41834901827598,3.59610581656673,7.95986115499553,7.59677888446483,5.27892964092585,8.17036276129469
