"","cue","log","id","rho","burst","iota_N1","iota_N2","phi_N1","phi_N2","fitness_rho","fitness_beta","fitness_psin","fitness_psiw","fitness_phin","fitness_phiw"
"2097","R","log10",2097,0.3873723,3.97175254,109.041788,0.78501514,0.00574971,26.3265327,7.75559079878363,3.3200974428356,2.71105527863297,8.31983558997317,7.2686641967501,8.52347341053943
