"","cue","cue_b","log","log_b","id","rho","burst","iota_N1","iota_N2","phi_N1","phi_N2","fitness_rho","fitness_beta","fitness_psin","fitness_psiw","fitness_phin","fitness_phiw"
"2015","R","I","log10","log10",2015,0.29997873,4.55818819,9.56181447,1.87429228,0.29063699,234.805334,9.19533040034053,3.60588025677116,6.1834988094347,5.39403364402719,3.64999174885726,9.88123672019173
