"","cue","cue_b","log","log_b","id","rho","burst","iota_N1","iota_N2","phi_N1","phi_N2","fitness_rho","fitness_beta","fitness_psin","fitness_psiw","fitness_phin","fitness_phiw"
"325","R","I+Ig","log10","log10",325,0.36777229,5.39423162,57.3761535,1.28399233,0.01592533,486.239513,9.55382748206178,8.98662268443996,5.75039831295107,8.00476721583941,9.10858969143419,9.77631634303471
