"","cue","log","id","rho","burst","iota_N1","iota_N2","phi_N1","phi_N2","fitness_rho","fitness_beta","fitness_psin","fitness_psiw","fitness_phin","fitness_phiw"
"3213","R","log10",3213,0.20350307,3.92039126,13.891069,0.9751419,0.03640341,1044.05431,7.07148344538871,3.02056157765326,8.13104142035258,7.614293795343,8.17591224416387,8.18014576591188
