"","cue","log","id","rho","burst","iota_N1","iota_N2","phi_N1","phi_N2","fitness_rho","fitness_beta","fitness_psin","fitness_psiw","fitness_phin","fitness_phiw"
"2636","R","log10",2636,0.23024124,3.98601564,27.8448283,0.79659409,0.0174987,1014.66545,7.85871191339022,3.40112047863879,6.24063685542195,8.30643920238781,7.6588513418512,8.18054391423695
