"","cue","log","id","rho","burst","iota_N1","iota_N2","phi_N1","phi_N2","fitness_rho","fitness_beta","fitness_psin","fitness_psiw","fitness_phin","fitness_phiw"
"1330","R","log10",1330,0.37401462,4.96261559,12.2058893,0.49068765,0.01354149,2309.21377,7.81078733625825,6.3558964534591,8.01737416475699,7.01744817526538,7.49574438392901,8.17258346711925
