"","cue","log","id","rho","burst","iota_N1","iota_N2","phi_N1","phi_N2","fitness_rho","fitness_beta","fitness_psin","fitness_psiw","fitness_phin","fitness_phiw"
"1172","R","log10",1172,0.27715398,4.00326152,46.9422457,0.61681232,0.0189807,341.836518,8.19774432919097,3.49766655951069,4.44183246421432,7.60588791038872,7.72452881856246,8.20781254372055
