"","cue","log","id","rho","burst","iota_N1","iota_N2","phi_N1","phi_N2","fitness_rho","fitness_beta","fitness_psin","fitness_psiw","fitness_phin","fitness_phiw"
"2320","R","log10",2320,0.41788671,4.75958429,3.72222708,0.48633443,0.0785867,136.257247,7.64305881120988,5.99121632616169,7.3143729034775,6.99906761652039,5.03012937779711,8.26598696607977
