"","cue","cue_b","log","log_b","id","rho","burst","iota_N1","iota_N2","phi_N1","phi_N2","fitness_rho","fitness_beta","fitness_psin","fitness_psiw","fitness_phin","fitness_phiw"
"60","R","I","log10","log10",60,0.40182782,6.30689862,19.9506488,1.61860295,0.0382151,1644.46246,7.1186385720134,6.20213686492889,7.71724429236801,6.0790677923453,8.98613376529959,9.84035458998101
