"","cue","log","id","rho","burst","iota_N1","iota_N2","phi_N1","phi_N2","fitness_rho","fitness_beta","fitness_psin","fitness_psiw","fitness_phin","fitness_phiw"
"4570","R","log10",4570,0.40821717,4.92330272,2.76734489,0.4849308,0.0761643,421.486279,7.67664269676662,6.28476364512764,7.26927898250069,6.99317021594392,5.13744068917769,8.20014875578205
