"","cue","log","id","rho","burst","iota_N1","iota_N2","phi_N1","phi_N2","fitness_rho","fitness_beta","fitness_psin","fitness_psiw","fitness_phin","fitness_phiw"
"1149","R","log10",1149,0.19042539,3.91484051,9.66465562,0.78580336,0.03296602,898.858332,6.70010422279362,2.98755885712322,7.79053617269674,8.31917158071046,8.19306142778459,8.18235807908398
