"","cue","log","id","rho","burst","iota_N1","iota_N2","phi_N1","phi_N2","fitness_rho","fitness_beta","fitness_psin","fitness_psiw","fitness_phin","fitness_phiw"
"4094","R","log10",4094,0.27670286,4.05866675,20.6067606,0.89380516,0.02453507,170.466073,8.19822442444353,3.79620735876215,7.71943272097243,7.99884134919086,7.96750549432901,8.24717166925072
