"","cue","log","id","rho","burst","iota_N1","iota_N2","phi_N1","phi_N2","fitness_rho","fitness_beta","fitness_psin","fitness_psiw","fitness_phin","fitness_phiw"
"1791","R","log10",1791,0.32613462,3.98806242,33.9649465,0.74926848,0.0174192,250.721691,8.02860854796777,3.41266068147897,5.44709986294334,8.30172588682287,7.6553729634027,8.22231752273959
