"","cue","cue_b","log","log_b","id","rho","burst","iota_N1","iota_N2","phi_N1","phi_N2","fitness_rho","fitness_beta","fitness_psin","fitness_psiw","fitness_phin","fitness_phiw"
"947","R","I+Ig","log10","log10",947,0.25524574,4.55454735,24.9257665,2.13268437,0.10598316,211.463109,9.76255264473888,5.37789181548357,8.36044129187753,5.58402014042417,6.19426526302946,9.80699070555606
