"","cue","log","id","rho","burst","iota_N1","iota_N2","phi_N1","phi_N2","fitness_rho","fitness_beta","fitness_psin","fitness_psiw","fitness_phin","fitness_phiw"
"3788","R","log10",3788,0.32674017,3.94358015,31.0999162,0.89040452,0.02297264,6496.1725,8.02582770777514,3.15718649143329,5.78580707156892,8.01336526850128,7.90202648007745,8.16852919217386
