"","cue","cue_b","log","log_b","id","rho","burst","iota_N1","iota_N2","phi_N1","phi_N2","fitness_rho","fitness_beta","fitness_psin","fitness_psiw","fitness_phin","fitness_phiw"
"3235","R","I","log10","log10",3235,0.2852142,5.58465879,3.65303999,1.2112038,0.12426432,38.907789,9.59832202346858,8.41904302514183,5.22045319708276,7.83978223204574,4.72139911118437,10.0742934980768
