"","cue","cue_b","log","log_b","id","rho","burst","iota_N1","iota_N2","phi_N1","phi_N2","fitness_rho","fitness_beta","fitness_psin","fitness_psiw","fitness_phin","fitness_phiw"
"74","R","I+Ig","log10","log10",74,0.21616248,3.93054911,52.2090516,0.99373561,0.02025214,56.0063546,9.53059053837407,2.52197705172774,6.0019574810145,9.22010385562802,9.39012075352466,9.93843610946677
