"","cue","log","id","rho","burst","iota_N1","iota_N2","phi_N1","phi_N2","fitness_rho","fitness_beta","fitness_psin","fitness_psiw","fitness_phin","fitness_phiw"
"3377","R","log10",3377,0.25421187,4.58391515,107.857703,2.08815929,0.02780737,1395.74571,8.16188347067881,5.6440181400316,2.73098149309699,4.56388567549888,8.08694605555399,8.17667581739299
