"","cue","log","id","rho","burst","iota_N1","iota_N2","phi_N1","phi_N2","fitness_rho","fitness_beta","fitness_psin","fitness_psiw","fitness_phin","fitness_phiw"
"3842","R","log10",3842,0.25018075,4.03187943,21.7319786,0.88895124,0.02450211,7521.61093,8.13728398000177,3.65417977650704,7.427550438544,8.01951546926506,7.96616614597729,8.16822699904126
