"","cue","cue_b","log","log_b","id","rho","burst","iota_N1","iota_N2","phi_N1","phi_N2","fitness_rho","fitness_beta","fitness_psin","fitness_psiw","fitness_phin","fitness_phiw"
"2880","R","I","log10","log10",2880,0.29266274,5.87324065,61.8437326,2.02491354,0.01326126,384.834428,9.41296931548927,8.61299265341193,4.62560588539074,5.07249615705093,5.61178144791082,9.86297587938496
