"","cue","cue_b","log","log_b","id","rho","burst","iota_N1","iota_N2","phi_N1","phi_N2","fitness_rho","fitness_beta","fitness_psin","fitness_psiw","fitness_phin","fitness_phiw"
"2343","R","I","log10","log10",2343,0.27359345,3.95013698,28.5904502,0.84092387,0.01932075,1512.34981,9.79355542895931,2.11611903824126,5.97735639186045,9.86093575108046,6.11746477939402,9.84096722017574
