"","cue","log","id","rho","burst","iota_N1","iota_N2","phi_N1","phi_N2","fitness_rho","fitness_beta","fitness_psin","fitness_psiw","fitness_phin","fitness_phiw"
"4902","R","log10",4902,0.32423025,5.92608088,50.6499661,2.08718178,0.0154765,106.82483,8.03734298407157,7.16522261835047,4.25243275050323,4.56515156626488,7.57261407457558,8.29086028928478
