"","cue","cue_b","log","log_b","id","rho","burst","iota_N1","iota_N2","phi_N1","phi_N2","fitness_rho","fitness_beta","fitness_psin","fitness_psiw","fitness_phin","fitness_phiw"
"467","R","I+Ig","log10","log10",467,0.21669659,4.6000375,21.2745617,1.68361309,0.09165743,653.268267,9.53566809692112,5.62302502934964,9.00533850858306,6.6940451243119,6.59555522422672,9.77010777886986
