"","cue","cue_b","log","log_b","id","rho","burst","iota_N1","iota_N2","phi_N1","phi_N2","fitness_rho","fitness_beta","fitness_psin","fitness_psiw","fitness_phin","fitness_phiw"
"970","R","I","log10","log10",970,0.34829667,4.63714262,3.31820949,0.49335593,0.09676886,2249.58107,7.82625664008063,3.822309300763,5.17449228838018,9.94428224566661,5.09417319795361,9.83845832487376
