"","cue","cue_b","log","log_b","id","rho","burst","iota_N1","iota_N2","phi_N1","phi_N2","fitness_rho","fitness_beta","fitness_psin","fitness_psiw","fitness_phin","fitness_phiw"
"3173","R","I","log10","log10",3173,0.1706199,4.66111539,26.5092778,2.18137746,0.10105814,914.422512,7.66602256051264,3.88906485034282,6.18489003230061,4.78356076444281,5.02677400988951,9.84594745100855
