"","cue","cue_b","log","log_b","id","rho","burst","iota_N1","iota_N2","phi_N1","phi_N2","fitness_rho","fitness_beta","fitness_psin","fitness_psiw","fitness_phin","fitness_phiw"
"2824","R","I","log10","log10",2824,0.39224626,4.72522239,12.1217702,0.47551244,0.03062687,297.929524,7.21271445808729,4.07006804264456,6.82982717973451,9.92487513350597,8.23139518997436,9.87137800256467
