"","cue","log","id","rho","burst","iota_N1","iota_N2","phi_N1","phi_N2","fitness_rho","fitness_beta","fitness_psin","fitness_psiw","fitness_phin","fitness_phiw"
"1334","R","log10",1334,0.27238228,4.05888929,8.67323555,0.63116437,0.05885375,575.310593,8.20095732233627,3.79736697400963,7.69647180212838,7.67980948168496,6.17243680234169,8.19124679355011
