"","cue","log","id","rho","burst","iota_N1","iota_N2","phi_N1","phi_N2","fitness_rho","fitness_beta","fitness_psin","fitness_psiw","fitness_phin","fitness_phiw"
"3279","R","log10",3279,0.3516697,4.04702995,35.1819814,0.81835027,0.01854127,278.538303,7.91002044964188,3.73506028292127,5.32014631261334,8.26336453158174,7.70491448981088,8.21692034403342
