"","cue","cue_b","log","log_b","id","rho","burst","iota_N1","iota_N2","phi_N1","phi_N2","fitness_rho","fitness_beta","fitness_psin","fitness_psiw","fitness_phin","fitness_phiw"
"649","R","I","log10","log10",649,0.32673305,5.50979735,12.2841701,0.9547823,0.06129427,2184.01337,8.33744520764188,7.51233841419959,6.88424133398655,9.41819798512714,5.95736578924824,9.8386120641637
