"","cue","cue_b","log","log_b","id","rho","burst","iota_N1","iota_N2","phi_N1","phi_N2","fitness_rho","fitness_beta","fitness_psin","fitness_psiw","fitness_phin","fitness_phiw"
"651","R","I+Ig","log10","log10",651,0.4081738,4.08490859,470.830269,0.70286111,0.00146617,1976.67576,9.48218978149799,3.1023296381547,1.39676433756712,10.1002016832418,6.8835456106583,9.7578412017453
