"","cue","cue_b","log","log_b","id","rho","burst","iota_N1","iota_N2","phi_N1","phi_N2","fitness_rho","fitness_beta","fitness_psin","fitness_psiw","fitness_phin","fitness_phiw"
"907","R","I","log10","log10",907,0.34668428,5.58007252,173.094415,1.03852527,0.0042257,10272.4127,7.85787144090966,8.3545044908367,3.31563830495053,8.94475357401017,4.99952990228376,9.83441524358018
