"","cue","cue_b","log","log_b","id","rho","burst","iota_N1","iota_N2","phi_N1","phi_N2","fitness_rho","fitness_beta","fitness_psin","fitness_psiw","fitness_phin","fitness_phiw"
"3861","R","I","log10","log10",3861,0.34211578,3.98475198,88.0400089,0.63940927,0.00865163,56.2158499,7.95266874190735,2.192073723728,4.14630956744777,10.1050766642676,5.29121264297901,10.0114179466424
