"","cue","cue_b","log","log_b","id","rho","burst","iota_N1","iota_N2","phi_N1","phi_N2","fitness_rho","fitness_beta","fitness_psin","fitness_psiw","fitness_phin","fitness_phiw"
"4801","R","I","log10","log10",4801,0.29865702,5.61978817,4.27837882,0.93549965,0.06793084,870.725651,9.23667752926404,8.94100043935132,5.30702837051438,9.5090073054011,5.72422251171753,9.84657465723913
