"","cue","cue_b","log","log_b","id","rho","burst","iota_N1","iota_N2","phi_N1","phi_N2","fitness_rho","fitness_beta","fitness_psin","fitness_psiw","fitness_phin","fitness_phiw"
"4968","R","I","log10","log10",4968,0.49484621,6.33681883,16.7075048,2.00591324,0.07838381,1055.57048,6.50020772659532,6.11643884748465,9.85360276871603,5.11047002271896,5.44651545933814,9.84426841549554
