"","cue","log","id","rho","burst","iota_N1","iota_N2","phi_N1","phi_N2","fitness_rho","fitness_beta","fitness_psin","fitness_psiw","fitness_phin","fitness_phiw"
"4820","R","log10",4820,0.24357456,4.00254769,5.36181805,0.77912553,0.10236023,5122.59536,8.07822503569541,3.49370172075711,7.41607182739203,8.32357015885962,4.28296975616406,8.1691302605861
