"","cue","cue_b","log","log_b","id","rho","burst","iota_N1","iota_N2","phi_N1","phi_N2","fitness_rho","fitness_beta","fitness_psin","fitness_psiw","fitness_phin","fitness_phiw"
"1864","R","I","log10","log10",1864,0.31812065,4.73089154,9.04840669,0.35665148,0.03334713,3252.66115,8.59873175076532,4.08626553110845,6.08045785951201,9.81409190743018,9.5496514044979,9.83686627876262
