"","cue","cue_b","log","log_b","id","rho","burst","iota_N1","iota_N2","phi_N1","phi_N2","fitness_rho","fitness_beta","fitness_psin","fitness_psiw","fitness_phin","fitness_phiw"
"380","R","I+Ig","log10","log10",380,0.26562937,3.89999384,34.8094647,0.70191212,0.02121215,187.22375,9.77538304825829,2.41761267595327,7.20748731361983,10.1015828753406,9.42954149018556,9.81382113503944
