"","cue","cue_b","log","log_b","id","rho","burst","iota_N1","iota_N2","phi_N1","phi_N2","fitness_rho","fitness_beta","fitness_psin","fitness_psiw","fitness_phin","fitness_phiw"
"3060","R","I","log10","log10",3060,0.27106146,6.1371197,18.2228956,2.17359842,0.04460672,319.168549,9.81905318185831,6.85077977062225,8.87981392420865,4.79701532321998,7.23662171072322,9.86891499735743
