"","cue","log","id","rho","burst","iota_N1","iota_N2","phi_N1","phi_N2","fitness_rho","fitness_beta","fitness_psin","fitness_psiw","fitness_phin","fitness_phiw"
"2845","R","log10",2845,0.24139807,5.46024714,12.0288801,1.22700164,0.04059427,92.4926396,8.05259350246656,7.52531743800287,8.00319605457262,6.44384126852049,7.98881668162099,8.3080077113307
