"","cue","cue_b","log","log_b","id","rho","burst","iota_N1","iota_N2","phi_N1","phi_N2","fitness_rho","fitness_beta","fitness_psin","fitness_psiw","fitness_phin","fitness_phiw"
"2435","R","I","log10","log10",2435,0.24998437,4.69540175,13.8863201,1.92741546,0.15871887,2027.4017,9.73808666634022,3.98540464797715,7.65830430935545,5.27500983726912,4.38492334227151,9.83902241764402
