"","cue","cue_b","log","log_b","id","rho","burst","iota_N1","iota_N2","phi_N1","phi_N2","fitness_rho","fitness_beta","fitness_psin","fitness_psiw","fitness_phin","fitness_phiw"
"3723","R","I","log10","log10",3723,0.38338958,3.90558367,30.6370182,0.94452989,0.03041863,797.99039,7.30872847820233,2.02001612957488,5.81183860601101,9.46736257789516,8.13363097013327,9.84777422712384
