"","cue","cue_b","log","log_b","id","rho","burst","iota_N1","iota_N2","phi_N1","phi_N2","fitness_rho","fitness_beta","fitness_psin","fitness_psiw","fitness_phin","fitness_phiw"
"2995","R","I","log10","log10",2995,0.35816798,5.55188156,5.89396748,0.89842215,0.07993135,40776.4661,7.65115246151784,7.98393687416421,5.53994866871433,9.66440031784957,5.41153254559261,9.83356504513986
