"","cue","cue_b","log","log_b","id","rho","burst","iota_N1","iota_N2","phi_N1","phi_N2","fitness_rho","fitness_beta","fitness_psin","fitness_psiw","fitness_phin","fitness_phiw"
"530","R","I","log10","log10",530,0.26082521,4.00429899,52.7368492,0.79614991,0.00949516,3027.4403,9.85071171381293,2.23545326463849,4.85697339015099,9.97928823573363,5.34763914278713,9.83713142880984
