"","cue","log","id","rho","burst","iota_N1","iota_N2","phi_N1","phi_N2","fitness_rho","fitness_beta","fitness_psin","fitness_psiw","fitness_phin","fitness_phiw"
"4575","R","log10",4575,0.3397613,3.92467474,7.20324585,0.86554402,0.05983532,190.891007,7.96525548767982,3.04595074469117,7.56247240522466,8.11346574931089,6.10016216412147,8.23897295382999
