"","cue","log","id","rho","burst","iota_N1","iota_N2","phi_N1","phi_N2","fitness_rho","fitness_beta","fitness_psin","fitness_psiw","fitness_phin","fitness_phiw"
"3091","R","log10",3091,0.36000061,5.534961,8.33607962,1.1182946,0.0810931,205.562134,7.87216327527341,7.75009301973631,7.66488143622267,6.90931184170138,4.92665436849071,8.23403661942493
