"","cue","cue_b","log","log_b","id","rho","burst","iota_N1","iota_N2","phi_N1","phi_N2","fitness_rho","fitness_beta","fitness_psin","fitness_psiw","fitness_phin","fitness_phiw"
"2458","R","I","log10","log10",2458,0.30824435,4.8455223,0.77943528,0.73803708,0.09563896,14.0933816,8.92455533839025,4.42094258565475,4.82346609949333,10.0827648769744,5.11265974607815,10.3055444145617
