"","cue","log","id","rho","burst","iota_N1","iota_N2","phi_N1","phi_N2","fitness_rho","fitness_beta","fitness_psin","fitness_psiw","fitness_phin","fitness_phiw"
"1180","R","log10",1180,0.40327348,4.95606245,60.7396085,0.5160261,0.00550609,27.2862905,7.69455583003557,6.3439570115673,3.84485274798125,7.12605615098268,7.26399847138684,8.51769333815647
