"","cue","log","id","rho","burst","iota_N1","iota_N2","phi_N1","phi_N2","fitness_rho","fitness_beta","fitness_psin","fitness_psiw","fitness_phin","fitness_phiw"
"2520","R","log10",2520,0.37857305,6.05393542,8.16721257,1.84810105,0.09400305,361.938486,7.79156413490489,6.28363278550044,7.6492105889068,4.90801771314105,4.49461749112289,8.20556965459924
