"","cue","log","id","rho","burst","iota_N1","iota_N2","phi_N1","phi_N2","fitness_rho","fitness_beta","fitness_psin","fitness_psiw","fitness_phin","fitness_phiw"
"1817","R","log10",1817,0.28356782,4.45635859,29.3978102,1.6127591,0.0957331,4336.78144,8.1875059311091,5.3371841563733,6.0141819545677,5.33628670531111,4.44727495093237,8.16964661624783
