"","cue","cue_b","log","log_b","id","rho","burst","iota_N1","iota_N2","phi_N1","phi_N2","fitness_rho","fitness_beta","fitness_psin","fitness_psiw","fitness_phin","fitness_phiw"
"2035","R","I","log10","log10",2035,0.22014047,5.55744259,9.55118162,1.1061117,0.04609805,2824.21434,8.87452443966568,8.0534217612632,6.18131276670951,8.50402803293998,7.01377335158637,9.83740706855801
