"","cue","log","id","rho","burst","iota_N1","iota_N2","phi_N1","phi_N2","fitness_rho","fitness_beta","fitness_psin","fitness_psiw","fitness_phin","fitness_phiw"
"2010","R","log10",2010,0.45275279,6.05694571,36.6167924,2.06473114,0.03360973,497.450954,7.53717559265187,6.26518928997775,5.18183775641258,4.5945599945588,8.19639888976132,8.19507649322579
