"","cue","log","id","rho","burst","iota_N1","iota_N2","phi_N1","phi_N2","fitness_rho","fitness_beta","fitness_psin","fitness_psiw","fitness_phin","fitness_phiw"
"3985","R","log10",3985,0.28704645,5.52448423,18.5722493,1.06641613,0.03245029,1773.94856,8.17959889002241,7.71865221643883,8.08450825480747,7.15725662079879,8.18852866185573,8.17447420618354
