"","cue","log","id","rho","burst","iota_N1","iota_N2","phi_N1","phi_N2","fitness_rho","fitness_beta","fitness_psin","fitness_psiw","fitness_phin","fitness_phiw"
"3079","R","log10",3079,0.29977265,5.55479948,3.13101229,1.19935289,0.13435297,137.833472,8.14011538229914,7.80914146440767,7.28519121383437,6.55469352880993,3.71575558086879,8.26493364489504
