"","cue","log","id","rho","burst","iota_N1","iota_N2","phi_N1","phi_N2","fitness_rho","fitness_beta","fitness_psin","fitness_psiw","fitness_phin","fitness_phiw"
"1232","R","log10",1232,0.27894263,4.04575901,12.0498161,0.69783709,0.08026469,493.093191,8.19551623054478,3.72833109694335,8.00489112389563,8.06722524754055,4.96004246709028,8.19532747991957
