"","cue","cue_b","log","log_b","id","rho","burst","iota_N1","iota_N2","phi_N1","phi_N2","fitness_rho","fitness_beta","fitness_psin","fitness_psiw","fitness_phin","fitness_phiw"
"2986","R","I","log10","log10",2986,0.37109364,4.92405865,30.6626667,0.56995222,0.01914982,8546.80167,7.46047510148688,4.659907940297,5.80994628807909,10.0349564372707,6.10143040429016,9.83464498268636
