"","cue","log","id","rho","burst","iota_N1","iota_N2","phi_N1","phi_N2","fitness_rho","fitness_beta","fitness_psin","fitness_psiw","fitness_phin","fitness_phiw"
"4215","R","log10",4215,0.3309577,3.88679589,4.35942816,0.66899352,0.10686648,91734.4415,8.00630990985176,2.81932934307793,7.35034403990578,7.88825637873353,4.1839541628449,8.16644482042889
