"","cue","cue_b","log","log_b","id","rho","burst","iota_N1","iota_N2","phi_N1","phi_N2","fitness_rho","fitness_beta","fitness_psin","fitness_psiw","fitness_phin","fitness_phiw"
"1327","R","I","log10","log10",1327,0.25934341,5.45734125,13.3971342,1.09146757,0.02544382,266.886366,9.84478646714617,7.03687881975589,7.3547268483461,8.60080038010599,6.8283102921838,9.87566175595888
