"","cue","log","id","rho","burst","iota_N1","iota_N2","phi_N1","phi_N2","fitness_rho","fitness_beta","fitness_psin","fitness_psiw","fitness_phin","fitness_phiw"
"789","R","log10",789,0.46482026,3.98591581,15.5876264,0.60862898,0.06522928,105.892741,7.50565693284051,3.40055590675747,8.19227262423473,7.564308586791,5.73225036175715,8.29184654191202
