"","cue","log","id","rho","burst","iota_N1","iota_N2","phi_N1","phi_N2","fitness_rho","fitness_beta","fitness_psin","fitness_psiw","fitness_phin","fitness_phiw"
"2764","R","log10",2764,0.36477741,4.64816807,69.7505055,0.47712837,0.00656681,15.5643567,7.85088592967171,5.77836010925214,3.56088803891725,6.96047286281525,7.28543815776604,8.52291079534778
