"","cue","log","id","rho","burst","iota_N1","iota_N2","phi_N1","phi_N2","fitness_rho","fitness_beta","fitness_psin","fitness_psiw","fitness_phin","fitness_phiw"
"3986","R","log10",3986,0.40825987,4.00861527,3.72431535,0.70391728,0.25681347,49865.972,7.67649030704075,3.52730697049922,7.31447870278399,8.1049524743802,2.59806127173646,8.16658151957182
