"","cue","log","id","rho","burst","iota_N1","iota_N2","phi_N1","phi_N2","fitness_rho","fitness_beta","fitness_psin","fitness_psiw","fitness_phin","fitness_phiw"
"998","R","log10",998,0.30363669,4.10635843,17.9354579,0.81596371,0.03720068,735.844768,8.12563265786358,4.03754892254611,8.14015314118103,8.26907268345919,8.15746752033078,8.18587351481147
