"","cue","cue_b","log","log_b","id","rho","burst","iota_N1","iota_N2","phi_N1","phi_N2","fitness_rho","fitness_beta","fitness_psin","fitness_psiw","fitness_phin","fitness_phiw"
"4481","R","I","log10","log10",4481,0.28642046,4.68673663,40.7710712,2.05506449,0.07390323,197.886353,9.57123234137596,3.96095906845363,5.26245441292202,5.01361965914557,5.55567084060756,9.88977986046169
