"","cue","cue_b","log","log_b","id","rho","burst","iota_N1","iota_N2","phi_N1","phi_N2","fitness_rho","fitness_beta","fitness_psin","fitness_psiw","fitness_phin","fitness_phiw"
"375","R","I","log10","log10",375,0.36964795,4.01320007,11.6936392,0.71107563,0.0313633,608.660863,7.48001967920477,2.25532237072342,6.69713009886502,10.1084411166694,8.60611130006433,9.85221626974694
