"","cue","cue_b","log","log_b","id","rho","burst","iota_N1","iota_N2","phi_N1","phi_N2","fitness_rho","fitness_beta","fitness_psin","fitness_psiw","fitness_phin","fitness_phiw"
"2568","R","I","log10","log10",2568,0.35578266,6.01737154,34.1285417,2.0290015,0.03151108,2864.92517,7.69078728617221,7.47117379780226,5.58470849895326,5.06441536912107,8.68480133164121,9.8373482840827
