"","cue","cue_b","log","log_b","id","rho","burst","iota_N1","iota_N2","phi_N1","phi_N2","fitness_rho","fitness_beta","fitness_psin","fitness_psiw","fitness_phin","fitness_phiw"
"548","R","I+Ig","log10","log10",548,0.30860084,3.96628252,31.1060777,0.82122644,0.02147338,125.95497,9.70928315342494,2.64835485072818,7.56791918082984,9.83922357473772,9.43926194150236,9.84198971913582
