"","cue","cue_b","log","log_b","id","rho","burst","iota_N1","iota_N2","phi_N1","phi_N2","fitness_rho","fitness_beta","fitness_psin","fitness_psiw","fitness_phin","fitness_phiw"
"767","R","I+Ig","log10","log10",767,0.21699827,4.7326471,65.8549273,1.85766584,0.03029178,571.053172,9.53851580325062,6.33054617224266,5.38493211668738,6.23248433572989,9.71775096489559,9.77271566001212
