"","cue","cue_b","log","log_b","id","rho","burst","iota_N1","iota_N2","phi_N1","phi_N2","fitness_rho","fitness_beta","fitness_psin","fitness_psiw","fitness_phin","fitness_phiw"
"1934","R","I","log10","log10",1934,0.31613342,4.02391794,42.3090654,0.8209765,0.02782628,570.199731,8.66282804359262,2.27934834825232,5.20076670353068,9.91746546357242,7.27058039545554,9.85347536305296
