"","cue","log","id","rho","burst","iota_N1","iota_N2","phi_N1","phi_N2","fitness_rho","fitness_beta","fitness_psin","fitness_psiw","fitness_phin","fitness_phiw"
"4529","R","log10",4529,0.25476472,4.598929,30.6367858,2.16778353,0.08334678,1858.11451,8.16468808091397,5.67639872425732,5.84598567139889,4.46341378057773,4.83965611542452,8.17410477099252
