"","cue","cue_b","log","log_b","id","rho","burst","iota_N1","iota_N2","phi_N1","phi_N2","fitness_rho","fitness_beta","fitness_psin","fitness_psiw","fitness_phin","fitness_phiw"
"4408","R","I","log10","log10",4408,0.28655273,4.66825775,6.56352855,0.50928507,0.03601027,113.304211,9.56818893533248,3.90904791707541,5.6430964237837,9.96232280259706,9.77337349707758,9.92873731572829
