"","cue","cue_b","log","log_b","id","rho","burst","iota_N1","iota_N2","phi_N1","phi_N2","fitness_rho","fitness_beta","fitness_psin","fitness_psiw","fitness_phin","fitness_phiw"
"2059","R","I","log10","log10",2059,0.3337205,5.54866935,26.6780957,0.91305553,0.02331574,974.432325,8.14936534009461,7.94462124328086,6.16610474202595,9.60597218556682,6.53872104320067,9.8451736552067
