"","cue","log","id","rho","burst","iota_N1","iota_N2","phi_N1","phi_N2","fitness_rho","fitness_beta","fitness_psin","fitness_psiw","fitness_phin","fitness_phiw"
"3746","R","log10",3746,0.29263342,3.80042263,24.4278522,0.84089866,0.05904848,564.495126,8.16406284267531,2.29259199102001,6.82991079341824,8.19965701854336,6.15795485662951,8.19171599243108
