"","cue","cue_b","log","log_b","id","rho","burst","iota_N1","iota_N2","phi_N1","phi_N2","fitness_rho","fitness_beta","fitness_psin","fitness_psiw","fitness_phin","fitness_phiw"
"3831","R","I","log10","log10",3831,0.32581681,3.83047344,29.1374311,0.75137622,0.02912285,493.577765,8.36377298750101,1.86233581455028,5.9300276154845,10.0645741986837,7.62671696357507,9.85655168933657
