"","cue","cue_b","log","log_b","id","rho","burst","iota_N1","iota_N2","phi_N1","phi_N2","fitness_rho","fitness_beta","fitness_psin","fitness_psiw","fitness_phin","fitness_phiw"
"2579","R","I","log10","log10",2579,0.28137383,4.66062851,17.54831,1.9235516,0.16263111,616.58751,9.67635500009753,3.88769573368442,9.47283806339127,5.28344629263621,4.35272455335001,9.85197642231041
