"","cue","cue_b","log","log_b","id","rho","burst","iota_N1","iota_N2","phi_N1","phi_N2","fitness_rho","fitness_beta","fitness_psin","fitness_psiw","fitness_phin","fitness_phiw"
"1517","R","I","log10","log10",1517,0.16913632,4.50068424,740.848946,2.75284163,0.0030197,1742.16677,7.63862219115791,3.45145978889425,1.54555745328144,3.98098578306149,4.91915754273205,9.83995613654681
