"","cue","log","id","rho","burst","iota_N1","iota_N2","phi_N1","phi_N2","fitness_rho","fitness_beta","fitness_psin","fitness_psiw","fitness_phin","fitness_phiw"
"1358","R","log10",1358,0.27779823,4.08804319,24.2127543,0.72448892,0.0317159,279.012109,8.19700279052232,3.94666371310212,6.87226869602774,8.21799640724556,8.17941732696349,8.21683685883405
