"","cue","log","id","rho","burst","iota_N1","iota_N2","phi_N1","phi_N2","fitness_rho","fitness_beta","fitness_psin","fitness_psiw","fitness_phin","fitness_phiw"
"85","R","log10",85,0.32525815,5.5838158,9.30694033,0.96547643,0.04629372,457.34592,8.03263562140971,7.89353038785652,7.7565271580099,7.66243285899075,7.34175422591446,8.19754809833385
