"","cue","cue_b","log","log_b","id","rho","burst","iota_N1","iota_N2","phi_N1","phi_N2","fitness_rho","fitness_beta","fitness_psin","fitness_psiw","fitness_phin","fitness_phiw"
"2195","R","I","log10","log10",2195,0.10033848,4.5395223,51.2606605,1.94465788,0.02040066,277.941245,6.74311606505246,3.55545939253753,4.89948094776699,5.23774804860569,6.22170482080849,9.87403059749265
