"","cue","log","id","rho","burst","iota_N1","iota_N2","phi_N1","phi_N2","fitness_rho","fitness_beta","fitness_psin","fitness_psiw","fitness_phin","fitness_phiw"
"555","R","log10",555,0.33815716,4.04875557,31.2172643,0.81726213,0.01923354,424.169812,7.9727455393553,3.74418070211321,5.77079299608759,8.26599225600708,7.7358524338757,8.19993752584603
