"","cue","cue_b","log","log_b","id","rho","burst","iota_N1","iota_N2","phi_N1","phi_N2","fitness_rho","fitness_beta","fitness_psin","fitness_psiw","fitness_phin","fitness_phiw"
"25","R","I+Ig","log10","log10",25,0.49844966,5.67428815,24.4753687,0.80063498,0.03286216,1010.49885,9.33261619914694,9.7140067003759,8.42981689728467,9.89643099983105,9.77671182793146,9.76365701507149
