"","cue","cue_b","log","log_b","id","rho","burst","iota_N1","iota_N2","phi_N1","phi_N2","fitness_rho","fitness_beta","fitness_psin","fitness_psiw","fitness_phin","fitness_phiw"
"776","R","I","log10","log10",776,0.28836251,4.01532454,39.3419539,0.811866,0.01559287,242.654696,9.52514847922578,2.2600787733348,5.32335530685178,9.94127574851966,5.79197927157962,9.87973971466622
