"","cue","cue_b","log","log_b","id","rho","burst","iota_N1","iota_N2","phi_N1","phi_N2","fitness_rho","fitness_beta","fitness_psin","fitness_psiw","fitness_phin","fitness_phiw"
"1399","R","I","log10","log10",1399,0.44467496,5.37941366,5.8572419,0.9813592,0.16657567,3451.88796,6.78233387861244,6.49121827743189,5.53442905509917,9.28130971214081,4.32127704930977,9.83666016552668
