"","cue","log","id","rho","burst","iota_N1","iota_N2","phi_N1","phi_N2","fitness_rho","fitness_beta","fitness_psin","fitness_psiw","fitness_phin","fitness_phiw"
"3392","R","log10",3392,0.37716813,3.92300113,35.7519805,0.73190937,0.02784768,376.378085,7.79744540695763,3.03603945001755,5.26382414961894,8.24987239251842,8.08821871719061,8.20410086044274
