"","cue","log","id","rho","burst","iota_N1","iota_N2","phi_N1","phi_N2","fitness_rho","fitness_beta","fitness_psin","fitness_psiw","fitness_phin","fitness_phiw"
"4139","R","log10",4139,0.14815478,4.73498756,71.0040528,2.39654683,0.02111793,879.169549,5.7528489899669,5.9458194771724,3.52539065888441,4.20177238571118,7.82040433236755,8.18271599823309
