"","cue","log","id","rho","burst","iota_N1","iota_N2","phi_N1","phi_N2","fitness_rho","fitness_beta","fitness_psin","fitness_psiw","fitness_phin","fitness_phiw"
"2083","R","log10",2083,0.31076572,5.6698447,60.5397393,1.04494762,0.00602193,2200.42711,8.0967907801131,8.11164510532735,3.85183677392752,7.26346450463228,7.27406130821446,8.17289353766129
