"","cue","log","id","rho","burst","iota_N1","iota_N2","phi_N1","phi_N2","fitness_rho","fitness_beta","fitness_psin","fitness_psiw","fitness_phin","fitness_phiw"
"4402","R","log10",4402,0.38100268,4.73056856,2.48103435,0.42949501,0.09953845,1190.94846,7.78148073871836,5.93758342273005,7.25785064705153,6.76767900388572,4.3498939657853,8.17844817217471
