"","cue","log","id","rho","burst","iota_N1","iota_N2","phi_N1","phi_N2","fitness_rho","fitness_beta","fitness_psin","fitness_psiw","fitness_phin","fitness_phiw"
"1525","R","log10",1525,0.33894506,5.5041835,14.5041433,0.93274441,0.02756239,734.470801,7.96906336240727,7.65746641215032,8.16042494807711,7.82182163067613,8.0790939213352,8.18591040992975
