"","cue","cue_b","log","log_b","id","rho","burst","iota_N1","iota_N2","phi_N1","phi_N2","fitness_rho","fitness_beta","fitness_psin","fitness_psiw","fitness_phin","fitness_phiw"
"853","R","I+Ig","log10","log10",853,0.35784339,5.78508646,11.45073,0.88722017,0.02861372,282.011055,9.5762393738921,9.79894442122457,9.52034312846056,9.62823552108521,9.66371660106262,9.79359146936336
