"","cue","log","id","rho","burst","iota_N1","iota_N2","phi_N1","phi_N2","fitness_rho","fitness_beta","fitness_psin","fitness_psiw","fitness_phin","fitness_phiw"
"3014","R","log10",3014,0.22381055,4.01267048,13.6609813,0.87172606,0.03174653,384.828364,7.69355594859082,3.54964832231191,8.11816936446539,8.08966206410682,8.17985734239082,8.20329047929748
