"","cue","log","id","rho","burst","iota_N1","iota_N2","phi_N1","phi_N2","fitness_rho","fitness_beta","fitness_psin","fitness_psiw","fitness_phin","fitness_phiw"
"3615","R","log10",3615,0.32976187,3.80221598,39.0784914,0.6142065,0.01126588,1525.54868,8.01185808843821,2.30354646291685,4.96869423259726,7.59261690635619,7.41462503425798,8.17579665813654
