"","cue","cue_b","log","log_b","id","rho","burst","iota_N1","iota_N2","phi_N1","phi_N2","fitness_rho","fitness_beta","fitness_psin","fitness_psiw","fitness_phin","fitness_phiw"
"129","R","I","log10","log10",129,0.22746922,3.94705126,36.9962819,0.8064047,0.01176229,86.018302,9.10725885910943,2.10940438765963,5.43225569441044,9.95493073551098,5.50356050860479,9.95599390852375
