"","cue","log","id","rho","burst","iota_N1","iota_N2","phi_N1","phi_N2","fitness_rho","fitness_beta","fitness_psin","fitness_psiw","fitness_phin","fitness_phiw"
"3033","R","log10",3033,0.35991421,3.9735579,13.8045279,0.66572139,0.03699037,2907.28367,7.87255288190057,3.33040633605057,8.1263114353069,7.86899602302994,8.16296858164361,8.17129331168928
