"","cue","cue_b","log","log_b","id","rho","burst","iota_N1","iota_N2","phi_N1","phi_N2","fitness_rho","fitness_beta","fitness_psin","fitness_psiw","fitness_phin","fitness_phiw"
"122","R","I","log10","log10",122,0.37104493,4.05068151,4.98601375,0.68476063,0.13830881,327.495957,7.46112449492611,2.33979264782958,5.4069230810564,10.1187715511143,4.57133274655824,9.86803387672971
