"","cue","cue_b","log","log_b","id","rho","burst","iota_N1","iota_N2","phi_N1","phi_N2","fitness_rho","fitness_beta","fitness_psin","fitness_psiw","fitness_phin","fitness_phiw"
"3584","R","I","log10","log10",3584,0.31157965,4.05979927,14.7368834,0.84779212,0.05043395,5658.01115,8.8130607187138,2.3605407215628,8.43333396523585,9.84009721759195,6.56256638696594,9.835343250524
