"","cue","log","id","rho","burst","iota_N1","iota_N2","phi_N1","phi_N2","fitness_rho","fitness_beta","fitness_psin","fitness_psiw","fitness_phin","fitness_phiw"
"3383","R","log10",3383,0.23428863,4.53557077,22.3057245,2.15281736,0.11873056,217.367883,7.94234219649209,5.53492967471968,7.28489794861594,4.48187545162849,3.95877904205716,8.23052509350038
