"","cue","cue_b","log","log_b","id","rho","burst","iota_N1","iota_N2","phi_N1","phi_N2","fitness_rho","fitness_beta","fitness_psin","fitness_psiw","fitness_phin","fitness_phiw"
"1747","R","I","log10","log10",1747,0.29393407,5.44305232,4.34947475,1.01791482,0.16970106,277.703588,9.37735987363852,6.92454937073419,5.31695915980772,9.07188356471048,4.29705509209004,9.87406727812821
