"","cue","cue_b","log","log_b","id","rho","burst","iota_N1","iota_N2","phi_N1","phi_N2","fitness_rho","fitness_beta","fitness_psin","fitness_psiw","fitness_phin","fitness_phiw"
"4095","R","I","log10","log10",4095,0.49530241,4.05526879,31.509609,0.75227057,0.02407122,2297.83319,6.49802505411883,2.35021918872774,5.74959388142029,10.0632290627943,6.63401847416104,9.83834855751382
