"","cue","log","id","rho","burst","iota_N1","iota_N2","phi_N1","phi_N2","fitness_rho","fitness_beta","fitness_psin","fitness_psiw","fitness_phin","fitness_phiw"
"643","R","log10",643,0.28488761,5.46783336,8.42228504,1.1769005,0.06016719,453.974457,8.18468177735654,7.5480206011952,7.67292697137852,6.64853507731859,6.07613327322749,8.19777713420095
