"","cue","cue_b","log","log_b","id","rho","burst","iota_N1","iota_N2","phi_N1","phi_N2","fitness_rho","fitness_beta","fitness_psin","fitness_psiw","fitness_phin","fitness_phiw"
"2566","R","I","log10","log10",2566,0.3867319,4.8423119,11.5463698,0.43589611,0.02059892,147.240317,7.27136022969352,4.41136041957437,6.65462249096201,9.88462425631005,6.24143368457787,9.90806087784319
