"","cue","cue_b","log","log_b","id","rho","burst","iota_N1","iota_N2","phi_N1","phi_N2","fitness_rho","fitness_beta","fitness_psin","fitness_psiw","fitness_phin","fitness_phiw"
"2905","R","I","log10","log10",2905,0.31483634,5.54777544,17.3211299,1.07846362,0.03388094,474.035833,8.70520484117342,7.93377021374524,9.63995991570132,8.68656877834665,9.70428724055721,9.85749325338733
