"","cue","cue_b","log","log_b","id","rho","burst","iota_N1","iota_N2","phi_N1","phi_N2","fitness_rho","fitness_beta","fitness_psin","fitness_psiw","fitness_phin","fitness_phiw"
"4221","R","I","log10","log10",4221,0.30370762,3.88625662,91.2202375,0.69114302,0.01018906,1819.46731,9.07513583630948,1.9789127107197,4.10061475288184,10.1175963640556,5.39460440759821,9.83967640825602
