"","cue","log","id","rho","burst","iota_N1","iota_N2","phi_N1","phi_N2","fitness_rho","fitness_beta","fitness_psin","fitness_psiw","fitness_phin","fitness_phiw"
"4576","R","log10",4576,0.34187639,4.71420905,6.47165705,0.5960752,0.06816894,416.268992,7.95538802314894,5.90687534900975,7.50077424684848,7.50114699196648,5.55249858855625,8.20056286370802
