"","cue","cue_b","log","log_b","id","rho","burst","iota_N1","iota_N2","phi_N1","phi_N2","fitness_rho","fitness_beta","fitness_psin","fitness_psiw","fitness_phin","fitness_phiw"
"4751","R","I","log10","log10",4751,0.13378032,4.69731709,10.1677281,2.29771069,0.14381835,2992.60551,7.09485849309119,3.99082180872716,6.31252034537421,4.59220191760571,4.51770398725131,9.83717662897838
