"","cue","log","id","rho","burst","iota_N1","iota_N2","phi_N1","phi_N2","fitness_rho","fitness_beta","fitness_psin","fitness_psiw","fitness_phin","fitness_phiw"
"1335","R","log10",1335,0.35031301,3.94587736,6.78216487,0.81915851,0.06778421,84.3389793,7.9162592178853,3.17060258145752,7.52645237482928,8.26138220054576,5.57515885012945,8.32001367808973
