"","cue","cue_b","log","log_b","id","rho","burst","iota_N1","iota_N2","phi_N1","phi_N2","fitness_rho","fitness_beta","fitness_psin","fitness_psiw","fitness_phin","fitness_phiw"
"699","R","I+Ig","log10","log10",699,0.29499534,3.93177624,5.1627896,0.66778158,0.08396389,1792.10891,9.74300068377074,2.52623914636048,8.50063142855764,10.1432963805646,6.83842502071478,9.75847049275865
