"","cue","cue_b","log","log_b","id","rho","burst","iota_N1","iota_N2","phi_N1","phi_N2","fitness_rho","fitness_beta","fitness_psin","fitness_psiw","fitness_phin","fitness_phiw"
"2018","R","I","log10","log10",2018,0.2814894,3.93192688,8.5069468,0.92481807,0.11395628,79.0992443,9.67419927619108,2.07660854809983,5.97692042284697,9.5562912637695,4.84646619884338,9.96556169375802
