"","cue","log","id","rho","burst","iota_N1","iota_N2","phi_N1","phi_N2","fitness_rho","fitness_beta","fitness_psin","fitness_psiw","fitness_phin","fitness_phiw"
"4108","R","log10",4108,0.34782853,4.72210121,98.8031933,0.50628631,0.00340119,805.015173,7.92772844340027,5.92173568410225,2.89250659055479,7.08393514373761,7.23005656146434,8.18420896214619
