"","cue","cue_b","log","log_b","id","rho","burst","iota_N1","iota_N2","phi_N1","phi_N2","fitness_rho","fitness_beta","fitness_psin","fitness_psiw","fitness_phin","fitness_phiw"
"523","R","I+Ig","log10","log10",523,0.38935699,5.42152256,8.95183523,1.1209727,0.05703408,173.475412,9.51225534446043,9.07013297564035,9.3148780963432,8.6789047133022,8.08578411930492,9.81849950392147
