"","cue","log","id","rho","burst","iota_N1","iota_N2","phi_N1","phi_N2","fitness_rho","fitness_beta","fitness_psin","fitness_psiw","fitness_phin","fitness_phiw"
"447","R","log10",447,0.27353603,3.87713627,10.6614666,0.61119486,0.08301096,225.136221,8.20057314873735,2.7608968448026,7.88401736303457,7.57731529717069,4.85227243866823,8.22840619774516
