"","cue","cue_b","log","log_b","id","rho","burst","iota_N1","iota_N2","phi_N1","phi_N2","fitness_rho","fitness_beta","fitness_psin","fitness_psiw","fitness_phin","fitness_phiw"
"999","R","I+Ig","log10","log10",999,0.34269017,3.919468,16.9205282,0.7989827,0.03266487,232.362093,9.61444552925443,2.48373795589238,9.76268957729845,9.90082268210712,9.77396227740326,9.8022060220487
