"","cue","log","id","rho","burst","iota_N1","iota_N2","phi_N1","phi_N2","fitness_rho","fitness_beta","fitness_psin","fitness_psiw","fitness_phin","fitness_phiw"
"3371","R","log10",3371,0.26625179,4.62114632,69.8990126,2.32811303,0.0598873,430.252428,8.19819213237517,5.72316629999749,3.55663799872599,4.27636993414341,6.09638676368424,8.19947355311253
