"","cue","cue_b","log","log_b","id","rho","burst","iota_N1","iota_N2","phi_N1","phi_N2","fitness_rho","fitness_beta","fitness_psin","fitness_psiw","fitness_phin","fitness_phiw"
"913","R","I","log10","log10",913,0.26052609,5.63762913,11.2532261,1.0552451,0.02244517,669.020938,9.84974503425912,9.20499399387112,6.57411267512919,8.8380901107208,6.43688710925844,9.85052999675152
