"","cue","cue_b","log","log_b","id","rho","burst","iota_N1","iota_N2","phi_N1","phi_N2","fitness_rho","fitness_beta","fitness_psin","fitness_psiw","fitness_phin","fitness_phiw"
"370","R","I+Ig","log10","log10",370,0.39251548,4.76108844,7.28635594,0.49433394,0.03750849,1835.70146,9.50688875338203,6.47844114614612,9.04845676592882,10.1655312435571,9.68494962177262,9.75831259879265
