"","cue","log","id","rho","burst","iota_N1","iota_N2","phi_N1","phi_N2","fitness_rho","fitness_beta","fitness_psin","fitness_psiw","fitness_phin","fitness_phiw"
"2727","R","log10",2727,0.32053052,4.03349829,15.299295,0.79601104,0.02703605,5301.23468,8.05412874634168,3.66289035386588,8.18655925577287,8.30729147757322,8.06154692021246,8.16903595825312
