"","cue","cue_b","log","log_b","id","rho","burst","iota_N1","iota_N2","phi_N1","phi_N2","fitness_rho","fitness_beta","fitness_psin","fitness_psiw","fitness_phin","fitness_phiw"
"4691","R","I","log10","log10",4691,0.25352703,4.57727776,31.0547365,2.24601031,0.11022819,182.673816,9.79281504189147,3.65773457141577,5.78150438689877,4.67504730500846,4.89554303466213,9.89425943639036
