"","cue","cue_b","log","log_b","id","rho","burst","iota_N1","iota_N2","phi_N1","phi_N2","fitness_rho","fitness_beta","fitness_psin","fitness_psiw","fitness_phin","fitness_phiw"
"4046","R","I","log10","log10",4046,0.30354182,3.8592427,58.3686546,0.96106597,0.01113542,292.906718,9.0805644509095,1.9220738484255,4.70836562564692,9.38706598357826,5.45966457962922,9.87201286571749
