"","cue","cue_b","log","log_b","id","rho","burst","iota_N1","iota_N2","phi_N1","phi_N2","fitness_rho","fitness_beta","fitness_psin","fitness_psiw","fitness_phin","fitness_phiw"
"4582","R","I","log10","log10",4582,0.3978008,4.82987209,11.4330541,0.45964358,0.03510296,1637.78981,7.15706576306666,4.37435879731451,6.62287727139179,9.90829877750967,9.85458559627594,9.84038232178385
