"","cue","log","id","rho","burst","iota_N1","iota_N2","phi_N1","phi_N2","fitness_rho","fitness_beta","fitness_psin","fitness_psiw","fitness_phin","fitness_phiw"
"4000","R","log10",4000,0.36655653,4.87301808,24.4638338,0.58430512,0.01204553,431.516955,7.84304840563014,6.1949352383121,6.82289167610746,7.44269132483525,7.44116924692761,8.19937797289734
