"","cue","log","id","rho","burst","iota_N1","iota_N2","phi_N1","phi_N2","fitness_rho","fitness_beta","fitness_psin","fitness_psiw","fitness_phin","fitness_phiw"
"2020","R","log10",2020,0.46147743,4.7409495,3.39863703,0.46247582,0.0715004,28.9902439,7.5141424036787,5.95688553250221,7.29789187067224,6.89976977087727,5.36707405217982,8.50727483711199
