"","cue","cue_b","log","log_b","id","rho","burst","iota_N1","iota_N2","phi_N1","phi_N2","fitness_rho","fitness_beta","fitness_psin","fitness_psiw","fitness_phin","fitness_phiw"
"4426","R","I","log10","log10",4426,0.36289505,4.78510885,3.64568875,0.50601289,0.1089982,117.369649,7.57700094085899,4.24274002011459,5.21943901850186,9.95858583515662,4.91224020889494,9.92567975786031
