"","cue","cue_b","log","log_b","id","rho","burst","iota_N1","iota_N2","phi_N1","phi_N2","fitness_rho","fitness_beta","fitness_psin","fitness_psiw","fitness_phin","fitness_phiw"
"1852","R","I","log10","log10",1852,0.37391094,4.88353076,4.09821126,0.46060415,0.03572552,112.77439,7.42350052696803,4.53544620710805,5.28195939057437,9.90929070056137,9.81826089615144,9.92915039068842
