"","cue","cue_b","log","log_b","id","rho","burst","iota_N1","iota_N2","phi_N1","phi_N2","fitness_rho","fitness_beta","fitness_psin","fitness_psiw","fitness_phin","fitness_phiw"
"522","R","I+Ig","log10","log10",522,0.38377567,6.46964216,11.767723,1.48216623,0.0617773,1837.68946,9.52214404484575,8.65554594229515,9.5400034931663,7.2988282339968,7.8016011129208,9.75830423166131
