"","cue","log","id","rho","burst","iota_N1","iota_N2","phi_N1","phi_N2","fitness_rho","fitness_beta","fitness_psin","fitness_psiw","fitness_phin","fitness_phiw"
"371","R","log10",371,0.22290557,4.60149024,19.7130394,2.1318589,0.18378513,318.803072,7.66753574927082,5.68185850669288,7.91754956583711,4.50804824509942,3.15096125895062,8.21072077407076
