"","cue","cue_b","log","log_b","id","rho","burst","iota_N1","iota_N2","phi_N1","phi_N2","fitness_rho","fitness_beta","fitness_psin","fitness_psiw","fitness_phin","fitness_phiw"
"2224","R","I","log10","log10",2224,0.3089692,4.73084977,3.12656633,0.62884808,0.04901084,12.8967575,8.90030275239573,4.08614832463538,5.14825844376696,10.097189869003,6.68668911372802,10.3258965914893
