"","cue","log","id","rho","burst","iota_N1","iota_N2","phi_N1","phi_N2","fitness_rho","fitness_beta","fitness_psin","fitness_psiw","fitness_phin","fitness_phiw"
"1608","R","log10",1608,0.38321449,6.31397721,331.22553,1.9515388,0.00261496,1318.38311,7.77239417411951,5.23438215587754,1.00650901094572,4.75099429382559,7.22030069244564,8.17727936001457
