"","cue","cue_b","log","log_b","id","rho","burst","iota_N1","iota_N2","phi_N1","phi_N2","fitness_rho","fitness_beta","fitness_psin","fitness_psiw","fitness_phin","fitness_phiw"
"4454","R","I","log10","log10",4454,0.23388908,4.03138237,9.23508124,0.88757192,0.07187643,1475.19641,9.3137753736643,2.29613981442472,6.11733981945238,9.70542570999791,5.60952212171827,9.84116070242041
