"","cue","cue_b","log","log_b","id","rho","burst","iota_N1","iota_N2","phi_N1","phi_N2","fitness_rho","fitness_beta","fitness_psin","fitness_psiw","fitness_phin","fitness_phiw"
"925","R","I","log10","log10",925,0.25754467,5.62707169,21.5344696,1.39541052,0.02962948,466.77835,9.83368037109748,9.05062203256534,7.08696997116897,6.90121170416839,7.80423533758264,9.85786453210722
