"","cue","cue_b","log","log_b","id","rho","burst","iota_N1","iota_N2","phi_N1","phi_N2","fitness_rho","fitness_beta","fitness_psin","fitness_psiw","fitness_phin","fitness_phiw"
"2174","R","I","log10","log10",2174,0.307322,4.0894729,3.69134038,0.81914323,0.1322449,395.962587,8.95536844780393,2.4285654939605,5.22572066138772,9.92235923083753,4.63360712012808,9.86215971048708
