"","cue","log","id","rho","burst","iota_N1","iota_N2","phi_N1","phi_N2","fitness_rho","fitness_beta","fitness_psin","fitness_psiw","fitness_phin","fitness_phiw"
"567","R","log10",567,0.35740746,4.12193121,4.65207089,0.80133569,0.08044537,239.917567,7.88385214036823,4.11301262657591,7.36840396091178,8.29888842321516,4.95269362214223,8.22473620670107
