"","cue","cue_b","log","log_b","id","rho","burst","iota_N1","iota_N2","phi_N1","phi_N2","fitness_rho","fitness_beta","fitness_psin","fitness_psiw","fitness_phin","fitness_phiw"
"3452","R","I","log10","log10",3452,0.36242254,4.04004878,5.48363523,0.76722981,0.08234817,94.9547115,7.58416452163867,2.31569958837413,5.47900145095691,10.0384902977184,5.35932426723104,9.9455030331889
