"","cue","log","id","rho","burst","iota_N1","iota_N2","phi_N1","phi_N2","fitness_rho","fitness_beta","fitness_psin","fitness_psiw","fitness_phin","fitness_phiw"
"1491","R","log10",1491,0.26848115,3.85387496,91.8591857,0.69110784,0.00214675,1878.42552,8.20019783258231,2.61942647163354,3.02872418844279,8.02476564736563,7.21524049571859,8.17402056258916
