"","cue","log","id","rho","burst","iota_N1","iota_N2","phi_N1","phi_N2","fitness_rho","fitness_beta","fitness_psin","fitness_psiw","fitness_phin","fitness_phiw"
"531","R","log10",531,0.3372719,3.9174034,49.0086788,0.86464568,0.01007635,1119.3159,7.97687556106615,3.00281223070163,4.33275584842559,8.11685912596154,7.37680416557468,8.17921941992287
