"","cue","log","id","rho","burst","iota_N1","iota_N2","phi_N1","phi_N2","fitness_rho","fitness_beta","fitness_psin","fitness_psiw","fitness_phin","fitness_phiw"
"1324","R","log10",1324,0.34992693,4.923002,6.49353189,0.4148781,0.0242624,122.520215,7.91803804186731,6.28422655400663,7.50255556306809,6.71200598839971,7.95637712701925,8.27624445241097
