"","cue","cue_b","log","log_b","id","rho","burst","iota_N1","iota_N2","phi_N1","phi_N2","fitness_rho","fitness_beta","fitness_psin","fitness_psiw","fitness_phin","fitness_phiw"
"280","R","I+Ig","log10","log10",280,0.35600906,4.72794042,269.802995,0.44377636,0.00183741,756.948913,9.58061321365563,6.30588677516512,2.18582450336594,10.1444379571744,6.94859001683702,9.76761520153443
