"","cue","cue_b","log","log_b","id","rho","burst","iota_N1","iota_N2","phi_N1","phi_N2","fitness_rho","fitness_beta","fitness_psin","fitness_psiw","fitness_phin","fitness_phiw"
"2065","R","I","log10","log10",2065,0.29373335,5.42646274,11.1016039,1.08309573,0.04104474,300.721183,9.38303689907212,6.80177201330107,6.53440490641341,8.65605661769113,8.00515801709586,9.87103609062686
