"","cue","cue_b","log","log_b","id","rho","burst","iota_N1","iota_N2","phi_N1","phi_N2","fitness_rho","fitness_beta","fitness_psin","fitness_psiw","fitness_phin","fitness_phiw"
"4061","R","I","log10","log10",4061,0.22207443,4.60365609,19.8953888,2.00504641,0.09457238,1483.61985,8.93499374160033,3.72988239822829,7.74521405809477,5.1122146375335,5.13041174826148,9.84111513285762
