"","cue","log","id","rho","burst","iota_N1","iota_N2","phi_N1","phi_N2","fitness_rho","fitness_beta","fitness_psin","fitness_psiw","fitness_phin","fitness_phiw"
"3925","R","log10",3925,0.31818548,5.61951713,21.5923266,0.95764408,0.02758482,977.131166,8.0646209326037,7.99179362666642,7.46358958243551,7.70115826585654,8.07982029775435,8.18108433086078
