"","cue","cue_b","log","log_b","id","rho","burst","iota_N1","iota_N2","phi_N1","phi_N2","fitness_rho","fitness_beta","fitness_psin","fitness_psiw","fitness_phin","fitness_phiw"
"338","R","I","log10","log10",338,0.38444751,3.82910248,16.8930495,0.81097048,0.05752574,222.379117,7.29673615657094,1.85950673662651,9.82886488627252,9.94354765289812,6.12333912995873,9.8838078335304
