"","cue","log","id","rho","burst","iota_N1","iota_N2","phi_N1","phi_N2","fitness_rho","fitness_beta","fitness_psin","fitness_psiw","fitness_phin","fitness_phiw"
"2395","R","log10",2395,0.31630773,5.48329784,29.9320612,1.00882558,0.01788763,658.289402,8.07292224514172,7.59448377274582,5.94036862617875,7.44486099321982,7.6759384364436,8.18814625910025
