"","cue","cue_b","log","log_b","id","rho","burst","iota_N1","iota_N2","phi_N1","phi_N2","fitness_rho","fitness_beta","fitness_psin","fitness_psiw","fitness_phin","fitness_phiw"
"4019","R","I","log10","log10",4019,0.27888212,4.54880269,231.811611,2.47350252,0.01737421,1769.05111,9.72003359889694,3.58049043664765,2.95282562315082,4.33340476932724,5.94138513015736,9.8398562667812
