"","cue","log","id","rho","burst","iota_N1","iota_N2","phi_N1","phi_N2","fitness_rho","fitness_beta","fitness_psin","fitness_psiw","fitness_phin","fitness_phiw"
"1949","R","log10",1949,0.27616621,4.5243649,198.886113,1.97771667,0.01703563,1262.01779,8.19874831663869,5.5084908123404,1.68897133765457,4.7135147765562,7.6386812790578,8.17776875522077
