"","cue","cue_b","log","log_b","id","rho","burst","iota_N1","iota_N2","phi_N1","phi_N2","fitness_rho","fitness_beta","fitness_psin","fitness_psiw","fitness_phin","fitness_phiw"
"3779","R","I","log10","log10",3779,0.30293009,4.7143194,38.2683232,1.82261378,0.05602576,277.225226,9.10053843555627,4.03902115815882,5.37169525544492,5.51648629299739,6.19928367501685,9.87413375488235
