"","cue","log","id","rho","burst","iota_N1","iota_N2","phi_N1","phi_N2","fitness_rho","fitness_beta","fitness_psin","fitness_psiw","fitness_phin","fitness_phiw"
"1384","R","log10",1384,0.33196668,4.70432801,1.94060796,0.49709828,0.02906815,557.070989,8.00161674564652,5.88813721787004,7.23891938013399,7.04464061972865,8.1239203604079,8.19205094107519
