"","cue","cue_b","log","log_b","id","rho","burst","iota_N1","iota_N2","phi_N1","phi_N2","fitness_rho","fitness_beta","fitness_psin","fitness_psiw","fitness_phin","fitness_phiw"
"2154","R","I","log10","log10",2154,0.39466335,6.05740813,59.5168998,2.60092687,0.02564437,86.6839534,7.18810520370858,7.22433077795427,4.68034164786794,4.16475207720571,6.8594731687245,9.95514638874501
