"","cue","cue_b","log","log_b","id","rho","burst","iota_N1","iota_N2","phi_N1","phi_N2","fitness_rho","fitness_beta","fitness_psin","fitness_psiw","fitness_phin","fitness_phiw"
"3015","R","I","log10","log10",3015,0.21706536,3.83215986,24.5463082,0.90673274,0.02358438,1095.69933,8.7801926591965,1.8658136367892,6.44000825891729,9.6316709468863,6.57179435688674,9.84386608310111
