"","cue","cue_b","log","log_b","id","rho","burst","iota_N1","iota_N2","phi_N1","phi_N2","fitness_rho","fitness_beta","fitness_psin","fitness_psiw","fitness_phin","fitness_phiw"
"3793","R","I","log10","log10",3793,0.24294468,5.62845572,33.4042454,1.03150943,0.01198505,269.444071,9.58116534520877,9.07124255746696,5.62745670779554,8.98863998409437,5.51933067160722,9.87527599221406
