"","cue","cue_b","log","log_b","id","rho","burst","iota_N1","iota_N2","phi_N1","phi_N2","fitness_rho","fitness_beta","fitness_psin","fitness_psiw","fitness_phin","fitness_phiw"
"1482","R","I","log10","log10",1482,0.32750785,5.90833069,13.1702003,2.18196966,0.08609308,1120.65529,8.31548867153602,8.28905403973794,7.23962947057943,4.78253886127287,5.28353229971099,9.84363501994525
