"","cue","log","id","rho","burst","iota_N1","iota_N2","phi_N1","phi_N2","fitness_rho","fitness_beta","fitness_psin","fitness_psiw","fitness_phin","fitness_phiw"
"3127","R","log10",3127,0.36329331,5.39659234,3.76393075,1.24146151,0.25911368,1040.74686,7.85745952836199,7.33883337624202,7.31658274049555,6.38791959581257,2.58405834039549,8.18018982982323
