"","cue","cue_b","log","log_b","id","rho","burst","iota_N1","iota_N2","phi_N1","phi_N2","fitness_rho","fitness_beta","fitness_psin","fitness_psiw","fitness_phin","fitness_phiw"
"2784","R","I","log10","log10",2784,0.30923332,5.98051997,59.912503,2.12069186,0.01618217,1639.75485,8.89147586854257,7.73165778249457,4.67085109159493,4.89091454039747,5.84021276909137,9.84037264241316
