"","cue","log","id","rho","burst","iota_N1","iota_N2","phi_N1","phi_N2","fitness_rho","fitness_beta","fitness_psin","fitness_psiw","fitness_phin","fitness_phiw"
"4721","R","log10",4721,0.1966837,4.49782567,15.5736731,2.03789273,0.27058717,136.840213,6.8745424224749,5.44394314982381,8.19204731510402,4.63037899398312,2.51643721039134,8.26559537542859
