"","cue","log","id","rho","burst","iota_N1","iota_N2","phi_N1","phi_N2","fitness_rho","fitness_beta","fitness_psin","fitness_psiw","fitness_phin","fitness_phiw"
"545","R","log10",545,0.12597646,4.6326122,103.734591,1.97642558,0.01410101,328.074338,5.45684281458427,5.74679919170259,2.80245746374257,4.71534372385564,7.51729885042237,8.2095032604089
