"","cue","log","id","rho","burst","iota_N1","iota_N2","phi_N1","phi_N2","fitness_rho","fitness_beta","fitness_psin","fitness_psiw","fitness_phin","fitness_phiw"
"4544","R","log10",4544,0.23681654,3.94226378,41.1936343,0.91760162,0.01220169,217.955101,7.98659975251643,3.14948779726347,4.80616418309094,7.89272941007613,7.44664791251796,8.2303598029868
