"","cue","cue_b","log","log_b","id","rho","burst","iota_N1","iota_N2","phi_N1","phi_N2","fitness_rho","fitness_beta","fitness_psin","fitness_psiw","fitness_phin","fitness_phiw"
"1174","R","I","log10","log10",1174,0.30883731,4.76193212,18.9564461,0.49800077,0.01756686,2554.93291,8.9047183503085,4.17548066910252,8.30557834310156,9.94948378723751,5.95819960971032,9.83784200700869
