"","cue","log","id","rho","burst","iota_N1","iota_N2","phi_N1","phi_N2","fitness_rho","fitness_beta","fitness_psin","fitness_psiw","fitness_phin","fitness_phiw"
"2649","R","log10",2649,0.34313639,3.90686265,8.66575671,0.81056052,0.0616035,468.035405,7.94951730540935,2.93994551024442,7.69576751613948,8.28115542719755,5.9742661289779,8.19685042800463
