"","cue","cue_b","log","log_b","id","rho","burst","iota_N1","iota_N2","phi_N1","phi_N2","fitness_rho","fitness_beta","fitness_psin","fitness_psiw","fitness_phin","fitness_phiw"
"3364","R","I","log10","log10",3364,0.34870055,4.70117115,5.7557092,0.42738184,0.05031856,3685.96105,7.81848918997837,4.00172131414823,5.51924065995838,9.87643014457915,6.57197713350952,9.83644474187898
