"","cue","cue_b","log","log_b","id","rho","burst","iota_N1","iota_N2","phi_N1","phi_N2","fitness_rho","fitness_beta","fitness_psin","fitness_psiw","fitness_phin","fitness_phiw"
"2672","R","I","log10","log10",2672,0.33234446,3.89832502,395.400318,0.61660814,0.00257771,462.94567,8.184622348404,2.00453414346677,2.26809532494679,10.0864112553199,4.88937355840758,9.85806187902562
