"","cue","cue_b","log","log_b","id","rho","burst","iota_N1","iota_N2","phi_N1","phi_N2","fitness_rho","fitness_beta","fitness_psin","fitness_psiw","fitness_phin","fitness_phiw"
"1520","R","I","log10","log10",1520,0.26321435,3.97407309,26.1320999,0.91595466,0.0149409,1816.75743,9.85434165054244,2.16851958955771,6.2283902288216,9.59395447354541,5.73992985783931,9.83968468864221
