"","cue","cue_b","log","log_b","id","rho","burst","iota_N1","iota_N2","phi_N1","phi_N2","fitness_rho","fitness_beta","fitness_psin","fitness_psiw","fitness_phin","fitness_phiw"
"3582","R","I","log10","log10",3582,0.37643255,5.95828419,9.11760905,2.10085001,0.09409434,1155.52753,7.39158364953126,7.89613643372526,6.0940583387623,4.92725804150354,5.13846971397194,9.84332362338407
