"","cue","cue_b","log","log_b","id","rho","burst","iota_N1","iota_N2","phi_N1","phi_N2","fitness_rho","fitness_beta","fitness_psin","fitness_psiw","fitness_phin","fitness_phiw"
"2408","R","I","log10","log10",2408,0.23088626,3.95084242,13.6765423,0.74009926,0.03073617,745.863068,9.21758972061582,2.117654838418,7.51743771666773,10.0801819518402,8.28436743858541,9.84877467604568
