"","cue","cue_b","log","log_b","id","rho","burst","iota_N1","iota_N2","phi_N1","phi_N2","fitness_rho","fitness_beta","fitness_psin","fitness_psiw","fitness_phin","fitness_phiw"
"2344","R","I","log10","log10",2344,0.33505504,4.72404352,18.6343793,0.55670031,0.02334423,239.013045,8.11601603043202,4.06671011825801,8.54178216580732,10.0189334878012,6.54218600118656,9.88042324698341
