"","cue","cue_b","log","log_b","id","rho","burst","iota_N1","iota_N2","phi_N1","phi_N2","fitness_rho","fitness_beta","fitness_psin","fitness_psiw","fitness_phin","fitness_phiw"
"4076","R","I","log10","log10",4076,0.26612593,3.9281448,29.7701575,0.72952223,0.01423129,1544.16179,9.84936739235831,2.06844275456951,5.87824327093125,10.0924980126252,5.68479531407487,9.84081304355959
