"","cue","cue_b","log","log_b","id","rho","burst","iota_N1","iota_N2","phi_N1","phi_N2","fitness_rho","fitness_beta","fitness_psin","fitness_psiw","fitness_phin","fitness_phiw"
"1106","R","I","log10","log10",1106,0.30470975,4.04722652,3.74974965,0.74899427,0.1143289,266.014715,9.04216652943614,2.3319545645558,5.23376951646704,10.0680814804782,4.84168575682298,9.87579758976239
