"","cue","log","id","rho","burst","iota_N1","iota_N2","phi_N1","phi_N2","fitness_rho","fitness_beta","fitness_psin","fitness_psiw","fitness_phin","fitness_phiw"
"2004","R","log10",2004,0.47079601,6.09653572,11.1061065,2.05896393,0.19420457,3879.93269,7.49093879190721,6.0352886016031,7.92433043957385,4.60219564130576,3.05603486576409,8.17003969838513
