"","cue","log","id","rho","burst","iota_N1","iota_N2","phi_N1","phi_N2","fitness_rho","fitness_beta","fitness_psin","fitness_psiw","fitness_phin","fitness_phiw"
"1397","R","log10",1397,0.14047151,4.53247497,12.2634662,2.53395812,0.1958387,5186.88888,5.63533463700885,5.5276717488164,8.02190968508541,4.05988506909089,3.04173012311333,8.16909475637103
