"","cue","cue_b","log","log_b","id","rho","burst","iota_N1","iota_N2","phi_N1","phi_N2","fitness_rho","fitness_beta","fitness_psin","fitness_psiw","fitness_phin","fitness_phiw"
"3618","R","I","log10","log10",3618,0.34330442,5.94668988,87.91358,1.88446008,0.0122719,5114.31195,7.92722565533894,7.98339096944936,4.14816443896509,5.37073024403316,5.53978697375941,9.83556274835968
