"","cue","log","id","rho","burst","iota_N1","iota_N2","phi_N1","phi_N2","fitness_rho","fitness_beta","fitness_psin","fitness_psiw","fitness_phin","fitness_phiw"
"4440","R","log10",4440,0.32605137,5.989768,39.9704054,2.0547771,0.02279538,704.315099,8.02899359460756,6.7005588288971,4.89800641864131,4.60776254533294,7.89436922822378,8.18673761929119
