"","cue","cue_b","log","log_b","id","rho","burst","iota_N1","iota_N2","phi_N1","phi_N2","fitness_rho","fitness_beta","fitness_psin","fitness_psiw","fitness_phin","fitness_phiw"
"3385","R","I","log10","log10",3385,0.28404827,5.64462564,16.3341701,1.1943479,0.02937897,58.1060173,9.62335109904277,9.30216025618519,9.80812681152151,7.94072647628706,7.71331586580396,10.0064717550479
