"","cue","cue_b","log","log_b","id","rho","burst","iota_N1","iota_N2","phi_N1","phi_N2","fitness_rho","fitness_beta","fitness_psin","fitness_psiw","fitness_phin","fitness_phiw"
"4786","R","I","log10","log10",4786,0.39308993,4.77465952,8.8975991,0.41554149,0.05195663,995.479858,7.20406126551071,4.21234395567163,6.0511239536785,9.86529277251266,6.44725911341598,9.84492387422997
