"","cue","log","id","rho","burst","iota_N1","iota_N2","phi_N1","phi_N2","fitness_rho","fitness_beta","fitness_psin","fitness_psiw","fitness_phin","fitness_phiw"
"4115","R","log10",4115,0.13965737,4.53849587,8.75368228,2.07217974,0.27768408,134.550693,5.6238911268619,5.54175578085307,7.7040574138627,4.58474866149829,2.47635411158065,8.26715631021635
