"","cue","cue_b","log","log_b","id","rho","burst","iota_N1","iota_N2","phi_N1","phi_N2","fitness_rho","fitness_beta","fitness_psin","fitness_psiw","fitness_phin","fitness_phiw"
"4658","R","I","log10","log10",4658,0.17683863,3.95777861,14.9404696,0.81066258,0.0274879,324.975102,7.78544214665517,2.13279050319607,8.66136021189685,9.94432449332038,7.19520857148455,9.8682966768424
