"","cue","cue_b","log","log_b","id","rho","burst","iota_N1","iota_N2","phi_N1","phi_N2","fitness_rho","fitness_beta","fitness_psin","fitness_psiw","fitness_phin","fitness_phiw"
"1644","R","I","log10","log10",1644,0.33220625,6.28650574,26.6923678,1.78856734,0.02758284,774.67196,8.18820181414865,6.26767344190783,6.16453860262592,5.60109586474211,7.21577772218999,9.84820594231571
