"","cue","cue_b","log","log_b","id","rho","burst","iota_N1","iota_N2","phi_N1","phi_N2","fitness_rho","fitness_beta","fitness_psin","fitness_psiw","fitness_phin","fitness_phiw"
"2175","R","I","log10","log10",2175,0.33096832,4.06376019,3.04276984,0.82219456,0.10570316,1486.7306,8.22075966004425,2.36957068772582,5.13680233619258,9.91418757028447,4.9582897186704,9.84109939716717
