"","cue","cue_b","log","log_b","id","rho","burst","iota_N1","iota_N2","phi_N1","phi_N2","fitness_rho","fitness_beta","fitness_psin","fitness_psiw","fitness_phin","fitness_phiw"
"2181","R","I","log10","log10",2181,0.21535215,4.00143245,83.3556919,0.7579594,0.006546,8579.00871,8.72869412128226,2.22906658027679,4.21751747961987,10.0543183602816,5.15223613098791,9.83464061546206
