"","cue","cue_b","log","log_b","id","rho","burst","iota_N1","iota_N2","phi_N1","phi_N2","fitness_rho","fitness_beta","fitness_psin","fitness_psiw","fitness_phin","fitness_phiw"
"1981","R","I","log10","log10",1981,0.30095314,5.65406021,10.5570549,0.99612555,0.02452987,677.521155,9.1643602049175,9.42363035500445,6.40092772820292,9.19949659043233,6.69559207772346,9.85031835444316
