"","cue","log","id","rho","burst","iota_N1","iota_N2","phi_N1","phi_N2","fitness_rho","fitness_beta","fitness_psin","fitness_psiw","fitness_phin","fitness_phiw"
"3474","R","log10",3474,0.35322822,5.88905574,112.460983,2.0910919,0.01029484,1756.48948,7.90287341440307,7.46927567666791,2.65492841647662,4.56007997256077,7.38350275177467,8.17455252398448
