"","cue","cue_b","log","log_b","id","rho","burst","iota_N1","iota_N2","phi_N1","phi_N2","fitness_rho","fitness_beta","fitness_psin","fitness_psiw","fitness_phin","fitness_phiw"
"4510","R","I","log10","log10",4510,0.42179703,4.9026191,16.8211117,0.38175672,0.0091763,915.402462,6.94748166098145,4.59374092398548,9.8424330760652,9.83504609338086,5.32624653936396,9.84593365225426
