"","cue","log","id","rho","burst","iota_N1","iota_N2","phi_N1","phi_N2","fitness_rho","fitness_beta","fitness_psin","fitness_psiw","fitness_phin","fitness_phiw"
"2933","R","log10",2933,0.25140173,4.55047418,11.9801747,1.98311308,0.18888233,1353.14531,8.14554563248395,5.56939381073489,7.99923515810336,4.70589258720156,3.10370295076733,8.17699923127794
