"","cue","cue_b","log","log_b","id","rho","burst","iota_N1","iota_N2","phi_N1","phi_N2","fitness_rho","fitness_beta","fitness_psin","fitness_psiw","fitness_phin","fitness_phiw"
"503","R","I+Ig","log10","log10",503,0.23981564,4.74637358,16.4918222,2.36812629,0.14004634,75.0743096,9.7075528413166,6.40217172738866,9.77974206420073,5.09537325223576,5.48079574833282,9.89640369894285
