"","cue","cue_b","log","log_b","id","rho","burst","iota_N1","iota_N2","phi_N1","phi_N2","fitness_rho","fitness_beta","fitness_psin","fitness_psiw","fitness_phin","fitness_phiw"
"169","R","I","log10","log10",169,0.2932175,5.60617329,12.8491074,1.2438544,0.04486868,367.617646,9.39756155450781,8.73481415540255,7.09666250277818,7.65163817984717,7.19404976419411,9.86433265049123
