"","cue","log","id","rho","burst","iota_N1","iota_N2","phi_N1","phi_N2","fitness_rho","fitness_beta","fitness_psin","fitness_psiw","fitness_phin","fitness_phiw"
"4114","R","log10",4114,0.32890712,4.76016556,11.8333207,0.60469523,0.02753955,82.2013438,8.01581640732603,5.99228009248302,7.98713641389934,7.54443711062594,8.07834897272043,8.32349572834244
