"","cue","cue_b","log","log_b","id","rho","burst","iota_N1","iota_N2","phi_N1","phi_N2","fitness_rho","fitness_beta","fitness_psin","fitness_psiw","fitness_phin","fitness_phiw"
"2555","R","I","log10","log10",2555,0.33991856,4.56192435,124.389299,2.1652751,0.02929802,1928.3355,8.00121918735281,3.61600259466831,3.71375258922214,4.81150712173951,7.68526591497924,9.83931641123073
