"","cue","cue_b","log","log_b","id","rho","burst","iota_N1","iota_N2","phi_N1","phi_N2","fitness_rho","fitness_beta","fitness_psin","fitness_psiw","fitness_phin","fitness_phiw"
"1863","R","I","log10","log10",1863,0.30146109,3.94997612,9.27049268,0.73186621,0.07715841,4211.52137,9.14808314719633,2.11576795632707,6.12441099649165,10.0899671167981,5.47514245034466,9.83605004440359
