"","cue","cue_b","log","log_b","id","rho","burst","iota_N1","iota_N2","phi_N1","phi_N2","fitness_rho","fitness_beta","fitness_psin","fitness_psiw","fitness_phin","fitness_phiw"
"2869","R","I","log10","log10",2869,0.32262677,5.73160002,8.43281538,0.97065169,0.0758403,56.7051063,8.45831471811141,9.8563196984489,5.96311790090674,9.3380955258649,5.50692861428243,10.0101132671352
