"","cue","cue_b","log","log_b","id","rho","burst","iota_N1","iota_N2","phi_N1","phi_N2","fitness_rho","fitness_beta","fitness_psin","fitness_psiw","fitness_phin","fitness_phiw"
"466","R","I","log10","log10",466,0.41426221,4.74476169,15.0364679,0.46630386,0.01957602,657.692314,7.00861886002757,4.12601095411835,8.77088988701854,9.91518437748313,6.14164243164622,9.85082454586557
