"","cue","cue_b","log","log_b","id","rho","burst","iota_N1","iota_N2","phi_N1","phi_N2","fitness_rho","fitness_beta","fitness_psin","fitness_psiw","fitness_phin","fitness_phiw"
"2674","R","I","log10","log10",2674,0.34931283,4.78280785,26.2985712,0.39638012,0.01112203,889.782464,7.80680562073352,4.23604022749137,6.20892250067363,9.8478607886278,5.45873713581319,9.84629502321068
