"","cue","log","id","rho","burst","iota_N1","iota_N2","phi_N1","phi_N2","fitness_rho","fitness_beta","fitness_psin","fitness_psiw","fitness_phin","fitness_phiw"
"2742","R","log10",2742,0.37194816,6.08501592,84.8713463,2.22645757,0.01499141,82.5765039,7.81962842062511,6.09961827846685,3.1786163248705,4.39278014141884,7.5527515193009,8.32287485690765
