"","cue","log","id","rho","burst","iota_N1","iota_N2","phi_N1","phi_N2","fitness_rho","fitness_beta","fitness_psin","fitness_psiw","fitness_phin","fitness_phiw"
"3664","R","log10",3664,0.35961465,4.75793564,47.403256,0.44641927,0.0044312,444.263296,7.87389833352253,5.98819200526766,4.41665876911616,6.83452946298486,7.24523704211059,8.1984500439334
