"","cue","cue_b","log","log_b","id","rho","burst","iota_N1","iota_N2","phi_N1","phi_N2","fitness_rho","fitness_beta","fitness_psin","fitness_psiw","fitness_phin","fitness_phiw"
"3027","R","I","log10","log10",3027,0.30886676,3.94783335,5.08592526,0.82559973,0.10682243,109.306138,8.90374345565834,2.11110592531782,5.42124583696758,9.90489690252162,4.94242336277017,9.93195043831486
