"","cue","cue_b","log","log_b","id","rho","burst","iota_N1","iota_N2","phi_N1","phi_N2","fitness_rho","fitness_beta","fitness_psin","fitness_psiw","fitness_phin","fitness_phiw"
"2349","R","I","log10","log10",2349,0.31513609,3.87381567,13.1948505,0.87101965,0.04222578,549.938776,8.69538136051549,1.95264686128137,7.25150460189201,9.7643954205618,7.70527240866332,9.85420570394999
