"","cue","cue_b","log","log_b","id","rho","burst","iota_N1","iota_N2","phi_N1","phi_N2","fitness_rho","fitness_beta","fitness_psin","fitness_psiw","fitness_phin","fitness_phiw"
"2406","R","I","log10","log10",2406,0.53961293,6.12453426,55.3583155,2.16419479,0.02124438,147.597022,6.31058104508132,6.90382774443267,4.78531834696331,4.81339934020376,6.3071908436897,9.90789038691823
