"","cue","cue_b","log","log_b","id","rho","burst","iota_N1","iota_N2","phi_N1","phi_N2","fitness_rho","fitness_beta","fitness_psin","fitness_psiw","fitness_phin","fitness_phiw"
"505","R","I","log10","log10",505,0.31861559,5.57391688,10.6047895,1.06087165,0.05217677,417.528321,8.58297419971979,8.26971024416674,6.41211909389634,8.80167364868847,6.43182046143333,9.86070183466175
