"","cue","log","id","rho","burst","iota_N1","iota_N2","phi_N1","phi_N2","fitness_rho","fitness_beta","fitness_psin","fitness_psiw","fitness_phin","fitness_phiw"
"3001","R","log10",3001,0.36756932,5.56339173,5.48730644,0.91147461,0.14784132,2240.7153,7.83861221168699,7.83443188587011,7.42505134992018,7.92073547599523,3.53777669287659,8.17277541296739
