"","cue","cue_b","log","log_b","id","rho","burst","iota_N1","iota_N2","phi_N1","phi_N2","fitness_rho","fitness_beta","fitness_psin","fitness_psiw","fitness_phin","fitness_phiw"
"1974","R","I","log10","log10",1974,0.42600057,6.17728843,22.5928766,1.83787502,0.04529419,2750.96923,6.9149395180653,6.68542492617268,6.80326621614913,5.47959902987595,7.128145419398,9.83751655022721
