"","cue","cue_b","log","log_b","id","rho","burst","iota_N1","iota_N2","phi_N1","phi_N2","fitness_rho","fitness_beta","fitness_psin","fitness_psiw","fitness_phin","fitness_phiw"
"1811","R","I","log10","log10",1811,0.21217744,4.54805152,28.6143294,2.00299339,0.06792264,683.389551,8.63542999156289,3.57846126288907,5.97523327863659,5.11636957578487,5.7244768637072,9.85017146132811
