"","cue","cue_b","log","log_b","id","rho","burst","iota_N1","iota_N2","phi_N1","phi_N2","fitness_rho","fitness_beta","fitness_psin","fitness_psiw","fitness_phin","fitness_phiw"
"3883","R","I","log10","log10",3883,0.2655585,5.56176633,69.2133079,1.17891215,0.00414988,193.764824,9.85111804537053,8.10868191725193,4.4679300546624,8.03533317125907,4.99450722147577,9.89092984600924
