"","cue","log","id","rho","burst","iota_N1","iota_N2","phi_N1","phi_N2","fitness_rho","fitness_beta","fitness_psin","fitness_psiw","fitness_phin","fitness_phiw"
"4741","R","log10",4741,0.26632545,5.51886948,14.3322456,1.22242945,0.02655095,842.144164,8.19827633234897,7.70175098098266,8.1529422642682,6.4618167522987,8.04460912954381,8.18342838770726
