"","cue","log","id","rho","burst","iota_N1","iota_N2","phi_N1","phi_N2","fitness_rho","fitness_beta","fitness_psin","fitness_psiw","fitness_phin","fitness_phiw"
"1785","R","log10",1785,0.26279044,3.92465328,14.7575154,0.87749446,0.0541727,50.660801,8.19249635676116,3.04582711090126,8.17031113306628,8.06676662996816,6.54759999641253,8.40102003179113
