"","cue","cue_b","log","log_b","id","rho","burst","iota_N1","iota_N2","phi_N1","phi_N2","fitness_rho","fitness_beta","fitness_psin","fitness_psiw","fitness_phin","fitness_phiw"
"749","R","I","log10","log10",749,0.17128675,4.6087336,49.1715456,2.10419707,0.03875957,2374.9269,7.67849356240235,3.74383342849735,4.96261547417431,4.92108354868581,8.76596586308846,9.8381829806991
