"","cue","log","id","rho","burst","iota_N1","iota_N2","phi_N1","phi_N2","fitness_rho","fitness_beta","fitness_psin","fitness_psiw","fitness_phin","fitness_phiw"
"3374","R","log10",3374,0.31712132,4.11432087,17.4862836,0.66420657,0.0380855,484.334493,8.06933844233256,4.07634420902064,8.16662338895371,7.86016517321321,8.12883289423095,8.19584194434142
