"","cue","cue_b","log","log_b","id","rho","burst","iota_N1","iota_N2","phi_N1","phi_N2","fitness_rho","fitness_beta","fitness_psin","fitness_psiw","fitness_phin","fitness_phiw"
"2770","R","I","log10","log10",2770,0.32222122,4.80362593,3.95554425,0.57491877,0.05658978,35.1889342,8.47063799058346,4.29690341702577,5.26219000444959,10.040895274884,6.16994406007664,10.0939443379723
