"","cue","log","id","rho","burst","iota_N1","iota_N2","phi_N1","phi_N2","fitness_rho","fitness_beta","fitness_psin","fitness_psiw","fitness_phin","fitness_phiw"
"4048","R","log10",4048,0.29718013,4.81171316,22.1076368,0.50387986,0.01419879,638.547887,8.14927294920359,6.08558401377421,7.33305079999012,7.07360806736143,7.52112512931701,8.1888114704665
