"","cue","cue_b","log","log_b","id","rho","burst","iota_N1","iota_N2","phi_N1","phi_N2","fitness_rho","fitness_beta","fitness_psin","fitness_psiw","fitness_phin","fitness_phiw"
"762","R","I","log10","log10",762,0.44818351,6.28620504,16.1499479,2.08689333,0.06237635,521.788416,6.75936623991723,6.26868322434255,9.74145464097812,4.95320563647441,5.91495706315196,9.8553138382398
