"","cue","cue_b","log","log_b","id","rho","burst","iota_N1","iota_N2","phi_N1","phi_N2","fitness_rho","fitness_beta","fitness_psin","fitness_psiw","fitness_phin","fitness_phiw"
"184","R","I","log10","log10",184,0.36789397,4.80657605,16.9411567,0.59433205,0.01505698,48.6682881,7.50428307726815,4.30556622862653,9.81690519571316,10.0633348082468,5.74909621248225,10.034337700154
