"","cue","log","id","rho","burst","iota_N1","iota_N2","phi_N1","phi_N2","fitness_rho","fitness_beta","fitness_psin","fitness_psiw","fitness_phin","fitness_phiw"
"2896","R","log10",2896,0.50593621,4.7168416,2.20902236,0.35858534,0.16258921,656.126277,7.41515612701037,5.91184096681145,7.24789102307669,6.52127262883286,3.36631738932566,8.18821766082075
