"","cue","cue_b","log","log_b","id","rho","burst","iota_N1","iota_N2","phi_N1","phi_N2","fitness_rho","fitness_beta","fitness_psin","fitness_psiw","fitness_phin","fitness_phiw"
"1462","R","I","log10","log10",1462,0.34433065,4.76774615,58.5756381,0.52848672,0.00321803,472.558715,7.90570543640945,4.19230451519134,4.70325938538494,9.98485177764954,4.93245833877812,9.85756716319509
