"","cue","cue_b","log","log_b","id","rho","burst","iota_N1","iota_N2","phi_N1","phi_N2","fitness_rho","fitness_beta","fitness_psin","fitness_psiw","fitness_phin","fitness_phiw"
"528","R","I","log10","log10",528,0.39387439,6.14224237,89.1484741,2.08418807,0.01371296,118.70014,7.19607427723884,6.82944685410046,4.13015218432581,4.95827081379287,5.6454529708496,9.92471894296199
