"","cue","log","id","rho","burst","iota_N1","iota_N2","phi_N1","phi_N2","fitness_rho","fitness_beta","fitness_psin","fitness_psiw","fitness_phin","fitness_phiw"
"4796","R","log10",4796,0.42852971,4.02307609,10.3761784,0.75634436,0.0849247,10099.8469,7.60826938602055,3.60654503962111,7.85760332165523,8.31395221245291,4.78194821757574,8.16773159854819
