"","cue","log","id","rho","burst","iota_N1","iota_N2","phi_N1","phi_N2","fitness_rho","fitness_beta","fitness_psin","fitness_psiw","fitness_phin","fitness_phiw"
"526","R","log10",526,0.35143919,4.71211241,41.8423434,0.51455092,0.00723522,98.7917808,7.91107778769006,5.90291197906111,4.75971138583905,7.11964039372863,7.30043653226009,8.29992897099071
