"","cue","cue_b","log","log_b","id","rho","burst","iota_N1","iota_N2","phi_N1","phi_N2","fitness_rho","fitness_beta","fitness_psin","fitness_psiw","fitness_phin","fitness_phiw"
"842","R","I","log10","log10",842,0.2297308,4.1492255,35.6322629,1.03009388,0.00790437,34.0428665,9.18029893254429,2.56796662931703,5.50172713708759,8.99743469508344,5.24165989062669,10.1006470252919
