"","cue","cue_b","log","log_b","id","rho","burst","iota_N1","iota_N2","phi_N1","phi_N2","fitness_rho","fitness_beta","fitness_psin","fitness_psiw","fitness_phin","fitness_phiw"
"1965","R","I","log10","log10",1965,0.28433171,3.91917591,7.9262815,0.61269989,0.05434638,1382.48522,9.61737073063271,2.04913897766583,5.87119551572601,10.0826527809922,6.29305691145661,9.84168626878142
