"","cue","log","id","rho","burst","iota_N1","iota_N2","phi_N1","phi_N2","fitness_rho","fitness_beta","fitness_psin","fitness_psiw","fitness_phin","fitness_phiw"
"992","R","log10",992,0.22779207,4.0170201,45.8563493,0.75063456,0.01335021,632.093977,7.80027618615426,3.57350678832921,4.50322904341261,8.30446833887977,7.48851443718747,8.1890391627445
