"","cue","log","id","rho","burst","iota_N1","iota_N2","phi_N1","phi_N2","fitness_rho","fitness_beta","fitness_psin","fitness_psiw","fitness_phin","fitness_phiw"
"2696","R","log10",2696,0.16359922,4.1228477,34.2476191,0.84965463,0.00898985,279.211158,6.0431487548085,4.11740152909206,5.41677089542843,8.17077108835418,7.34522568036028,8.21680054006663
