"","cue","cue_b","log","log_b","id","rho","burst","iota_N1","iota_N2","phi_N1","phi_N2","fitness_rho","fitness_beta","fitness_psin","fitness_psiw","fitness_phin","fitness_phiw"
"1984","R","I","log10","log10",1984,0.39379733,4.7046264,22.7207109,0.45236733,0.01498369,444.131109,7.19686244047386,4.01151040778749,6.77421252184178,9.90091850294614,5.74330334809541,9.85909086538161
