"","cue","cue_b","log","log_b","id","rho","burst","iota_N1","iota_N2","phi_N1","phi_N2","fitness_rho","fitness_beta","fitness_psin","fitness_psiw","fitness_phin","fitness_phiw"
"1896","R","I","log10","log10",1896,0.42595126,6.03579765,16.2134124,1.84678307,0.07370675,1925.76623,6.91532641151471,7.3517204602165,9.76770161272702,5.45835331130863,5.56075695183888,9.83932421007137
