"","cue","cue_b","log","log_b","id","rho","burst","iota_N1","iota_N2","phi_N1","phi_N2","fitness_rho","fitness_beta","fitness_psin","fitness_psiw","fitness_phin","fitness_phiw"
"2345","R","I","log10","log10",2345,0.20259185,4.64478266,20.4973949,2.17389968,0.139159,624.963739,8.37156559245087,3.84353317796721,7.46479188408913,4.79648717108337,4.56288755419868,9.85173136665468
