"","cue","log","id","rho","burst","iota_N1","iota_N2","phi_N1","phi_N2","fitness_rho","fitness_beta","fitness_psin","fitness_psiw","fitness_phin","fitness_phiw"
"2038","R","log10",2038,0.43580277,5.04493483,105.246092,0.43203411,0.0043975,212.256391,7.58577328543056,6.5099767851755,2.77586781175962,6.77755669218996,7.2446978866882,8.23199896158853
