"","cue","cue_b","log","log_b","id","rho","burst","iota_N1","iota_N2","phi_N1","phi_N2","fitness_rho","fitness_beta","fitness_psin","fitness_psiw","fitness_phin","fitness_phiw"
"3545","R","I","log10","log10",3545,0.15631704,4.77991116,10.0027885,2.21593332,0.1613822,78.5865051,7.41782470498981,4.22760668789977,6.27647513868886,4.72483592049155,4.36288900106042,9.96632974699799
