"","cue","log","id","rho","burst","iota_N1","iota_N2","phi_N1","phi_N2","fitness_rho","fitness_beta","fitness_psin","fitness_psiw","fitness_phin","fitness_phiw"
"1331","R","log10",1331,0.33186646,4.62802155,12.5881974,1.76733688,0.22719455,1473.46799,8.00208290615138,5.73737769709549,8.04673095719489,5.04222082446374,2.79405929357907,8.17613127738077
