"","cue","cue_b","log","log_b","id","rho","burst","iota_N1","iota_N2","phi_N1","phi_N2","fitness_rho","fitness_beta","fitness_psin","fitness_psiw","fitness_phin","fitness_phiw"
"248","R","I+Ig","log10","log10",248,0.26111773,3.98989712,12.133058,0.90392567,0.05039187,489.010902,9.77189280202825,2.73447547641843,9.56300475419946,9.56899247088806,8.54191253697832,9.77617775907738
