"","cue","cue_b","log","log_b","id","rho","burst","iota_N1","iota_N2","phi_N1","phi_N2","fitness_rho","fitness_beta","fitness_psin","fitness_psiw","fitness_phin","fitness_phiw"
"2928","R","I","log10","log10",2928,0.34245124,5.93809998,32.9005647,1.90745275,0.02814696,381.097244,7.9454212792387,8.04901274101233,5.65838721126139,5.31896158042322,7.34777377378248,9.86326287602828
