"","cue","cue_b","log","log_b","id","rho","burst","iota_N1","iota_N2","phi_N1","phi_N2","fitness_rho","fitness_beta","fitness_psin","fitness_psiw","fitness_phin","fitness_phiw"
"1689","R","I","log10","log10",1689,0.37045255,3.9452619,12.1627242,0.70442418,0.02598565,739.795058,7.46908860727981,2.1055113509739,6.84331320984671,10.1124235733048,6.91445757853078,9.84890059666737
