"","cue","cue_b","log","log_b","id","rho","burst","iota_N1","iota_N2","phi_N1","phi_N2","fitness_rho","fitness_beta","fitness_psin","fitness_psiw","fitness_phin","fitness_phiw"
"846","R","I","log10","log10",846,0.43662196,6.28895462,67.3175603,1.84758035,0.00951532,135.732499,6.83727934571935,6.259500971178,4.50641137178512,5.4564634301064,5.34900028006189,9.91398991379283
