"","cue","cue_b","log","log_b","id","rho","burst","iota_N1","iota_N2","phi_N1","phi_N2","fitness_rho","fitness_beta","fitness_psin","fitness_psiw","fitness_phin","fitness_phiw"
"2293","R","I","log10","log10",2293,0.35256225,5.62444815,4.60232336,0.94164076,0.13991501,1117.04892,7.74690164063092,9.01132094019683,5.35244250753756,9.48085661626644,4.55542111167933,9.84366628586453
