"","cue","log","id","rho","burst","iota_N1","iota_N2","phi_N1","phi_N2","fitness_rho","fitness_beta","fitness_psin","fitness_psiw","fitness_phin","fitness_phiw"
"1642","R","log10",1642,0.27705422,4.73643466,14.563613,0.47237532,0.02259525,642.570907,8.19785407025452,5.94850881625358,8.16287073042225,6.94067581508326,7.88567872820477,8.18867329385318
