"","cue","cue_b","log","log_b","id","rho","burst","iota_N1","iota_N2","phi_N1","phi_N2","fitness_rho","fitness_beta","fitness_psin","fitness_psiw","fitness_phin","fitness_phiw"
"3470","R","I","log10","log10",3470,0.28406979,4.07128541,154.29272,0.77280438,0.00438338,280.200088,9.62289508147895,2.38677075554071,3.4538542506963,10.0282113608132,5.00996457619034,9.87371368519933
