"","cue","log","id","rho","burst","iota_N1","iota_N2","phi_N1","phi_N2","fitness_rho","fitness_beta","fitness_psin","fitness_psiw","fitness_phin","fitness_phiw"
"2541","R","log10",2541,0.28416471,3.89326728,36.0549856,0.89536813,0.01980282,1325.21175,8.18625674637745,2.85834974709255,5.23463377527822,7.99210969881631,7.76140634171248,8.17722418915207
