"","cue","log","id","rho","burst","iota_N1","iota_N2","phi_N1","phi_N2","fitness_rho","fitness_beta","fitness_psin","fitness_psiw","fitness_phin","fitness_phiw"
"3942","R","log10",3942,0.33237815,6.12093624,8.78711011,2.15231886,0.0927549,55.2223431,7.99970172455834,5.90624290056682,7.70721323219911,4.48249146813025,4.53008911238253,8.38563906459748
