"","cue","log","id","rho","burst","iota_N1","iota_N2","phi_N1","phi_N2","fitness_rho","fitness_beta","fitness_psin","fitness_psiw","fitness_phin","fitness_phiw"
"4242","R","log10",4242,0.44063694,5.98201504,7.91634744,2.14896329,0.14391071,119.07812,7.57137636608174,6.75382384940687,7.62615651464573,4.48665872900767,3.58724698533997,8.27914936632194
