"","cue","log","id","rho","burst","iota_N1","iota_N2","phi_N1","phi_N2","fitness_rho","fitness_beta","fitness_psin","fitness_psiw","fitness_phin","fitness_phiw"
"2075","R","log10",2075,0.23511621,4.67415786,23.2494137,1.6604499,0.06585627,2370.28146,7.95748722285469,5.82991535731705,7.07091938716636,5.23949600191918,5.6926412447237,8.17242465794496
