"","cue","cue_b","log","log_b","id","rho","burst","iota_N1","iota_N2","phi_N1","phi_N2","fitness_rho","fitness_beta","fitness_psin","fitness_psiw","fitness_phin","fitness_phiw"
"3656","R","I","log10","log10",3656,0.29243025,4.05672404,104.368504,0.81155981,0.00485452,665.286399,9.41937050541845,2.35353309700976,3.9303312262515,9.9420536496355,5.04106635960392,9.85062611811589
