"","cue","cue_b","log","log_b","id","rho","burst","iota_N1","iota_N2","phi_N1","phi_N2","fitness_rho","fitness_beta","fitness_psin","fitness_psiw","fitness_phin","fitness_phiw"
"3863","R","I","log10","log10",3863,0.23210236,4.50745968,56.4535291,2.16479902,0.05604205,142.372579,9.25672182311349,3.4695138311973,4.75670488112603,4.81233834237068,6.19841905371972,9.91045768205842
