"","cue","log","id","rho","burst","iota_N1","iota_N2","phi_N1","phi_N2","fitness_rho","fitness_beta","fitness_psin","fitness_psiw","fitness_phin","fitness_phiw"
"1549","R","log10",1549,0.31749572,5.52482162,5.70926322,1.30743325,0.05627406,53.6268483,8.06768240734411,7.71966436155827,7.44132191418819,6.14998854617681,6.37204370227719,8.39079758081043
