"","cue","cue_b","log","log_b","id","rho","burst","iota_N1","iota_N2","phi_N1","phi_N2","fitness_rho","fitness_beta","fitness_psin","fitness_psiw","fitness_phin","fitness_phiw"
"4387","R","I","log10","log10",4387,0.34101592,5.59292207,12.1856396,0.87354531,0.02429398,315.209609,7.9767090855423,8.53801068844052,6.85093091856511,9.75567161221013,6.66353988219745,9.86935167913104
