"","cue","cue_b","log","log_b","id","rho","burst","iota_N1","iota_N2","phi_N1","phi_N2","fitness_rho","fitness_beta","fitness_psin","fitness_psiw","fitness_phin","fitness_phiw"
"2414","R","I","log10","log10",2414,0.29446074,4.06672677,18.4537233,0.95465466,0.05486176,242.217318,9.36229618096165,2.37634440921209,8.68532834406542,9.41882467242519,6.26317047936555,9.87982137294694
