"","cue","cue_b","log","log_b","id","rho","burst","iota_N1","iota_N2","phi_N1","phi_N2","fitness_rho","fitness_beta","fitness_psin","fitness_psiw","fitness_phin","fitness_phiw"
"3843","R","I","log10","log10",3843,0.39354913,3.99923222,8.01253268,0.69208973,0.05625806,4187.84178,7.19937610394038,2.2241760389939,5.88656105926303,10.1173573971428,6.18707449074256,9.83606532885575
