"","cue","log","id","rho","burst","iota_N1","iota_N2","phi_N1","phi_N2","fitness_rho","fitness_beta","fitness_psin","fitness_psiw","fitness_phin","fitness_phiw"
"2288","R","log10",2288,0.30150641,3.92019396,5.2673858,0.89437513,0.20607065,353.13362,8.1337311223802,3.0193896251136,7.40942316711555,7.99638791239937,2.95551936022972,8.20652179493642
