"","cue","cue_b","log","log_b","id","rho","burst","iota_N1","iota_N2","phi_N1","phi_N2","fitness_rho","fitness_beta","fitness_psin","fitness_psiw","fitness_phin","fitness_phiw"
"187","R","I","log10","log10",187,0.25784214,5.40866902,16.5628589,1.1894571,0.05559867,229.041363,9.83581975522777,6.67827943221685,9.85049775358911,7.97047817322913,6.22217744987193,9.88239372900314
