"","cue","cue_b","log","log_b","id","rho","burst","iota_N1","iota_N2","phi_N1","phi_N2","fitness_rho","fitness_beta","fitness_psin","fitness_psiw","fitness_phin","fitness_phiw"
"170","R","I","log10","log10",170,0.29033892,3.98621809,71.8696451,0.86632539,0.0101758,82.6181249,9.47525568091142,2.19531297093218,4.41617282354775,9.78034959918474,5.39370023708121,9.96051747716009
