"","cue","log","id","rho","burst","iota_N1","iota_N2","phi_N1","phi_N2","fitness_rho","fitness_beta","fitness_psin","fitness_psiw","fitness_phin","fitness_phiw"
"3845","R","log10",3845,0.20993451,4.81891507,22.2347886,1.91287888,0.09065433,1024.01794,7.2656675079517,6.09848401250437,7.30200297939306,4.80793629041574,4.59247546626813,8.18041372107093
