"","cue","log","id","rho","burst","iota_N1","iota_N2","phi_N1","phi_N2","fitness_rho","fitness_beta","fitness_psin","fitness_psiw","fitness_phin","fitness_phiw"
"3631","R","log10",3631,0.33389894,5.35947252,53.4846707,0.95737451,0.01551253,1195.33747,7.99261732419707,7.2345613247238,4.1246515864939,7.70248084456963,7.57410323015241,8.17840607551222
