"","cue","cue_b","log","log_b","id","rho","burst","iota_N1","iota_N2","phi_N1","phi_N2","fitness_rho","fitness_beta","fitness_psin","fitness_psiw","fitness_phin","fitness_phiw"
"3295","R","I","log10","log10",3295,0.35949576,5.55905478,59.337931,1.10490381,0.01457691,71.565997,7.62976001765697,8.07389266277113,4.68466155011704,8.51201790162815,5.71146103979517,9.9778255755076
