"","cue","log","id","rho","burst","iota_N1","iota_N2","phi_N1","phi_N2","fitness_rho","fitness_beta","fitness_psin","fitness_psiw","fitness_phin","fitness_phiw"
"4061","R","log10",4061,0.22207443,4.60365609,19.8953888,2.00504641,0.09457238,1483.61985,7.64315428532845,5.68646190051294,7.88169083517295,4.67525356246725,4.47880692418546,8.17606571925895
