"","cue","log","id","rho","burst","iota_N1","iota_N2","phi_N1","phi_N2","fitness_rho","fitness_beta","fitness_psin","fitness_psiw","fitness_phin","fitness_phiw"
"4035","R","log10",4035,0.23099153,3.87931256,17.3379109,0.77334199,0.03024845,5531.59531,7.87543552738845,2.77408095062143,8.17334615048413,8.32496291062282,8.15270702963264,8.16892200508468
