"","cue","cue_b","log","log_b","id","rho","burst","iota_N1","iota_N2","phi_N1","phi_N2","fitness_rho","fitness_beta","fitness_psin","fitness_psiw","fitness_phin","fitness_phiw"
"558","R","I","log10","log10",558,0.40748189,6.0721351,46.1299403,2.19625271,0.02615556,436.278795,7.06706812224744,7.14555440681139,5.06168285598424,4.75807593897057,6.94282860204575,9.85954609836099
