"","cue","cue_b","log","log_b","id","rho","burst","iota_N1","iota_N2","phi_N1","phi_N2","fitness_rho","fitness_beta","fitness_psin","fitness_psiw","fitness_phin","fitness_phiw"
"1476","R","I","log10","log10",1476,0.3488258,6.01924706,10.4130638,1.85717776,0.07721238,471.742415,7.81607196576867,7.45860336957121,6.36763654479833,5.43382307605125,5.47386753753318,9.85760884006883
