"","cue","log","id","rho","burst","iota_N1","iota_N2","phi_N1","phi_N2","fitness_rho","fitness_beta","fitness_psin","fitness_psiw","fitness_phin","fitness_phiw"
"4648","R","log10",4648,0.37736112,4.75521171,2.4417208,0.60609612,0.0440135,12.820554,7.79663581962316,5.98319611809312,7.25635770210152,7.55150644437372,7.62901869989241,8.44207232635861
