"","cue","cue_b","log","log_b","id","rho","burst","iota_N1","iota_N2","phi_N1","phi_N2","fitness_rho","fitness_beta","fitness_psin","fitness_psiw","fitness_phin","fitness_phiw"
"2228","R","I","log10","log10",2228,0.4235635,4.03268716,6.00575379,0.7610681,0.1440609,1127.85833,6.93366765739715,2.29907927795429,5.55682539701355,10.049193086268,4.51539720670018,9.84356800143978
