"","cue","log","id","rho","burst","iota_N1","iota_N2","phi_N1","phi_N2","fitness_rho","fitness_beta","fitness_psin","fitness_psiw","fitness_phin","fitness_phiw"
"361","R","log10",361,0.23221255,5.68263192,37.9481167,1.17840321,0.01277903,35.1645566,7.90145543095901,8.13678354372158,5.06309566702519,6.64214595221068,7.46735312600224,8.47091330281159
