"","cue","cue_b","log","log_b","id","rho","burst","iota_N1","iota_N2","phi_N1","phi_N2","fitness_rho","fitness_beta","fitness_psin","fitness_psiw","fitness_phin","fitness_phiw"
"2933","R","I","log10","log10",2933,0.25140173,4.55047418,11.9801747,1.98311308,0.18888233,1353.14531,9.76207373390834,3.58500743991292,6.78432038371168,5.15696179957679,4.16049350224654,9.84186768860799
