"","cue","log","id","rho","burst","iota_N1","iota_N2","phi_N1","phi_N2","fitness_rho","fitness_beta","fitness_psin","fitness_psiw","fitness_phin","fitness_phiw"
"265","R","log10",265,0.30426227,5.53679434,14.507244,1.17547162,0.0226823,3033.27008,8.12320175349974,7.75558153275856,8.16055537688218,6.65462700669385,7.88946663274867,8.17108443073019
