"","cue","log","id","rho","burst","iota_N1","iota_N2","phi_N1","phi_N2","fitness_rho","fitness_beta","fitness_psin","fitness_psiw","fitness_phin","fitness_phiw"
"2238","R","log10",2238,0.33544655,5.82812577,5.89599927,2.07539425,0.23359796,837.838501,7.98539955375152,7.98607701909047,7.45537984818637,4.58053086049681,2.74897934180433,8.18351623863293
