"","cue","cue_b","log","log_b","id","rho","burst","iota_N1","iota_N2","phi_N1","phi_N2","fitness_rho","fitness_beta","fitness_psin","fitness_psiw","fitness_phin","fitness_phiw"
"1137","R","I","log10","log10",1137,0.26108192,3.87310776,35.4570398,0.9488983,0.01359642,3336.5849,9.85144583201275,1.95115906081569,5.5110308539182,9.44664225557649,5.63672036438953,9.83677462477979
