"","cue","log","id","rho","burst","iota_N1","iota_N2","phi_N1","phi_N2","fitness_rho","fitness_beta","fitness_psin","fitness_psiw","fitness_phin","fitness_phiw"
"3926","R","log10",3926,0.27964906,4.00169231,4.90341587,0.87003664,0.09764296,954.41991,8.19449606353923,3.48894713597223,7.38466950491081,8.09624537570744,4.3973045615804,8.18143387187123
