"","cue","cue_b","log","log_b","id","rho","burst","iota_N1","iota_N2","phi_N1","phi_N2","fitness_rho","fitness_beta","fitness_psin","fitness_psiw","fitness_phin","fitness_phiw"
"4668","R","I","log10","log10",4668,0.41021259,6.01381513,10.8816108,1.94835972,0.08528093,344.091289,7.04309922271952,7.49522341841092,6.47888623034303,5.2298390873695,5.29948576685845,9.86639962869081
