"","cue","log","id","rho","burst","iota_N1","iota_N2","phi_N1","phi_N2","fitness_rho","fitness_beta","fitness_psin","fitness_psiw","fitness_phin","fitness_phiw"
"3564","R","log10",3564,0.43884769,6.32818242,7.29376495,1.85871945,0.16849166,8108.92281,7.57665514815064,5.20560150446591,7.5703809888404,4.89118373201762,3.30304533313708,8.16808445977454
