"","cue","log","id","rho","burst","iota_N1","iota_N2","phi_N1","phi_N2","fitness_rho","fitness_beta","fitness_psin","fitness_psiw","fitness_phin","fitness_phiw"
"243","R","log10",243,0.19333453,3.9963,5.96869106,0.84770264,0.05420273,900.746471,6.78046303169445,3.45888757445131,7.46094455307961,8.17738655030259,6.54499671931166,8.18232389036147
