"","cue","cue_b","log","log_b","id","rho","burst","iota_N1","iota_N2","phi_N1","phi_N2","fitness_rho","fitness_beta","fitness_psin","fitness_psiw","fitness_phin","fitness_phiw"
"643","R","I+Ig","log10","log10",643,0.28488761,5.46783336,8.42228504,1.1769005,0.06016719,453.974457,9.76241593162503,9.20913687421815,9.24490551894771,8.44046626865786,7.89447202167221,9.77803100987412
