"","cue","log","id","rho","burst","iota_N1","iota_N2","phi_N1","phi_N2","fitness_rho","fitness_beta","fitness_psin","fitness_psiw","fitness_phin","fitness_phiw"
"2517","R","log10",2517,0.25769356,3.89522443,10.6471155,0.93137483,0.04273241,311.661944,8.17749648072732,2.87013061524238,7.88269991725936,7.82832786836131,7.78435107668108,8.21170700358786
