"","cue","cue_b","log","log_b","id","rho","burst","iota_N1","iota_N2","phi_N1","phi_N2","fitness_rho","fitness_beta","fitness_psin","fitness_psiw","fitness_phin","fitness_phiw"
"3561","R","I","log10","log10",3561,0.40202108,3.96106141,7.48796191,0.74783733,0.1000564,50934.7454,7.11681330520854,2.13996671780641,5.79487248805558,10.0697402490803,5.04213137292763,9.83350854020413
