"","cue","cue_b","log","log_b","id","rho","burst","iota_N1","iota_N2","phi_N1","phi_N2","fitness_rho","fitness_beta","fitness_psin","fitness_psiw","fitness_phin","fitness_phiw"
"2269","R","I","log10","log10",2269,0.40473924,5.48695271,10.1598446,0.9248592,0.06429578,380.182903,7.09173548970994,7.29190026266099,6.31078231822157,9.55611841213889,5.84436418417762,9.86332841125512
