"","cue","log","id","rho","burst","iota_N1","iota_N2","phi_N1","phi_N2","fitness_rho","fitness_beta","fitness_psin","fitness_psiw","fitness_phin","fitness_phiw"
"3776","R","log10",3776,0.25791901,4.05029717,4.68522613,0.87547392,0.21236563,263.816044,8.17834653084266,3.75231440703758,7.37050851005598,8.07485831108531,2.90520162951319,8.21963887864352
