"","cue","log","id","rho","burst","iota_N1","iota_N2","phi_N1","phi_N2","fitness_rho","fitness_beta","fitness_psin","fitness_psiw","fitness_phin","fitness_phiw"
"3139","R","log10",3139,0.2399146,5.59720569,21.5491848,1.04018432,0.01382499,3617.89936,8.03310522402314,7.93127879393753,7.4748059836472,7.28723203700408,7.50659307638858,8.17031313616165
