"","cue","cue_b","log","log_b","id","rho","burst","iota_N1","iota_N2","phi_N1","phi_N2","fitness_rho","fitness_beta","fitness_psin","fitness_psiw","fitness_phin","fitness_phiw"
"692","R","I+Ig","log10","log10",692,0.28682967,3.94624219,94.4453307,0.67249977,0.00812395,367.4032,9.75919687404235,2.57690035929851,4.46336816231215,10.1384391451974,8.06894983624806,9.78408827043682
