"","cue","log","id","rho","burst","iota_N1","iota_N2","phi_N1","phi_N2","fitness_rho","fitness_beta","fitness_psin","fitness_psiw","fitness_phin","fitness_phiw"
"3029","R","log10",3029,0.16462953,4.59422685,21.4015728,2.20500658,0.09939338,344.814744,6.06500657430595,5.66632803632346,7.51338517095105,4.41829127535432,4.35345135131946,8.20746472038281
