"","cue","cue_b","log","log_b","id","rho","burst","iota_N1","iota_N2","phi_N1","phi_N2","fitness_rho","fitness_beta","fitness_psin","fitness_psiw","fitness_phin","fitness_phiw"
"2763","R","I","log10","log10",2763,0.26598822,3.96974069,50.638874,0.93474062,0.00573574,130.097432,9.84982503263075,2.15899356614796,4.91788601413766,9.51243511177823,5.09902863070473,9.91725046011471
