"","cue","cue_b","log","log_b","id","rho","burst","iota_N1","iota_N2","phi_N1","phi_N2","fitness_rho","fitness_beta","fitness_psin","fitness_psiw","fitness_phin","fitness_phiw"
"1582","R","I","log10","log10",1582,0.35355699,4.78377586,8.86442632,0.36552561,0.03374522,4982.25045,7.72923604118082,4.23885671344336,6.04472118165786,9.82135132552313,9.67016646698712,9.83562126729831
