"","cue","log","id","rho","burst","iota_N1","iota_N2","phi_N1","phi_N2","fitness_rho","fitness_beta","fitness_psin","fitness_psiw","fitness_phin","fitness_phiw"
"1774","R","log10",1774,0.40726187,4.76710191,5.70509902,0.45557137,0.05767405,2302.31741,7.68006363523262,6.00496278388751,7.44101022453865,6.87152620490139,6.26181544195654,8.17260319385772
