"","cue","cue_b","log","log_b","id","rho","burst","iota_N1","iota_N2","phi_N1","phi_N2","fitness_rho","fitness_beta","fitness_psin","fitness_psiw","fitness_phin","fitness_phiw"
"319","R","I","log10","log10",319,0.30063716,5.40021937,29.3595202,0.956282,0.02250802,125.338128,9.1744470562466,6.62233016810161,5.91150303620126,9.41083636497724,6.44398329982667,9.92021452899753
