"","cue","cue_b","log","log_b","id","rho","burst","iota_N1","iota_N2","phi_N1","phi_N2","fitness_rho","fitness_beta","fitness_psin","fitness_psiw","fitness_phin","fitness_phiw"
"4148","R","I","log10","log10",4148,0.25830927,4.15013077,14.1918114,0.75509034,0.02490306,156.646123,9.83893527505151,2.57010317404331,7.89766895569161,10.0588935938014,6.74806847059755,9.90382371121332
