"","cue","log","id","rho","burst","iota_N1","iota_N2","phi_N1","phi_N2","fitness_rho","fitness_beta","fitness_psin","fitness_psiw","fitness_phin","fitness_phiw"
"3240","R","log10",3240,0.42555415,6.14423215,81.3678791,2.05061341,0.00955026,117.287256,7.61776981816498,5.79223836858899,3.25936098054226,4.61331103509729,7.36115352532687,8.28072324435043
