"","cue","cue_b","log","log_b","id","rho","burst","iota_N1","iota_N2","phi_N1","phi_N2","fitness_rho","fitness_beta","fitness_psin","fitness_psiw","fitness_phin","fitness_phiw"
"4721","R","I","log10","log10",4721,0.1966837,4.49782567,15.5736731,2.03789273,0.27058717,136.840213,8.22219528289363,3.44385192854367,9.3439148374543,5.04694799132718,3.73203392760613,9.91337943050153
