"","cue","log","id","rho","burst","iota_N1","iota_N2","phi_N1","phi_N2","fitness_rho","fitness_beta","fitness_psin","fitness_psiw","fitness_phin","fitness_phiw"
"469","R","log10",469,0.23997653,5.56461807,9.26231264,1.24464208,0.02952114,289.550197,8.03395232631375,7.83802260049883,7.75228210394411,6.37580667488514,8.13567837758917,8.2150579889556
