"","cue","cue_b","log","log_b","id","rho","burst","iota_N1","iota_N2","phi_N1","phi_N2","fitness_rho","fitness_beta","fitness_psin","fitness_psiw","fitness_phin","fitness_phiw"
"2888","R","I","log10","log10",2888,0.27062692,3.9345944,482.761758,0.90050207,0.0018524,17276.1874,9.82276803163727,2.08237534788154,2.02418565876132,9.65632110497487,4.83998958062439,9.83395634620028
