"","cue","cue_b","log","log_b","id","rho","burst","iota_N1","iota_N2","phi_N1","phi_N2","fitness_rho","fitness_beta","fitness_psin","fitness_psiw","fitness_phin","fitness_phiw"
"4253","R","I","log10","log10",4253,0.19345682,4.74200779,36.6385056,2.24507032,0.06037858,1020.55689,8.14464621235591,4.11810030179846,5.44999460482251,4.67658765798235,5.9949097470346,9.84463935774939
