"","cue","cue_b","log","log_b","id","rho","burst","iota_N1","iota_N2","phi_N1","phi_N2","fitness_rho","fitness_beta","fitness_psin","fitness_psiw","fitness_phin","fitness_phiw"
"1911","R","I","log10","log10",1911,0.45279558,3.87277301,9.59716857,0.65642533,0.08038828,523.250389,6.73003157068273,1.95045209243126,6.19079205579744,10.1143933733585,5.40144392782857,9.85525463749514
