"","cue","cue_b","log","log_b","id","rho","burst","iota_N1","iota_N2","phi_N1","phi_N2","fitness_rho","fitness_beta","fitness_psin","fitness_psiw","fitness_phin","fitness_phiw"
"343","R","I+Ig","log10","log10",343,0.31524001,5.39226668,20.091015,1.06323316,0.05537749,3611.60495,9.6910680168375,8.98057180781166,9.24937541145307,8.92727451273814,8.19120805236008,9.75506978026591
