"","cue","cue_b","log","log_b","id","rho","burst","iota_N1","iota_N2","phi_N1","phi_N2","fitness_rho","fitness_beta","fitness_psin","fitness_psiw","fitness_phin","fitness_phiw"
"4233","R","I","log10","log10",4233,0.33865361,4.03899348,57.9807659,0.87501964,0.01613353,1268.64975,8.03008484741827,2.31331768418098,4.71798427935078,9.75053609735089,5.83618928549065,9.84243373226567
