"","cue","log","id","rho","burst","iota_N1","iota_N2","phi_N1","phi_N2","fitness_rho","fitness_beta","fitness_psin","fitness_psiw","fitness_phin","fitness_phiw"
"3009","R","log10",3009,0.26681076,4.05000361,8.93734463,0.77633384,0.0280877,952.717459,8.19880975827964,3.75076586342096,7.72142765077183,8.32453763129569,8.09567568485497,8.18146051239739
