"","cue","cue_b","log","log_b","id","rho","burst","iota_N1","iota_N2","phi_N1","phi_N2","fitness_rho","fitness_beta","fitness_psin","fitness_psiw","fitness_phin","fitness_phiw"
"1645","R","I","log10","log10",1645,0.29680209,5.47955581,22.4002748,1.12783635,0.02331924,1602.0735,9.29336579525762,7.22515986902436,6.84890533273043,8.361248184063,6.53914749523574,9.8405393352633
