"","cue","log","id","rho","burst","iota_N1","iota_N2","phi_N1","phi_N2","fitness_rho","fitness_beta","fitness_psin","fitness_psiw","fitness_phin","fitness_phiw"
"4133","R","log10",4133,0.22530062,4.54210079,266.625736,2.39751042,0.01119444,72.4174005,7.73506731936782,5.55012803245666,1.2711769723039,4.20074401258501,7.41225989497075,8.34163609907676
