"","cue","log","id","rho","burst","iota_N1","iota_N2","phi_N1","phi_N2","fitness_rho","fitness_beta","fitness_psin","fitness_psiw","fitness_phin","fitness_phiw"
"929","R","log10",929,0.25647877,4.52205024,22.2908676,1.93465509,0.10287004,604.20436,8.17259036107171,5.50296721653874,7.28846174986807,4.77562420270432,4.271305254793,8.19007315336848
