"","cue","cue_b","log","log_b","id","rho","burst","iota_N1","iota_N2","phi_N1","phi_N2","fitness_rho","fitness_beta","fitness_psin","fitness_psiw","fitness_phin","fitness_phiw"
"1333","R","I","log10","log10",1333,0.28685331,5.37569003,11.7295282,0.96747513,0.0342612,8876.84587,9.56122361054371,6.46867763864275,6.70771321958296,9.35451764518575,9.78121965310855,9.83459263196347
