"","cue","log","id","rho","burst","iota_N1","iota_N2","phi_N1","phi_N2","fitness_rho","fitness_beta","fitness_psin","fitness_psiw","fitness_phin","fitness_phiw"
"2315","R","log10",2315,0.20947171,4.83273446,16.5816518,1.85800984,0.08712982,25022.4822,7.25138941059564,6.12317841766214,8.19405721620107,4.8923037459755,4.70545112598504,8.16687050711745
