"","cue","log","id","rho","burst","iota_N1","iota_N2","phi_N1","phi_N2","fitness_rho","fitness_beta","fitness_psin","fitness_psiw","fitness_phin","fitness_phiw"
"4944","R","log10",4944,0.33272458,6.15672088,26.2044491,1.94083086,0.03793609,5092.15783,7.99808917218294,5.73487112264983,6.50470798185208,4.76657272788775,8.13432105260534,8.16914796312543
