"","cue","cue_b","log","log_b","id","rho","burst","iota_N1","iota_N2","phi_N1","phi_N2","fitness_rho","fitness_beta","fitness_psin","fitness_psiw","fitness_phin","fitness_phiw"
"4602","R","I","log10","log10",4602,0.42172823,6.06617993,33.271763,2.22555721,0.04406139,342.798876,6.94802045660852,7.17666206716159,5.6354937346958,4.70877289068697,7.330447017289,9.86652294291036
