"","cue","log","id","rho","burst","iota_N1","iota_N2","phi_N1","phi_N2","fitness_rho","fitness_beta","fitness_psin","fitness_psiw","fitness_phin","fitness_phiw"
"3475","R","log10",3475,0.30421354,5.51449109,197.219701,1.04427404,0.00321579,685.917707,8.12339425976532,7.68855893241866,1.70192321846294,7.26681896194167,7.2276132367088,8.18727782767661
