"","cue","cue_b","log","log_b","id","rho","burst","iota_N1","iota_N2","phi_N1","phi_N2","fitness_rho","fitness_beta","fitness_psin","fitness_psiw","fitness_phin","fitness_phiw"
"818","R","I+Ig","log10","log10",818,0.22842138,4.03113458,9.96422749,0.76976204,0.05213495,128.088203,9.63560217716834,2.88989855581983,9.41696979670143,9.9734221703957,8.41105435402759,9.84058860470314
