"","cue","log","id","rho","burst","iota_N1","iota_N2","phi_N1","phi_N2","fitness_rho","fitness_beta","fitness_psin","fitness_psiw","fitness_phin","fitness_phiw"
"4982","R","log10",4982,0.33091603,4.0478118,6.44062537,0.89897272,0.11698833,311.88841,8.0065015229025,3.73919521016212,7.49824961283278,7.97644237588567,3.98919949265071,8.21167479142672
