"","cue","log","id","rho","burst","iota_N1","iota_N2","phi_N1","phi_N2","fitness_rho","fitness_beta","fitness_psin","fitness_psiw","fitness_phin","fitness_phiw"
"2193","R","log10",2193,0.24425412,4.00714416,47.6897619,0.80933776,0.00712993,595.862104,8.08554085875388,3.51917594597813,4.40126651822371,8.28372448094206,7.2979987686517,8.19040023365119
