"","cue","cue_b","log","log_b","id","rho","burst","iota_N1","iota_N2","phi_N1","phi_N2","fitness_rho","fitness_beta","fitness_psin","fitness_psiw","fitness_phin","fitness_phiw"
"4587","R","I","log10","log10",4587,0.42212381,3.90487093,8.56761174,0.67606815,0.09999398,102.18006,6.94490301751793,2.01849148335563,5.98826784813865,10.1190652249134,5.04310612712113,9.93824524310943
