"","cue","log","id","rho","burst","iota_N1","iota_N2","phi_N1","phi_N2","fitness_rho","fitness_beta","fitness_psin","fitness_psiw","fitness_phin","fitness_phiw"
"3085","R","log10",3085,0.25413106,5.49647504,77.2864355,1.25500541,0.00931611,3565.3998,8.16146377641106,7.63420542799189,3.35884410640388,6.33679301818116,7.35440643332597,8.17037163698922
