"","cue","log","id","rho","burst","iota_N1","iota_N2","phi_N1","phi_N2","fitness_rho","fitness_beta","fitness_psin","fitness_psiw","fitness_phin","fitness_phiw"
"891","R","log10",891,0.26358514,3.95350812,16.669901,0.84875227,0.02118635,383.445012,8.19410024930885,3.21500525619906,8.19271978890011,8.17384307635081,7.82346063425922,8.20342157696476
