"","cue","log","id","rho","burst","iota_N1","iota_N2","phi_N1","phi_N2","fitness_rho","fitness_beta","fitness_psin","fitness_psiw","fitness_phin","fitness_phiw"
"4590","R","log10",4590,0.35410081,6.26293065,10.197166,2.22264723,0.1317781,59.1634908,7.89888677710899,5.35607457988721,7.84085861367417,4.39728585254959,3.75266343036044,8.37379753326695
