"","cue","log","id","rho","burst","iota_N1","iota_N2","phi_N1","phi_N2","fitness_rho","fitness_beta","fitness_psin","fitness_psiw","fitness_phin","fitness_phiw"
"2439","R","log10",2439,0.3275589,3.91221964,13.3948419,0.84387317,0.0367739,3474.69945,8.02204715702101,2.97193916261296,8.10213065594213,8.19007824711109,8.16814647111655,8.17047739148455
