"","cue","cue_b","log","log_b","id","rho","burst","iota_N1","iota_N2","phi_N1","phi_N2","fitness_rho","fitness_beta","fitness_psin","fitness_psiw","fitness_phin","fitness_phiw"
"213","R","I","log10","log10",213,0.30229282,3.89069705,58.671098,0.77897378,0.01193299,554.773667,9.12124957303503,1.98832382210212,4.70091343226379,10.016199454938,5.51563605547819,9.85402550185348
