"","cue","cue_b","log","log_b","id","rho","burst","iota_N1","iota_N2","phi_N1","phi_N2","fitness_rho","fitness_beta","fitness_psin","fitness_psiw","fitness_phin","fitness_phiw"
"3422","R","I","log10","log10",3422,0.27276787,4.1177388,9.42369595,0.84903608,0.05490137,90.5307493,9.80257780748376,2.49410962022862,6.15526706166533,9.83624512382747,6.26091583573182,9.95046281304803
