"","cue","log","id","rho","burst","iota_N1","iota_N2","phi_N1","phi_N2","fitness_rho","fitness_beta","fitness_psin","fitness_psiw","fitness_phin","fitness_phiw"
"1185","R","log10",1185,0.43674264,4.00461169,153.896098,0.71633782,0.00638972,145.627375,7.58293963832257,3.5051556266962,2.10436282711977,8.17690321258512,7.28165688600517,8.26002140705361
