"","cue","cue_b","log","log_b","id","rho","burst","iota_N1","iota_N2","phi_N1","phi_N2","fitness_rho","fitness_beta","fitness_psin","fitness_psiw","fitness_phin","fitness_phiw"
"2915","R","I","log10","log10",2915,0.23805773,4.58116062,40.664297,2.58775718,0.06607109,1810.56566,9.4429226052828,3.66832040712541,5.26688249471765,4.18153059883879,5.78369509808665,9.83970774894702
