"","cue","log","id","rho","burst","iota_N1","iota_N2","phi_N1","phi_N2","fitness_rho","fitness_beta","fitness_psin","fitness_psiw","fitness_phin","fitness_phiw"
"1498","R","log10",1498,0.38335796,4.68692412,1.06547535,0.41313879,0.6097558,869.364999,7.77180846589955,5.85474745084362,7.21555736207736,6.70552823701851,1.44155427787962,8.18289806524726
