"","cue","log","id","rho","burst","iota_N1","iota_N2","phi_N1","phi_N2","fitness_rho","fitness_beta","fitness_psin","fitness_psiw","fitness_phin","fitness_phiw"
"1948","R","none",1948,0.44713754,4.7196338,11.8836022,0.51074036,0.02813135,1150.53948,7.6945145274795,5.93555333596042,8.0834813546017,7.54124145110153,8.17437140999138,8.23269117679495
