"","cue","cue_b","log","log_b","id","rho","burst","iota_N1","iota_N2","phi_N1","phi_N2","fitness_rho","fitness_beta","fitness_psin","fitness_psiw","fitness_phin","fitness_phiw"
"337","R","I","none","log10",337,0.3801956,5.53294369,15.9164469,0.96083232,0.03650642,348.448862,8.33926234838027,9.49898440922193,9.30582950464425,9.20538025358348,9.56930112022568,9.79691474569199
