"","cue","log","id","rho","burst","iota_N1","iota_N2","phi_N1","phi_N2","fitness_rho","fitness_beta","fitness_psin","fitness_psiw","fitness_phin","fitness_phiw"
"2920","R","none",2920,0.32508414,4.66080263,34.0927034,0.56380333,0.00836582,175.939898,8.13438143049051,5.81479460927005,5.86284690437049,7.74442462041369,7.40303498617018,8.30042263431282
