"","cue","log","id","rho","burst","iota_N1","iota_N2","phi_N1","phi_N2","fitness_rho","fitness_beta","fitness_psin","fitness_psiw","fitness_phin","fitness_phiw"
"266","R","none",266,0.31153083,4.05428814,10.0649356,0.78237743,0.03204791,301.262965,8.18185708148535,3.85344675878702,7.93536135443321,8.40218532731889,8.24285801668312,8.26788963418702
