"","cue","log","id","rho","burst","iota_N1","iota_N2","phi_N1","phi_N2","fitness_rho","fitness_beta","fitness_psin","fitness_psiw","fitness_phin","fitness_phiw"
"1404","R","none",1404,0.42929265,6.10147231,64.6768118,1.67961423,0.01346616,40610.7097,7.74795003291608,6.48520697486171,3.98821161860018,5.24492527993818,7.595503745778,8.22021055408833
