"","cue","log","id","rho","burst","iota_N1","iota_N2","phi_N1","phi_N2","fitness_rho","fitness_beta","fitness_psin","fitness_psiw","fitness_phin","fitness_phiw"
"3108","R","none",3108,0.32845828,6.08742846,22.1191125,2.42159752,0.06159654,266.606437,8.12177201304642,6.55790084181404,7.63756942242522,4.17273117862581,6.37828883614017,8.27393043128229
