"","cue","log","id","rho","burst","iota_N1","iota_N2","phi_N1","phi_N2","fitness_rho","fitness_beta","fitness_psin","fitness_psiw","fitness_phin","fitness_phiw"
"2504","R","none",2504,0.231471,4.08458508,15.1423998,0.97793728,0.03540678,1308.8372,8.03859088316706,4.0007113242728,8.24160665093329,7.67632574101968,8.24483568656502,8.2311492123748
