"","cue","log","id","rho","burst","iota_N1","iota_N2","phi_N1","phi_N2","fitness_rho","fitness_beta","fitness_psin","fitness_psiw","fitness_phin","fitness_phiw"
"1639","R","none",1639,0.23703029,5.40383871,16.6726614,1.17013143,0.03192945,409.693007,8.1042730891362,7.48023726661698,8.24676009760912,6.77665241723211,8.24174550185943,8.25544204072159
