"","cue","log","id","rho","burst","iota_N1","iota_N2","phi_N1","phi_N2","fitness_rho","fitness_beta","fitness_psin","fitness_psiw","fitness_phin","fitness_phiw"
"451","R","none",451,0.24849853,5.74053865,12.4125166,1.18868981,0.02975201,244.04332,8.19462328503601,8.26095239044283,8.12007063995075,6.69759225466299,8.21024427304346,8.27874999717336
