"","cue","log","id","rho","burst","iota_N1","iota_N2","phi_N1","phi_N2","fitness_rho","fitness_beta","fitness_psin","fitness_psiw","fitness_phin","fitness_phiw"
"3076","R","none",3076,0.30103065,4.80175875,2.45998782,0.56982043,0.13650948,308.62063,8.21346877190096,6.0988410066089,7.30850224755908,7.76861570046951,3.90624986733938,8.26677433124726
