"","cue","cue_b","log","log_b","id","rho","burst","iota_N1","iota_N2","phi_N1","phi_N2","fitness_rho","fitness_beta","fitness_psin","fitness_psiw","fitness_phin","fitness_phiw"
"867","R","I","none","log10",867,0.38369969,3.96726987,12.6209656,0.79243808,0.03609334,11998.9081,8.3744589235467,5.02009694553444,8.48159019183874,9.77540240587131,9.66965299893562,9.75959981382701
