"","cue","log","id","rho","burst","iota_N1","iota_N2","phi_N1","phi_N2","fitness_rho","fitness_beta","fitness_psin","fitness_psiw","fitness_phin","fitness_phiw"
"3887","R","none",3887,0.1993323,4.61260531,45.6361455,1.78384156,0.04213476,471.156792,7.3344751079199,5.71197250897123,4.92249895074261,5.04609396773498,8.01306147370774,8.25088515791412
