"","cue","log","id","rho","burst","iota_N1","iota_N2","phi_N1","phi_N2","fitness_rho","fitness_beta","fitness_psin","fitness_psiw","fitness_phin","fitness_phiw"
"4240","R","none",4240,0.30850773,4.77582319,11.5110722,0.68739124,0.01009316,17.3307855,8.19152590524003,6.04768892006817,8.05571367189945,8.30787470939184,7.46295659851631,8.69299745441571
