"","cue","log","id","rho","burst","iota_N1","iota_N2","phi_N1","phi_N2","fitness_rho","fitness_beta","fitness_psin","fitness_psiw","fitness_phin","fitness_phiw"
"2031","R","none",2031,0.31160113,3.9858792,7.97233677,0.77984804,0.05012191,2583.59441,8.18162945126236,3.49962280646074,7.74162338315812,8.40615745674129,7.26219191120684,8.2255907898868
