"","cue","log","id","rho","burst","iota_N1","iota_N2","phi_N1","phi_N2","fitness_rho","fitness_beta","fitness_psin","fitness_psiw","fitness_phin","fitness_phiw"
"3329","R","none",3329,0.19749262,4.65896236,73.4469852,2.28076971,0.03343102,861.450424,7.28635091512816,5.81094227558973,3.68777555978861,4.33171696271629,8.25084983138409,8.23696482186143
