"","cue","cue_b","log","log_b","id","rho","burst","iota_N1","iota_N2","phi_N1","phi_N2","fitness_rho","fitness_beta","fitness_psin","fitness_psiw","fitness_phin","fitness_phiw"
"851","R","I+Ig","none","log10",851,0.22034442,4.82470684,12.4717861,1.92146948,0.16149621,1012.48855,8.61470126979228,3.43596828017913,5.82454153323002,5.10981418092893,2.36693664485403,9.76983293470027
