"","cue","log","id","rho","burst","iota_N1","iota_N2","phi_N1","phi_N2","fitness_rho","fitness_beta","fitness_psin","fitness_psiw","fitness_phin","fitness_phiw"
"2155","R","none",2155,0.32446988,5.86891473,33.3351084,0.84429795,0.01421936,103.453,8.13665016274771,7.96147317838957,5.94235728810623,8.24273307693145,7.62730369581958,8.35210538476606
