"","cue","log","id","rho","burst","iota_N1","iota_N2","phi_N1","phi_N2","fitness_rho","fitness_beta","fitness_psin","fitness_psiw","fitness_phin","fitness_phiw"
"3040","R","none",3040,0.37752257,4.82405358,3.11386522,0.45623664,0.05683437,642.519309,7.92931907205344,6.1426699684853,7.34601600050655,7.35532747812179,6.70443593259185,8.24271776191298
