"","cue","log","id","rho","burst","iota_N1","iota_N2","phi_N1","phi_N2","fitness_rho","fitness_beta","fitness_psin","fitness_psiw","fitness_phin","fitness_phiw"
"1720","R","none",1720,0.40045869,4.81126019,5.39998337,0.47022964,0.09301243,1416.13111,7.84437165526314,6.11752732191754,7.51110641592362,7.40110400412085,4.9318949941811,8.23029802523163
