"","cue","log","id","rho","burst","iota_N1","iota_N2","phi_N1","phi_N2","fitness_rho","fitness_beta","fitness_psin","fitness_psiw","fitness_phin","fitness_phiw"
"3657","R","none",3657,0.46040958,4.19126341,170.692972,0.87439175,0.00377898,307.602487,7.65781291867185,4.47060664774116,1.99622317818678,8.13380057621087,7.27633851857774,8.26692555255207
