"","cue","log","id","rho","burst","iota_N1","iota_N2","phi_N1","phi_N2","fitness_rho","fitness_beta","fitness_psin","fitness_psiw","fitness_phin","fitness_phiw"
"2231","R","none",2231,0.23204814,4.66691904,11.1256314,1.89930811,0.18342551,12373.0028,8.04618606424911,5.82756427073546,8.02542449985781,4.85098007588931,3.28073180410309,8.2210463026669
