"","cue","cue_b","log","log_b","id","rho","burst","iota_N1","iota_N2","phi_N1","phi_N2","fitness_rho","fitness_beta","fitness_psin","fitness_psiw","fitness_phin","fitness_phiw"
"164","R","I+Ig","none","log10",164,0.2584574,4.01927216,16.9078677,0.96975481,0.03702692,180.023116,9.7600626519774,1.43316209767556,9.7256571682462,8.85070724778201,9.1622470770647,9.82689093763691
