"","cue","log","id","rho","burst","iota_N1","iota_N2","phi_N1","phi_N2","fitness_rho","fitness_beta","fitness_psin","fitness_psiw","fitness_phin","fitness_phiw"
"2557","R","none",2557,0.36471995,5.58278116,22.7520675,1.01703935,0.04139355,588.713683,7.97917586235063,7.97743443417746,7.50252886228887,7.48817510241682,8.05920696122639,8.24477845748513
