"","cue","log","id","rho","burst","iota_N1","iota_N2","phi_N1","phi_N2","fitness_rho","fitness_beta","fitness_psin","fitness_psiw","fitness_phin","fitness_phiw"
"2890","R","none",2890,0.39793283,4.89528218,420.91821,0.43006674,0.00085231,14152.4396,7.85339711670499,6.28288647747203,0.774622568782446,7.27194565537247,7.22237448835633,8.22089640473802
