"","cue","log","id","rho","burst","iota_N1","iota_N2","phi_N1","phi_N2","fitness_rho","fitness_beta","fitness_psin","fitness_psiw","fitness_phin","fitness_phiw"
"821","R","none",821,0.25513376,4.63586654,16.2098202,1.64914229,0.13116881,294.783174,8.22550137815407,5.76211218863941,8.25089220220107,5.30796881754289,3.99964504110748,8.26891297032821
