"","cue","log","id","rho","burst","iota_N1","iota_N2","phi_N1","phi_N2","fitness_rho","fitness_beta","fitness_psin","fitness_psiw","fitness_phin","fitness_phiw"
"1311","R","none",1311,0.39600804,3.93457813,9.67844555,0.77624671,0.04103145,77.880558,7.86033126564831,3.21676214012244,7.90065109225498,8.41137577898242,8.07958300868027,8.39054864601463
