"","cue","log","id","rho","burst","iota_N1","iota_N2","phi_N1","phi_N2","fitness_rho","fitness_beta","fitness_psin","fitness_psiw","fitness_phin","fitness_phiw"
"2324","R","none",2324,0.37069406,3.99643385,31.2566113,0.82576034,0.03107794,194.85728,7.95574531287866,3.55604934742199,6.174385293861,8.30109159830146,8.23186658485807,8.2929544352892
