"","cue","log","id","rho","burst","iota_N1","iota_N2","phi_N1","phi_N2","fitness_rho","fitness_beta","fitness_psin","fitness_psiw","fitness_phin","fitness_phiw"
"2410","R","none",2410,0.34466449,4.86759324,4.3839152,0.46889722,0.03576618,3007.92681,8.05879696852795,6.22823841109572,7.43168518937006,7.39669512700129,8.24130834408019,8.22478097545103
