"","cue","log","id","rho","burst","iota_N1","iota_N2","phi_N1","phi_N2","fitness_rho","fitness_beta","fitness_psin","fitness_psiw","fitness_phin","fitness_phiw"
"1410","R","none",1410,0.39726717,6.02606767,4.0086485,2.16826524,0.34739754,28322.9114,7.85579162445485,6.89540599018928,7.40469774268754,4.46942116371742,2.18125158462735,8.22036945459277
