"","cue","log","id","rho","burst","iota_N1","iota_N2","phi_N1","phi_N2","fitness_rho","fitness_beta","fitness_psin","fitness_psiw","fitness_phin","fitness_phiw"
"1207","R","none",1207,0.23790133,5.4367907,10.2598803,1.20820165,0.0707215,130.216931,8.1131188935036,7.57351549769581,7.95254301763376,6.6166147308827,5.85585473079656,8.32680786645414
