"","cue","log","id","rho","burst","iota_N1","iota_N2","phi_N1","phi_N2","fitness_rho","fitness_beta","fitness_psin","fitness_psiw","fitness_phin","fitness_phiw"
"4816","R","none",4816,0.4416507,4.70574182,21.2030699,0.50317695,0.01666691,504.207317,7.71043889702602,5.90741409184288,7.82305921743469,7.51406117829533,7.73401468836448,8.24888613882326
