"","cue","cue_b","log","log_b","id","rho","burst","iota_N1","iota_N2","phi_N1","phi_N2","fitness_rho","fitness_beta","fitness_psin","fitness_psiw","fitness_phin","fitness_phiw"
"81","R","I+Ig","none","log10",81,0.46346928,3.87699145,10.166611,0.80320266,0.08695385,71.973707,5.36230370619474,1.22220053313519,5.18249535386522,9.82013379229045,3.43435693861993,9.89195720598011
