"","cue","log","id","rho","burst","iota_N1","iota_N2","phi_N1","phi_N2","fitness_rho","fitness_beta","fitness_psin","fitness_psiw","fitness_phin","fitness_phiw"
"3422","R","none",3422,0.27276787,4.1177388,9.42369595,0.84903608,0.05490137,90.5307493,8.25616744631414,4.15490474810268,7.87737389940337,8.22665935608162,6.85157589339902,8.36911247103117
