"","cue","log","id","rho","burst","iota_N1","iota_N2","phi_N1","phi_N2","fitness_rho","fitness_beta","fitness_psin","fitness_psiw","fitness_phin","fitness_phiw"
"4878","R","none",4878,0.35535057,6.28273746,7.62140894,1.83484479,0.08813276,372.985178,8.016312407831,5.7122744860851,7.70871425317898,4.95701756902442,5.10082407131154,8.25886541133695
