"","cue","log","id","rho","burst","iota_N1","iota_N2","phi_N1","phi_N2","fitness_rho","fitness_beta","fitness_psin","fitness_psiw","fitness_phin","fitness_phiw"
"4730","R","none",4730,0.27263699,3.9313685,26.4357962,0.73113148,0.0282467,3864.99918,8.25615156496924,3.1986259142087,6.8252215846774,8.42304667236817,8.17724212917026,8.22368950452785
