"","cue","log","id","rho","burst","iota_N1","iota_N2","phi_N1","phi_N2","fitness_rho","fitness_beta","fitness_psin","fitness_psiw","fitness_phin","fitness_phiw"
"3285","R","none",3285,0.43344843,3.93977179,26.923272,0.80811478,0.03339545,282.954623,7.73507876431114,3.24600603297538,6.74964891990879,8.34897363146672,8.25076447824885,8.27090292280857
