"","cue","log","id","rho","burst","iota_N1","iota_N2","phi_N1","phi_N2","fitness_rho","fitness_beta","fitness_psin","fitness_psiw","fitness_phin","fitness_phiw"
"3362","R","none",3362,0.36994167,3.9913721,9.50257449,0.90883927,0.09456536,2086.8257,7.95868237000732,3.52906852483355,7.8846101506536,7.99257787080433,4.88115334399823,8.22695201082202
