"","cue","cue_b","log","log_b","id","rho","burst","iota_N1","iota_N2","phi_N1","phi_N2","fitness_rho","fitness_beta","fitness_psin","fitness_psiw","fitness_phin","fitness_phiw"
"322","R","I","none","log10",322,0.31825989,4.71444823,42.5743032,0.46915752,0.00672132,125.037012,8.02931904329692,7.58735726192314,4.89459232988568,8.11295643078715,8.80255011206189,9.84675394044624
