"","cue","log","id","rho","burst","iota_N1","iota_N2","phi_N1","phi_N2","fitness_rho","fitness_beta","fitness_psin","fitness_psiw","fitness_phin","fitness_phiw"
"3490","R","none",3490,0.29408716,4.7638622,14.7794458,0.69540838,0.02408006,16.7735908,8.23077049197273,6.02399441681948,8.23300317701781,8.33908797309823,8.04697191653283,8.69613649020407
