"","cue","cue_b","log","log_b","id","rho","burst","iota_N1","iota_N2","phi_N1","phi_N2","fitness_rho","fitness_beta","fitness_psin","fitness_psiw","fitness_phin","fitness_phiw"
"342","R","I+Ig","none","log10",342,0.42028052,6.12879792,12.6959542,1.58256337,0.05517182,300.320543,5.67609651670426,6.1743059110825,5.89975500303083,5.91532709328212,5.03720755278433,9.80104187923526
