"","cue","log","id","rho","burst","iota_N1","iota_N2","phi_N1","phi_N2","fitness_rho","fitness_beta","fitness_psin","fitness_psiw","fitness_phin","fitness_phiw"
"1310","R","none",1310,0.47580108,3.82894341,18.7656237,0.68026835,0.09978419,317.115712,7.61836039850119,2.59966911851403,8.15149352884679,8.2770491440399,4.72043505567781,8.26555024257503
