"","cue","log","id","rho","burst","iota_N1","iota_N2","phi_N1","phi_N2","fitness_rho","fitness_beta","fitness_psin","fitness_psiw","fitness_phin","fitness_phiw"
"3055","R","none",3055,0.34368493,5.80973338,8.97943296,0.94345808,0.03951445,1219.05104,8.06267234963949,8.21150815221792,7.83621282132156,7.83810532273502,8.15042901018604,8.23197733174003
