"","cue","log","id","rho","burst","iota_N1","iota_N2","phi_N1","phi_N2","fitness_rho","fitness_beta","fitness_psin","fitness_psiw","fitness_phin","fitness_phiw"
"3622","R","none",3622,0.43133848,4.91744737,11.2556471,0.45192943,0.01791611,429.535029,7.74158114912646,6.32689816144115,8.03580879490066,7.34142661194476,7.78944140180848,8.25383102828306
