"","cue","log","id","rho","burst","iota_N1","iota_N2","phi_N1","phi_N2","fitness_rho","fitness_beta","fitness_psin","fitness_psiw","fitness_phin","fitness_phiw"
"2791","R","none",2791,0.2889239,5.58163383,98.9907551,1.21526327,0.00444312,1122.11851,8.2412472550093,7.97448990545858,3.03746886142512,6.58785644983403,7.29156556900445,8.23301521498533
