"","cue","log","id","rho","burst","iota_N1","iota_N2","phi_N1","phi_N2","fitness_rho","fitness_beta","fitness_psin","fitness_psiw","fitness_phin","fitness_phiw"
"5009","R","none",5009,0.24911099,4.69971778,31.61261,1.96611197,0.05767076,149.018842,8.1980412523088,5.89514786142448,6.13311544405097,4.74785556758556,6.64354543030105,8.3141207575267
