"","cue","log","id","rho","burst","iota_N1","iota_N2","phi_N1","phi_N2","fitness_rho","fitness_beta","fitness_psin","fitness_psiw","fitness_phin","fitness_phiw"
"2830","R","none",2830,0.41279011,4.79673903,18.9358227,0.4219548,0.01870616,401.199687,7.80162823134037,6.08895787563143,8.13712275907681,7.24652019043328,7.82444115800514,8.25618061242331
