"","cue","log","id","rho","burst","iota_N1","iota_N2","phi_N1","phi_N2","fitness_rho","fitness_beta","fitness_psin","fitness_psiw","fitness_phin","fitness_phiw"
"1575","R","none",1575,0.28614232,3.92634802,5.98262114,0.80046049,0.0793964,141.996655,8.24590461694637,3.17016445985055,7.56031001605639,8.36705057078763,5.44496866716606,8.31849186355773
