"","cue","cue_b","log","log_b","id","rho","burst","iota_N1","iota_N2","phi_N1","phi_N2","fitness_rho","fitness_beta","fitness_psin","fitness_psiw","fitness_phin","fitness_phiw"
"713","R","I+Ig","none","log10",713,0.22192847,4.47855894,43.0937376,2.08061252,0.0594919,2059.24245,8.66777697139878,2.36086600423332,3.25144627102942,4.81062060077972,4.66397844033482,9.76260433290534
