"","cue","log","id","rho","burst","iota_N1","iota_N2","phi_N1","phi_N2","fitness_rho","fitness_beta","fitness_psin","fitness_psiw","fitness_phin","fitness_phiw"
"4092","R","none",4092,0.3217928,6.00364944,22.388692,1.91724964,0.04677535,1583.58483,8.14642279324328,7.02864933513117,7.5801483298524,4.82264599885507,7.60030318437586,8.2291992243865
