"","cue","log","id","rho","burst","iota_N1","iota_N2","phi_N1","phi_N2","fitness_rho","fitness_beta","fitness_psin","fitness_psiw","fitness_phin","fitness_phiw"
"2279","R","none",2279,0.16177802,4.71387235,21.6898299,1.98332694,0.07539101,2153.74756,6.45191903622607,5.92390756052592,7.72710704068301,4.72228633434494,5.62502707736704,8.22673252192726
