"","cue","log","id","rho","burst","iota_N1","iota_N2","phi_N1","phi_N2","fitness_rho","fitness_beta","fitness_psin","fitness_psiw","fitness_phin","fitness_phiw"
"3540","R","none",3540,0.47924912,6.15387423,24.9152907,1.8243131,0.05422777,383.318112,7.60996074441681,6.23010652383426,7.07868659714921,4.97501339853738,6.90505342758677,8.2578378378027
