"","cue","cue_b","log","log_b","id","rho","burst","iota_N1","iota_N2","phi_N1","phi_N2","fitness_rho","fitness_beta","fitness_psin","fitness_psiw","fitness_phin","fitness_phiw"
"477","R","I+Ig","none","log10",477,0.22920348,3.88057502,14.6679298,0.82322371,0.03845419,240.160605,8.91851751650962,1.22717139803267,6.84373039389015,9.82601947360642,8.46442174238914,9.8111590156849
