"","cue","log","id","rho","burst","iota_N1","iota_N2","phi_N1","phi_N2","fitness_rho","fitness_beta","fitness_psin","fitness_psiw","fitness_phin","fitness_phiw"
"3613","R","none",3613,0.26188727,5.4832754,7.46554298,1.02128147,0.04584921,675.999249,8.24481277829812,7.70557129585766,7.69416904602516,7.46765762535743,7.69527130849298,8.24159929761807
