"","cue","log","id","rho","burst","iota_N1","iota_N2","phi_N1","phi_N2","fitness_rho","fitness_beta","fitness_psin","fitness_psiw","fitness_phin","fitness_phiw"
"803","R","none",803,0.38815378,4.58243008,438.866165,1.59143754,0.00809613,933.851632,7.88913502194515,5.64526409511721,0.73618941047173,5.43443155203373,7.39424334393565,8.23564757958679
