"","cue","cue_b","log","log_b","id","rho","burst","iota_N1","iota_N2","phi_N1","phi_N2","fitness_rho","fitness_beta","fitness_psin","fitness_psiw","fitness_phin","fitness_phiw"
"1225","R","I","none","log10",1225,0.19418446,5.44699287,15.8988441,1.31119262,0.03732832,205.296797,8.33546541218464,9.34908689241789,9.27793794555775,7.73019534719683,9.36302050353326,9.81942490601563
