"","cue","log","id","rho","burst","iota_N1","iota_N2","phi_N1","phi_N2","fitness_rho","fitness_beta","fitness_psin","fitness_psiw","fitness_phin","fitness_phiw"
"1661","R","none",1661,0.23746609,4.64557012,12.1776543,2.19744022,0.21315528,268.671427,8.10874274692629,5.78273780078706,8.10425745107034,4.43268427012318,2.99602702385908,8.27352666884228
