"","cue","cue_b","log","log_b","id","rho","burst","iota_N1","iota_N2","phi_N1","phi_N2","fitness_rho","fitness_beta","fitness_psin","fitness_psiw","fitness_phin","fitness_phiw"
"517","R","I+Ig","none","log10",517,0.36495968,5.54471608,73.5228643,1.07336195,0.00992821,1787.71824,6.24142301815344,8.06640902461371,2.29644008066605,8.07328548553807,4.13146429293859,9.76367811759346
