"","cue","log","id","rho","burst","iota_N1","iota_N2","phi_N1","phi_N2","fitness_rho","fitness_beta","fitness_psin","fitness_psiw","fitness_phin","fitness_phiw"
"342","R","none",342,0.42028052,6.12879792,12.6959542,1.58256337,0.05517182,300.320543,7.77675575193222,6.34888887770428,8.13818400288896,5.45476513409395,6.83043163260543,8.26803477288769
