"","cue","cue_b","log","log_b","id","rho","burst","iota_N1","iota_N2","phi_N1","phi_N2","fitness_rho","fitness_beta","fitness_psin","fitness_psiw","fitness_phin","fitness_phiw"
"789","R","I+Ig","none","log10",789,0.46482026,3.98591581,15.5876264,0.60862898,0.06522928,105.892741,5.35369731954647,1.38108230669306,8.25816462362945,7.49362672464127,4.28410726975702,9.86336445230962
