"","cue","log","id","rho","burst","iota_N1","iota_N2","phi_N1","phi_N2","fitness_rho","fitness_beta","fitness_psin","fitness_psiw","fitness_phin","fitness_phiw"
"3204","R","none",3204,0.37147412,5.94011188,36.5406022,2.15122002,0.02070634,752.576697,7.95270719196004,7.44638319988996,5.62340078968244,4.4912402852281,7.9115430537837,8.23941160550063
