"","cue","log","id","rho","burst","iota_N1","iota_N2","phi_N1","phi_N2","fitness_rho","fitness_beta","fitness_psin","fitness_psiw","fitness_phin","fitness_phiw"
"3719","R","none",3719,0.26826586,4.40180926,16.675799,2.4473656,0.24782665,299.255277,8.25402823355707,5.19016441503505,8.24671348994602,4.14503312117585,2.72737043249065,8.26819944797027
