"","cue","cue_b","log","log_b","id","rho","burst","iota_N1","iota_N2","phi_N1","phi_N2","fitness_rho","fitness_beta","fitness_psin","fitness_psiw","fitness_phin","fitness_phiw"
"325","R","I","none","log10",325,0.36777229,5.39423162,57.3761535,1.28399233,0.01592533,486.239513,8.22885665346111,9.25148908778164,4.16869247565277,7.83179802952984,9.34809611446738,9.78672177678724
