"","cue","log","id","rho","burst","iota_N1","iota_N2","phi_N1","phi_N2","fitness_rho","fitness_beta","fitness_psin","fitness_psiw","fitness_phin","fitness_phiw"
"3784","R","none",3784,0.41487976,4.64909588,5.87675707,0.43280716,0.05905207,2061.44593,7.79460966896465,5.79019043556444,7.55119543773369,7.28057293702765,6.5464922537296,8.22703904787904
