"","iter","rho","burst","iota_N1","iota_N2","phi_N1","phi_N2","max_fitness_rho","max_fitness_beta","max_fitness_psin","max_fitness_psiw","max_fitness_phin","max_fitness_phiw","id"
"832",832,0.33756522,4.78844196,10.0693096,0.69768339,0.02778277,56.6197527,8.05270117506355,7.79844031748173,9.34540859807089,7.93656128115809,8.3461566377406,9.85845139857985,"R_none-I_log"
