"","cue","log","id","rho","burst","iota_N1","iota_N2","phi_N1","phi_N2","fitness_rho","fitness_beta","fitness_psin","fitness_psiw","fitness_phin","fitness_phiw"
"3940","R","none",3940,0.38611049,4.73946864,14.0162357,0.52522787,0.03465148,24.9693521,7.89675855153823,5.97540592264476,8.20677380476987,7.5946602140593,8.2497240156156,8.62616829840848
