"","cue","log","id","rho","burst","iota_N1","iota_N2","phi_N1","phi_N2","fitness_rho","fitness_beta","fitness_psin","fitness_psiw","fitness_phin","fitness_phiw"
"3706","R","none",3706,0.39885486,4.9166047,16.7628309,0.5439895,0.01691502,1689.22565,7.85009217940559,6.32521983745725,8.24532925408151,7.66627403240636,7.74500703747619,8.22861587069705
