"","cue","log","id","rho","burst","iota_N1","iota_N2","phi_N1","phi_N2","fitness_rho","fitness_beta","fitness_psin","fitness_psiw","fitness_phin","fitness_phiw"
"4122","R","none",4122,0.53489969,6.15988324,21.4916427,2.16279213,0.07625459,1712.65199,7.49436276744369,6.20254673472901,7.76705750933548,4.47639660239239,5.58485226882097,8.22849703478446
