"","cue","log","id","rho","burst","iota_N1","iota_N2","phi_N1","phi_N2","fitness_rho","fitness_beta","fitness_psin","fitness_psiw","fitness_phin","fitness_phiw"
"1342","R","none",1342,0.37344802,4.79046256,4.13296394,0.44027019,0.03704567,78.9650647,7.94503694651145,6.07659085238799,7.41348780108935,7.30418464941721,8.22198614625104,8.38847469617925
