"","cue","log","id","rho","burst","iota_N1","iota_N2","phi_N1","phi_N2","fitness_rho","fitness_beta","fitness_psin","fitness_psiw","fitness_phin","fitness_phiw"
"3963","R","none",3963,0.27079709,4.04473082,7.6354343,0.77424008,0.07992086,114.34003,8.25563613793927,3.80575589207826,7.71002414461346,8.41405046422395,5.42254053958329,8.3405066226205
