"","cue","log","id","rho","burst","iota_N1","iota_N2","phi_N1","phi_N2","fitness_rho","fitness_beta","fitness_psin","fitness_psiw","fitness_phin","fitness_phiw"
"703","R","none",703,0.41059248,5.46117104,6.82969112,1.06983986,0.13744242,1662.72078,7.80908457030413,7.64282848308382,7.63557322255561,7.23405525073972,3.89055513817582,8.22875611656737
