"","cue","log","id","rho","burst","iota_N1","iota_N2","phi_N1","phi_N2","fitness_rho","fitness_beta","fitness_psin","fitness_psiw","fitness_phin","fitness_phiw"
"382","R","none",382,0.28904549,4.80259702,17.9031339,0.5567678,0.01695202,3885.5285,8.24102855080855,6.1004900011504,8.20768952050118,7.71640710794658,7.74664857407727,8.22366800927326
