"","cue","cue_b","log","log_b","id","rho","burst","iota_N1","iota_N2","phi_N1","phi_N2","fitness_rho","fitness_beta","fitness_psin","fitness_psiw","fitness_phin","fitness_phiw"
"974","R","I","none","log10",974,0.24565402,4.00802136,27.7026727,0.95572773,0.02265491,573.204735,9.4332202137151,5.1792745429399,6.53543944130052,9.23113518581754,9.16469061662607,9.78265382878967
