"","cue","log","id","rho","burst","iota_N1","iota_N2","phi_N1","phi_N2","fitness_rho","fitness_beta","fitness_psin","fitness_psiw","fitness_phin","fitness_phiw"
"4097","R","none",4097,0.22449498,4.63450956,73.6050701,2.26063944,0.03150995,155.791332,7.93097668605287,5.7592182375755,3.68283188613348,4.35559740738154,8.23728571083311,8.31025528499422
