"","cue","cue_b","log","log_b","id","rho","burst","iota_N1","iota_N2","phi_N1","phi_N2","fitness_rho","fitness_beta","fitness_psin","fitness_psiw","fitness_phin","fitness_phiw"
"464","R","I","none","log10",464,0.28196569,4.08230888,29.3037928,0.71567038,0.02343799,589.859154,8.78125169088175,5.46466081183838,6.26818774046516,8.06742010695496,9.02123424589298,9.78200631446751
