"","cue","cue_b","log","log_b","id","rho","burst","iota_N1","iota_N2","phi_N1","phi_N2","fitness_rho","fitness_beta","fitness_psin","fitness_psiw","fitness_phin","fitness_phiw"
"296","R","I+Ig","none","log10",296,0.21718107,4.03634932,60.863204,0.9332074,0.00884852,94.8553955,8.51063863101037,1.4604812049262,2.58043510259219,9.16327335332232,4.05024646011667,9.8717097882
