"","cue","log","id","rho","burst","iota_N1","iota_N2","phi_N1","phi_N2","fitness_rho","fitness_beta","fitness_psin","fitness_psiw","fitness_phin","fitness_phiw"
"3239","R","none",3239,0.1665179,4.68543447,18.9910374,2.18723792,0.12110966,1751.8624,6.55168099980688,5.86588959711997,8.13221414260936,4.44544398133421,4.19432873336454,8.22830459162787
