"","cue","cue_b","log","log_b","id","rho","burst","iota_N1","iota_N2","phi_N1","phi_N2","fitness_rho","fitness_beta","fitness_psin","fitness_psiw","fitness_phin","fitness_phiw"
"611","R","I","none","log10",611,0.20253268,4.64728988,1862.1735,2.23955215,0.00105555,11927.7272,8.48350287991061,7.38933766190167,0.449320637310975,5.13970872006968,8.39444226551061,9.75960675320306
