"","cue","cue_b","log","log_b","id","rho","burst","iota_N1","iota_N2","phi_N1","phi_N2","fitness_rho","fitness_beta","fitness_psin","fitness_psiw","fitness_phin","fitness_phiw"
"1044","R","I","none","log10",1044,0.51550765,6.00008044,6.74959233,1.76902421,0.2059068,3511.53365,9.33972098279689,7.62109069591924,9.26561208210418,6.25182037386656,3.36923106947372,9.76251930080449
