"","cue","cue_b","log","log_b","id","rho","burst","iota_N1","iota_N2","phi_N1","phi_N2","fitness_rho","fitness_beta","fitness_psin","fitness_psiw","fitness_phin","fitness_phiw"
"607","R","I+Ig","none","log10",607,0.34537413,5.53515404,39.1152429,1.19656723,0.01224186,400.593375,6.53323434503535,7.96189841945677,3.48921343746723,7.35917301025756,4.31219039797048,9.7904093480895
