"","cue","log","id","rho","burst","iota_N1","iota_N2","phi_N1","phi_N2","fitness_rho","fitness_beta","fitness_psin","fitness_psiw","fitness_phin","fitness_phiw"
"3761","R","none",3761,0.23211181,4.42521369,19.8909924,2.22020205,0.1459961,420.647385,8.0470184455014,5.25588462658101,8.03359540972488,4.40453840971395,3.75442392969688,8.25453356839334
