"","cue","log","id","rho","burst","iota_N1","iota_N2","phi_N1","phi_N2","fitness_rho","fitness_beta","fitness_psin","fitness_psiw","fitness_phin","fitness_phiw"
"2698","R","none",2698,0.36089824,4.7570201,30.555171,0.44585251,0.00667577,245.368222,7.99427938945564,6.01040954341366,6.25780356764228,7.32195155711295,7.35061091898532,8.27844570183294
