"","cue","log","id","rho","burst","iota_N1","iota_N2","phi_N1","phi_N2","fitness_rho","fitness_beta","fitness_psin","fitness_psiw","fitness_phin","fitness_phiw"
"4337","R","none",4337,0.14390075,4.57148463,23.3347197,1.96785064,0.0807081,480.470541,6.10987860397054,5.62055374770293,7.38039337325584,4.74525460421499,5.38933479421361,8.25029262784668
