"","cue","log","id","rho","burst","iota_N1","iota_N2","phi_N1","phi_N2","fitness_rho","fitness_beta","fitness_psin","fitness_psiw","fitness_phin","fitness_phiw"
"2333","R","none",2333,0.22214206,4.65850129,27.8129479,2.40705896,0.08257133,71.5148224,7.88780520255452,5.80997526892124,6.61807560171958,4.18853421895277,5.31289469111833,8.40380551242904
