"","cue","log","id","rho","burst","iota_N1","iota_N2","phi_N1","phi_N2","fitness_rho","fitness_beta","fitness_psin","fitness_psiw","fitness_phin","fitness_phiw"
"563","R","none",563,0.23065465,4.65408873,24.5384107,1.88893221,0.08747335,788.149823,8.02751654520689,5.80071317795319,7.14651698273648,4.86759039761741,5.12482004239974,8.23853684816895
