"","cue","log","id","rho","burst","iota_N1","iota_N2","phi_N1","phi_N2","fitness_rho","fitness_beta","fitness_psin","fitness_psiw","fitness_phin","fitness_phiw"
"1861","R","none",1861,0.29325274,5.48587636,10.8654728,1.13214528,0.05051918,2108.65083,8.23261253760727,7.7129341753501,8.00417568996607,6.94436995600582,7.22477534124724,8.22687987834775
