"","cue","log","id","rho","burst","iota_N1","iota_N2","phi_N1","phi_N2","fitness_rho","fitness_beta","fitness_psin","fitness_psiw","fitness_phin","fitness_phiw"
"4505","R","none",4505,0.24813894,4.54261912,487.614318,1.95322008,0.00742958,732.262175,8.19255786911198,5.55392399015498,0.646064706605624,4.76726500301722,7.37320152156833,8.23994683699209
