"","cue","log","id","rho","burst","iota_N1","iota_N2","phi_N1","phi_N2","fitness_rho","fitness_beta","fitness_psin","fitness_psiw","fitness_phin","fitness_phiw"
"1042","R","none",1042,0.30656214,4.70826474,1.50382005,0.52563558,0.19801324,2142.71768,8.19751937744019,5.91254028824648,7.26223069664425,7.59618854687457,3.13343778682873,8.22676736620953
