"","cue","log","id","rho","burst","iota_N1","iota_N2","phi_N1","phi_N2","fitness_rho","fitness_beta","fitness_psin","fitness_psiw","fitness_phin","fitness_phiw"
"1920","R","none",1920,0.37038656,6.04403244,11.8670422,1.9491241,0.0656597,153.485305,7.95694687546187,6.792961341183,8.08228028478529,4.77347702104107,6.13274277044097,8.31153584686616
