"","cue","log","id","rho","burst","iota_N1","iota_N2","phi_N1","phi_N2","fitness_rho","fitness_beta","fitness_psin","fitness_psiw","fitness_phin","fitness_phiw"
"2900","R","none",2900,0.32327045,3.8757288,21.724451,0.63893622,0.03979231,378.761182,8.1410515874777,2.87739564263331,7.72002585758262,8.07301545900546,8.13912775443614,8.25828440292934
