"","cue","log","id","rho","burst","iota_N1","iota_N2","phi_N1","phi_N2","fitness_rho","fitness_beta","fitness_psin","fitness_psiw","fitness_phin","fitness_phiw"
"4143","R","none",4143,0.4506811,3.86293427,36.6148148,0.71076598,0.0286557,994.283843,7.68446638635363,2.80198352008413,5.61655037833711,8.38661123294034,8.18704532429238,8.23469752391922
