"","cue","log","id","rho","burst","iota_N1","iota_N2","phi_N1","phi_N2","fitness_rho","fitness_beta","fitness_psin","fitness_psiw","fitness_phin","fitness_phiw"
"565","R","none",565,0.28503487,5.5393889,14.7149771,0.98598119,0.03439255,1861.64477,8.24754713342204,7.86222685247988,8.23120475834796,7.63787450244248,8.25064387450463,8.22781026108619
