"","cue","log","id","rho","burst","iota_N1","iota_N2","phi_N1","phi_N2","fitness_rho","fitness_beta","fitness_psin","fitness_psiw","fitness_phin","fitness_phiw"
"2964","R","none",2964,0.37154265,5.94994321,13.0288069,1.95282948,0.05765367,7302.28843,7.95243681774881,7.37723450274344,8.15800632077499,4.76785540640913,6.64477486792284,8.22187959225788
