"","cue","log","id","rho","burst","iota_N1","iota_N2","phi_N1","phi_N2","fitness_rho","fitness_beta","fitness_psin","fitness_psiw","fitness_phin","fitness_phiw"
"3302","R","none",3302,0.25096531,4.01286497,28.7932138,1.01215573,0.02734299,1365.29698,8.20765598680739,3.64259403782976,6.48205935632035,7.51178916595853,8.15349691984342,8.23068667653498
