"","cue","log","id","rho","burst","iota_N1","iota_N2","phi_N1","phi_N2","fitness_rho","fitness_beta","fitness_psin","fitness_psiw","fitness_phin","fitness_phiw"
"1104","R","none",1104,0.42863138,6.26673174,10.2188779,2.23784098,0.10220104,74.0881828,7.7500200968673,5.76801908596039,7.94894800297192,4.3830250838453,4.65087854213559,8.39820817860011
