"","cue","log","id","rho","burst","iota_N1","iota_N2","phi_N1","phi_N2","fitness_rho","fitness_beta","fitness_psin","fitness_psiw","fitness_phin","fitness_phiw"
"4354","R","none",4354,0.50655775,4.92639782,70.0743216,0.32008939,0.00551483,532.141836,7.5487740003914,6.34475938631789,3.79696583391794,6.94579923831105,7.31841460239493,8.24738567997554
