"","cue","cue_b","log","log_b","id","rho","burst","iota_N1","iota_N2","phi_N1","phi_N2","fitness_rho","fitness_beta","fitness_psin","fitness_psiw","fitness_phin","fitness_phiw"
"897","R","I+Ig","none","log10",897,0.28422007,3.92401532,11.4363374,1.02705293,0.06213599,156.479065,9.24767070076035,1.28876379989884,5.51257868390783,8.39819818338417,4.47543937985315,9.83565166809357
