"","cue","cue_b","log","log_b","id","rho","burst","iota_N1","iota_N2","phi_N1","phi_N2","fitness_rho","fitness_beta","fitness_psin","fitness_psiw","fitness_phin","fitness_phiw"
"494","R","I","none","log10",494,0.20833261,3.92925851,28.2642023,0.87872707,0.02556908,733.231579,8.59001611260825,4.87010889775291,6.43836494605058,9.62979236925758,8.62324409397164,9.77757640050702
