"","cue","log","id","rho","burst","iota_N1","iota_N2","phi_N1","phi_N2","fitness_rho","fitness_beta","fitness_psin","fitness_psiw","fitness_phin","fitness_phiw"
"759","R","none",759,0.35766576,3.82681853,17.2236495,0.75703197,0.04830665,441.553522,8.00710856019558,2.58694881170573,8.23463071182131,8.42960039249705,7.44171090843521,8.25292293818759
