"","cue","log","id","rho","burst","iota_N1","iota_N2","phi_N1","phi_N2","fitness_rho","fitness_beta","fitness_psin","fitness_psiw","fitness_phin","fitness_phiw"
"3136","R","none",3136,0.41291185,4.67379614,20.6789217,0.5598688,0.0150696,1074.38039,7.80121546095584,5.84185493228656,7.91652907041788,7.72872000759913,7.66389273163226,8.23359506666784
