"","cue","log","id","rho","burst","iota_N1","iota_N2","phi_N1","phi_N2","fitness_rho","fitness_beta","fitness_psin","fitness_psiw","fitness_phin","fitness_phiw"
"430","R","none",430,0.38636009,4.77103009,5.87748589,0.49963047,0.08125241,11428.7206,7.89582620787675,6.038202051801,7.55125702050469,7.50148901543069,5.36670230868032,8.22114558030336
