"","cue","log","id","rho","burst","iota_N1","iota_N2","phi_N1","phi_N2","fitness_rho","fitness_beta","fitness_psin","fitness_psiw","fitness_phin","fitness_phiw"
"4218","R","none",4218,0.37227353,6.03083933,9.12118421,2.22119777,0.14515884,50199.5913,7.94959875816894,6.86785123647148,7.84941100704852,4.40331719016615,3.76716881892573,8.22014007995107
