"","cue","log","id","rho","burst","iota_N1","iota_N2","phi_N1","phi_N2","fitness_rho","fitness_beta","fitness_psin","fitness_psiw","fitness_phin","fitness_phiw"
"4481","R","none",4481,0.28642046,4.68673663,40.7710712,2.05506449,0.07390323,197.886353,8.24547455929317,5.86856934973609,5.26648410380955,4.61972868769295,5.69606297798261,8.29188604413512
