"","cue","log","id","rho","burst","iota_N1","iota_N2","phi_N1","phi_N2","fitness_rho","fitness_beta","fitness_psin","fitness_psiw","fitness_phin","fitness_phiw"
"3337","R","none",3337,0.25935275,5.69288589,20.193248,1.08566881,0.01526215,166.439846,8.23883046145951,8.21151229965313,7.9921591835575,7.15904306640604,7.67226270962682,8.30477905437545
