"","cue","log","id","rho","burst","iota_N1","iota_N2","phi_N1","phi_N2","fitness_rho","fitness_beta","fitness_psin","fitness_psiw","fitness_phin","fitness_phiw"
"1671","R","none",1671,0.16040374,3.89159256,5.42449308,0.92020781,0.05117867,29.9964723,6.42369212702405,2.9701849727838,7.5131267099681,7.94299714273976,7.16420276717325,8.58312963461442
