"","cue","cue_b","log","log_b","id","rho","burst","iota_N1","iota_N2","phi_N1","phi_N2","fitness_rho","fitness_beta","fitness_psin","fitness_psiw","fitness_phin","fitness_phiw"
"93","R","I+Ig","none","log10",93,0.32352567,3.90978736,9.16099054,0.77887385,0.04204355,2103.34722,7.04274436881008,1.26830731204814,4.9491451659509,9.72945751083341,7.17361710930935,9.76245349076508
