"","cue","cue_b","log","log_b","id","rho","burst","iota_N1","iota_N2","phi_N1","phi_N2","fitness_rho","fitness_beta","fitness_psin","fitness_psiw","fitness_phin","fitness_phiw"
"688","R","I+Ig","none","log10",688,0.35575669,4.7522307,88.371687,0.45418519,0.00339899,30.4315008,6.36771958774792,3.17485099831684,2.06112977762332,7.53549095213521,3.66520256657879,9.86227016906055
