"","cue","log","id","rho","burst","iota_N1","iota_N2","phi_N1","phi_N2","fitness_rho","fitness_beta","fitness_psin","fitness_psiw","fitness_phin","fitness_phiw"
"4733","R","none",4733,0.1917742,4.63493852,27.7312849,2.0855486,0.06137644,2747.01229,7.13985056254868,5.76013337051768,6.62981591372665,4.57795358680696,6.39234485062989,8.22524618389563
