"","cue","log","id","rho","burst","iota_N1","iota_N2","phi_N1","phi_N2","fitness_rho","fitness_beta","fitness_psin","fitness_psiw","fitness_phin","fitness_phiw"
"4788","R","none",4788,0.33567358,6.10025591,6.99885306,2.04296419,0.09022693,51.8256673,8.09411907262236,6.49143671183254,7.65102276629593,4.63659874789654,5.02651535955384,8.46141389927912
