"","cue","log","id","rho","burst","iota_N1","iota_N2","phi_N1","phi_N2","fitness_rho","fitness_beta","fitness_psin","fitness_psiw","fitness_phin","fitness_phiw"
"1383","R","none",1383,0.38650453,4.0387479,4.63433247,0.92870239,0.08873891,220.450531,7.89528366465754,3.77560871714845,7.45042836533529,7.90517001660938,5.07902185981152,8.28480666546418
