"","cue","cue_b","log","log_b","id","rho","burst","iota_N1","iota_N2","phi_N1","phi_N2","fitness_rho","fitness_beta","fitness_psin","fitness_psiw","fitness_phin","fitness_phiw"
"114","R","I","none","log10",114,0.37831127,6.18943316,77.458783,2.13140421,0.01530849,3603.33202,8.32107987034311,7.82727675368014,3.61639304490617,5.36529024353855,9.32149449317323,9.7624151149083
