"","cue","cue_b","log","log_b","id","rho","burst","iota_N1","iota_N2","phi_N1","phi_N2","fitness_rho","fitness_beta","fitness_psin","fitness_psiw","fitness_phin","fitness_phiw"
"765","R","I+Ig","none","log10",765,0.20642931,3.92500389,82.0953661,0.987229,0.00292158,3650.51515,8.17773112984477,1.29019415542147,2.15115330681509,8.70688859492031,3.63357974468444,9.7594955879398
