"","cue","log","id","rho","burst","iota_N1","iota_N2","phi_N1","phi_N2","fitness_rho","fitness_beta","fitness_psin","fitness_psiw","fitness_phin","fitness_phiw"
"488","R","none",488,0.39782114,3.93887781,12.9711822,0.61184187,0.0809603,1386.38925,7.85379583391846,3.24098178538091,8.15469258828004,7.94570061240873,5.37881652393171,8.23052179173222
