"","cue","cue_b","log","log_b","id","rho","burst","iota_N1","iota_N2","phi_N1","phi_N2","fitness_rho","fitness_beta","fitness_psin","fitness_psiw","fitness_phin","fitness_phiw"
"613","R","I","none","log10",613,0.3356371,5.65070407,170.275252,0.91222307,0.00121251,3448.662,8.04651963038627,9.69059623369287,2.50035049373799,9.45654893358376,8.40612235322389,9.76259459893882
