"","cue","log","id","rho","burst","iota_N1","iota_N2","phi_N1","phi_N2","fitness_rho","fitness_beta","fitness_psin","fitness_psiw","fitness_phin","fitness_phiw"
"4784","R","none",4784,0.20394807,4.05391743,10.2230139,0.8027564,0.05402354,177.919191,7.45627886047501,3.85160923057229,7.94931102995314,8.3618149308036,6.92150208048575,8.29956832308742
