"","cue","log","id","rho","burst","iota_N1","iota_N2","phi_N1","phi_N2","fitness_rho","fitness_beta","fitness_psin","fitness_psiw","fitness_phin","fitness_phiw"
"1321","R","none",1321,0.3641305,5.47046933,14.7775716,1.24713266,0.05761024,4755.83991,7.98150343732503,7.66924970010135,8.23295263003411,6.46174128839489,6.64789985057138,8.22297045382789
