"","cue","log","id","rho","burst","iota_N1","iota_N2","phi_N1","phi_N2","fitness_rho","fitness_beta","fitness_psin","fitness_psiw","fitness_phin","fitness_phiw"
"154","R","none",154,0.39481209,4.81610896,25.3428391,0.52249177,0.00882106,693.841792,7.86466483190504,6.12706005826524,7.0043985451907,7.58444355476716,7.41823221208474,8.24104652625655
