"","cue","cue_b","log","log_b","id","rho","burst","iota_N1","iota_N2","phi_N1","phi_N2","fitness_rho","fitness_beta","fitness_psin","fitness_psiw","fitness_phin","fitness_phiw"
"1200","R","I","none","log10",1200,0.31259067,6.21320073,14.1324901,1.77357083,0.03589786,2539.47107,8.04336066263365,7.82906735375645,8.2412933244024,6.23928424143791,9.71051718193721,9.76408343237257
