"","cue","log","id","rho","burst","iota_N1","iota_N2","phi_N1","phi_N2","fitness_rho","fitness_beta","fitness_psin","fitness_psiw","fitness_phin","fitness_phiw"
"4204","R","none",4204,0.37307056,4.96557384,6.30204947,0.49426365,0.05258388,179.731455,7.94650195883381,6.42368159980524,7.58823103997747,7.48265936242473,7.04091587719118,8.29880628756912
