"","cue","cue_b","log","log_b","id","rho","burst","iota_N1","iota_N2","phi_N1","phi_N2","fitness_rho","fitness_beta","fitness_psin","fitness_psiw","fitness_phin","fitness_phiw"
"563","R","I+Ig","none","log10",563,0.23065465,4.65408873,24.5384107,1.88893221,0.08747335,788.149823,8.96962966155356,2.85412317621604,5.35957111648148,5.17620250575293,3.42030747693795,9.77379697448745
