"","cue","log","id","rho","burst","iota_N1","iota_N2","phi_N1","phi_N2","fitness_rho","fitness_beta","fitness_psin","fitness_psiw","fitness_phin","fitness_phiw"
"3368","R","none",3368,0.19503885,4.03831792,92.0329486,0.81971459,0.0036194,679.847242,7.22286334908135,3.77343063558845,3.19025016953061,8.31841072089503,7.27284494566834,8.24147616063043
