"","cue","log","id","rho","burst","iota_N1","iota_N2","phi_N1","phi_N2","fitness_rho","fitness_beta","fitness_psin","fitness_psiw","fitness_phin","fitness_phiw"
"3077","R","none",3077,0.21733299,4.62608152,16.4200386,2.06319515,0.12268052,796.268909,7.78876875088837,5.74114565322347,8.24966760262447,4.60848826469998,4.16211749773213,8.23834807577945
