"","cue","log","id","rho","burst","iota_N1","iota_N2","phi_N1","phi_N2","fitness_rho","fitness_beta","fitness_psin","fitness_psiw","fitness_phin","fitness_phiw"
"3000","R","none",3000,0.47714784,6.13340018,7.51950814,1.57774969,0.12930165,3206.55745,7.6150599387158,6.32662821403115,7.69919894250466,5.46590369869071,4.03381931616802,8.22447750130596
