"","cue","log","id","rho","burst","iota_N1","iota_N2","phi_N1","phi_N2","fitness_rho","fitness_beta","fitness_psin","fitness_psiw","fitness_phin","fitness_phiw"
"3511","R","none",3511,0.26259945,5.57690074,2.16009982,1.15674055,0.20083845,315.270889,8.24624039029985,7.96228352303116,7.29287767443535,6.83489426607178,3.10669486028501,8.26580961075186
