"","cue","log","id","rho","burst","iota_N1","iota_N2","phi_N1","phi_N2","fitness_rho","fitness_beta","fitness_psin","fitness_psiw","fitness_phin","fitness_phiw"
"2108","R","none",2108,0.26924071,3.89620993,5.65242199,0.83461596,0.168783,1427.7892,8.25477482673453,2.99702767714602,7.53213132061782,8.27415193901817,3.44682397005529,8.23021431611742
