"","cue","log","id","rho","burst","iota_N1","iota_N2","phi_N1","phi_N2","fitness_rho","fitness_beta","fitness_psin","fitness_psiw","fitness_phin","fitness_phiw"
"17","R","none",17,0.1923006,4.57181313,5.28071816,1.84206396,0.40934807,565.52101,7.15311589399341,5.62129589137922,7.50134013136303,4.94479426437521,1.94352136354475,8.24578278715896
