"","cue","log","id","rho","burst","iota_N1","iota_N2","phi_N1","phi_N2","fitness_rho","fitness_beta","fitness_psin","fitness_psiw","fitness_phin","fitness_phiw"
"3068","R","none",3068,0.29499346,3.93733393,9.3735926,0.93294084,0.06799474,244.95845,8.22870797088403,3.23229551445068,7.87276480795806,7.88607412251163,6.00146210965344,8.27853934812087
