"","cue","log","id","rho","burst","iota_N1","iota_N2","phi_N1","phi_N2","fitness_rho","fitness_beta","fitness_psin","fitness_psiw","fitness_phin","fitness_phiw"
"705","R","none",705,0.32836954,3.90899187,6.65852449,0.77838198,0.04918549,743.167832,8.12210479614944,3.07091199724267,7.62006546366591,8.40833910122787,7.35312652856065,8.23965464409855
