"","cue","cue_b","log","log_b","id","rho","burst","iota_N1","iota_N2","phi_N1","phi_N2","fitness_rho","fitness_beta","fitness_psin","fitness_psiw","fitness_phin","fitness_phiw"
"890","R","I","none","log10",890,0.22787829,4.0766039,23.9477556,1.00328611,0.03203961,280.463566,8.99966421055343,5.44297538518725,7.28597473649701,8.99805918013202,8.39490079216482,9.80516399566936
