"","cue","log","id","rho","burst","iota_N1","iota_N2","phi_N1","phi_N2","fitness_rho","fitness_beta","fitness_psin","fitness_psiw","fitness_phin","fitness_phiw"
"4841","R","none",4841,0.12418574,4.64009809,42.662533,2.10521563,0.02566425,766.228762,5.79782950598525,5.77112755404532,5.12567161686098,4.55152685269531,8.10241405661762,8.2390660215824
