"","cue","cue_b","log","log_b","id","rho","burst","iota_N1","iota_N2","phi_N1","phi_N2","fitness_rho","fitness_beta","fitness_psin","fitness_psiw","fitness_phin","fitness_phiw"
"376","R","I","none","log10",376,0.2875317,4.73491153,5.90683867,0.48135897,0.01851434,1144.97266,8.41288020083933,7.64645980166981,9.16830144401573,8.09906094148489,9.41884075053426,9.77085455605936
