"","cue","log","id","rho","burst","iota_N1","iota_N2","phi_N1","phi_N2","fitness_rho","fitness_beta","fitness_psin","fitness_psiw","fitness_phin","fitness_phiw"
"572","R","none",572,0.24353545,3.95316818,34.9640566,0.95460544,0.01632511,4607.63558,8.16204936960809,3.32083082806584,5.77458305001226,7.78646636243553,7.71890328590075,8.2230708158177
