"","cue","log","id","rho","burst","iota_N1","iota_N2","phi_N1","phi_N2","fitness_rho","fitness_beta","fitness_psin","fitness_psiw","fitness_phin","fitness_phiw"
"4249","R","none",4249,0.40289912,5.34847105,16.8375645,1.09022469,0.05235338,1810.21067,7.83573895095558,7.32618690276508,8.24398139043376,7.13760872714076,7.06064192739391,8.22803356301031
