"","cue","cue_b","log","log_b","id","rho","burst","iota_N1","iota_N2","phi_N1","phi_N2","fitness_rho","fitness_beta","fitness_psin","fitness_psiw","fitness_phin","fitness_phiw"
"214","R","I","none","log10",214,0.42468531,4.99674811,56.0223422,0.45364796,0.00445813,203.397773,8.90748071166448,8.35586150200347,4.21926041888423,8.1327471231641,8.64320286530342,9.81989256045425
