"","cue","log","id","rho","burst","iota_N1","iota_N2","phi_N1","phi_N2","fitness_rho","fitness_beta","fitness_psin","fitness_psiw","fitness_phin","fitness_phiw"
"4248","R","none",4248,0.42027798,6.04022982,20.7454099,2.22105217,0.05426861,4310.94436,7.77676542391424,6.81436381148955,7.90532740564898,4.40349586997931,6.90177487307007,8.22329250737075
