"","cue","cue_b","log","log_b","id","rho","burst","iota_N1","iota_N2","phi_N1","phi_N2","fitness_rho","fitness_beta","fitness_psin","fitness_psiw","fitness_phin","fitness_phiw"
"435","R","I+Ig","none","log10",435,0.37082374,4.04437866,6.6953509,0.88680939,0.07810204,534.374446,6.16805004942416,1.47348611084447,4.45575691419611,9.54221770268715,3.70792650352098,9.78209198448475
