"","cue","cue_b","log","log_b","id","rho","burst","iota_N1","iota_N2","phi_N1","phi_N2","fitness_rho","fitness_beta","fitness_psin","fitness_psiw","fitness_phin","fitness_phiw"
"775","R","I+Ig","none","log10",775,0.28227761,5.58354109,15.5274393,0.84685049,0.01793479,14390.3102,9.34390695740023,8.50859147887716,8.11824315211519,9.76817914295903,4.82158819166637,9.75646289393776
