"","iter","rho","burst","iota_N1","iota_N2","phi_N1","phi_N2","max_fitness_rho","max_fitness_beta","max_fitness_psin","max_fitness_psiw","max_fitness_phin","max_fitness_phiw","id"
"873",873,0.25466825,3.8252291,57.8269351,0.87741375,0.01307144,870.435631,9.67505739992568,4.45328502306432,4.1521927178144,9.63630637076256,9.20706829669466,9.77465797475844,"R_none-I_log"
