"","cue","log","id","rho","burst","iota_N1","iota_N2","phi_N1","phi_N2","fitness_rho","fitness_beta","fitness_psin","fitness_psiw","fitness_phin","fitness_phiw"
"787","R","none",787,0.30240539,5.49087008,14.226375,1.26894794,0.0375412,3910.25969,8.20966996177438,7.72705371068515,8.21505225032343,6.37887752836963,8.2114662705876,8.22364546540007
