"","cue","log","id","rho","burst","iota_N1","iota_N2","phi_N1","phi_N2","fitness_rho","fitness_beta","fitness_psin","fitness_psiw","fitness_phin","fitness_phiw"
"4495","R","none",4495,0.3682718,5.38905892,17.9764128,1.03037226,0.05223335,102.245146,7.96521692345112,7.43871574295251,8.20392482401378,7.42370677917311,7.07098828543141,8.35353059131408
