"","cue","log","id","rho","burst","iota_N1","iota_N2","phi_N1","phi_N2","fitness_rho","fitness_beta","fitness_psin","fitness_psiw","fitness_phin","fitness_phiw"
"797","R","none",797,0.21522912,4.54947372,14.5223845,2.27564038,0.1457809,131.487938,7.74118270420218,5.56994768740054,8.22536710245992,4.33777118706622,3.75768776163075,8.3258447644692
