"","cue","log","id","rho","burst","iota_N1","iota_N2","phi_N1","phi_N2","fitness_rho","fitness_beta","fitness_psin","fitness_psiw","fitness_phin","fitness_phiw"
"3785","R","none",3785,0.12700593,4.69741461,15.4168608,2.23554832,0.08121124,1033.53718,5.83810067069004,5.89044715026789,8.24634603666109,4.38580728402007,5.36840402644537,8.23413729530905
