"","cue","log","id","rho","burst","iota_N1","iota_N2","phi_N1","phi_N2","fitness_rho","fitness_beta","fitness_psin","fitness_psiw","fitness_phin","fitness_phiw"
"1865","R","none",1865,0.25570243,4.64046593,8.07904896,2.07650958,0.28984254,8463.03265,8.22755967391892,5.77191079081349,7.75165929447858,4.5902351511978,2.46482526270714,8.22159994443904
