"","cue","log","id","rho","burst","iota_N1","iota_N2","phi_N1","phi_N2","fitness_rho","fitness_beta","fitness_psin","fitness_psiw","fitness_phin","fitness_phiw"
"3246","R","none",3246,0.39454785,6.02618975,16.0350111,1.96343231,0.05913937,517.778479,7.86562528155722,6.8946977006901,8.25111191697117,4.75187310978687,6.54050305120558,8.24813727638701
