"","cue","cue_b","log","log_b","id","rho","burst","iota_N1","iota_N2","phi_N1","phi_N2","fitness_rho","fitness_beta","fitness_psin","fitness_psiw","fitness_phin","fitness_phiw"
"64","R","I","none","log10",64,0.36134949,4.75255282,15.5524191,0.52519252,0.01821533,73.552139,8.18023488346598,7.69696180041354,8.68355926028881,7.96050611708567,9.41530510542753,9.86868911610309
