"","cue","cue_b","log","log_b","id","rho","burst","iota_N1","iota_N2","phi_N1","phi_N2","fitness_rho","fitness_beta","fitness_psin","fitness_psiw","fitness_phin","fitness_phiw"
"1066","R","I","none","log10",1066,0.39948704,4.86114025,32.4169339,0.53259266,0.00542677,74.4283308,8.55617438793742,7.99897164354231,5.83866379253983,7.9235016196744,8.71208884439444,9.86860361065863
