"","cue","cue_b","log","log_b","id","rho","burst","iota_N1","iota_N2","phi_N1","phi_N2","fitness_rho","fitness_beta","fitness_psin","fitness_psiw","fitness_phin","fitness_phiw"
"183","R","I","none","log10",183,0.2837596,3.860701,13.745342,0.75876141,0.03984272,258.45942,8.62776042860126,4.5963430262685,8.2682662353879,9.05289564231084,8.81475319287666,9.80862107861485
