"","cue","log","id","rho","burst","iota_N1","iota_N2","phi_N1","phi_N2","fitness_rho","fitness_beta","fitness_psin","fitness_psiw","fitness_phin","fitness_phiw"
"1439","R","none",1439,0.22138354,4.6266582,92.0010825,2.09194224,0.02497602,206.316693,7.87313340952315,5.74238858923869,3.19098259584115,4.56931869676067,8.07911464567387,8.28906473996191
