"","cue","log","id","rho","burst","iota_N1","iota_N2","phi_N1","phi_N2","fitness_rho","fitness_beta","fitness_psin","fitness_psiw","fitness_phin","fitness_phiw"
"1857","R","none",1857,0.32847234,3.99732036,6.74184056,0.78289943,0.10666685,6216.13238,8.12171730397051,3.56075836608409,7.62759769724875,8.40133383983466,4.5298282700696,8.22223668207765
