"","cue","cue_b","log","log_b","id","rho","burst","iota_N1","iota_N2","phi_N1","phi_N2","fitness_rho","fitness_beta","fitness_psin","fitness_psiw","fitness_phin","fitness_phiw"
"945","R","I","none","log10",945,0.41628129,4.01564981,27.4368063,0.85322141,0.0230687,5586.02523,8.7862644428043,5.2088725720521,6.58240598855028,9.74643680470864,9.0917206737394,9.76099248157231
