"","cue","log","id","rho","burst","iota_N1","iota_N2","phi_N1","phi_N2","fitness_rho","fitness_beta","fitness_psin","fitness_psiw","fitness_phin","fitness_phiw"
"747","R","none",747,0.29947765,3.88733463,59.5884601,0.90786349,0.01117036,16320.564,8.21762309588484,2.94536225836147,4.19115603934034,7.99677031136909,7.50326139963451,8.22075450194796
