"","cue","log","id","rho","burst","iota_N1","iota_N2","phi_N1","phi_N2","fitness_rho","fitness_beta","fitness_psin","fitness_psiw","fitness_phin","fitness_phiw"
"838","R","none",838,0.39208841,4.86583356,6.66793032,0.41684306,0.05422062,445.208537,7.87460558597921,6.22477504692443,7.62091611740337,7.23058322876744,6.90562338498386,8.25265891912058
