"","cue","log","id","rho","burst","iota_N1","iota_N2","phi_N1","phi_N2","fitness_rho","fitness_beta","fitness_psin","fitness_psiw","fitness_phin","fitness_phiw"
"3251","R","none",3251,0.38026568,4.54961039,54.4691383,1.71756327,0.08414048,185.849311,7.91883054070731,5.57026569992943,4.42418220131229,5.16967654883604,5.25073012971104,8.29633016628065
