"","cue","cue_b","log","log_b","id","rho","burst","iota_N1","iota_N2","phi_N1","phi_N2","fitness_rho","fitness_beta","fitness_psin","fitness_psiw","fitness_phin","fitness_phiw"
"761","R","I","none","log10",761,0.16430968,4.78666243,39.716471,1.97540539,0.04441364,210.75542,7.84324904615857,7.7934472210694,5.10530640926096,5.72040720522495,8.06075293940479,9.81811662625923
