"","cue","log","id","rho","burst","iota_N1","iota_N2","phi_N1","phi_N2","fitness_rho","fitness_beta","fitness_psin","fitness_psiw","fitness_phin","fitness_phiw"
"3624","R","none",3624,0.39758377,6.06984662,30.3428008,2.15749935,0.04279775,452.760116,7.85465071009937,6.65123215653759,6.28365278797855,4.48316951331748,7.9666075311764,8.25212137812476
