"","cue","log","id","rho","burst","iota_N1","iota_N2","phi_N1","phi_N2","fitness_rho","fitness_beta","fitness_psin","fitness_psiw","fitness_phin","fitness_phiw"
"3800","R","none",3800,0.33433307,3.94189519,49.8193768,0.91029343,0.02013926,1151.11795,8.09931214868111,3.25792405531055,4.66878771909998,7.98630530928036,7.8871732082357,8.23268623536663
