"","cue","cue_b","log","log_b","id","rho","burst","iota_N1","iota_N2","phi_N1","phi_N2","fitness_rho","fitness_beta","fitness_psin","fitness_psiw","fitness_phin","fitness_phiw"
"629","R","I+Ig","none","log10",629,0.21098933,4.66880802,75.3936658,2.20560135,0.02450458,3796.03481,8.31496397141488,2.89999740033934,2.26214425721326,4.60132326752202,5.57889097429136,9.75934222460377
