"","cue","log","id","rho","burst","iota_N1","iota_N2","phi_N1","phi_N2","fitness_rho","fitness_beta","fitness_psin","fitness_psiw","fitness_phin","fitness_phiw"
"1867","R","none",1867,0.36752032,5.42753816,8.77573592,0.94985469,0.08465213,2574.9876,7.96816448426244,7.54725240527306,7.81716547662385,7.80856433185466,5.23087561438127,8.22560990443268
