"","cue","log","id","rho","burst","iota_N1","iota_N2","phi_N1","phi_N2","fitness_rho","fitness_beta","fitness_psin","fitness_psiw","fitness_phin","fitness_phiw"
"4397","R","none",4397,0.24886732,4.77552965,35.5574663,2.03410842,0.08882599,4718.53575,8.19669918797494,6.0471055211834,5.71640623248671,4.64905213803174,5.07590606520139,8.22299542708609
