"","cue","cue_b","log","log_b","id","rho","burst","iota_N1","iota_N2","phi_N1","phi_N2","fitness_rho","fitness_beta","fitness_psin","fitness_psiw","fitness_phin","fitness_phiw"
"30","R","I+Ig","none","log10",30,0.31054484,6.00309769,8.37549191,1.67711406,0.06470292,1282.23883,7.57871810111831,6.7475207222411,4.78006411366652,5.66185814250635,4.31472619015494,9.76686279172028
