"","cue","log","id","rho","burst","iota_N1","iota_N2","phi_N1","phi_N2","fitness_rho","fitness_beta","fitness_psin","fitness_psiw","fitness_phin","fitness_phiw"
"2415","R","none",2415,0.39291003,3.89164036,10.6501089,0.7581151,0.0652757,74.4327688,7.87159751564592,2.97046540148096,7.98613853330472,8.42904226791402,6.1549533100102,8.39748522880107
