"","cue","log","id","rho","burst","iota_N1","iota_N2","phi_N1","phi_N2","fitness_rho","fitness_beta","fitness_psin","fitness_psiw","fitness_phin","fitness_phiw"
"3366","R","none",3366,0.36732832,6.13638425,12.873533,1.88325296,0.05977326,3439.0902,7.968915807354,6.31230638035789,8.14895809984326,4.87675254643226,6.4974853508637,8.2241650748157
