"","cue","cue_b","log","log_b","id","rho","burst","iota_N1","iota_N2","phi_N1","phi_N2","fitness_rho","fitness_beta","fitness_psin","fitness_psiw","fitness_phin","fitness_phiw"
"927","R","I","none","log10",927,0.30117298,3.92561666,8.32550277,0.69868695,0.05327511,1500.97398,8.11965735991881,4.85567082368553,9.39944220156332,7.94268518256166,7.0171745257812,9.76795306267798
