"","cue","log","id","rho","burst","iota_N1","iota_N2","phi_N1","phi_N2","fitness_rho","fitness_beta","fitness_psin","fitness_psiw","fitness_phin","fitness_phiw"
"3247","R","none",3247,0.34948389,5.26254531,9.74886347,1.49257831,0.0675555,530.762442,8.03965806484581,7.09775951464108,7.90703619264635,5.67609888624598,6.02568074970022,8.24745374441744
