"","cue","log","id","rho","burst","iota_N1","iota_N2","phi_N1","phi_N2","fitness_rho","fitness_beta","fitness_psin","fitness_psiw","fitness_phin","fitness_phiw"
"3111","R","none",3111,0.31822869,3.92179645,31.1485403,0.86805927,0.02359417,1418.6906,8.15913123173671,3.14425824705797,6.18705472908491,8.15799158086811,8.02876053740716,8.23028049085699
