"","cue","log","id","rho","burst","iota_N1","iota_N2","phi_N1","phi_N2","fitness_rho","fitness_beta","fitness_psin","fitness_psiw","fitness_phin","fitness_phiw"
"1570","R","none",1570,0.42864207,4.87798509,18.1717547,0.49121278,0.00815128,3162.70217,7.74998979671955,6.24871401149558,8.19300838266775,7.47206454011195,7.39603000475923,8.22454068451696
