"","cue","log","id","rho","burst","iota_N1","iota_N2","phi_N1","phi_N2","fitness_rho","fitness_beta","fitness_psin","fitness_psiw","fitness_phin","fitness_phiw"
"491","R","none",491,0.21349035,4.60040065,22.9608915,2.07892847,0.06892885,726.13416,7.70013038951844,5.68523279375566,7.45828109573098,4.58693955042834,5.95067403058373,8.24011301788723
