"","cue","log","id","rho","burst","iota_N1","iota_N2","phi_N1","phi_N2","fitness_rho","fitness_beta","fitness_psin","fitness_psiw","fitness_phin","fitness_phiw"
"847","R","none",847,0.32965903,5.29562994,64.1051752,1.09256014,0.00633556,443.310363,8.11722936719429,7.1839350821982,4.00981196447502,7.12665145713921,7.34084811287562,8.25279649691961
