"","cue","log","id","rho","burst","iota_N1","iota_N2","phi_N1","phi_N2","fitness_rho","fitness_beta","fitness_psin","fitness_psiw","fitness_phin","fitness_phiw"
"2584","R","none",2584,0.35407153,4.78448783,53.7002369,0.55870867,0.00651134,41067.1643,8.02140018377712,6.06480480227569,4.46223308287468,7.72409965792903,7.34585751589097,8.22020679608081
