"","cue","log","id","rho","burst","iota_N1","iota_N2","phi_N1","phi_N2","fitness_rho","fitness_beta","fitness_psin","fitness_psiw","fitness_phin","fitness_phiw"
"2237","R","none",2237,0.24174028,4.60723171,10.4830698,2.23328698,0.30583989,865.760524,8.14794484358931,5.7002357979585,7.97189594190289,4.38855690156602,2.3784966928547,8.23687962787035
