"","cue","log","id","rho","burst","iota_N1","iota_N2","phi_N1","phi_N2","fitness_rho","fitness_beta","fitness_psin","fitness_psiw","fitness_phin","fitness_phiw"
"1294","R","none",1294,0.37271372,4.71633558,15.8440394,0.46434876,0.01283177,48.0730353,7.94788683129211,5.92888969225652,8.25054191420574,7.38173329877709,7.56924807087042,8.47657003992848
