"","cue","cue_b","log","log_b","id","rho","burst","iota_N1","iota_N2","phi_N1","phi_N2","fitness_rho","fitness_beta","fitness_psin","fitness_psiw","fitness_phin","fitness_phiw"
"535","R","I+Ig","none","log10",535,0.29833387,5.58638666,36.5973165,1.07984476,0.01416137,849.050594,8.33785809033042,8.54196752036944,3.67075601586568,8.03058941565666,4.47152966715424,9.77251990362421
