"","cue","log","id","rho","burst","iota_N1","iota_N2","phi_N1","phi_N2","fitness_rho","fitness_beta","fitness_psin","fitness_psiw","fitness_phin","fitness_phiw"
"1490","R","none",1490,0.254754,3.94362496,90.0158268,0.83628066,0.00815002,4320.53991,8.22407893447246,3.26761904302697,3.2373978172036,8.26889323373215,7.39598832590789,8.22328350162075
