"","cue","log","id","rho","burst","iota_N1","iota_N2","phi_N1","phi_N2","fitness_rho","fitness_beta","fitness_psin","fitness_psiw","fitness_phin","fitness_phiw"
"4908","R","none",4908,0.35859052,5.91629313,19.3154719,1.96010027,0.06184797,1214.71821,8.00343294354172,7.62136961050716,8.10077030767767,4.75687922297306,6.36234272860071,8.23202061900793
