"","cue","cue_b","log","log_b","id","rho","burst","iota_N1","iota_N2","phi_N1","phi_N2","fitness_rho","fitness_beta","fitness_psin","fitness_psiw","fitness_phin","fitness_phiw"
"1273","R","I","none","log10",1273,0.30097268,5.47521348,17.1646837,1.03164924,0.04292917,728.05024,8.12178741453378,9.39940192728948,9.64309297769119,8.86602926994047,8.28477519975579,9.77770710315855
