"","cue","cue_b","log","log_b","id","rho","burst","iota_N1","iota_N2","phi_N1","phi_N2","fitness_rho","fitness_beta","fitness_psin","fitness_psiw","fitness_phin","fitness_phiw"
"305","R","I","none","log10",305,0.18651712,4.59125076,51.2140766,2.02448209,0.03937045,6746.94007,8.20221723792093,7.21920549877688,4.41352998047079,5.60467054749149,8.91036256327675,9.76054488144378
