"","cue","log","id","rho","burst","iota_N1","iota_N2","phi_N1","phi_N2","fitness_rho","fitness_beta","fitness_psin","fitness_psiw","fitness_phin","fitness_phiw"
"1482","R","none",1482,0.32750785,5.90833069,13.1702003,2.18196966,0.08609308,1120.65529,8.12534553404794,7.68141669032003,8.16593762960611,4.45206844868741,5.17599815848961,8.23303212589007
