"","cue","log","id","rho","burst","iota_N1","iota_N2","phi_N1","phi_N2","fitness_rho","fitness_beta","fitness_psin","fitness_psiw","fitness_phin","fitness_phiw"
"2273","R","none",2273,0.25177207,4.54699347,109.845959,2.26043012,0.02195669,407.382277,8.21150282802324,5.56416476649092,2.82497106733404,4.35584806860399,7.96392601593383,8.2556399046791
