"","cue","log","id","rho","burst","iota_N1","iota_N2","phi_N1","phi_N2","fitness_rho","fitness_beta","fitness_psin","fitness_psiw","fitness_phin","fitness_phiw"
"1007","R","none",1007,0.28047339,4.64425878,15.5985715,1.64788653,0.15207205,16170.4026,8.25292032079024,5.77996209608209,8.2486159405843,5.31061756717248,3.66533564394754,8.22076243566893
