"","cue","cue_b","log","log_b","id","rho","burst","iota_N1","iota_N2","phi_N1","phi_N2","fitness_rho","fitness_beta","fitness_psin","fitness_psiw","fitness_phin","fitness_phiw"
"951","R","I+Ig","none","log10",951,0.30839703,3.91143456,5.55298441,0.79132526,0.06430692,173.418057,7.69482263644538,1.27066153365546,4.25930096524322,9.78867425992538,4.33825957368637,9.82915522986644
