"","cue","log","id","rho","burst","iota_N1","iota_N2","phi_N1","phi_N2","fitness_rho","fitness_beta","fitness_psin","fitness_psiw","fitness_phin","fitness_phiw"
"4357","R","none",4357,0.38668731,5.53296272,33.9324268,1.17252911,0.02058779,2745.2471,7.89460213640659,7.84461097717781,5.87944480206401,6.76632515733441,7.90647321929924,8.22525324237251
