"","cue","cue_b","log","log_b","id","rho","burst","iota_N1","iota_N2","phi_N1","phi_N2","fitness_rho","fitness_beta","fitness_psin","fitness_psiw","fitness_phin","fitness_phiw"
"97","R","I","none","log10",97,0.30700347,5.35148815,12.3837371,1.25584932,0.06592598,5743.84541,8.07096519723035,9.16865385215876,8.55041127029743,7.93857726172592,6.01688420074995,9.76092018888116
