"","cue","log","id","rho","burst","iota_N1","iota_N2","phi_N1","phi_N2","fitness_rho","fitness_beta","fitness_psin","fitness_psiw","fitness_phin","fitness_phiw"
"4362","R","none",4362,0.38863706,6.20251367,36.508449,2.15153326,0.03280222,99.3000392,7.88734076713362,6.01664277175539,5.62637570651068,4.49083855287653,8.24838418486231,8.35713684616801
