"","cue","log","id","rho","burst","iota_N1","iota_N2","phi_N1","phi_N2","fitness_rho","fitness_beta","fitness_psin","fitness_psiw","fitness_phin","fitness_phiw"
"2808","R","none",2808,0.58099009,6.08602411,24.5683576,1.86853864,0.07769019,6571.06483,7.42244509585701,6.56525613488653,7.14104427111916,4.90073517030972,5.51973997076953,8.22210768096151
