"","cue","log","id","rho","burst","iota_N1","iota_N2","phi_N1","phi_N2","fitness_rho","fitness_beta","fitness_psin","fitness_psiw","fitness_phin","fitness_phiw"
"1372","R","none",1372,0.31718708,4.81314942,6.12145458,0.50501067,0.05605239,1313.25263,8.16277044433313,6.12123992805895,7.57236925759189,7.52060253854381,6.76286261019413,8.2311110131851
