"","cue","cue_b","log","log_b","id","rho","burst","iota_N1","iota_N2","phi_N1","phi_N2","fitness_rho","fitness_beta","fitness_psin","fitness_psiw","fitness_phin","fitness_phiw"
"388","R","I+Ig","none","log10",388,0.42591144,4.76844586,155.606613,0.39768826,0.00206653,260.628532,5.63029052624252,3.23138133198782,1.51184307137193,7.80430206116809,3.57787964271161,9.80725564339654
