"","cue","log","id","rho","burst","iota_N1","iota_N2","phi_N1","phi_N2","fitness_rho","fitness_beta","fitness_psin","fitness_psiw","fitness_phin","fitness_phiw"
"3379","R","none",3379,0.29225824,5.47588814,10.2089603,1.14682782,0.04899198,1160.02169,8.23473743148416,7.68463151042568,7.94807523851769,6.87863873193097,7.37238544403042,8.23258931302419
