"","cue","log","id","rho","burst","iota_N1","iota_N2","phi_N1","phi_N2","fitness_rho","fitness_beta","fitness_psin","fitness_psiw","fitness_phin","fitness_phiw"
"143","R","none",143,0.1589226,4.61167078,3.73648697,1.94624829,0.4536625,297.548061,6.39363156457021,5.70993388097495,7.38598181258897,4.77785516977785,1.80498191845452,8.26846874399407
