"","cue","log","id","rho","burst","iota_N1","iota_N2","phi_N1","phi_N2","fitness_rho","fitness_beta","fitness_psin","fitness_psiw","fitness_phin","fitness_phiw"
"4827","R","none",4827,0.33394675,3.86200455,30.0757431,0.6172302,0.02527866,140.948376,8.10080826466356,2.7964860510137,6.31657806066161,7.96998283897252,8.08951694720092,8.31917839601472
