"","cue","cue_b","log","log_b","id","rho","burst","iota_N1","iota_N2","phi_N1","phi_N2","fitness_rho","fitness_beta","fitness_psin","fitness_psiw","fitness_phin","fitness_phiw"
"686","R","I+Ig","none","log10",686,0.2487857,3.9614082,260.077388,0.83077587,0.00209744,873.38691,9.57740224406729,1.34387461151727,1.14543043927629,9.81463640969954,3.57986930427132,9.77205882566889
