"","iter","rho","burst","iota_N1","iota_N2","phi_N1","phi_N2","max_fitness_rho","max_fitness_beta","max_fitness_psin","max_fitness_psiw","max_fitness_phin","max_fitness_phiw","id"
"725",725,0.18826585,4.76398211,21.4903337,1.76823358,0.09420406,4531.90556,8.2323825498453,7.72946099331462,7.91707819663496,6.2540044604327,4.79622291766614,9.76159552427872,"R_none-I_log"
