"","cue","log","id","rho","burst","iota_N1","iota_N2","phi_N1","phi_N2","fitness_rho","fitness_beta","fitness_psin","fitness_psiw","fitness_phin","fitness_phiw"
"3640","R","none",3640,0.37927866,4.91213534,33.8552012,0.4935733,0.00661458,975.953495,7.92259547119627,6.31632265988924,5.88749015106959,7.48025290033895,7.34883504694101,8.23497074399733
