"","cue","cue_b","log","log_b","id","rho","burst","iota_N1","iota_N2","phi_N1","phi_N2","fitness_rho","fitness_beta","fitness_psin","fitness_psiw","fitness_phin","fitness_phiw"
"217","R","I+Ig","none","log10",217,0.35678777,5.57981772,60.1755881,1.39679814,0.0104189,29.7506957,6.35276227584868,8.46508812819807,2.59913847664301,6.50657396041029,4.16897397468291,9.85585592667963
