"","cue","log","id","rho","burst","iota_N1","iota_N2","phi_N1","phi_N2","fitness_rho","fitness_beta","fitness_psin","fitness_psiw","fitness_phin","fitness_phiw"
"4270","R","none",4270,0.46653893,4.85063613,1.1438489,0.44403345,0.17202765,91.6644268,7.64171265130414,6.19488627587073,7.24751568313371,7.31615106829397,3.40821415959715,8.3674510072912
