"","cue","log","id","rho","burst","iota_N1","iota_N2","phi_N1","phi_N2","fitness_rho","fitness_beta","fitness_psin","fitness_psiw","fitness_phin","fitness_phiw"
"4709","R","none",4709,0.21226167,4.4077222,246.522376,1.95340648,0.01336562,322.483235,7.67027122021716,5.20699110769811,1.41055051856575,4.76698263898558,7.59130779355398,8.26481215237602
