"","cue","cue_b","log","log_b","id","rho","burst","iota_N1","iota_N2","phi_N1","phi_N2","fitness_rho","fitness_beta","fitness_psin","fitness_psiw","fitness_phin","fitness_phiw"
"499","R","I","none","log10",499,0.35007299,5.60349631,23.353796,0.92338065,0.02287913,104.316693,8.10884872817552,9.61594701071274,7.42817171286836,9.39798661332626,9.12612120632327,9.85670225127469
