"","cue","cue_b","log","log_b","id","rho","burst","iota_N1","iota_N2","phi_N1","phi_N2","fitness_rho","fitness_beta","fitness_psin","fitness_psiw","fitness_phin","fitness_phiw"
"416","R","I+Ig","none","log10",416,0.25891639,4.07699412,29.7491454,0.86058065,0.01937601,632.2796,9.76421031392213,1.52736174497229,4.37646342972155,9.7066166659681,4.97001227882203,9.77813784362941
