"","cue","cue_b","log","log_b","id","rho","burst","iota_N1","iota_N2","phi_N1","phi_N2","fitness_rho","fitness_beta","fitness_psin","fitness_psiw","fitness_phin","fitness_phiw"
"1236","R","I","none","log10",1236,0.42680944,5.93414603,17.1399569,1.60581672,0.07864698,371.199606,8.9374487889832,7.96362878216023,9.65540769822213,6.72888376000933,5.34268806826704,9.79476213727492
