"","cue","log","id","rho","burst","iota_N1","iota_N2","phi_N1","phi_N2","fitness_rho","fitness_beta","fitness_psin","fitness_psiw","fitness_phin","fitness_phiw"
"2962","R","none",2962,0.42817947,4.76194242,14.0482926,0.47603752,0.02232632,9461.34651,7.75144188116339,6.02018768733775,8.20808758525738,7.42042811521671,7.97898064780085,8.22141634246139
