"","cue","log","id","rho","burst","iota_N1","iota_N2","phi_N1","phi_N2","fitness_rho","fitness_beta","fitness_psin","fitness_psiw","fitness_phin","fitness_phiw"
"1046","R","none",1046,0.25574206,4.03212017,22.41829,0.80859604,0.03475467,110.879282,8.22770069181757,3.74194124086274,7.57381401705885,8.34777832781532,8.24925267204421,8.34396902479199
