"","cue","cue_b","log","log_b","id","rho","burst","iota_N1","iota_N2","phi_N1","phi_N2","fitness_rho","fitness_beta","fitness_psin","fitness_psiw","fitness_phin","fitness_phiw"
"151","R","I+Ig","none","log10",151,0.34207425,5.55368887,13.2795409,0.93611787,0.02243619,1775.4716,6.59293728925796,8.16615197021068,6.11525858307676,9.13812424113447,5.31446669071907,9.76373264063393
