"","cue","log","id","rho","burst","iota_N1","iota_N2","phi_N1","phi_N2","fitness_rho","fitness_beta","fitness_psin","fitness_psiw","fitness_phin","fitness_phiw"
"1614","R","none",1614,0.30459615,5.87008966,3.60701986,1.94604893,0.19837215,165.36676,8.2033847650149,7.95409673832611,7.37734076208764,4.77816028613126,3.13000940150466,8.30530038683144
