"","cue","cue_b","log","log_b","id","rho","burst","iota_N1","iota_N2","phi_N1","phi_N2","fitness_rho","fitness_beta","fitness_psin","fitness_psiw","fitness_phin","fitness_phiw"
"969","R","I","none","log10",969,0.39519215,3.94886484,6.11807276,0.70055216,0.1105181,3678.20528,8.50301921122403,4.94764910192718,9.193764483769,7.95435500606151,4.40578527551692,9.76233034744217
