"","cue","log","id","rho","burst","iota_N1","iota_N2","phi_N1","phi_N2","fitness_rho","fitness_beta","fitness_psin","fitness_psiw","fitness_phin","fitness_phiw"
"3260","R","none",3260,0.26818361,4.0255157,14.3703271,0.68587712,0.03447669,49.4616943,8.25395593609063,3.70812370888,8.22026704926182,8.30154662625476,8.25038606185241,8.47075470391073
