"","cue","log","id","rho","burst","iota_N1","iota_N2","phi_N1","phi_N2","fitness_rho","fitness_beta","fitness_psin","fitness_psiw","fitness_phin","fitness_phiw"
"1388","R","none",1388,0.3449579,4.03469017,150.815981,0.81378769,0.00395212,200.966971,8.0576334868266,3.75503006733608,2.21664776005636,8.33448289542101,7.28020367798401,8.290828646842
