"","cue","cue_b","log","log_b","id","rho","burst","iota_N1","iota_N2","phi_N1","phi_N2","fitness_rho","fitness_beta","fitness_psin","fitness_psiw","fitness_phin","fitness_phiw"
"7","R","I","none","log10",7,0.36649643,5.54801398,52.0919618,1.07397402,0.01043128,2549.27031,8.21874688533072,9.52436956707346,4.37588466955629,8.67713548204133,9.04889240712112,9.76406267264685
