"","cue","log","id","rho","burst","iota_N1","iota_N2","phi_N1","phi_N2","fitness_rho","fitness_beta","fitness_psin","fitness_psiw","fitness_phin","fitness_phiw"
"2720","R","none",2720,0.23424909,4.11824588,2.41019975,0.74171028,0.07038351,5371.80287,8.07346926394858,4.15720757142806,7.30583857994471,8.43062111101551,5.87346867705463,8.22261120997156
