"","cue","log","id","rho","burst","iota_N1","iota_N2","phi_N1","phi_N2","fitness_rho","fitness_beta","fitness_psin","fitness_psiw","fitness_phin","fitness_phiw"
"3056","R","none",3056,0.32639213,3.99179324,22.3045114,0.88774575,0.04263791,1031.9741,8.12952234259927,3.53131976255502,7.59812348971238,8.08085361355267,7.978253516513,8.23415671834005
