"","cue","log","id","rho","burst","iota_N1","iota_N2","phi_N1","phi_N2","fitness_rho","fitness_beta","fitness_psin","fitness_psiw","fitness_phin","fitness_phiw"
"2302","R","none",2302,0.3940346,4.88028792,15.5629243,0.47112037,0.0149746,4421.79072,7.86749323805589,6.25325697364061,8.24822689083407,7.40404943271264,7.65977140471892,8.22320590451275
