"","cue","log","id","rho","burst","iota_N1","iota_N2","phi_N1","phi_N2","fitness_rho","fitness_beta","fitness_psin","fitness_psiw","fitness_phin","fitness_phiw"
"3437","R","none",3437,0.18019183,4.57902885,69.6365857,2.08485166,0.02820364,2535.328,6.85885648959236,5.63761740274383,3.811681850698,4.57889788002154,8.17617837930126,8.22569789173169
