"","cue","log","id","rho","burst","iota_N1","iota_N2","phi_N1","phi_N2","fitness_rho","fitness_beta","fitness_psin","fitness_psiw","fitness_phin","fitness_phiw"
"262","R","none",262,0.35097101,4.7031521,6.3311178,0.5616563,0.04165044,12948.3539,8.0337423267763,5.90214692768987,7.59080362160741,7.73584322038511,8.04389252121253,8.22099251205448
