"","cue","log","id","rho","burst","iota_N1","iota_N2","phi_N1","phi_N2","fitness_rho","fitness_beta","fitness_psin","fitness_psiw","fitness_phin","fitness_phiw"
"1638","R","none",1638,0.32024862,6.05801426,18.7021311,1.93141314,0.03578177,377.645108,8.15197477762878,6.71547456019147,8.15656138650379,4.80061760692667,8.24113849845603,8.25839558700756
