"","cue","cue_b","log","log_b","id","rho","burst","iota_N1","iota_N2","phi_N1","phi_N2","fitness_rho","fitness_beta","fitness_psin","fitness_psiw","fitness_phin","fitness_phiw"
"601","R","I","none","log10",601,0.27430971,5.42542186,128.304552,1.14658229,0.0061452,639.782942,9.49143138739433,9.30977420431642,2.85182275916407,8.37060542620383,8.76253196469082,9.78024830741177
