"","cue","log","id","rho","burst","iota_N1","iota_N2","phi_N1","phi_N2","fitness_rho","fitness_beta","fitness_psin","fitness_psiw","fitness_phin","fitness_phiw"
"832","R","none",832,0.33756522,4.78844196,10.0693096,0.69768339,0.02778277,56.6197527,8.08674810722174,6.07260586663265,7.93575140448476,8.34718232317154,8.16540189822887,8.4443909445288
