"","cue","log","id","rho","burst","iota_N1","iota_N2","phi_N1","phi_N2","fitness_rho","fitness_beta","fitness_psin","fitness_psiw","fitness_phin","fitness_phiw"
"1706","R","none",1706,0.25563064,3.95320399,11.874211,0.8064938,0.03846126,311.82238,8.22730471704018,3.32103171075314,8.0828020805614,8.35294571493602,8.18700689227233,8.26630781796558
