"","cue","cue_b","log","log_b","id","rho","burst","iota_N1","iota_N2","phi_N1","phi_N2","fitness_rho","fitness_beta","fitness_psin","fitness_psiw","fitness_phin","fitness_phiw"
"1063","R","I","none","log10",1063,0.37476183,5.60377651,29.0349656,1.09866641,0.01191452,250.095866,8.28826016491384,9.61639928944177,6.31082973827586,8.57070329127336,9.14009124230721,9.81007157944845
