"","cue","log","id","rho","burst","iota_N1","iota_N2","phi_N1","phi_N2","fitness_rho","fitness_beta","fitness_psin","fitness_psiw","fitness_phin","fitness_phiw"
"2035","R","none",2035,0.22014047,5.55744259,9.55118162,1.1061117,0.04609805,2824.21434,7.84831184197248,7.91104088922245,7.88906092925553,7.06348418899553,7.67004167883746,8.22510247064453
