"","cue","log","id","rho","burst","iota_N1","iota_N2","phi_N1","phi_N2","fitness_rho","fitness_beta","fitness_psin","fitness_psiw","fitness_phin","fitness_phiw"
"259","R","none",259,0.20076005,5.60020822,21.8697019,1.4449366,0.01782261,30.6881393,7.37205432014381,8.02124045826856,7.69000502972253,5.80578833068619,7.78529146928537,8.57771062803083
