"","cue","log","id","rho","burst","iota_N1","iota_N2","phi_N1","phi_N2","fitness_rho","fitness_beta","fitness_psin","fitness_psiw","fitness_phin","fitness_phiw"
"2864","R","none",2864,0.28170345,3.97091424,6.63468392,0.81069528,0.10784818,60.2212683,8.2517031937133,3.4185413539417,7.61791655648763,8.34249568011886,4.49933172420967,8.43305991098445
