"","cue","log","id","rho","burst","iota_N1","iota_N2","phi_N1","phi_N2","fitness_rho","fitness_beta","fitness_psin","fitness_psiw","fitness_phin","fitness_phiw"
"4113","R","none",4113,0.28602307,3.90453415,13.4950804,0.87778266,0.0295522,348.920665,8.24608681531702,3.04521636773117,8.1829926221228,8.1205935855382,8.20635967400577,8.26148772799655
