"","cue","log","id","rho","burst","iota_N1","iota_N2","phi_N1","phi_N2","fitness_rho","fitness_beta","fitness_psin","fitness_psiw","fitness_phin","fitness_phiw"
"4529","R","none",4529,0.25476472,4.598929,30.6367858,2.16778353,0.08334678,1858.11451,8.22411749609412,5.68198479491161,6.24795213511687,4.47003271413673,5.28193305067516,8.22782337732968
