"","cue","log","id","rho","burst","iota_N1","iota_N2","phi_N1","phi_N2","fitness_rho","fitness_beta","fitness_psin","fitness_psiw","fitness_phin","fitness_phiw"
"3886","R","none",3886,0.36178958,4.75819714,22.1664613,0.48121877,0.01458929,3909.77124,7.99075307196322,6.01274778630445,7.62752786620223,7.4378724625883,7.64314278196379,8.22364561482431
