"","cue","cue_b","log","log_b","id","rho","burst","iota_N1","iota_N2","phi_N1","phi_N2","fitness_rho","fitness_beta","fitness_psin","fitness_psiw","fitness_phin","fitness_phiw"
"372","R","I","none","log10",372,0.4954896,6.26529986,27.7640158,1.94351993,0.06222764,383.237569,9.34782669361223,7.8485545424744,6.52469151828041,5.7976923163469,6.26586284682821,9.79371278090507
