"","cue","log","id","rho","burst","iota_N1","iota_N2","phi_N1","phi_N2","fitness_rho","fitness_beta","fitness_psin","fitness_psiw","fitness_phin","fitness_phiw"
"462","R","none",462,0.49199877,6.13290236,20.3398785,1.72495374,0.05631239,1734.55988,7.58024854901008,6.32902418287164,7.97049344736564,5.15541884889255,6.74327734851289,8.22838833028324
