"","cue","log","id","rho","burst","iota_N1","iota_N2","phi_N1","phi_N2","fitness_rho","fitness_beta","fitness_psin","fitness_psiw","fitness_phin","fitness_phiw"
"2690","R","none",2690,0.21227679,3.95409266,20.0867856,0.748389,0.03214239,3898.74878,7.67064106256988,3.32596229318908,8.00724743831793,8.43181196607296,8.24370068672498,8.22365631839061
