"","cue","cue_b","log","log_b","id","rho","burst","iota_N1","iota_N2","phi_N1","phi_N2","fitness_rho","fitness_beta","fitness_psin","fitness_psiw","fitness_phin","fitness_phiw"
"906","R","I","none","log10",906,0.55592527,6.33340214,180.892554,1.64947152,0.00901167,21798.4864,9.27574488785677,7.9597880169816,2.42598275218963,6.59601342154083,8.95725728872406,9.75905388378446
