"","cue","log","id","rho","burst","iota_N1","iota_N2","phi_N1","phi_N2","fitness_rho","fitness_beta","fitness_psin","fitness_psiw","fitness_phin","fitness_phiw"
"3132","R","none",3132,0.27934493,5.92380185,50.7675437,2.29959923,0.02112882,1088.59901,8.25388221385981,7.56522363158171,4.61594940104317,4.30965825792438,7.92947232832241,8.23341857943312
