"","cue","log","id","rho","burst","iota_N1","iota_N2","phi_N1","phi_N2","fitness_rho","fitness_beta","fitness_psin","fitness_psiw","fitness_phin","fitness_phiw"
"3888","R","none",3888,0.35818807,6.10205089,29.1400851,2.12928293,0.03337186,4584.24845,8.00503785548817,6.4822484315939,6.43600362468718,4.51973145352659,8.25070723117836,8.22308531743629
