"","cue","log","id","rho","burst","iota_N1","iota_N2","phi_N1","phi_N2","fitness_rho","fitness_beta","fitness_psin","fitness_psiw","fitness_phin","fitness_phiw"
"981","R","none",981,0.34980693,3.9189339,42.2455259,0.86041451,0.01352513,288.607438,8.03837306281247,3.12792494420301,5.15587816792455,8.18634407354401,7.5979690200651,8.26993200816937
