"","cue","cue_b","log","log_b","id","rho","burst","iota_N1","iota_N2","phi_N1","phi_N2","fitness_rho","fitness_beta","fitness_psin","fitness_psiw","fitness_phin","fitness_phiw"
"578","R","I+Ig","none","log10",578,0.28637466,4.06992304,13.7080848,0.8243535,0.03882608,2084.86279,9.1299210320446,1.51553355224938,6.29509259945748,9.82476599068492,8.29944446458347,9.76251579589515
