"","cue","cue_b","log","log_b","id","rho","burst","iota_N1","iota_N2","phi_N1","phi_N2","fitness_rho","fitness_beta","fitness_psin","fitness_psiw","fitness_phin","fitness_phiw"
"759","R","I+Ig","none","log10",759,0.35766576,3.82681853,17.2236495,0.75703197,0.04830665,441.553522,6.34020781500491,1.15440801093877,9.4936994373578,9.54772371844792,5.88114755153678,9.78736303883542
