"","cue","log","id","rho","burst","iota_N1","iota_N2","phi_N1","phi_N2","fitness_rho","fitness_beta","fitness_psin","fitness_psiw","fitness_phin","fitness_phiw"
"2091","R","none",2091,0.35648818,3.91738142,20.9519123,0.93671461,0.03280359,225.633523,8.01178573035559,3.11904808050027,7.86928858455307,7.86895154597997,8.24838948505952,8.28337229465223
