"","cue","cue_b","log","log_b","id","rho","burst","iota_N1","iota_N2","phi_N1","phi_N2","fitness_rho","fitness_beta","fitness_psin","fitness_psiw","fitness_phin","fitness_phiw"
"1257","R","I","none","log10",1257,0.31090308,3.86094102,11.9374773,0.87515024,0.04706874,114.648078,8.05008211175347,4.5973044426327,8.70194100173167,9.6474350995383,7.70446341314638,9.85163521908959
