"","cue","log","id","rho","burst","iota_N1","iota_N2","phi_N1","phi_N2","fitness_rho","fitness_beta","fitness_psin","fitness_psiw","fitness_phin","fitness_phiw"
"2918","R","none",2918,0.34598967,4.03342404,46.7280004,0.78284667,0.02900245,414.259689,8.05354156053306,3.7485876170529,4.85286613124672,8.40141968926289,8.19487750659153,8.25505800721846
