"","cue","log","id","rho","burst","iota_N1","iota_N2","phi_N1","phi_N2","fitness_rho","fitness_beta","fitness_psin","fitness_psiw","fitness_phin","fitness_phiw"
"3476","R","none",3476,0.20227932,3.90982669,9.2985358,1.05526851,0.06636688,285.070999,7.4121744771666,3.07571474716973,7.86584246380433,7.30373167268607,6.09230645328232,8.27053293092112
