"","cue","cue_b","log","log_b","id","rho","burst","iota_N1","iota_N2","phi_N1","phi_N2","fitness_rho","fitness_beta","fitness_psin","fitness_psiw","fitness_phin","fitness_phiw"
"1072","R","I","none","log10",1072,0.38328255,4.65371361,9.54427587,0.45544005,0.01409444,1606.17829,8.37017972725067,7.40854733260263,9.40386858520492,8.13019611254107,9.26232775871232,9.76733708319554
