"","cue","log","id","rho","burst","iota_N1","iota_N2","phi_N1","phi_N2","fitness_rho","fitness_beta","fitness_psin","fitness_psiw","fitness_phin","fitness_phiw"
"1004","R","none",1004,0.34359463,4.06089199,3.22382956,0.67602097,0.16468025,5961.41517,8.06303253480899,3.88605798111337,7.35277831460295,8.25753617696943,3.49728548999381,8.22233924343955
