"","cue","cue_b","log","log_b","id","rho","burst","iota_N1","iota_N2","phi_N1","phi_N2","fitness_rho","fitness_beta","fitness_psin","fitness_psiw","fitness_phin","fitness_phiw"
"982","R","I","none","log10",982,0.38872448,4.92747957,17.4581524,0.37734232,0.01266897,799.264254,8.42818707359041,8.17631610089479,9.48616107544568,8.27733758385536,9.18425018745795,9.77605081918053
