"","cue","cue_b","log","log_b","id","rho","burst","iota_N1","iota_N2","phi_N1","phi_N2","fitness_rho","fitness_beta","fitness_psin","fitness_psiw","fitness_phin","fitness_phiw"
"672","R","I","none","log10",672,0.390935,6.08107731,36.0561985,1.95016695,0.03330217,4854.51524,8.45304396169382,7.77598517730161,5.42594663378416,5.78143992957373,9.09069834651745,9.76138155142071
