"","cue","cue_b","log","log_b","id","rho","burst","iota_N1","iota_N2","phi_N1","phi_N2","fitness_rho","fitness_beta","fitness_psin","fitness_psiw","fitness_phin","fitness_phiw"
"1039","R","I","none","log10",1039,0.27605008,5.31887792,8.59077341,1.25434299,0.06717164,403.45502,9.37479449756133,9.10304876914412,9.41125962324848,7.94434008611218,5.94059236084281,9.79208543576823
