"","cue","log","id","rho","burst","iota_N1","iota_N2","phi_N1","phi_N2","fitness_rho","fitness_beta","fitness_psin","fitness_psiw","fitness_phin","fitness_phiw"
"2018","R","none",2018,0.2814894,3.93192688,8.5069468,0.92481807,0.11395628,79.0992443,8.25192691578424,3.20178385145371,7.7919289471034,7.92254305246349,4.35089817040804,8.38822270919894
