"","cue","cue_b","log","log_b","id","rho","burst","iota_N1","iota_N2","phi_N1","phi_N2","fitness_rho","fitness_beta","fitness_psin","fitness_psiw","fitness_phin","fitness_phiw"
"538","R","I+Ig","none","log10",538,0.33527299,4.91822154,7.52653093,0.45969962,0.02970983,60.0308954,6.73114096055926,3.80798324338996,4.61006495982411,7.51735110631106,6.49111219758864,9.90286994921126
