"","cue","log","id","rho","burst","iota_N1","iota_N2","phi_N1","phi_N2","fitness_rho","fitness_beta","fitness_psin","fitness_psiw","fitness_phin","fitness_phiw"
"4320","R","none",4320,0.35948744,6.21408425,69.5408038,1.92248855,0.0087846,208.849406,7.99987399183096,5.96901094600994,3.81491992688207,4.81446206081802,7.41699694917052,8.28826180245383
