"","cue","log","id","rho","burst","iota_N1","iota_N2","phi_N1","phi_N2","fitness_rho","fitness_beta","fitness_psin","fitness_psiw","fitness_phin","fitness_phiw"
"3777","R","none",3777,0.43541672,3.94412532,10.0632302,0.73173055,0.10439294,159.882652,7.72907391761258,3.27042062050124,7.93521101921652,8.42367010247653,4.59028936176197,8.30807068103571
