"","cue","log","id","rho","burst","iota_N1","iota_N2","phi_N1","phi_N2","fitness_rho","fitness_beta","fitness_psin","fitness_psiw","fitness_phin","fitness_phiw"
"2977","R","none",2977,0.30232419,5.65072533,20.1084608,0.91865152,0.02623206,478.589944,8.2098952971714,8.13606443451807,8.00421930221,7.94985651044767,8.12064614274926,8.25041090076438
