"","cue","log","id","rho","burst","iota_N1","iota_N2","phi_N1","phi_N2","fitness_rho","fitness_beta","fitness_psin","fitness_psiw","fitness_phin","fitness_phiw"
"1054","R","none",1054,0.32400256,4.66541175,35.1353688,0.42630243,0.00823876,2145.73865,8.13836775131355,5.82442276908517,5.75763029541536,7.26012811373135,7.39887444152544,8.22675635002675
