"","cue","cue_b","log","log_b","id","rho","burst","iota_N1","iota_N2","phi_N1","phi_N2","fitness_rho","fitness_beta","fitness_psin","fitness_psiw","fitness_phin","fitness_phiw"
"967","R","I+Ig","none","log10",967,0.30547391,5.50859163,5.76904881,1.10136181,0.08699711,3728.6125,7.86624752879513,7.68138210568133,4.29532753708668,7.89341541245131,3.43318157060731,9.75941218670148
