"","cue","log","id","rho","burst","iota_N1","iota_N2","phi_N1","phi_N2","fitness_rho","fitness_beta","fitness_psin","fitness_psiw","fitness_phin","fitness_phiw"
"887","R","none",887,0.27874864,4.51743169,27.5117294,2.52726176,0.09926275,1976.97958,8.25432919126774,5.49388570994171,6.6617241922633,4.06158603374341,4.73583362038181,8.22734427457634
