"","cue","log","id","rho","burst","iota_N1","iota_N2","phi_N1","phi_N2","fitness_rho","fitness_beta","fitness_psin","fitness_psiw","fitness_phin","fitness_phiw"
"4829","R","none",4829,0.28110597,4.53361632,94.9412062,2.14926024,0.03511832,236.914188,8.25231614128885,5.53267828556556,3.12461237254694,4.49376699857274,8.24709807721053,8.28045769665039
