"","cue","log","id","rho","burst","iota_N1","iota_N2","phi_N1","phi_N2","fitness_rho","fitness_beta","fitness_psin","fitness_psiw","fitness_phin","fitness_phiw"
"2999","R","none",2999,0.19651546,4.57346678,7.1201887,1.89095971,0.24323628,25291.9676,7.26096694352163,5.62504880038897,7.6621730208167,4.86433136060131,2.75982857556407,8.22043361368077
