"","cue","log","id","rho","burst","iota_N1","iota_N2","phi_N1","phi_N2","fitness_rho","fitness_beta","fitness_psin","fitness_psiw","fitness_phin","fitness_phiw"
"4777","R","none",4777,0.33086287,5.67146676,30.714122,0.94848786,0.0104251,842.762838,8.11265018207558,8.17608338371607,6.23864688103319,7.81489874371078,7.47514877935431,8.23733777606098
