"","cue","log","id","rho","burst","iota_N1","iota_N2","phi_N1","phi_N2","fitness_rho","fitness_beta","fitness_psin","fitness_psiw","fitness_phin","fitness_phiw"
"3966","R","none",3966,0.43066016,6.03159693,20.6456184,2.29866596,0.06862439,164.070853,7.74368531998947,6.86350276532698,7.92206679894359,4.31074545557032,5.96712035630259,8.30593830280237
