"","cue","log","id","rho","burst","iota_N1","iota_N2","phi_N1","phi_N2","fitness_rho","fitness_beta","fitness_psin","fitness_psiw","fitness_phin","fitness_phiw"
"476","R","none",476,0.32534659,4.1468584,7.8293796,0.71130084,0.11556082,178.163992,8.13340875295549,4.28425883939973,7.7281957558063,8.38796815753934,4.31427363695083,8.2994661819637
