"","cue","cue_b","log","log_b","id","rho","burst","iota_N1","iota_N2","phi_N1","phi_N2","fitness_rho","fitness_beta","fitness_psin","fitness_psiw","fitness_phin","fitness_phiw"
"52","R","I","none","log10",52,0.25813562,4.71677196,10.4362143,0.53542348,0.03855524,180.507611,9.74600870785423,7.59409517264329,9.2679100980153,7.91007818337936,9.08390561321024,9.82609840326149
