"","cue","log","id","rho","burst","iota_N1","iota_N2","phi_N1","phi_N2","fitness_rho","fitness_beta","fitness_psin","fitness_psiw","fitness_phin","fitness_phiw"
"2582","R","none",2582,0.33910714,4.05458909,63.641199,0.88205297,0.01146211,8535.36482,8.08071236105523,3.85494047871713,4.02755587333344,8.10373119416283,7.51452824063625,8.22158687084217
