"","cue","cue_b","log","log_b","id","rho","burst","iota_N1","iota_N2","phi_N1","phi_N2","fitness_rho","fitness_beta","fitness_psin","fitness_psiw","fitness_phin","fitness_phiw"
"701","R","I+Ig","none","log10",701,0.24739089,4.51482539,54.5278363,1.80154522,0.07996038,1022.13086,9.53829319878834,2.45514566213522,2.77002277824256,5.36457251097713,3.64444075180472,9.76970021222622
