"","id","cue","log","beta","fitness","par1","par2","par3","par4","default"
"1","I_log","I","log10",5.53,9.30596540683451,5.67384496445113,2.35261390703978,-17.9135609536164,4.23802277087839,TRUE
