"","id","cue","log","beta","fitness","par1","par2","par3","par4","default"
"1","R_log","R","log10",5.53,8.00129785883125,3.45052722298323,203.943971956995,-45.6606954500173,1.76700010551222,FALSE
