"","id","cue","log","beta","fitness","par1","par2","par3","par4","default"
"1","R_none","R","none",6.08,8.57206724596713,-4.96980351674997,45.342070424063,-16.8608441034635,11.8783635366565,FALSE
