"","id","cue","log","beta","fitness","par1","par2","par3","par4","default"
"1","time","t","none",4.7,8.55512899427291,7.49136089658065,-17.7270285225782,2.72090717596567,-15.7934572688781,FALSE
