"","mut_id","res_id","fitness","mut_var1","mut_var2","mut_var3","mut_var4","res_var1","res_var2","res_var3","res_var4","mut_var1_opt","mut_var2_opt","mut_var3_opt","mut_var4_opt"
"1","G1+G2_log","sum_log",0.099595721697737,12.106219,-21.043524,-5.010265,-16.928459,435.1835,-565.3985,-395.7242,-446.595,1.7648399805622,-4.54582264047701,2.35199890027191,-5.43412951560346
