"","id","id_b","label","label_b","fitness","par1","par2","par3","par4","par5"
"1","R_none","Ig_none","R","Ig",8.0103360132478,39.3717221526757,294.318512312565,-461.240507512474,141.978964124223,-263.604558689371
