"","rho","iota_N1","iota_N2","phi_N1","phi_N2","burst"
"3563",0.21531359,6.6898877,1.90294345,0.28668083,3208996.35,4.59967299
"4475",0.11040163,5671.06514,1.86262745,0.00031451,5501.44114,4.62849021
