"","mut_id","res_id","fitness","mut_var1","mut_var2","mut_var3","mut_var4","res_var1","res_var2","res_var3","res_var4","mut_var1_opt","mut_var2_opt","mut_var3_opt","mut_var4_opt"
"1","I1+I2_log","I1+I2_none",0.747587911225556,356.4903,-465.0749,-322.0964,-367.33,0.9999997,-9.1495804,-71.9937848,4998.243879,355.584676599985,-466.725694041204,-319.705178191653,-367.097298417015
