"","mut_id","res_id","fitness","mut_var1","mut_var2","mut_var3","mut_var4","res_var1","res_var2","res_var3","res_var4","mut_var1_opt","mut_var2_opt","mut_var3_opt","mut_var4_opt"
"1","R_log","G-i_none",0.434501630795454,-1708.033,2029.536,1652.683,1716.579,1.353023,-165.8444,60.96032,-7.602019,-812.949854248099,992.987557819429,777.011750027344,819.182511579989
