"","iter","rho","burst","iota_N1","iota_N2","phi_N1","phi_N2","max_fitness_rho","max_fitness_beta","max_fitness_psin","max_fitness_psiw","max_fitness_phin","max_fitness_phiw","id"
"308",308,0.35198541,3.93742043,27.7477126,0.72787925,0.02766831,1005.74338,9.60073441717591,0.843426554458167,9.25915519942235,9.95860944293197,9.66171076672159,9.55165800380477,"G_log"
