"","iter","rho","burst","iota_N1","iota_N2","phi_N1","phi_N2","max_fitness_rho","max_fitness_beta","max_fitness_psin","max_fitness_psiw","max_fitness_phin","max_fitness_phiw","id"
"306",306,0.433109,6.05444724,27.5737317,1.97375722,0.04289905,138.830515,9.62491783059138,9.69899283871492,9.26392761917205,5.96481008584607,9.46307593571488,9.63768691611816,"G_log"
