"","iter","rho","burst","iota_N1","iota_N2","phi_N1","phi_N2","max_fitness_rho","max_fitness_beta","max_fitness_psin","max_fitness_psiw","max_fitness_phin","max_fitness_phiw","id"
"888",888,0.54806609,6.21231824,24.459759,2.12053275,0.06094715,733.646581,9.64957798947973,9.66521357506593,9.34943130628326,5.61772037090918,9.22891431079676,9.55694308666648,"G_log"
