"","iter","rho","burst","iota_N1","iota_N2","phi_N1","phi_N2","max_fitness_rho","max_fitness_beta","max_fitness_psin","max_fitness_psiw","max_fitness_phin","max_fitness_phiw","id"
"203",203,0.17753199,4.53064717,332.684845,2.44411932,0.0079004,187.534267,9.5099385321715,3.99205980585234,3.92705305117433,4.95180617560954,9.91738066040054,9.61242188807143,"G_log"
