"","iter","rho","burst","iota_N1","iota_N2","phi_N1","phi_N2","max_fitness_rho","max_fitness_beta","max_fitness_psin","max_fitness_psiw","max_fitness_phin","max_fitness_phiw","id"
"303",303,0.34670133,3.95409046,13.6606621,0.81520726,0.04051421,1358.51324,9.59888710848047,0.882154183017358,9.64689216353082,9.66076886541458,9.49416089124148,9.54794150328049,"G_log"
