"","iter","rho","burst","iota_N1","iota_N2","phi_N1","phi_N2","max_fitness_rho","max_fitness_beta","max_fitness_psin","max_fitness_psiw","max_fitness_phin","max_fitness_phiw","id"
"130",130,0.34326278,4.80308742,31.1922922,0.45996731,0.01170284,900.528619,9.59766450822134,6.21007990021317,9.16493410180268,10.7763480594351,9.86868115570589,9.55332280544581,"G_log"
