"","iter","rho","burst","iota_N1","iota_N2","phi_N1","phi_N2","max_fitness_rho","max_fitness_beta","max_fitness_psin","max_fitness_psiw","max_fitness_phin","max_fitness_phiw","id"
"971",971,0.28731287,4.6307197,23.8767229,1.95598021,0.17063507,686.518676,9.57515177410388,4.83752051469147,9.36546548125159,6.00889626956942,7.8979168495499,9.55828117150178,"G_log"
