"","iter","rho","burst","iota_N1","iota_N2","phi_N1","phi_N2","max_fitness_rho","max_fitness_beta","max_fitness_psin","max_fitness_psiw","max_fitness_phin","max_fitness_phiw","id"
"611",611,0.20253268,4.64728988,1862.1735,2.23955215,0.00105555,11927.7272,9.52811406263226,4.97658319724853,0.597716940439165,5.35758731998955,10.0040069441927,9.53850902591695,"G_log"
