"","iter","rho","burst","iota_N1","iota_N2","phi_N1","phi_N2","max_fitness_rho","max_fitness_beta","max_fitness_psin","max_fitness_psiw","max_fitness_phin","max_fitness_phiw","id"
"739",739,0.31531566,5.50059888,3.7778584,1.15032346,0.09173227,122.368844,9.58708121361902,9.24937019615256,9.91650688596777,8.47324724293992,8.83710302566447,9.65055864263074,"G_log"
