"","iter","rho","burst","iota_N1","iota_N2","phi_N1","phi_N2","max_fitness_rho","max_fitness_beta","max_fitness_psin","max_fitness_psiw","max_fitness_phin","max_fitness_phiw","id"
"740",740,0.44020081,4.00071445,4.9296883,0.61330317,0.22124943,45.8507972,9.62672084971967,1.00088907401925,9.88544873558598,10.3296436694248,7.35138687171203,9.81707107372207,"G_log"
