"","iter","rho","burst","iota_N1","iota_N2","phi_N1","phi_N2","max_fitness_rho","max_fitness_beta","max_fitness_psin","max_fitness_psiw","max_fitness_phin","max_fitness_phiw","id"
"276",276,0.40774818,6.06456975,10.2278036,1.90986558,0.1683532,7427.30799,9.61810832109813,9.69834470958972,9.74116422340711,6.12537020387498,7.92361014735515,9.5392471839944,"G_log"
