"","iter","rho","burst","iota_N1","iota_N2","phi_N1","phi_N2","max_fitness_rho","max_fitness_beta","max_fitness_psin","max_fitness_psiw","max_fitness_phin","max_fitness_phiw","id"
"530",530,0.26082521,4.00429899,52.7368492,0.79614991,0.00949516,3027.4403,9.56243770018229,1.01069815000954,8.58824802335622,9.72662316014132,9.89699566468974,9.54208187915508,"G_log"
