"","iter","rho","burst","iota_N1","iota_N2","phi_N1","phi_N2","max_fitness_rho","max_fitness_beta","max_fitness_psin","max_fitness_psiw","max_fitness_phin","max_fitness_phiw","id"
"346",346,0.38920568,4.89638693,1.18111811,0.45197074,0.24374285,701.933991,9.61272551375404,6.85464759044549,9.98594836826095,10.7977567140376,7.12272815431979,9.5578245984706,"G_log"
