"","iter","rho","burst","iota_N1","iota_N2","phi_N1","phi_N2","max_fitness_rho","max_fitness_beta","max_fitness_psin","max_fitness_psiw","max_fitness_phin","max_fitness_phiw","id"
"74",74,0.21616248,3.93054911,52.2090516,0.99373561,0.02025214,56.0063546,9.53705778162331,0.827993828668933,8.60206053634234,9.03006683539251,9.75819845845834,9.77147684741593,"G_log"
