"","iter","rho","burst","iota_N1","iota_N2","phi_N1","phi_N2","max_fitness_rho","max_fitness_beta","max_fitness_psin","max_fitness_psiw","max_fitness_phin","max_fitness_phiw","id"
"459",459,0.25200227,3.99046203,15.0891389,0.89646538,0.01412991,539.69176,9.55784689989198,0.973392790361292,9.60757033116573,9.37600581160251,9.83743147385865,9.56393176091785,"G_log"
