"","iter","rho","burst","iota_N1","iota_N2","phi_N1","phi_N2","max_fitness_rho","max_fitness_beta","max_fitness_psin","max_fitness_psiw","max_fitness_phin","max_fitness_phiw","id"
"769",769,0.39424106,5.65936463,54.6664002,1.05594353,0.00643636,1180.44291,9.6142222099415,9.49701687756561,8.53792201761945,8.80809960603543,9.93603500919469,9.54954008430509,"G_log"
