"","iter","rho","burst","iota_N1","iota_N2","phi_N1","phi_N2","max_fitness_rho","max_fitness_beta","max_fitness_psin","max_fitness_psiw","max_fitness_phin","max_fitness_phiw","id"
"310",310,0.36382179,4.91949676,21.1689269,0.48157543,0.0115463,3719.78019,9.6047333727311,7.0016785187334,9.44001237755507,10.7174931486859,9.87069283403076,9.54119222629783,"G_log"
