"","iter","rho","burst","iota_N1","iota_N2","phi_N1","phi_N2","max_fitness_rho","max_fitness_beta","max_fitness_psin","max_fitness_psiw","max_fitness_phin","max_fitness_phiw","id"
"993",993,0.340597,3.85450276,32.3319989,0.83727003,0.01591298,782.227184,9.59670749206031,0.675870473555113,9.13385022844061,9.58403250137701,9.81440990647557,9.55573275902042,"G_log"
