"","iter","rho","burst","iota_N1","iota_N2","phi_N1","phi_N2","max_fitness_rho","max_fitness_beta","max_fitness_psin","max_fitness_psiw","max_fitness_phin","max_fitness_phiw","id"
"413",413,0.2271458,4.61932454,476.860651,2.02316161,0.00504559,1292.48395,9.54382369738344,4.74145187896495,2.87084446348096,5.84464131334851,9.95369662843118,9.54848648899509,"G_log"
