"","iter","rho","burst","iota_N1","iota_N2","phi_N1","phi_N2","max_fitness_rho","max_fitness_beta","max_fitness_psin","max_fitness_psiw","max_fitness_phin","max_fitness_phiw","id"
"663",663,0.39382238,3.98470113,35.8093595,0.69430456,0.02077182,807.017567,9.61409885768476,0.958293411785499,9.0393469343299,10.0700032457419,9.75145283070255,9.5551704073797,"G_log"
