"","iter","rho","burst","iota_N1","iota_N2","phi_N1","phi_N2","max_fitness_rho","max_fitness_beta","max_fitness_psin","max_fitness_psiw","max_fitness_phin","max_fitness_phiw","id"
"655",655,0.35485308,5.5261377,405.682435,0.81128923,0.00140794,577.793997,9.60172094643911,9.29731227675709,3.32710827715187,9.67434060009699,9.99958710940422,9.56219291749588,"G_log"
