"","iter","rho","burst","iota_N1","iota_N2","phi_N1","phi_N2","max_fitness_rho","max_fitness_beta","max_fitness_psin","max_fitness_psiw","max_fitness_phin","max_fitness_phiw","id"
"981",981,0.34980693,3.9189339,42.2455259,0.86041451,0.01352513,288.607438,9.59997559699542,0.802584603717051,8.86594099642833,9.50302911216902,9.84522746185562,9.58664365148572,"G_log"
