"","iter","rho","burst","iota_N1","iota_N2","phi_N1","phi_N2","max_fitness_rho","max_fitness_beta","max_fitness_psin","max_fitness_psiw","max_fitness_phin","max_fitness_phiw","id"
"842",842,0.2297308,4.1492255,35.6322629,1.03009388,0.00790437,34.0428665,9.54536254596257,1.50564121351882,9.0441435922793,8.90030468881578,9.91732893988165,9.89870497768574,"G_log"
