"","iter","rho","burst","iota_N1","iota_N2","phi_N1","phi_N2","max_fitness_rho","max_fitness_beta","max_fitness_psin","max_fitness_psiw","max_fitness_phin","max_fitness_phiw","id"
"801",801,0.5070264,3.8595762,129.955919,0.63854717,0.00671385,233706.967,9.64177216914323,0.685036967110491,6.78914656771958,10.2502386650051,9.9325020835823,9.53735442754165,"G_log"
