"","iter","rho","burst","iota_N1","iota_N2","phi_N1","phi_N2","max_fitness_rho","max_fitness_beta","max_fitness_psin","max_fitness_psiw","max_fitness_phin","max_fitness_phiw","id"
"602",602,0.26147476,4.08449924,24.9044376,0.90143416,0.01580516,974.811975,9.56276826489049,1.25903314131978,9.33720631515962,9.35842946438997,9.81580440684276,9.55210924663102,"G_log"
