"","iter","rho","burst","iota_N1","iota_N2","phi_N1","phi_N2","max_fitness_rho","max_fitness_beta","max_fitness_psin","max_fitness_psiw","max_fitness_phin","max_fitness_phiw","id"
"329",329,0.18394153,4.6549795,9.5185938,2.28751579,0.21718911,841.157681,9.51483681936545,5.04081056686831,9.76058225689499,5.25789567852229,7.3935878093583,9.55445029885439,"G_log"
