"","iter","rho","burst","iota_N1","iota_N2","phi_N1","phi_N2","max_fitness_rho","max_fitness_beta","max_fitness_psin","max_fitness_psiw","max_fitness_phin","max_fitness_phiw","id"
"988",988,0.33004738,4.76259382,3.56853361,0.53833368,0.09446476,44.434274,9.59280910963184,5.90613345851764,9.92213731546936,10.5562251699983,8.80292289274388,9.82487356024921,"G_log"
