"","iter","rho","burst","iota_N1","iota_N2","phi_N1","phi_N2","max_fitness_rho","max_fitness_beta","max_fitness_psin","max_fitness_psiw","max_fitness_phin","max_fitness_phiw","id"
"867",867,0.38369969,3.96726987,12.6209656,0.79243808,0.03609334,11998.9081,8.62838497156692,2.34529962273795,8.65972585262225,8.71996396795738,8.58178020339687,8.57212817362903,"G_none"
