"","iter","rho","burst","iota_N1","iota_N2","phi_N1","phi_N2","max_fitness_rho","max_fitness_beta","max_fitness_psin","max_fitness_psiw","max_fitness_phin","max_fitness_phiw","id"
"711",711,0.40705812,4.04620988,28.8584366,0.83478699,0.01397447,176.579645,8.63369327463962,2.7757831021666,8.29157491208639,8.61383405979205,8.6723228845089,8.63075970226236,"G_none"
