"","iter","rho","burst","iota_N1","iota_N2","phi_N1","phi_N2","max_fitness_rho","max_fitness_beta","max_fitness_psin","max_fitness_psiw","max_fitness_phin","max_fitness_phiw","id"
"164",164,0.2584574,4.01927216,16.9078677,0.96975481,0.03702692,180.023116,8.58910111998685,2.63004108974779,8.58622461279679,8.20204915221656,8.57200455032443,8.62966792264365,"G_none"
