"","iter","rho","burst","iota_N1","iota_N2","phi_N1","phi_N2","max_fitness_rho","max_fitness_beta","max_fitness_psin","max_fitness_psiw","max_fitness_phin","max_fitness_phiw","id"
"419",419,0.16203202,4.7366462,64.6123773,2.21146955,0.02077902,4962.85869,8.53792751134543,5.81992372386131,7.39187653596283,4.73375397712257,8.67877364486785,8.57341667891849,"G_none"
