"","iter","rho","burst","iota_N1","iota_N2","phi_N1","phi_N2","max_fitness_rho","max_fitness_beta","max_fitness_psin","max_fitness_psiw","max_fitness_phin","max_fitness_phiw","id"
"918",918,0.40921275,5.99352938,19.4987939,2.24004252,0.05892368,1938.676,8.63416058351182,8.6669688724644,8.52663591103623,4.68729917992998,8.31540237316798,8.57684077832726,"G_none"
