"","iter","rho","burst","iota_N1","iota_N2","phi_N1","phi_N2","max_fitness_rho","max_fitness_beta","max_fitness_psin","max_fitness_psiw","max_fitness_phin","max_fitness_phiw","id"
"416",416,0.25891639,4.07699412,29.7491454,0.86058065,0.01937601,632.2796,8.58929071466751,2.94004367403467,8.26930542306354,8.54149544544748,8.679438937628,8.58833314129058,"G_none"
