"","iter","rho","burst","iota_N1","iota_N2","phi_N1","phi_N2","max_fitness_rho","max_fitness_beta","max_fitness_psin","max_fitness_psiw","max_fitness_phin","max_fitness_phiw","id"
"473",473,0.16300773,4.52320594,36.8707867,2.05657616,0.05857323,888.271699,8.53859212433974,4.95161560426211,8.09369613850333,5.01026425108013,8.31956917700054,8.58344037803056,"G_none"
