"","iter","rho","burst","iota_N1","iota_N2","phi_N1","phi_N2","max_fitness_rho","max_fitness_beta","max_fitness_psin","max_fitness_psiw","max_fitness_phin","max_fitness_phiw","id"
"927",927,0.30117298,3.92561666,8.32550277,0.69868695,0.05327511,1500.97398,8.60499661450634,2.11640838151509,8.67756162779596,8.88734128694574,8.38284044297017,8.57847666585189,"G_none"
