"","iter","rho","burst","iota_N1","iota_N2","phi_N1","phi_N2","max_fitness_rho","max_fitness_beta","max_fitness_psin","max_fitness_psiw","max_fitness_phin","max_fitness_phiw","id"
"945",945,0.41628129,4.01564981,27.4368063,0.85322141,0.0230687,5586.02523,8.63566103081749,2.61032723134059,8.32728744147977,8.56261332154959,8.67457755843953,8.57317191198447,"G_none"
