"","iter","rho","burst","iota_N1","iota_N2","phi_N1","phi_N2","max_fitness_rho","max_fitness_beta","max_fitness_psin","max_fitness_psiw","max_fitness_phin","max_fitness_phiw","id"
"393",393,0.32046014,4.032362,74.7170086,0.76560007,0.00544518,171.013431,8.61122201917605,2.70106274805368,7.12252020208335,8.77683662993042,8.62187802847432,8.63261923246535,"G_none"
