"","iter","rho","burst","iota_N1","iota_N2","phi_N1","phi_N2","max_fitness_rho","max_fitness_beta","max_fitness_psin","max_fitness_psiw","max_fitness_phin","max_fitness_phiw","id"
"581",581,0.18334292,4.60083836,18.0097233,2.06917723,0.10370767,2791.68835,8.551606851387,5.26364257741796,8.56171473131093,4.98607005198173,7.79359335963038,8.57512732963552,"G_none"
