"","iter","rho","burst","iota_N1","iota_N2","phi_N1","phi_N2","max_fitness_rho","max_fitness_beta","max_fitness_psin","max_fitness_psiw","max_fitness_phin","max_fitness_phiw","id"
"593",593,0.21806464,4.7307588,166.801994,2.15267511,0.01810722,259.996469,8.57074587718452,5.79549764206881,5.17402324661643,4.8335770021533,8.67894698704484,8.61218108622225,"G_none"
