"","iter","rho","burst","iota_N1","iota_N2","phi_N1","phi_N2","max_fitness_rho","max_fitness_beta","max_fitness_psin","max_fitness_psiw","max_fitness_phin","max_fitness_phiw","id"
"737",737,0.26665883,4.6435178,16.6276202,1.91547357,0.18802001,71.9701945,8.59240670990518,5.43671167315047,8.59220017012456,5.30456706483396,6.75110415575355,8.70901491083438,"G_none"
