"","iter","rho","burst","iota_N1","iota_N2","phi_N1","phi_N2","max_fitness_rho","max_fitness_beta","max_fitness_psin","max_fitness_psiw","max_fitness_phin","max_fitness_phiw","id"
"356",356,0.37738182,3.96019777,46.2455161,0.75812205,0.02588042,113.969228,8.62686720986284,2.30640703626727,7.86344117983039,8.79112174219128,8.66381672507479,8.66145363772671,"G_none"
