"","iter","rho","burst","iota_N1","iota_N2","phi_N1","phi_N2","max_fitness_rho","max_fitness_beta","max_fitness_psin","max_fitness_psiw","max_fitness_phin","max_fitness_phiw","id"
"95",95,0.20601711,4.52443256,28.3714724,2.43216099,0.08010408,338.180722,8.56450274097151,4.95653722843325,8.30378439316223,4.40499282130188,8.06813452314649,8.60291111558308,"G_none"
