"","iter","rho","burst","iota_N1","iota_N2","phi_N1","phi_N2","max_fitness_rho","max_fitness_beta","max_fitness_psin","max_fitness_psiw","max_fitness_phin","max_fitness_phiw","id"
"371",371,0.22290557,4.60149024,19.7130394,2.1318589,0.18378513,318.803072,8.57314790356731,5.26627598590844,8.52145512518782,4.87036911868359,6.80328935527818,8.60479334038619,"G_none"
