"","iter","rho","burst","iota_N1","iota_N2","phi_N1","phi_N2","max_fitness_rho","max_fitness_beta","max_fitness_psin","max_fitness_psiw","max_fitness_phin","max_fitness_phiw","id"
"620",620,0.39197354,4.03406548,13.8793544,0.73263218,0.08299093,356.391726,8.63032351884497,2.7102796266088,8.64291362114187,8.8351735578967,8.03480766373087,8.6013199351203,"G_none"
