"","iter","rho","burst","iota_N1","iota_N2","phi_N1","phi_N2","max_fitness_rho","max_fitness_beta","max_fitness_psin","max_fitness_psiw","max_fitness_phin","max_fitness_phiw","id"
"328",328,0.32294545,4.8331209,3.54352933,0.5133288,0.0579814,243.444741,8.61198805759413,6.22109053256821,8.64313951749095,9.15533092620359,8.32661137615403,8.61488532210132,"G_none"
