"","iter","rho","burst","iota_N1","iota_N2","phi_N1","phi_N2","max_fitness_rho","max_fitness_beta","max_fitness_psin","max_fitness_psiw","max_fitness_phin","max_fitness_phiw","id"
"461",461,0.2118842,4.47737801,16.4132056,2.11868037,0.19115904,605.522047,8.56759049446278,4.76741408464932,8.59669185178014,4.8940711569063,6.71264835120472,8.58908088908206,"G_none"
