"","iter","rho","burst","iota_N1","iota_N2","phi_N1","phi_N2","max_fitness_rho","max_fitness_beta","max_fitness_psin","max_fitness_psiw","max_fitness_phin","max_fitness_phiw","id"
"28",28,0.33421368,4.77617139,10.052886,0.49459365,0.02028395,918.466768,8.61535289927628,5.98429287873357,8.6776336850757,9.15661362481544,8.6791626726806,8.58303893906901,"G_none"
