"","iter","rho","burst","iota_N1","iota_N2","phi_N1","phi_N2","max_fitness_rho","max_fitness_beta","max_fitness_psin","max_fitness_psiw","max_fitness_phin","max_fitness_phiw","id"
"989",989,0.28257358,4.66698756,45.2884255,1.64255415,0.06335225,1267.04826,8.59846061882172,5.53257021551088,7.88715548486698,6.0093493066794,8.26299922968822,8.57980776349716,"G_none"
