"","iter","rho","burst","iota_N1","iota_N2","phi_N1","phi_N2","max_fitness_rho","max_fitness_beta","max_fitness_psin","max_fitness_psiw","max_fitness_phin","max_fitness_phiw","id"
"176",176,0.30271561,3.9959038,13.9756079,0.69651397,0.05727875,230.216614,8.60551432664064,2.50247995940166,8.6414367858446,8.89069953416961,8.33498197822376,8.61731503147364,"G_none"
