"","iter","rho","burst","iota_N1","iota_N2","phi_N1","phi_N2","max_fitness_rho","max_fitness_beta","max_fitness_psin","max_fitness_psiw","max_fitness_phin","max_fitness_phiw","id"
"788",788,0.25434936,4.0147822,9.51786597,0.83911269,0.06662202,176.638128,8.58739564421862,2.60560210407028,8.67852978229497,8.6020461479166,8.2245976875691,8.63073998278512,"G_none"
