"","iter","rho","burst","iota_N1","iota_N2","phi_N1","phi_N2","max_fitness_rho","max_fitness_beta","max_fitness_psin","max_fitness_psiw","max_fitness_phin","max_fitness_phiw","id"
"511",511,0.30645524,5.34320514,17.4828524,1.01477261,0.0454765,4319.34177,8.60675459352007,7.94913917818165,8.57362072827986,8.05509491831174,8.47602659983875,8.57374446620984,"G_none"
