"","iter","rho","burst","iota_N1","iota_N2","phi_N1","phi_N2","max_fitness_rho","max_fitness_beta","max_fitness_psin","max_fitness_psiw","max_fitness_phin","max_fitness_phiw","id"
"448",448,0.45048139,4.88533899,13.2526326,0.52391402,0.02503244,857.712364,8.64238470620644,6.43597426632539,8.65188772844184,9.1485912419266,8.66771080172808,8.58387167126906,"G_none"
