"","iter","rho","burst","iota_N1","iota_N2","phi_N1","phi_N2","max_fitness_rho","max_fitness_beta","max_fitness_psin","max_fitness_psiw","max_fitness_phin","max_fitness_phiw","id"
"276",276,0.40774818,6.06456975,10.2278036,1.90986558,0.1683532,7427.30799,8.63384388456159,8.61701676879623,8.67714054174315,5.31720590386804,6.99570234941942,8.57268775293458,"G_none"
