"","iter","rho","burst","iota_N1","iota_N2","phi_N1","phi_N2","max_fitness_rho","max_fitness_beta","max_fitness_psin","max_fitness_psiw","max_fitness_phin","max_fitness_phiw","id"
"902",902,0.2730467,3.94935963,100.927037,0.85388137,0.0072778,650.618101,8.59488832766271,2.24679873295706,6.44312542913678,8.56073133610012,8.64260894040218,8.58785777806222,"G_none"
