"","iter","rho","burst","iota_N1","iota_N2","phi_N1","phi_N2","max_fitness_rho","max_fitness_beta","max_fitness_psin","max_fitness_psiw","max_fitness_phin","max_fitness_phiw","id"
"792",792,0.37052451,6.16775212,16.7842549,1.74526254,0.05315808,465.716108,8.62517184945256,8.43839037516504,8.58887526491815,5.7225643745601,8.38424225669987,8.59436421623024,"G_none"
