"","iter","rho","burst","iota_N1","iota_N2","phi_N1","phi_N2","max_fitness_rho","max_fitness_beta","max_fitness_psin","max_fitness_psiw","max_fitness_phin","max_fitness_phiw","id"
"138",138,0.37834919,5.83075124,12.8422917,2.29368577,0.0760907,1323.94767,8.62710282643366,8.65705282165629,8.65712232719908,4.6034549942189,8.11450307771529,8.57943731690175,"G_none"
