"","iter","rho","burst","iota_N1","iota_N2","phi_N1","phi_N2","max_fitness_rho","max_fitness_beta","max_fitness_psin","max_fitness_psiw","max_fitness_phin","max_fitness_phiw","id"
"219",219,0.36378206,4.04499041,7.7540356,0.73675585,0.12045286,542.692843,8.62345811610385,2.76922079369322,8.67594041357477,8.82847701465464,7.59300030431566,8.59112400227164,"G_none"
