"","iter","rho","burst","iota_N1","iota_N2","phi_N1","phi_N2","max_fitness_rho","max_fitness_beta","max_fitness_psin","max_fitness_psiw","max_fitness_phin","max_fitness_phiw","id"
"664",664,0.39440607,4.74399218,23.7722589,0.54184573,0.01265986,208.731799,8.630880406075,5.85042538837208,8.42003730030471,9.1301070629517,8.66915757315136,8.62190057048161,"G_none"
