"","iter","rho","burst","iota_N1","iota_N2","phi_N1","phi_N2","max_fitness_rho","max_fitness_beta","max_fitness_psin","max_fitness_psiw","max_fitness_phin","max_fitness_phiw","id"
"5",5,0.136123,4.60260258,54.1518138,2.12705195,0.0420811,2168.60582,8.51886240430791,5.27077093113497,7.66435828276883,4.87897641114307,8.51575821674968,8.57624605070293,"G_none"
