"","iter","rho","burst","iota_N1","iota_N2","phi_N1","phi_N2","max_fitness_rho","max_fitness_beta","max_fitness_psin","max_fitness_psiw","max_fitness_phin","max_fitness_phiw","id"
"8",8,0.39799186,3.97305693,11.0059243,0.80423694,0.07817523,214.658757,8.63169322570638,2.37711291859034,8.67367244326357,8.6922570783664,8.09041263076453,8.62054640100534,"G_none"
