"","iter","rho","burst","iota_N1","iota_N2","phi_N1","phi_N2","max_fitness_rho","max_fitness_beta","max_fitness_psin","max_fitness_psiw","max_fitness_phin","max_fitness_phiw","id"
"196",196,0.30436642,4.72889485,14.1963371,0.52628053,0.01464326,566.532868,8.60606315320405,5.78777038067868,8.63795190368862,9.14659415242523,8.67376144046765,8.5902950889795,"G_none"
