"","iter","rho","burst","iota_N1","iota_N2","phi_N1","phi_N2","max_fitness_rho","max_fitness_beta","max_fitness_psin","max_fitness_psiw","max_fitness_phin","max_fitness_phiw","id"
"289",289,0.37603588,5.55019905,6.37548055,0.90469313,0.05071314,391.686338,8.62653597745045,8.36316982363215,8.670093861918,8.40893901039363,8.41354752550731,8.59865856267476,"G_none"
