"","iter","rho","burst","iota_N1","iota_N2","phi_N1","phi_N2","max_fitness_rho","max_fitness_beta","max_fitness_psin","max_fitness_psiw","max_fitness_phin","max_fitness_phiw","id"
"552",552,0.47763383,6.18856993,35.7901491,2.21221902,0.02988566,242.914857,7.95630044536681,4.53741690791745,7.25066279318485,4.32327194732771,7.81459840880892,8.88638840675619,"I+Ig_none"
