"","iter","rho","burst","iota_N1","iota_N2","phi_N1","phi_N2","max_fitness_rho","max_fitness_beta","max_fitness_psin","max_fitness_psiw","max_fitness_phin","max_fitness_phiw","id"
"838",838,0.39208841,4.86583356,6.66793032,0.41684306,0.05422062,445.208537,9.61644599167797,6.3812186045374,9.73787895188113,9.98566465440253,9.28942796317413,9.5817740305343,"I+Ig_log"
