"","iter","rho","burst","iota_N1","iota_N2","phi_N1","phi_N2","max_fitness_rho","max_fitness_beta","max_fitness_psin","max_fitness_psiw","max_fitness_phin","max_fitness_phiw","id"
"803",803,0.38815378,4.58243008,438.866165,1.59143754,0.00809613,933.851632,8.58983229011487,5.48899429844268,3.30206595410905,5.43713398519309,5.74667605632317,8.84576316405889,"I+Ig_none"
