"","iter","rho","burst","iota_N1","iota_N2","phi_N1","phi_N2","max_fitness_rho","max_fitness_beta","max_fitness_psin","max_fitness_psiw","max_fitness_phin","max_fitness_phiw","id"
"239",239,0.17942093,4.58387269,66.1122067,1.55879037,0.02377296,2021.96908,8.73003528074691,5.4916752172454,6.35114169095453,5.51613881405002,6.41043352055145,8.83662705293354,"I+Ig_none"
