"","iter","rho","burst","iota_N1","iota_N2","phi_N1","phi_N2","max_fitness_rho","max_fitness_beta","max_fitness_psin","max_fitness_psiw","max_fitness_phin","max_fitness_phiw","id"
"836",836,0.32162275,4.07776416,14.2233088,0.67535654,0.05298176,328.038243,8.82585375168568,4.42014602658247,7.83807815373167,6.30112118334361,7.94192043929389,8.87369872181264,"I+Ig_none"
