"","iter","rho","burst","iota_N1","iota_N2","phi_N1","phi_N2","max_fitness_rho","max_fitness_beta","max_fitness_psin","max_fitness_psiw","max_fitness_phin","max_fitness_phiw","id"
"647",647,0.25380417,4.41184853,24.3481875,2.03864599,0.12645931,412.113902,8.85177574762417,5.16847409829488,8.00706087194924,4.57563546589587,6.48416901251233,8.86550788642919,"I+Ig_none"
