"","iter","rho","burst","iota_N1","iota_N2","phi_N1","phi_N2","max_fitness_rho","max_fitness_beta","max_fitness_psin","max_fitness_psiw","max_fitness_phin","max_fitness_phiw","id"
"845",845,0.23619367,4.72706102,97.912467,1.96567347,0.01756898,641.689654,8.83520139418362,5.76092179190088,5.82555211219722,4.69312083756505,6.06919522574013,8.85315372136352,"I+Ig_none"
