"","iter","rho","burst","iota_N1","iota_N2","phi_N1","phi_N2","max_fitness_rho","max_fitness_beta","max_fitness_psin","max_fitness_psiw","max_fitness_phin","max_fitness_phiw","id"
"46",46,0.42882493,4.81045359,24.8326771,0.54754292,0.01188511,1208.02976,8.30439581863631,5.92358138846181,7.96125066543195,5.99673552618003,5.87937846646302,8.84196114136299,"I+Ig_none"
