"","iter","rho","burst","iota_N1","iota_N2","phi_N1","phi_N2","max_fitness_rho","max_fitness_beta","max_fitness_psin","max_fitness_psiw","max_fitness_phin","max_fitness_phiw","id"
"922",922,0.39425157,4.77087576,24.2857652,0.51420198,0.02353842,690.344852,8.55302594157366,5.84564659587582,8.01309905386821,5.92067415658626,6.38945137294411,8.85151598481681,"I+Ig_none"
