"","iter","rho","burst","iota_N1","iota_N2","phi_N1","phi_N2","max_fitness_rho","max_fitness_beta","max_fitness_psin","max_fitness_psiw","max_fitness_phin","max_fitness_phiw","id"
"601",601,0.27430971,5.42542186,128.304552,1.14658229,0.0061452,639.782942,8.86013720592479,7.42429473315441,5.46002181833143,6.85003304683529,5.67237562987435,8.85322102711291,"I+Ig_none"
