"","iter","rho","burst","iota_N1","iota_N2","phi_N1","phi_N2","max_fitness_rho","max_fitness_beta","max_fitness_psin","max_fitness_psiw","max_fitness_phin","max_fitness_phiw","id"
"274",274,0.29022883,4.6422331,2.33761198,0.69024741,0.15077499,106.677718,8.85765708889382,5.60043731949123,5.62182643487119,6.35962158810658,6.23995474318904,8.91824615699314,"I+Ig_none"
