"","iter","rho","burst","iota_N1","iota_N2","phi_N1","phi_N2","max_fitness_rho","max_fitness_beta","max_fitness_psin","max_fitness_psiw","max_fitness_phin","max_fitness_phiw","id"
"636",636,0.33399161,6.06377592,49.0426627,1.85161122,0.01409132,858.373746,9.60193430155321,9.4015193839286,8.40590951146069,5.78700647992664,9.73843829397714,9.56593656941741,"I+Ig_log"
