"","iter","rho","burst","iota_N1","iota_N2","phi_N1","phi_N2","max_fitness_rho","max_fitness_beta","max_fitness_psin","max_fitness_psiw","max_fitness_phin","max_fitness_phiw","id"
"718",718,0.32712366,4.81562184,27.9377024,0.45377954,0.00535005,3229.474,9.59986156430946,6.12312720065461,9.20793366944498,10.0912597223659,9.68851930545384,9.55322043768373,"I+Ig_log"
