"","iter","rho","burst","iota_N1","iota_N2","phi_N1","phi_N2","max_fitness_rho","max_fitness_beta","max_fitness_psin","max_fitness_psiw","max_fitness_phin","max_fitness_phiw","id"
"292",292,0.36983572,4.72059109,15.1359498,0.42172845,0.01928054,886.869538,9.61146674391545,5.64057630493649,9.61587649831994,10.0017508082194,9.72525999477679,9.56538578885038,"I+Ig_log"
