"","iter","rho","burst","iota_N1","iota_N2","phi_N1","phi_N2","max_fitness_rho","max_fitness_beta","max_fitness_psin","max_fitness_psiw","max_fitness_phin","max_fitness_phiw","id"
"889",889,0.30839375,5.45454955,19.3000368,1.2151511,0.03864211,766.248928,9.593751615457,9.02147214296033,9.50034333552727,8.00614720386925,9.52965904862106,9.56800500496873,"I+Ig_log"
