"","iter","rho","burst","iota_N1","iota_N2","phi_N1","phi_N2","max_fitness_rho","max_fitness_beta","max_fitness_psin","max_fitness_psiw","max_fitness_phin","max_fitness_phiw","id"
"755",755,0.21702389,4.60112717,82.5805073,2.22444093,0.02642216,505.209718,8.80812035997665,5.52375854395316,6.05251763585829,4.30678451430196,6.80343409731476,8.85927817104802,"I+Ig_none"
