"","iter","rho","burst","iota_N1","iota_N2","phi_N1","phi_N2","max_fitness_rho","max_fitness_beta","max_fitness_psin","max_fitness_psiw","max_fitness_phin","max_fitness_phiw","id"
"897",897,0.28422007,3.92401532,11.4363374,1.02705293,0.06213599,156.479065,9.58474247752195,2.38765019297053,9.6938211934062,8.83864224362588,9.15453760137644,9.64005314647018,"I+Ig_log"
