"","iter","rho","burst","iota_N1","iota_N2","phi_N1","phi_N2","max_fitness_rho","max_fitness_beta","max_fitness_psin","max_fitness_psiw","max_fitness_phin","max_fitness_phiw","id"
"429",429,0.30324831,3.88025728,9.59036076,0.93709024,0.05895336,2204.30901,9.59194623041283,2.25701791085313,9.72019800952986,9.21857706606724,9.20946678329143,9.55537246805139,"I+Ig_log"
