"","iter","rho","burst","iota_N1","iota_N2","phi_N1","phi_N2","max_fitness_rho","max_fitness_beta","max_fitness_psin","max_fitness_psiw","max_fitness_phin","max_fitness_phiw","id"
"491",491,0.21349035,4.60040065,22.9608915,2.07892847,0.06892885,726.13416,8.80214940715018,5.52240740940266,8.1486066435006,4.51383687478724,7.41410192487943,8.85044505374489,"I+Ig_none"
