"","iter","rho","burst","iota_N1","iota_N2","phi_N1","phi_N2","max_fitness_rho","max_fitness_beta","max_fitness_psin","max_fitness_psiw","max_fitness_phin","max_fitness_phiw","id"
"543",543,0.40661641,4.09260828,38.0446256,0.79151266,0.0123163,257.941787,9.61936754264227,2.93689877331032,8.82676939650805,9.74726123021213,9.73673134124599,9.6051584542847,"I+Ig_log"
