"","iter","rho","burst","iota_N1","iota_N2","phi_N1","phi_N2","max_fitness_rho","max_fitness_beta","max_fitness_psin","max_fitness_psiw","max_fitness_phin","max_fitness_phiw","id"
"677",677,0.28467217,4.34878997,18.8857173,2.25665262,0.16442163,242.412342,8.85947216311293,5.04465273019392,8.64794929097949,4.26405950146813,6.1204723541882,8.88648186251816,"I+Ig_none"
