"","iter","rho","burst","iota_N1","iota_N2","phi_N1","phi_N2","max_fitness_rho","max_fitness_beta","max_fitness_psin","max_fitness_psiw","max_fitness_phin","max_fitness_phiw","id"
"648",648,0.28168866,6.11117359,9.4130306,1.89979771,0.09222105,321.89876,9.58372208653243,9.30263727313567,9.72218325809047,5.66441870107011,8.61556434033576,9.59418716137543,"I+Ig_log"
