"","iter","rho","burst","iota_N1","iota_N2","phi_N1","phi_N2","max_fitness_rho","max_fitness_beta","max_fitness_psin","max_fitness_psiw","max_fitness_phin","max_fitness_phiw","id"
"24",24,0.55540904,5.88213474,35.583306,1.77822473,0.03262709,219.45284,9.63874365645058,9.62150868982679,8.92117193128631,5.9842043285303,9.60748063231352,9.61473341061577,"I+Ig_log"
