"","iter","rho","burst","iota_N1","iota_N2","phi_N1","phi_N2","max_fitness_rho","max_fitness_beta","max_fitness_psin","max_fitness_psiw","max_fitness_phin","max_fitness_phiw","id"
"122",122,0.37104493,4.05068151,4.98601375,0.68476063,0.13830881,327.495957,8.67831058492921,4.34479409291045,5.82965863836218,6.33694552132653,6.35936134263558,8.87376390417471,"I+Ig_none"
