"","iter","rho","burst","iota_N1","iota_N2","phi_N1","phi_N2","max_fitness_rho","max_fitness_beta","max_fitness_psin","max_fitness_psiw","max_fitness_phin","max_fitness_phiw","id"
"592",592,0.45738471,4.79275262,172.255493,0.41632763,0.00179358,179.291452,8.09074835008878,5.8885497787257,5.03746773261379,5.67152239347714,5.49467936348344,8.90069633079899,"I+Ig_none"
