"","iter","rho","burst","iota_N1","iota_N2","phi_N1","phi_N2","max_fitness_rho","max_fitness_beta","max_fitness_psin","max_fitness_psiw","max_fitness_phin","max_fitness_phiw","id"
"21",21,0.45105014,3.98146722,20.7788483,0.82059535,0.03222346,684.785941,9.62692738827366,2.56652297537419,9.45431905453587,9.65302196026689,9.61227775723711,9.57028993366293,"I+Ig_log"
