"","iter","rho","burst","iota_N1","iota_N2","phi_N1","phi_N2","max_fitness_rho","max_fitness_beta","max_fitness_psin","max_fitness_psiw","max_fitness_phin","max_fitness_phiw","id"
"193",193,0.29243229,5.20046507,38.5490686,1.15783672,0.03057412,134.599199,9.58795928416732,8.0407784632433,8.80737829137889,8.25892050051127,9.63123684113892,9.65407507479236,"I+Ig_log"
