"","iter","rho","burst","iota_N1","iota_N2","phi_N1","phi_N2","max_fitness_rho","max_fitness_beta","max_fitness_psin","max_fitness_psiw","max_fitness_phin","max_fitness_phiw","id"
"911",911,0.12182282,4.61320034,21.7198848,2.4119869,0.070354,988.259316,9.46638530547562,5.11106639234622,9.42396199392363,4.62691197734512,9.00965418968362,9.56367457635661,"I+Ig_log"
