"","iter","rho","burst","iota_N1","iota_N2","phi_N1","phi_N2","max_fitness_rho","max_fitness_beta","max_fitness_psin","max_fitness_psiw","max_fitness_phin","max_fitness_phiw","id"
"953",953,0.21541538,4.75619779,16.5457033,1.98199073,0.08429053,305.432243,8.80543826300336,5.81709734117167,8.85896036674815,4.66620240720428,7.07893025104017,8.87652553483314,"I+Ig_none"
