"","iter","rho","burst","iota_N1","iota_N2","phi_N1","phi_N2","max_fitness_rho","max_fitness_beta","max_fitness_psin","max_fitness_psiw","max_fitness_phin","max_fitness_phiw","id"
"355",355,0.26987102,5.60040038,5.4073133,1.13764716,0.07512384,1580.30875,9.57871503415527,9.39389649966398,9.73368847045027,8.34872821323196,8.92421797609465,9.5580439145949,"I+Ig_log"
