"","iter","rho","burst","iota_N1","iota_N2","phi_N1","phi_N2","max_fitness_rho","max_fitness_beta","max_fitness_psin","max_fitness_psiw","max_fitness_phin","max_fitness_phiw","id"
"454",454,0.40367123,4.82279332,17.9487554,0.51452216,0.01750754,158.82705,9.61879275315688,6.15990393301323,9.54034299535629,10.1823717676962,9.73248057723877,9.63876643184966,"I+Ig_log"
