"","iter","rho","burst","iota_N1","iota_N2","phi_N1","phi_N2","max_fitness_rho","max_fitness_beta","max_fitness_psin","max_fitness_psiw","max_fitness_phin","max_fitness_phiw","id"
"977",977,0.13274756,4.56679095,32.8519661,2.48435865,0.04927776,1649.65299,8.59155770336505,5.45993574522969,7.39763680985815,3.98907342773293,8.11224536630679,8.83842991325634,"I+Ig_none"
