"","iter","rho","burst","iota_N1","iota_N2","phi_N1","phi_N2","max_fitness_rho","max_fitness_beta","max_fitness_psin","max_fitness_psiw","max_fitness_phin","max_fitness_phiw","id"
"326",326,0.32323996,3.99360325,5.18433636,0.84323199,0.1386141,275.37387,8.82309908428408,4.17515360268059,5.84394500812973,8.85673776702284,6.35630340931772,8.88084612485909,"I+Ig_none"
