"","iter","rho","burst","iota_N1","iota_N2","phi_N1","phi_N2","max_fitness_rho","max_fitness_beta","max_fitness_psin","max_fitness_psiw","max_fitness_phin","max_fitness_phiw","id"
"279",279,0.35062514,3.98005517,138.865632,0.78401188,0.00302881,109.646881,8.75671552335514,4.13255782853841,5.34997478424597,7.73947003702729,5.54620441298232,8.91809562234313,"I+Ig_none"
