"","iter","rho","burst","iota_N1","iota_N2","phi_N1","phi_N2","max_fitness_rho","max_fitness_beta","max_fitness_psin","max_fitness_psiw","max_fitness_phin","max_fitness_phiw","id"
"373",373,0.45000656,5.57186909,6.31937035,1.06592326,0.08452653,1624.67891,9.62676924982074,9.33366387049603,9.73753674481513,8.66781602690504,8.7545090574682,9.55778764467219,"I+Ig_log"
