"","iter","rho","burst","iota_N1","iota_N2","phi_N1","phi_N2","max_fitness_rho","max_fitness_beta","max_fitness_psin","max_fitness_psiw","max_fitness_phin","max_fitness_phiw","id"
"666",666,0.35886824,6.03050265,17.8535188,2.27878074,0.06869288,319.262715,8.72839190515525,5.30757549275548,8.77139134729036,4.23530979530546,7.42021874132268,8.87475739768504,"I+Ig_none"
