"","iter","rho","burst","iota_N1","iota_N2","phi_N1","phi_N2","max_fitness_rho","max_fitness_beta","max_fitness_psin","max_fitness_psiw","max_fitness_phin","max_fitness_phiw","id"
"140",140,0.32795045,4.01690261,3.31912478,0.76508292,0.33171273,221.233717,8.81442528888205,4.24626419347029,5.70260609558198,7.22104361073684,5.11806992320458,8.8907060101926,"I+Ig_none"
