"","iter","rho","burst","iota_N1","iota_N2","phi_N1","phi_N2","max_fitness_rho","max_fitness_beta","max_fitness_psin","max_fitness_psiw","max_fitness_phin","max_fitness_phiw","id"
"341",341,0.15619126,4.53198795,28.9158917,2.26691544,0.0695544,1160.93056,9.50384617427895,4.72619518345574,9.17215060198484,4.87909099015607,9.02390122506026,9.56144115479422,"I+Ig_log"
