"","iter","rho","burst","iota_N1","iota_N2","phi_N1","phi_N2","max_fitness_rho","max_fitness_beta","max_fitness_psin","max_fitness_psiw","max_fitness_phin","max_fitness_phiw","id"
"988",988,0.33004738,4.76259382,3.56853361,0.53833368,0.09446476,44.434274,9.60075436132466,5.85252480434571,9.71091639416666,10.1924225909515,8.57517970045578,9.83364879263038,"I+Ig_log"
