"","iter","rho","burst","iota_N1","iota_N2","phi_N1","phi_N2","max_fitness_rho","max_fitness_beta","max_fitness_psin","max_fitness_psiw","max_fitness_phin","max_fitness_phiw","id"
"324",324,0.41018358,6.08179211,61.6369552,1.71761386,0.01974999,1717.07929,9.6200426664881,9.36568093431064,7.94411656834036,6.15730497416832,9.72292761693686,9.5572922644329,"I+Ig_log"
