"","iter","rho","burst","iota_N1","iota_N2","phi_N1","phi_N2","max_fitness_rho","max_fitness_beta","max_fitness_psin","max_fitness_psiw","max_fitness_phin","max_fitness_phiw","id"
"3",3,0.27710708,3.92125347,45.580983,0.90451433,0.01225722,560.416518,9.58182265690072,2.3792601771861,8.5374072966412,9.34801949024316,9.73661356804767,9.57504154705709,"I+Ig_log"
