"","iter","rho","burst","iota_N1","iota_N2","phi_N1","phi_N2","max_fitness_rho","max_fitness_beta","max_fitness_psin","max_fitness_psiw","max_fitness_phin","max_fitness_phiw","id"
"989",989,0.28257358,4.66698756,45.2884255,1.64255415,0.06335225,1267.04826,9.58408196355343,5.37361154205064,8.54858234685723,6.3854827497767,9.13334772003905,9.56037211353519,"I+Ig_log"
