"","iter","rho","burst","iota_N1","iota_N2","phi_N1","phi_N2","max_fitness_rho","max_fitness_beta","max_fitness_psin","max_fitness_psiw","max_fitness_phin","max_fitness_phiw","id"
"714",714,0.45548665,6.19123666,33.2952166,1.95032598,0.03094565,143.52748,9.62758382248833,9.10566990938874,9.00834512726136,5.54135761410833,9.62706152752722,9.64786638441426,"I+Ig_log"
