"","iter","rho","burst","iota_N1","iota_N2","phi_N1","phi_N2","max_fitness_rho","max_fitness_beta","max_fitness_psin","max_fitness_psiw","max_fitness_phin","max_fitness_phiw","id"
"124",124,0.41592167,4.87140638,2.56907256,0.49019563,0.11324845,241.51916,8.40286286216396,6.04663204421905,5.64122727925752,5.8622129662314,6.63996305843223,8.88665105013049,"I+Ig_none"
