"","iter","rho","burst","iota_N1","iota_N2","phi_N1","phi_N2","max_fitness_rho","max_fitness_beta","max_fitness_psin","max_fitness_psiw","max_fitness_phin","max_fitness_phiw","id"
"644",644,0.25368258,3.99220475,29.6040703,0.85131473,0.0254118,154.437785,9.57121315624087,2.60089462492845,9.14677098218845,9.54669216560093,9.68299063233169,9.64120157925302,"I+Ig_log"
