"","iter","rho","burst","iota_N1","iota_N2","phi_N1","phi_N2","max_fitness_rho","max_fitness_beta","max_fitness_psin","max_fitness_psiw","max_fitness_phin","max_fitness_phiw","id"
"186",186,0.41281603,6.03280858,15.8163112,2.03858488,0.06760747,1419.94967,9.62054225894711,9.45775256495077,9.59868935312963,5.33891122480058,9.05847297290678,9.55910836498172,"I+Ig_log"
