"","iter","rho","burst","iota_N1","iota_N2","phi_N1","phi_N2","max_fitness_rho","max_fitness_beta","max_fitness_psin","max_fitness_psiw","max_fitness_phin","max_fitness_phiw","id"
"770",770,0.29973217,3.88631715,15.9309663,0.66292474,0.06456449,4012.34969,9.59067972177842,2.27482327708309,9.59571913370785,10.0734110786179,9.11212954686888,9.55231515963934,"I+Ig_log"
