"","iter","rho","burst","iota_N1","iota_N2","phi_N1","phi_N2","max_fitness_rho","max_fitness_beta","max_fitness_psin","max_fitness_psiw","max_fitness_phin","max_fitness_phiw","id"
"175",175,0.21932152,5.69129292,11.6771988,0.90728481,0.00998567,143.408257,9.55239899442569,9.54204962271227,9.68968000010321,9.3372216362518,9.72863577190012,9.64794542105001,"I+Ig_log"
