"","iter","rho","burst","iota_N1","iota_N2","phi_N1","phi_N2","max_fitness_rho","max_fitness_beta","max_fitness_psin","max_fitness_psiw","max_fitness_phin","max_fitness_phiw","id"
"887",887,0.27874864,4.51743169,27.5117294,2.52726176,0.09926275,1976.97958,8.86027744545143,5.36811620526464,7.73708302685198,3.94192974834571,6.83076992258357,8.83681188210248,"I+Ig_none"
