"","iter","rho","burst","iota_N1","iota_N2","phi_N1","phi_N2","max_fitness_rho","max_fitness_beta","max_fitness_psin","max_fitness_psiw","max_fitness_phin","max_fitness_phiw","id"
"637",637,0.24356028,5.57723579,21.9245697,1.14212683,0.01515372,259.1236,8.84313654244791,8.04103763808687,8.26495031596107,6.86992674969784,5.98618263290608,8.88349323637836,"I+Ig_none"
