"","iter","rho","burst","iota_N1","iota_N2","phi_N1","phi_N2","max_fitness_rho","max_fitness_beta","max_fitness_psin","max_fitness_psiw","max_fitness_phin","max_fitness_phiw","id"
"286",286,0.33778782,4.76149283,7.88268972,0.62036479,0.0158368,80.1834553,8.79278187907383,5.82737633503971,6.03149252620737,6.15059598839205,6.00874127319187,8.90500789664683,"I+Ig_none"
