"","iter","rho","burst","iota_N1","iota_N2","phi_N1","phi_N2","max_fitness_rho","max_fitness_beta","max_fitness_psin","max_fitness_psiw","max_fitness_phin","max_fitness_phiw","id"
"779",779,0.16814135,4.55746724,112.315008,1.98339902,0.01678985,590.150666,9.51478090786754,4.84533868038017,6.44484182932249,5.46369101078652,9.73464994081101,9.57372725735635,"I+Ig_log"
