"","iter","rho","burst","iota_N1","iota_N2","phi_N1","phi_N2","max_fitness_rho","max_fitness_beta","max_fitness_psin","max_fitness_psiw","max_fitness_phin","max_fitness_phiw","id"
"883",883,0.23456997,5.54878399,5.08705608,1.20437441,0.07491639,264.735877,9.56127973231628,9.28030667868476,9.73124404254037,8.05333481815552,8.92794671013523,9.60374737365281,"I+Ig_log"
