"","iter","rho","burst","iota_N1","iota_N2","phi_N1","phi_N2","max_fitness_rho","max_fitness_beta","max_fitness_psin","max_fitness_psiw","max_fitness_phin","max_fitness_phiw","id"
"130",130,0.34326278,4.80308742,31.1922922,0.45996731,0.01170284,900.528619,9.60459709485155,6.0589329746584,9.08762966916945,10.1052122865495,9.73527828386906,9.56513340361031,"I+Ig_log"
