"","iter","rho","burst","iota_N1","iota_N2","phi_N1","phi_N2","max_fitness_rho","max_fitness_beta","max_fitness_psin","max_fitness_psiw","max_fitness_phin","max_fitness_phiw","id"
"624",624,0.36612314,5.98037076,8.81270934,2.21522784,0.075524,78.2564596,9.61056987931969,9.53629920254566,9.72810898534786,4.97592788669538,8.91702136949361,9.72275577498417,"I+Ig_log"
