"","iter","rho","burst","iota_N1","iota_N2","phi_N1","phi_N2","max_fitness_rho","max_fitness_beta","max_fitness_psin","max_fitness_psiw","max_fitness_phin","max_fitness_phiw","id"
"311",311,0.31361642,4.45524569,17.7073354,2.01932107,0.22692333,1746.03046,8.83772850560639,5.2513729568316,8.78661016669565,4.60603411547754,5.67322327059579,8.83789250367412,"I+Ig_none"
