"","iter","rho","burst","iota_N1","iota_N2","phi_N1","phi_N2","max_fitness_rho","max_fitness_beta","max_fitness_psin","max_fitness_psiw","max_fitness_phin","max_fitness_phiw","id"
"466",466,0.41426221,4.74476169,15.0364679,0.46630386,0.01957602,657.692314,9.62080529998162,5.76220187683305,9.61832436302381,10.1183666902197,9.72381223617939,9.57117481226313,"I+Ig_log"
