"","iter","rho","burst","iota_N1","iota_N2","phi_N1","phi_N2","max_fitness_rho","max_fitness_beta","max_fitness_psin","max_fitness_psiw","max_fitness_phin","max_fitness_phiw","id"
"36",36,0.60879709,6.04331829,37.3057996,2.08543806,0.03994433,362.379867,9.64258899366268,9.43945289465356,8.85515353079246,5.23744442599883,9.51144235163499,9.58919900856272,"I+Ig_log"
