"","iter","rho","burst","iota_N1","iota_N2","phi_N1","phi_N2","max_fitness_rho","max_fitness_beta","max_fitness_psin","max_fitness_psiw","max_fitness_phin","max_fitness_phiw","id"
"612",612,0.39502218,6.0877626,1615.08816,2.1569198,0.00102017,18039.3472,8.54825052606757,5.06694593053798,0.863271696335854,4.39987235958338,5.46225927792664,8.82938442990179,"I+Ig_none"
