"","iter","rho","burst","iota_N1","iota_N2","phi_N1","phi_N2","max_fitness_rho","max_fitness_beta","max_fitness_psin","max_fitness_psiw","max_fitness_phin","max_fitness_phiw","id"
"807",807,0.30097137,4.00763817,15.8149762,0.74657026,0.03730752,1185.70732,9.59112736249244,2.6508239689484,9.59872312150581,9.8792605970496,9.54786158038715,9.56117555033097,"I+Ig_log"
