"","iter","rho","burst","iota_N1","iota_N2","phi_N1","phi_N2","max_fitness_rho","max_fitness_beta","max_fitness_psin","max_fitness_psiw","max_fitness_phin","max_fitness_phiw","id"
"436",436,0.43082765,4.89885706,1.74799203,0.41599734,0.09022798,150.568856,8.28877420119487,6.1033758525361,5.57160140017571,5.67066432751376,6.97364982263839,8.90868270421872,"I+Ig_none"
