"","iter","rho","burst","iota_N1","iota_N2","phi_N1","phi_N2","max_fitness_rho","max_fitness_beta","max_fitness_psin","max_fitness_psiw","max_fitness_phin","max_fitness_phiw","id"
"66",66,0.59616148,5.97302348,22.1003478,2.20600697,0.08803456,249.4994,9.54101403930018,9.03462532641285,9.3238580537482,5.07489012538956,8.5906905371208,9.53026171888901,"I_log"
