"","iter","rho","burst","iota_N1","iota_N2","phi_N1","phi_N2","max_fitness_rho","max_fitness_beta","max_fitness_psin","max_fitness_psiw","max_fitness_phin","max_fitness_phiw","id"
"460",460,0.47633748,4.61023545,16.7641066,0.50582142,0.01347101,733.250118,9.54230120604844,6.28054721157446,9.49518462220687,9.0934068760967,9.39364606876226,9.49008691800068,"I_log"
