"","iter","rho","burst","iota_N1","iota_N2","phi_N1","phi_N2","max_fitness_rho","max_fitness_beta","max_fitness_psin","max_fitness_psiw","max_fitness_phin","max_fitness_phiw","id"
"215",215,0.2872929,4.65969972,64.2408848,2.05045889,0.04189289,1835.75026,9.50797938855671,6.46706690263643,7.87155766343461,5.37549193973297,9.40178928796123,9.4772589087894,"I_log"
