"","iter","rho","burst","iota_N1","iota_N2","phi_N1","phi_N2","max_fitness_rho","max_fitness_beta","max_fitness_psin","max_fitness_psiw","max_fitness_phin","max_fitness_phiw","id"
"912",912,0.31527855,5.83994436,33.6127757,1.9825426,0.02409559,491.096445,9.51791907629229,9.49994045952453,8.88677954329254,5.51820494538993,9.57356349729314,9.50047933046352,"I_log"
