"","iter","rho","burst","iota_N1","iota_N2","phi_N1","phi_N2","max_fitness_rho","max_fitness_beta","max_fitness_psin","max_fitness_psiw","max_fitness_phin","max_fitness_phiw","id"
"317",317,0.18485352,4.65070216,31.770762,2.16286237,0.05891206,54.1163932,9.44411399144444,6.43335942268444,8.95701721209714,5.15485491603333,9.1062029989543,9.71844076914888,"I_log"
