"","iter","rho","burst","iota_N1","iota_N2","phi_N1","phi_N2","max_fitness_rho","max_fitness_beta","max_fitness_psin","max_fitness_psiw","max_fitness_phin","max_fitness_phiw","id"
"657",657,0.3297235,3.93148945,5.99083172,0.8659251,0.15308125,36442.8769,9.52216839536947,3.55786564779219,9.35716087353235,9.41213528594432,7.64646806656693,9.46906104525997,"I_log"
