"","iter","rho","burst","iota_N1","iota_N2","phi_N1","phi_N2","max_fitness_rho","max_fitness_beta","max_fitness_psin","max_fitness_psiw","max_fitness_phin","max_fitness_phiw","id"
"925",925,0.25754467,5.62707169,21.5344696,1.39541052,0.02962948,466.77835,9.49449116553458,9.36458383589042,9.34404360761055,7.16218273826731,9.55385545724216,9.50210837753397,"I_log"
