"","iter","rho","burst","iota_N1","iota_N2","phi_N1","phi_N2","max_fitness_rho","max_fitness_beta","max_fitness_psin","max_fitness_psiw","max_fitness_phin","max_fitness_phiw","id"
"594",594,0.47342466,6.30674466,140.869648,1.5563429,0.00552729,167.248725,9.54219163935758,7.21251827643184,6.2448625224938,6.6224052397137,8.96076101718047,9.55899991595494,"I_log"
