"","iter","rho","burst","iota_N1","iota_N2","phi_N1","phi_N2","max_fitness_rho","max_fitness_beta","max_fitness_psin","max_fitness_psiw","max_fitness_phin","max_fitness_phiw","id"
"277",277,0.36650703,5.50960791,2.88841445,1.049176,0.17227026,98.7230676,9.53071533222214,9.12094560039231,8.99424248255925,8.60840257821356,7.41615558597017,9.61622202997205,"I_log"
