"","iter","rho","burst","iota_N1","iota_N2","phi_N1","phi_N2","max_fitness_rho","max_fitness_beta","max_fitness_psin","max_fitness_psiw","max_fitness_phin","max_fitness_phiw","id"
"752",752,0.33211656,3.94209711,41.5148136,0.71433508,0.01868945,2231.85307,9.52282037765101,3.60018409827221,8.5954696348981,9.81031955151158,9.53118659157477,9.47573054808836,"I_log"
