"","iter","rho","burst","iota_N1","iota_N2","phi_N1","phi_N2","max_fitness_rho","max_fitness_beta","max_fitness_psin","max_fitness_psiw","max_fitness_phin","max_fitness_phiw","id"
"183",183,0.2837596,3.860701,13.745342,0.75876141,0.03984272,258.45942,9.50654727623591,3.27833027530482,9.55832290643025,9.74531932983455,9.43321022162734,9.52819681007045,"I_log"
