"","iter","rho","burst","iota_N1","iota_N2","phi_N1","phi_N2","max_fitness_rho","max_fitness_beta","max_fitness_psin","max_fitness_psiw","max_fitness_phin","max_fitness_phiw","id"
"902",902,0.2730467,3.94935963,100.927037,0.85388137,0.0072778,650.618101,9.50193255478962,3.62921185729371,6.98115373888789,9.45783240663134,9.072234821636,9.49277515269838,"I_log"
