"","iter","rho","burst","iota_N1","iota_N2","phi_N1","phi_N2","max_fitness_rho","max_fitness_beta","max_fitness_psin","max_fitness_psiw","max_fitness_phin","max_fitness_phiw","id"
"235",235,0.3700196,5.58838981,23.2596125,0.98988303,0.03403257,10231.8908,9.53137974599496,9.29154968345153,9.28164336998512,8.88036311573117,9.51119654532587,9.47018229929799,"I_log"
