"","iter","rho","burst","iota_N1","iota_N2","phi_N1","phi_N2","max_fitness_rho","max_fitness_beta","max_fitness_psin","max_fitness_psiw","max_fitness_phin","max_fitness_phiw","id"
"239",239,0.17942093,4.58387269,66.1122067,1.55879037,0.02377296,2021.96908,9.43905377751055,6.17997527079716,7.81894181652493,6.61480198870912,9.57308521798271,9.47646574969926,"I_log"
