"","iter","rho","burst","iota_N1","iota_N2","phi_N1","phi_N2","max_fitness_rho","max_fitness_beta","max_fitness_psin","max_fitness_psiw","max_fitness_phin","max_fitness_phiw","id"
"358",358,0.32781301,4.76021971,12.8742665,0.68624255,0.02113836,14.9874523,9.52163856027637,6.8367492102666,9.56829865340516,9.81423096099362,9.56025514770619,10.029163379892,"I_log"
