"","iter","rho","burst","iota_N1","iota_N2","phi_N1","phi_N2","max_fitness_rho","max_fitness_beta","max_fitness_psin","max_fitness_psiw","max_fitness_phin","max_fitness_phiw","id"
"271",271,0.33171848,5.53101426,8.35535114,1.1925682,0.05597698,126.381607,9.52271220879919,9.16973546975149,9.51052857778732,7.96584265767848,9.15936744815699,9.58620589002453,"I_log"
