"","iter","rho","burst","iota_N1","iota_N2","phi_N1","phi_N2","max_fitness_rho","max_fitness_beta","max_fitness_psin","max_fitness_psiw","max_fitness_phin","max_fitness_phiw","id"
"99",99,0.33636413,3.83545335,45.2694005,0.80023204,0.01571543,1581.3823,9.5239420871813,3.18001832400571,8.46411045675466,9.63904030663363,9.46723831635492,9.47863883105809,"I_log"
