"","iter","rho","burst","iota_N1","iota_N2","phi_N1","phi_N2","max_fitness_rho","max_fitness_beta","max_fitness_psin","max_fitness_psiw","max_fitness_phin","max_fitness_phiw","id"
"52",52,0.25813562,4.71677196,10.4362143,0.53542348,0.03855524,180.507611,9.49479105722957,6.67868017289959,9.56560565112928,9.22812838617453,9.45205615589169,9.55268406666586,"I_log"
