"","iter","rho","burst","iota_N1","iota_N2","phi_N1","phi_N2","max_fitness_rho","max_fitness_beta","max_fitness_psin","max_fitness_psiw","max_fitness_phin","max_fitness_phiw","id"
"60",60,0.40182782,6.30689862,19.9506488,1.61860295,0.0382151,1644.46246,9.53637493497138,7.21195622833035,9.39858284951338,6.43430120725618,9.45690598858974,9.47825483662934,"I_log"
