"","iter","rho","burst","iota_N1","iota_N2","phi_N1","phi_N2","max_fitness_rho","max_fitness_beta","max_fitness_psin","max_fitness_psiw","max_fitness_phin","max_fitness_phiw","id"
"115",115,0.2528322,5.51186505,22.1154143,1.08980585,0.02801729,2141.85916,9.49203553312923,9.12615945192392,9.32331996092019,8.42235368380894,9.56430152550085,9.47602811947645,"I_log"
