"","iter","rho","burst","iota_N1","iota_N2","phi_N1","phi_N2","max_fitness_rho","max_fitness_beta","max_fitness_psin","max_fitness_psiw","max_fitness_phin","max_fitness_phiw","id"
"113",113,0.23627116,4.6588494,36.9257968,1.60545191,0.05813428,2657.93654,9.48262899074443,6.46388430126556,8.76240652639273,6.47314686497401,9.12031403107943,9.47459716160967,"I_log"
