"","iter","rho","burst","iota_N1","iota_N2","phi_N1","phi_N2","max_fitness_rho","max_fitness_beta","max_fitness_psin","max_fitness_psiw","max_fitness_phin","max_fitness_phiw","id"
"723",723,0.39129576,3.98328508,5.81704105,0.76840491,0.10486563,2923.38993,9.5349149470986,3.76538894496907,9.34130776602144,9.72391267700087,8.31815424299988,9.47405458569665,"I_log"
