"","iter","rho","burst","iota_N1","iota_N2","phi_N1","phi_N2","max_fitness_rho","max_fitness_beta","max_fitness_psin","max_fitness_psiw","max_fitness_phin","max_fitness_phiw","id"
"179",179,0.26739846,4.66378218,40.4779671,2.3123256,0.06402287,1025.89343,9.49933026105796,6.48233306779711,8.63259505098923,4.88797225543733,9.01332153949729,9.48401275695016,"I_log"
