"","iter","rho","burst","iota_N1","iota_N2","phi_N1","phi_N2","max_fitness_rho","max_fitness_beta","max_fitness_psin","max_fitness_psiw","max_fitness_phin","max_fitness_phiw","id"
"69",69,0.3289517,4.05056584,39.9241673,0.84041615,0.01646389,886.010097,9.52195464659018,4.03770793538388,8.65256575063053,9.50698650698537,9.48669961703628,9.48642093839523,"I_log"
