"","iter","rho","burst","iota_N1","iota_N2","phi_N1","phi_N2","max_fitness_rho","max_fitness_beta","max_fitness_psin","max_fitness_psiw","max_fitness_phin","max_fitness_phiw","id"
"721",721,0.27905002,5.49301318,32.217661,0.9485306,0.02094573,19989.8184,9.50456788606756,9.08205025612996,8.93991963423908,9.06644253776951,9.55862319877135,9.46942031218931,"I_log"
