"","iter","rho","burst","iota_N1","iota_N2","phi_N1","phi_N2","max_fitness_rho","max_fitness_beta","max_fitness_psin","max_fitness_psiw","max_fitness_phin","max_fitness_phiw","id"
"244",244,0.33682498,4.81109549,1.72599353,0.35287487,0.13685643,540.986103,9.5240604761317,7.01879472434126,8.8381540165317,8.59333248001917,7.85625193096239,9.49759096887074,"I_log"
