"","iter","rho","burst","iota_N1","iota_N2","phi_N1","phi_N2","max_fitness_rho","max_fitness_beta","max_fitness_psin","max_fitness_psiw","max_fitness_phin","max_fitness_phiw","id"
"690",690,0.31330302,6.1294753,115.992983,1.72105311,0.00525219,225.349857,9.51729532717903,8.01756338542172,6.68156862731393,6.14691222330427,8.94306437233439,9.53661083544068,"I_log"
