"","iter","rho","burst","iota_N1","iota_N2","phi_N1","phi_N2","max_fitness_rho","max_fitness_beta","max_fitness_psin","max_fitness_psiw","max_fitness_phin","max_fitness_phiw","id"
"569",569,0.24219488,4.50290322,13.0789121,2.3971424,0.22712585,2154.84764,8.48667793897845,5.99424879454962,7.81500379194713,4.51368389314072,6.61461963734407,8.47815925755266,"I_none"
