"","iter","rho","burst","iota_N1","iota_N2","phi_N1","phi_N2","max_fitness_rho","max_fitness_beta","max_fitness_psin","max_fitness_psiw","max_fitness_phin","max_fitness_phiw","id"
"506",506,0.35200709,4.01645187,15.2615382,0.76054801,0.0432522,3133.41809,8.5043173433912,3.63253636326341,8.49646050619466,7.85205229333272,8.36230552473397,8.47581598593917,"I_none"
