"","iter","rho","burst","iota_N1","iota_N2","phi_N1","phi_N2","max_fitness_rho","max_fitness_beta","max_fitness_psin","max_fitness_psiw","max_fitness_phin","max_fitness_phiw","id"
"849",849,0.26475654,3.90303898,11.682681,0.8408206,0.03976254,13236.3473,8.5006919453201,2.93565735948218,7.18970336609876,8.50799293648104,8.4274027971017,8.47185980259632,"I_none"
