"","iter","rho","burst","iota_N1","iota_N2","phi_N1","phi_N2","max_fitness_rho","max_fitness_beta","max_fitness_psin","max_fitness_psiw","max_fitness_phin","max_fitness_phiw","id"
"566",566,0.31141399,4.24424205,5.51746779,0.70691284,0.0915499,158.730382,8.51352393215054,4.8786233960861,6.24177883158685,7.14060278861673,7.72754037794131,8.56553811222428,"I_none"
