"","iter","rho","burst","iota_N1","iota_N2","phi_N1","phi_N2","max_fitness_rho","max_fitness_beta","max_fitness_psin","max_fitness_psiw","max_fitness_phin","max_fitness_phiw","id"
"643",643,0.28488761,5.46783336,8.42228504,1.1769005,0.06016719,453.974457,8.5090148496851,8.15887526301963,6.5515953867977,7.13652907362778,8.08991085331864,8.50564720819538,"I_none"
