"","iter","rho","burst","iota_N1","iota_N2","phi_N1","phi_N2","max_fitness_rho","max_fitness_beta","max_fitness_psin","max_fitness_psiw","max_fitness_phin","max_fitness_phiw","id"
"933",933,0.29283922,3.93831335,13.6038001,0.72806765,0.04771209,224.420446,8.51116216849409,3.15600875979711,8.15488556961568,7.33725446359308,8.28215139165438,8.53948072470597,"I_none"
