"","iter","rho","burst","iota_N1","iota_N2","phi_N1","phi_N2","max_fitness_rho","max_fitness_beta","max_fitness_psin","max_fitness_psiw","max_fitness_phin","max_fitness_phiw","id"
"266",266,0.31153083,4.05428814,10.0649356,0.78237743,0.03204791,301.262965,8.51352798941607,3.85560529625743,6.81859125468975,8.40868192514483,8.4943288510521,8.52267676633099,"I_none"
