"","iter","rho","burst","iota_N1","iota_N2","phi_N1","phi_N2","max_fitness_rho","max_fitness_beta","max_fitness_psin","max_fitness_psiw","max_fitness_phin","max_fitness_phiw","id"
"384",384,0.48344949,6.3796391,29.2214631,1.81928423,0.03427613,2339.61558,8.2604260542215,5.10261299813576,8.07116929146778,5.46886159530471,8.50713078720695,8.47756493361111,"I_none"
