"","iter","rho","burst","iota_N1","iota_N2","phi_N1","phi_N2","max_fitness_rho","max_fitness_beta","max_fitness_psin","max_fitness_psiw","max_fitness_phin","max_fitness_phiw","id"
"242",242,0.26082197,3.98624426,18.7349083,0.93443969,0.05676188,1345.20929,8.49859865171649,3.45060628456513,8.43187711781528,8.0978568235161,8.13827302704008,8.48265297555008,"I_none"
