"","iter","rho","burst","iota_N1","iota_N2","phi_N1","phi_N2","max_fitness_rho","max_fitness_beta","max_fitness_psin","max_fitness_psiw","max_fitness_phin","max_fitness_phiw","id"
"238",238,0.36750804,4.65998789,17.7793319,0.57475787,0.03240733,7483.93489,8.49483999860066,6.52906233799344,8.46744264692332,6.5158555671534,8.50092676712288,8.47280558770932,"I_none"
