"","iter","rho","burst","iota_N1","iota_N2","phi_N1","phi_N2","max_fitness_rho","max_fitness_beta","max_fitness_psin","max_fitness_psiw","max_fitness_phin","max_fitness_phiw","id"
"28",28,0.33421368,4.77617139,10.052886,0.49459365,0.02028395,918.466768,8.510955701978,6.86527569315941,6.81638349066925,6.2983610621437,6.74653842301969,8.48816875792744,"I_none"
