"","iter","rho","burst","iota_N1","iota_N2","phi_N1","phi_N2","max_fitness_rho","max_fitness_beta","max_fitness_psin","max_fitness_psiw","max_fitness_phin","max_fitness_phiw","id"
"252",252,0.34628005,5.96143606,20.2315426,1.88307273,0.0468092,240.971473,8.50693016144057,6.33597936826579,8.37297049663978,5.34511915764218,8.2979023535095,8.53500854944696,"I_none"
