"","iter","rho","burst","iota_N1","iota_N2","phi_N1","phi_N2","max_fitness_rho","max_fitness_beta","max_fitness_psin","max_fitness_psiw","max_fitness_phin","max_fitness_phiw","id"
"350",350,0.20334755,4.03050128,25.0344378,0.99899508,0.01927723,354.162112,8.45147513000385,3.71602457245365,8.19856604596157,7.81463311429457,6.66633137176856,8.5151780105263,"I_none"
