"","iter","rho","burst","iota_N1","iota_N2","phi_N1","phi_N2","max_fitness_rho","max_fitness_beta","max_fitness_psin","max_fitness_psiw","max_fitness_phin","max_fitness_phiw","id"
"117",117,0.39061809,4.03952823,2.90154546,0.71929042,0.16313903,2210.94821,8.4734393515604,3.76926262678755,6.01792506983215,7.24563317788879,7.09860932165159,8.47796866803623,"I_none"
