"","iter","rho","burst","iota_N1","iota_N2","phi_N1","phi_N2","max_fitness_rho","max_fitness_beta","max_fitness_psin","max_fitness_psiw","max_fitness_phin","max_fitness_phiw","id"
"101",101,0.16737619,4.5502929,44.892346,2.87443507,0.07063501,1001.10799,8.40650839613425,6.16604465503309,7.70250627575247,3.92924553945537,7.95557011731661,8.48673621316392,"I_none"
