"","iter","rho","burst","iota_N1","iota_N2","phi_N1","phi_N2","max_fitness_rho","max_fitness_beta","max_fitness_psin","max_fitness_psiw","max_fitness_phin","max_fitness_phiw","id"
"559",559,0.20236309,5.3952392,36.4390683,1.21316881,0.01091843,1112.72805,8.45040516737338,8.05760829757188,7.88679659834437,7.01417241841025,6.21469397655033,8.48513760278545,"I_none"
