"","iter","rho","burst","iota_N1","iota_N2","phi_N1","phi_N2","max_fitness_rho","max_fitness_beta","max_fitness_psin","max_fitness_psiw","max_fitness_phin","max_fitness_phiw","id"
"314",314,0.31682153,3.92362194,13.7222897,0.79455402,0.07385603,307.312616,8.51348191692326,3.06452760690051,8.21349086599466,8.5338880328072,7.91760512328103,8.52169358859158,"I_none"
