"","iter","rho","burst","iota_N1","iota_N2","phi_N1","phi_N2","max_fitness_rho","max_fitness_beta","max_fitness_psin","max_fitness_psiw","max_fitness_phin","max_fitness_phiw","id"
"107",107,0.22091839,4.61416494,55.785489,1.93780668,0.02662913,613.885381,8.46910877295376,6.38309968058356,7.49082273272267,5.24318654817458,7.55993020687708,8.49670392876219,"I_none"
