"","iter","rho","burst","iota_N1","iota_N2","phi_N1","phi_N2","max_fitness_rho","max_fitness_beta","max_fitness_psin","max_fitness_psiw","max_fitness_phin","max_fitness_phiw","id"
"71",71,0.15765045,4.66844095,24.4907867,1.88728936,0.06070281,5406.33342,8.39224689455733,6.5551294452994,8.21666905234551,5.33712949115586,8.08254391981449,8.47364049615968,"I_none"
