"","iter","rho","burst","iota_N1","iota_N2","phi_N1","phi_N2","max_fitness_rho","max_fitness_beta","max_fitness_psin","max_fitness_psiw","max_fitness_phin","max_fitness_phiw","id"
"229",229,0.30293878,5.51538741,7.37237898,1.16344282,0.10487646,729.938129,8.51291955450234,8.22461328102903,6.42418958580853,7.18314795617019,7.59819418596944,8.49262586131177,"I_none"
