"","iter","rho","burst","iota_N1","iota_N2","phi_N1","phi_N2","max_fitness_rho","max_fitness_beta","max_fitness_psin","max_fitness_psiw","max_fitness_phin","max_fitness_phiw","id"
"153",153,0.18497537,3.96529533,12.7099043,1.035463,0.03008786,354.327132,9.57536498201745,1.0471541090166,9.72979708155954,8.92435467954915,9.68768531795552,9.63506976449069,"Ig_log"
