"","iter","rho","burst","iota_N1","iota_N2","phi_N1","phi_N2","max_fitness_rho","max_fitness_beta","max_fitness_psin","max_fitness_psiw","max_fitness_phin","max_fitness_phiw","id"
"73",73,0.30876855,5.54704108,8.38695064,1.05098372,0.08816371,41.8555037,9.64060556730241,9.34973821058705,9.84225165385511,8.86638183044722,8.88521749054351,9.89239289356383,"Ig_log"
