"","iter","rho","burst","iota_N1","iota_N2","phi_N1","phi_N2","max_fitness_rho","max_fitness_beta","max_fitness_psin","max_fitness_psiw","max_fitness_phin","max_fitness_phiw","id"
"919",919,0.32195019,5.52433889,17.7313308,1.0695598,0.02454728,2288.37331,9.64549248822241,9.29842370944882,9.59193566819506,8.7968226895101,9.75813203201965,9.60139458101623,"Ig_log"
