"","iter","rho","burst","iota_N1","iota_N2","phi_N1","phi_N2","max_fitness_rho","max_fitness_beta","max_fitness_psin","max_fitness_psiw","max_fitness_phin","max_fitness_phiw","id"
"76",76,0.29845568,4.76604692,41.6125477,0.62916638,0.00537344,22.6141921,9.63657391174945,4.92493839652471,8.88535928058705,10.3133188909638,9.98061699479188,10.0850725280279,"Ig_log"
