"","iter","rho","burst","iota_N1","iota_N2","phi_N1","phi_N2","max_fitness_rho","max_fitness_beta","max_fitness_psin","max_fitness_psiw","max_fitness_phin","max_fitness_phiw","id"
"15",15,0.35098088,3.9377256,5.31459795,0.79805239,0.1102484,4758.37373,9.65530478175719,0.990334310418506,9.91738269412067,9.77576411917505,8.57159548368304,9.59813925125638,"Ig_log"
