"","iter","rho","burst","iota_N1","iota_N2","phi_N1","phi_N2","max_fitness_rho","max_fitness_beta","max_fitness_psin","max_fitness_psiw","max_fitness_phin","max_fitness_phiw","id"
"419",419,0.16203202,4.7366462,64.6123773,2.21146955,0.02077902,4962.85869,9.55761842915365,4.69118258637804,8.19122793034142,5.27605751580992,9.80478428689809,9.59801482802235,"Ig_log"
