"","iter","rho","burst","iota_N1","iota_N2","phi_N1","phi_N2","max_fitness_rho","max_fitness_beta","max_fitness_psin","max_fitness_psiw","max_fitness_phin","max_fitness_phiw","id"
"567",567,0.35740746,4.12193121,4.65207089,0.80133569,0.08044537,239.917567,9.657315025059,1.43438094333398,9.93293902735735,9.76464538584127,8.99488601431407,9.65362839471099,"Ig_log"
