"","iter","rho","burst","iota_N1","iota_N2","phi_N1","phi_N2","max_fitness_rho","max_fitness_beta","max_fitness_psin","max_fitness_psiw","max_fitness_phin","max_fitness_phiw","id"
"862",862,0.34913632,4.63677488,3.32430156,0.5051407,0.09496073,640.855073,9.65471571743546,3.93507232298641,9.96332319646025,10.6606105005125,8.78855945217305,9.61738253064579,"Ig_log"
