"","iter","rho","burst","iota_N1","iota_N2","phi_N1","phi_N2","max_fitness_rho","max_fitness_beta","max_fitness_psin","max_fitness_psiw","max_fitness_phin","max_fitness_phiw","id"
"312",312,0.39212891,6.08975174,20.4799659,1.91961233,0.0356123,22258.523,9.6673102050713,9.64275981218033,9.51403120109463,5.96437633537231,9.61562621201312,9.5957619011513,"Ig_log"
