"","iter","rho","burst","iota_N1","iota_N2","phi_N1","phi_N2","max_fitness_rho","max_fitness_beta","max_fitness_psin","max_fitness_psiw","max_fitness_phin","max_fitness_phiw","id"
"415",415,0.32870935,5.67565884,214.394118,0.95880222,0.00134955,1978.14316,9.64788897364506,9.56968886530786,4.82836448721892,9.20780456328036,10.0210457763363,9.60237693223099,"Ig_log"
