"","iter","rho","burst","iota_N1","iota_N2","phi_N1","phi_N2","max_fitness_rho","max_fitness_beta","max_fitness_psin","max_fitness_psiw","max_fitness_phin","max_fitness_phiw","id"
"431",431,0.26654243,4.57894573,9.53057493,1.90558984,0.27940422,314.876246,9.62278024021238,3.53369594287123,9.81318491515933,6.00116339625747,6.42526709801134,9.63997631486334,"Ig_log"
