"","iter","rho","burst","iota_N1","iota_N2","phi_N1","phi_N2","max_fitness_rho","max_fitness_beta","max_fitness_psin","max_fitness_psiw","max_fitness_phin","max_fitness_phiw","id"
"607",607,0.34537413,5.53515404,39.1152429,1.19656723,0.01224186,400.593375,9.65350429560966,9.32334709582675,8.96107805312313,8.31952065205866,9.90570917640747,9.6305269883459,"Ig_log"
