"","iter","rho","burst","iota_N1","iota_N2","phi_N1","phi_N2","max_fitness_rho","max_fitness_beta","max_fitness_psin","max_fitness_psiw","max_fitness_phin","max_fitness_phiw","id"
"847",847,0.32965903,5.29562994,64.1051752,1.09256014,0.00633556,443.310363,9.64822040930819,8.53727679465629,8.20631687143812,8.71049021515224,9.9705395808972,9.62716451983172,"Ig_log"
