"","iter","rho","burst","iota_N1","iota_N2","phi_N1","phi_N2","max_fitness_rho","max_fitness_beta","max_fitness_psin","max_fitness_psiw","max_fitness_phin","max_fitness_phiw","id"
"840",840,0.50390743,6.20752468,29.8331925,1.64900595,0.03732335,118.186452,9.69182600631522,9.54053969902265,9.24030392466176,6.73974245035532,9.59299280310758,9.71074710398223,"Ig_log"
