"","iter","rho","burst","iota_N1","iota_N2","phi_N1","phi_N2","max_fitness_rho","max_fitness_beta","max_fitness_psin","max_fitness_psiw","max_fitness_phin","max_fitness_phiw","id"
"887",887,0.27874864,4.51743169,27.5117294,2.52726176,0.09926275,1976.97958,9.62830768711518,3.14152372522809,9.3092095165383,4.67502825720583,8.72740982739282,9.60238209831223,"Ig_log"
