"","iter","rho","burst","iota_N1","iota_N2","phi_N1","phi_N2","max_fitness_rho","max_fitness_beta","max_fitness_psin","max_fitness_psiw","max_fitness_phin","max_fitness_phiw","id"
"445",445,0.28309269,5.40450326,5.13579477,1.14561217,0.14385062,9044.85911,9.63019663925797,8.95831082528944,9.92160573350585,8.51095049594565,8.10178996090309,9.59670634752011,"Ig_log"
