"","iter","rho","burst","iota_N1","iota_N2","phi_N1","phi_N2","max_fitness_rho","max_fitness_beta","max_fitness_psin","max_fitness_psiw","max_fitness_phin","max_fitness_phiw","id"
"231",231,0.3172928,4.03823917,28.0250115,0.84802328,0.02291924,763.516522,9.64379699288482,1.21289087566312,9.29401617961707,9.60412238342323,9.77842363357306,9.61383278628483,"Ig_log"
