"","iter","rho","burst","iota_N1","iota_N2","phi_N1","phi_N2","max_fitness_rho","max_fitness_beta","max_fitness_psin","max_fitness_psiw","max_fitness_phin","max_fitness_phiw","id"
"746",746,0.33171332,4.06082843,44.4299363,0.85118519,0.00988632,5234.39006,9.64893072089435,1.26915214123987,8.79982783876651,9.59309294446625,9.93213200488632,9.59786197895053,"Ig_log"
