"","iter","rho","burst","iota_N1","iota_N2","phi_N1","phi_N2","max_fitness_rho","max_fitness_beta","max_fitness_psin","max_fitness_psiw","max_fitness_phin","max_fitness_phiw","id"
"704",704,0.28102948,4.11546885,9.95363018,0.96813322,0.0633075,444.383356,9.62930565702691,1.41595792924505,9.80230210846322,9.17362405654719,9.23688196972491,9.62708638590786,"Ig_log"
