"","iter","rho","burst","iota_N1","iota_N2","phi_N1","phi_N2","max_fitness_rho","max_fitness_beta","max_fitness_psin","max_fitness_psiw","max_fitness_phin","max_fitness_phiw","id"
"629",629,0.21098933,4.66880802,75.3936658,2.20560135,0.02450458,3796.03481,9.59281268104454,4.16983365653177,7.87455680807699,5.28853500165886,9.75866455585723,9.59890387043808,"Ig_log"
