"","iter","rho","burst","iota_N1","iota_N2","phi_N1","phi_N2","max_fitness_rho","max_fitness_beta","max_fitness_psin","max_fitness_psiw","max_fitness_phin","max_fitness_phiw","id"
"33",33,0.40091675,4.00902201,13.4090824,0.84667361,0.0434291,198.27365,9.66962629359212,1.14368738209629,9.71101105479247,9.60881722075537,9.51119542388147,9.66552428054879,"Ig_log"
