"","iter","rho","burst","iota_N1","iota_N2","phi_N1","phi_N2","max_fitness_rho","max_fitness_beta","max_fitness_psin","max_fitness_psiw","max_fitness_phin","max_fitness_phiw","id"
"343",343,0.31524001,5.39226668,20.091015,1.06323316,0.05537749,3611.60495,9.64304192831315,8.91658285936691,9.52514455718391,8.82052828229139,9.34746446102579,9.59909761899877,"Ig_log"
