"","iter","rho","burst","iota_N1","iota_N2","phi_N1","phi_N2","max_fitness_rho","max_fitness_beta","max_fitness_psin","max_fitness_psiw","max_fitness_phin","max_fitness_phiw","id"
"484",484,0.24144796,4.75968489,32.5082384,0.5172375,0.00560051,4635.59835,9.61031020496508,4.87405239129136,9.16034278931498,10.6285822898819,9.97825353991208,9.59821865496476,"Ig_log"
