"","iter","rho","burst","iota_N1","iota_N2","phi_N1","phi_N2","max_fitness_rho","max_fitness_beta","max_fitness_psin","max_fitness_psiw","max_fitness_phin","max_fitness_phiw","id"
"390",390,0.37761212,6.23256734,199.007978,1.78226294,0.0042871,626.271978,9.66330162439156,9.51423180923676,5.07259379170008,6.34049082635082,9.9918155195052,9.61789530203585,"Ig_log"
