"","iter","rho","burst","iota_N1","iota_N2","phi_N1","phi_N2","max_fitness_rho","max_fitness_beta","max_fitness_psin","max_fitness_psiw","max_fitness_phin","max_fitness_phiw","id"
"893",893,0.3038765,4.63341492,39.5513012,2.41310769,0.09028313,143.503016,9.63871880239647,3.91093825330949,8.94786528833685,4.87722272641261,8.85508120768005,9.69123620234107,"Ig_log"
