"","iter","rho","burst","iota_N1","iota_N2","phi_N1","phi_N2","max_fitness_rho","max_fitness_beta","max_fitness_psin","max_fitness_psiw","max_fitness_phin","max_fitness_phiw","id"
"366",366,0.39666515,6.09197469,10.775789,1.85775789,0.06299156,1529.48707,9.66851530015281,9.641198128846,9.78095376400229,6.12937979135838,9.24130760599521,9.60449695502214,"Ig_log"
