"","iter","rho","burst","iota_N1","iota_N2","phi_N1","phi_N2","max_fitness_rho","max_fitness_beta","max_fitness_psin","max_fitness_psiw","max_fitness_phin","max_fitness_phiw","id"
"267",267,0.30332994,3.8953075,9.59398437,0.78066234,0.05547996,172.599088,9.63850305193885,0.908563091213508,9.81155979684678,9.83426879231642,9.34604387861882,9.67562169446917,"Ig_log"
