"","iter","rho","burst","iota_N1","iota_N2","phi_N1","phi_N2","max_fitness_rho","max_fitness_beta","max_fitness_psin","max_fitness_psiw","max_fitness_phin","max_fitness_phiw","id"
"628",628,0.39994687,4.68528086,127.651114,0.47160216,0.00176227,89.2992051,9.66937589333643,4.29365348704157,6.49332465398168,10.7473288319412,10.0170397051995,9.74557821830051,"Ig_log"
