"","iter","rho","burst","iota_N1","iota_N2","phi_N1","phi_N2","max_fitness_rho","max_fitness_beta","max_fitness_psin","max_fitness_psiw","max_fitness_phin","max_fitness_phiw","id"
"301",301,0.30865057,5.53487306,53.9161143,1.10353505,0.0121277,62.8549542,9.64056135238492,9.32271355629837,8.51216325325949,8.66924321849761,9.90700474753787,9.80279895000616,"Ig_log"
