"","iter","rho","burst","iota_N1","iota_N2","phi_N1","phi_N2","max_fitness_rho","max_fitness_beta","max_fitness_psin","max_fitness_psiw","max_fitness_phin","max_fitness_phiw","id"
"166",166,0.32453596,4.74580789,14.3894419,0.36685555,0.01355828,376.136877,9.64641832873027,4.7636347114583,9.68442812142599,10.9988318024016,9.89064540088563,9.63279136751095,"Ig_log"
