"","iter","rho","burst","iota_N1","iota_N2","phi_N1","phi_N2","max_fitness_rho","max_fitness_beta","max_fitness_psin","max_fitness_psiw","max_fitness_phin","max_fitness_phiw","id"
"212",212,0.27808002,4.14380472,55.6557195,0.68349359,0.01335112,37.101337,9.62801510014548,1.49851458276313,8.45963000017935,10.1481741064437,9.89302911410887,9.92448952522378,"Ig_log"
