"","iter","rho","burst","iota_N1","iota_N2","phi_N1","phi_N2","max_fitness_rho","max_fitness_beta","max_fitness_psin","max_fitness_psiw","max_fitness_phin","max_fitness_phiw","id"
"158",158,0.29753799,4.02964072,12.6622853,0.82903181,0.06306102,1411.75794,9.63620533645862,1.19211693870147,9.73107150211889,9.66995111055838,9.24033821707287,9.60527931979741,"Ig_log"
