"","iter","rho","burst","iota_N1","iota_N2","phi_N1","phi_N2","max_fitness_rho","max_fitness_beta","max_fitness_psin","max_fitness_psiw","max_fitness_phin","max_fitness_phiw","id"
"85",85,0.32525815,5.5838158,9.30694033,0.96547643,0.04629372,457.34592,9.64667410065551,9.42453301061678,9.81891324948275,9.18336601044983,9.47233331588578,9.62619413687198,"Ig_log"
