"","iter","rho","burst","iota_N1","iota_N2","phi_N1","phi_N2","max_fitness_rho","max_fitness_beta","max_fitness_psin","max_fitness_psiw","max_fitness_phin","max_fitness_phiw","id"
"178",178,0.33342176,4.77367044,9.15442176,0.54122677,0.04045264,1428.11847,9.64951793450035,4.98609854996772,9.82280603732234,10.5638850551196,9.5512584950136,9.60516104447413,"Ig_log"
