"","iter","rho","burst","iota_N1","iota_N2","phi_N1","phi_N2","max_fitness_rho","max_fitness_beta","max_fitness_psin","max_fitness_psiw","max_fitness_phin","max_fitness_phiw","id"
"631",631,0.28281977,5.60338277,124.031757,1.05424055,0.003434,91.8461244,9.63007897002383,9.4603361540111,6.57958312133683,8.8542013163502,10.0004674093837,9.74168771629808,"Ig_log"
