"","iter","rho","burst","iota_N1","iota_N2","phi_N1","phi_N2","max_fitness_rho","max_fitness_beta","max_fitness_psin","max_fitness_psiw","max_fitness_phin","max_fitness_phiw","id"
"821",821,0.25513376,4.63586654,16.2098202,1.64914229,0.13116881,294.783174,8.56853822669698,5.65785841583984,8.58053355181358,5.75851420487199,6.93380899929,8.5891376706979,"Ig_none"
