"","iter","rho","burst","iota_N1","iota_N2","phi_N1","phi_N2","max_fitness_rho","max_fitness_beta","max_fitness_psin","max_fitness_psiw","max_fitness_phin","max_fitness_phiw","id"
"140",140,0.32795045,4.01690261,3.31912478,0.76508292,0.33171273,221.233717,8.59158315384638,2.98804623864236,8.12130871444963,8.70767588632058,5.27107205789105,8.60119782749934,"Ig_none"
