"","iter","rho","burst","iota_N1","iota_N2","phi_N1","phi_N2","max_fitness_rho","max_fitness_beta","max_fitness_psin","max_fitness_psiw","max_fitness_phin","max_fitness_phiw","id"
"12",12,0.4358735,6.04646261,13.843265,2.04490981,0.1009159,536.673244,8.60294701479367,7.95988042329394,8.591654639824,4.94507126977629,7.37121715175236,8.5722927025455,"Ig_none"
