"","iter","rho","burst","iota_N1","iota_N2","phi_N1","phi_N2","max_fitness_rho","max_fitness_beta","max_fitness_psin","max_fitness_psiw","max_fitness_phin","max_fitness_phiw","id"
"895",895,0.32557745,5.50584017,16.5760904,0.98836021,0.02858603,941.345005,8.59107204617119,8.11969004276453,8.57403390764655,8.01024910407993,8.58935179808696,8.56324445781687,"Ig_none"
