"","iter","rho","burst","iota_N1","iota_N2","phi_N1","phi_N2","max_fitness_rho","max_fitness_beta","max_fitness_psin","max_fitness_psiw","max_fitness_phin","max_fitness_phiw","id"
"293",293,0.1926189,4.5192185,16.661869,2.12712063,0.11145897,829.634914,8.53221118260773,5.29020297440585,8.57236397490952,4.80860906990583,7.20906473545075,8.56487102534948,"Ig_none"
