"","iter","rho","burst","iota_N1","iota_N2","phi_N1","phi_N2","max_fitness_rho","max_fitness_beta","max_fitness_psin","max_fitness_psiw","max_fitness_phin","max_fitness_phiw","id"
"654",654,0.28868029,6.17144256,560.392018,1.95880348,0.00222679,275.223059,8.58121375792106,7.62812684245128,2.68227676986925,5.09845776889578,8.05351382329871,8.59174200058493,"Ig_none"
