"","iter","rho","burst","iota_N1","iota_N2","phi_N1","phi_N2","max_fitness_rho","max_fitness_beta","max_fitness_psin","max_fitness_psiw","max_fitness_phin","max_fitness_phiw","id"
"880",880,0.36255165,4.73418194,9.94375098,0.40282529,0.01635008,276.431369,8.59754851411807,5.94601659258817,8.44767215253945,8.51354384767386,8.31387513468257,8.59157052218717,"Ig_none"
