"","iter","rho","burst","iota_N1","iota_N2","phi_N1","phi_N2","max_fitness_rho","max_fitness_beta","max_fitness_psin","max_fitness_psiw","max_fitness_phin","max_fitness_phiw","id"
"46",46,0.42882493,4.81045359,24.8326771,0.54754292,0.01188511,1208.02976,8.60277196064542,6.16294190477447,8.27758929055314,8.50072315317306,8.20720423146086,8.5605637886582,"Ig_none"
