"","iter","rho","burst","iota_N1","iota_N2","phi_N1","phi_N2","max_fitness_rho","max_fitness_beta","max_fitness_psin","max_fitness_psiw","max_fitness_phin","max_fitness_phiw","id"
"696",696,0.3060631,5.97167085,60.7752604,1.81843694,0.01672398,892.17012,8.58633366347469,8.14116614448138,6.96859762057515,5.37469324129603,8.32443819171302,8.56390905854686,"Ig_none"
