"","iter","rho","burst","iota_N1","iota_N2","phi_N1","phi_N2","max_fitness_rho","max_fitness_beta","max_fitness_psin","max_fitness_psiw","max_fitness_phin","max_fitness_phiw","id"
"399",399,0.22165274,3.98513583,9.66173641,0.82441796,0.03713025,63.4867774,8.55146196485785,2.7993335127824,8.43016983285952,8.62103772732917,8.55071673187554,8.70511676631068,"Ig_none"
