"","iter","rho","burst","iota_N1","iota_N2","phi_N1","phi_N2","max_fitness_rho","max_fitness_beta","max_fitness_psin","max_fitness_psiw","max_fitness_phin","max_fitness_phiw","id"
"823",823,0.33745259,5.56765137,12.7767879,0.9620856,0.05884851,316.81401,8.59348993221559,8.27537101628035,8.5741385448006,8.12433380422555,8.14553732734946,8.58657529618861,"Ig_none"
