"","iter","rho","burst","iota_N1","iota_N2","phi_N1","phi_N2","max_fitness_rho","max_fitness_beta","max_fitness_psin","max_fitness_psiw","max_fitness_phin","max_fitness_phiw","id"
"489",489,0.34403093,4.05484275,9.56464347,0.73825886,0.03894246,1025.65684,8.59468423045288,3.20908920330436,8.42405023413319,8.70418179311388,8.52655153447485,8.5622470126588,"Ig_none"
