"","iter","rho","burst","iota_N1","iota_N2","phi_N1","phi_N2","max_fitness_rho","max_fitness_beta","max_fitness_psin","max_fitness_psiw","max_fitness_phin","max_fitness_phiw","id"
"237",237,0.25172241,3.89250108,18.3819899,0.80222061,0.02592477,706.268232,8.56701866604747,2.24047476503115,8.52891684249609,8.66705928969356,8.56230539043915,8.56725767194923,"Ig_none"
