"","iter","rho","burst","iota_N1","iota_N2","phi_N1","phi_N2","max_fitness_rho","max_fitness_beta","max_fitness_psin","max_fitness_psiw","max_fitness_phin","max_fitness_phiw","id"
"898",898,0.41193331,4.78406539,4.34648957,0.48428254,0.06993458,359.435097,8.6020867815184,6.08824231387922,8.15565843764841,8.50344397176375,7.92101993194313,8.58248276493895,"Ig_none"
