"","iter","rho","burst","iota_N1","iota_N2","phi_N1","phi_N2","max_fitness_rho","max_fitness_beta","max_fitness_psin","max_fitness_psiw","max_fitness_phin","max_fitness_phiw","id"
"483",483,0.52198355,4.03095562,34.6400053,0.66846147,0.02557145,2129.47208,8.60080558867307,3.07054538490945,7.85614274318445,8.59578157764916,8.5569232727414,8.55644228841915,"Ig_none"
