"","iter","rho","burst","iota_N1","iota_N2","phi_N1","phi_N2","max_fitness_rho","max_fitness_beta","max_fitness_psin","max_fitness_psiw","max_fitness_phin","max_fitness_phiw","id"
"502",502,0.32055873,4.70954141,5.88607563,0.48041463,0.03740316,3497.61872,8.58995057116631,5.87500053864363,8.2153914520743,8.5039592963921,8.5473235569996,8.55431719916172,"Ig_none"
