"","iter","rho","burst","iota_N1","iota_N2","phi_N1","phi_N2","max_fitness_rho","max_fitness_beta","max_fitness_psin","max_fitness_psiw","max_fitness_phin","max_fitness_phiw","id"
"445",445,0.28309269,5.40450326,5.13579477,1.14561217,0.14385062,9044.85911,8.5793709346284,7.85062802617085,8.18467468303048,7.3426420009494,6.77355578197976,8.55228315291862,"Ig_none"
