"","iter","rho","burst","iota_N1","iota_N2","phi_N1","phi_N2","max_fitness_rho","max_fitness_beta","max_fitness_psin","max_fitness_psiw","max_fitness_phin","max_fitness_phiw","id"
"862",862,0.34913632,4.63677488,3.32430156,0.5051407,0.09496073,640.855073,8.59554794991645,5.66059192672461,8.12147620442893,8.50112813363438,7.46797560829779,8.56888919839065,"Ig_none"
