"","iter","rho","burst","iota_N1","iota_N2","phi_N1","phi_N2","max_fitness_rho","max_fitness_beta","max_fitness_psin","max_fitness_psiw","max_fitness_phin","max_fitness_phiw","id"
"73",73,0.30876855,5.54704108,8.38695064,1.05098372,0.08816371,41.8555037,8.58705423915307,8.22448478283076,8.34900714374532,7.73696707716038,7.5833333330069,8.76314961927718,"Ig_none"
