"","iter","rho","burst","iota_N1","iota_N2","phi_N1","phi_N2","max_fitness_rho","max_fitness_beta","max_fitness_psin","max_fitness_psiw","max_fitness_phin","max_fitness_phiw","id"
"878",878,0.27616906,4.02648359,25.0946454,0.84324711,0.02386375,803.705793,8.57694489947568,3.04436813166033,8.26617183726199,8.57156054259841,8.52492349140602,8.56531178973785,"Ig_none"
