"","iter","rho","burst","iota_N1","iota_N2","phi_N1","phi_N2","max_fitness_rho","max_fitness_beta","max_fitness_psin","max_fitness_psiw","max_fitness_phin","max_fitness_phiw","id"
"718",718,0.32712366,4.81562184,27.9377024,0.45377954,0.00535005,3229.474,8.59140645048548,6.17754693631854,8.14141310901289,8.50783232738241,8.09807286187514,8.55459314887976,"Ig_none"
