"","iter","rho","burst","iota_N1","iota_N2","phi_N1","phi_N2","max_fitness_rho","max_fitness_beta","max_fitness_psin","max_fitness_psiw","max_fitness_phin","max_fitness_phiw","id"
"983",983,0.2177795,4.60125628,37.1796657,2.2340527,0.07659159,203.679291,8.54915301886379,5.55244424730625,7.75426010605556,4.64405255152746,7.79278014455257,8.60529179994592,"Ig_none"
