"","iter","rho","burst","iota_N1","iota_N2","phi_N1","phi_N2","max_fitness_rho","max_fitness_beta","max_fitness_psin","max_fitness_psiw","max_fitness_phin","max_fitness_phiw","id"
"646",646,0.40771511,4.52160795,12.7675672,0.42901476,0.02648421,169.180104,8.6018536053221,5.29813308383774,8.57391345055543,8.51117359180828,8.56995738171029,8.61564949966886,"Ig_none"
