"","iter","rho","burst","iota_N1","iota_N2","phi_N1","phi_N2","max_fitness_rho","max_fitness_beta","max_fitness_psin","max_fitness_psiw","max_fitness_phin","max_fitness_phiw","id"
"662",662,0.27080917,3.89375564,94.0191331,0.83766016,0.00751135,531.57831,8.57495523686307,2.24803310187376,6.20764999554839,8.5871400839196,8.13079642877827,8.57249427552828,"Ig_none"
