"","iter","rho","burst","iota_N1","iota_N2","phi_N1","phi_N2","max_fitness_rho","max_fitness_beta","max_fitness_psin","max_fitness_psiw","max_fitness_phin","max_fitness_phiw","id"
"307",307,0.30152179,5.52032241,12.8710866,1.02411988,0.04062134,16056.2747,8.58508244600198,8.15691944338898,8.57635552000285,7.8537416283947,8.50114698298631,8.55171965131837,"Ig_none"
