"","iter","rho","burst","iota_N1","iota_N2","phi_N1","phi_N2","max_fitness_rho","max_fitness_beta","max_fitness_psin","max_fitness_psiw","max_fitness_phin","max_fitness_phiw","id"
"182",182,0.24734857,4.13859013,15.1466546,0.79637284,0.02500073,105.059519,8.56499933659775,3.67402670576468,8.59285258101776,8.67667504689741,8.54731728359116,8.65101738899465,"Ig_none"
