"","iter","rho","burst","iota_N1","iota_N2","phi_N1","phi_N2","max_fitness_rho","max_fitness_beta","max_fitness_psin","max_fitness_psiw","max_fitness_phin","max_fitness_phiw","id"
"894",894,0.31004878,6.19107887,33.9507777,2.07897771,0.01956283,440.483739,8.58738604321178,7.58582919185263,7.88443901762457,4.88739977563966,8.40921306355716,8.57683290127337,"Ig_none"
