"","iter","rho","burst","iota_N1","iota_N2","phi_N1","phi_N2","max_fitness_rho","max_fitness_beta","max_fitness_psin","max_fitness_psiw","max_fitness_phin","max_fitness_phiw","id"
"222",222,0.51624784,6.28192971,8.53613097,1.84770258,0.10687761,1901.53457,8.60115340187366,7.42366331734437,8.35838153115272,5.31419483142243,7.27814924693595,8.55709387053836,"Ig_none"
