"","iter","rho","burst","iota_N1","iota_N2","phi_N1","phi_N2","max_fitness_rho","max_fitness_beta","max_fitness_psin","max_fitness_psiw","max_fitness_phin","max_fitness_phiw","id"
"101",101,0.16737619,4.5502929,44.892346,2.87443507,0.07063501,1001.10799,8.51136374264623,5.39186943608054,7.4674261867748,3.87589483431312,7.90726059128049,8.5625193820139,"Ig_none"
