"","iter","rho","burst","iota_N1","iota_N2","phi_N1","phi_N2","max_fitness_rho","max_fitness_beta","max_fitness_psin","max_fitness_psiw","max_fitness_phin","max_fitness_phiw","id"
"72",72,0.4681368,6.19516103,28.81336,1.79850509,0.03030116,1370.75209,8.60299320659926,7.57743585141246,8.10309860353019,5.41682883782893,8.59504727573207,8.55943545011663,"Ig_none"
