"","iter","rho","burst","iota_N1","iota_N2","phi_N1","phi_N2","max_fitness_rho","max_fitness_beta","max_fitness_psin","max_fitness_psiw","max_fitness_phin","max_fitness_phiw","id"
"711",711,0.40705812,4.04620988,28.8584366,0.83478699,0.01397447,176.579645,8.601815273686,3.15928077985075,8.10113068958864,8.59486749408388,8.25254100249297,8.61311103899879,"Ig_none"
