"","iter","rho","burst","iota_N1","iota_N2","phi_N1","phi_N2","max_fitness_rho","max_fitness_beta","max_fitness_psin","max_fitness_psiw","max_fitness_phin","max_fitness_phiw","id"
"885",885,0.35697853,3.90764056,19.4171248,0.7571156,0.02830386,575.790467,8.59676030497839,2.33185147279051,8.4955700468517,8.7096300908709,8.58757986880496,8.57087482457261,"Ig_none"
