"","iter","rho","burst","iota_N1","iota_N2","phi_N1","phi_N2","max_fitness_rho","max_fitness_beta","max_fitness_psin","max_fitness_psiw","max_fitness_phin","max_fitness_phiw","id"
"902",902,0.2730467,3.94935963,100.927037,0.85388137,0.0072778,650.618101,8.57579894741915,2.58415411801617,6.08322006576108,8.539988025012,8.12715701639009,8.56862689771922,"Ig_none"
