"","iter","rho","burst","iota_N1","iota_N2","phi_N1","phi_N2","max_fitness_rho","max_fitness_beta","max_fitness_psin","max_fitness_psiw","max_fitness_phin","max_fitness_phiw","id"
"634",634,0.2685651,4.74165166,14.5889344,0.5735826,0.01580921,189.761221,9.77611256301825,6.37757673770042,9.72995534091197,10.1853891351821,9.09819777334068,9.81302867508072,"R_log-I+Ig_log"
