"","iter","rho","burst","iota_N1","iota_N2","phi_N1","phi_N2","max_fitness_rho","max_fitness_beta","max_fitness_psin","max_fitness_psiw","max_fitness_phin","max_fitness_phiw","id"
"159",159,0.27920739,3.96597757,3.49459522,1.05235143,0.11987139,10.1930277,9.77013762179218,2.64725606668908,7.93163008640427,8.97383590169191,5.86370861977724,10.3120625186954,"R_log-I+Ig_log"
