"","iter","rho","burst","iota_N1","iota_N2","phi_N1","phi_N2","max_fitness_rho","max_fitness_beta","max_fitness_psin","max_fitness_psiw","max_fitness_phin","max_fitness_phiw","id"
"286",286,0.33778782,4.76149283,7.88268972,0.62036479,0.0158368,80.1834553,7.97446779711525,5.99470935883285,7.62308127464234,7.62405605001732,7.58759635594059,8.32693151332395,"R_log"
