"","iter","rho","burst","iota_N1","iota_N2","phi_N1","phi_N2","max_fitness_rho","max_fitness_beta","max_fitness_psin","max_fitness_psiw","max_fitness_phin","max_fitness_phiw","id"
"991",991,0.33080421,5.7611419,7.75882549,0.86116894,0.04474416,118.001266,9.64708649492916,9.79764364707776,9.13822524630317,9.7161853358243,9.02818828458449,9.84763581653911,"R_log-I+Ig_log"
