"","iter","rho","burst","iota_N1","iota_N2","phi_N1","phi_N2","max_fitness_rho","max_fitness_beta","max_fitness_psin","max_fitness_psiw","max_fitness_phin","max_fitness_phiw","id"
"805",805,0.37121794,5.60369002,240.139361,1.15480021,0.0028759,45391.8616,7.82277205583423,7.94920535987867,1.41265397072923,6.74423166137711,7.22336262884513,8.16661035131316,"R_log"
