"","iter","rho","burst","iota_N1","iota_N2","phi_N1","phi_N2","max_fitness_rho","max_fitness_beta","max_fitness_psin","max_fitness_psiw","max_fitness_phin","max_fitness_phiw","id"
"680",680,0.28270292,3.9498615,31.6645666,0.81924055,0.01932944,756.2844,9.76570375605395,2.58969474445904,7.51055401005878,9.84493673659349,9.34565876364439,9.76763052217413,"R_log-I+Ig_log"
