"","iter","rho","burst","iota_N1","iota_N2","phi_N1","phi_N2","max_fitness_rho","max_fitness_beta","max_fitness_psin","max_fitness_psiw","max_fitness_phin","max_fitness_phiw","id"
"784",784,0.43901771,4.73817024,12.3156449,0.45601285,0.02265807,69.0688082,9.43751828678344,6.35941916942334,9.57477840952606,10.1495856066388,9.47926366478326,9.90745743224485,"R_log-I+Ig_log"
