"","iter","rho","burst","iota_N1","iota_N2","phi_N1","phi_N2","max_fitness_rho","max_fitness_beta","max_fitness_psin","max_fitness_psiw","max_fitness_phin","max_fitness_phiw","id"
"495",495,0.32547601,3.92564675,23.6850217,0.6397886,0.02599165,413.530033,9.66214211883352,2.50500653959569,8.55917226840151,10.1662611411839,9.57863439704203,9.78055347347845,"R_log-I+Ig_log"
