"","iter","rho","burst","iota_N1","iota_N2","phi_N1","phi_N2","max_fitness_rho","max_fitness_beta","max_fitness_psin","max_fitness_psiw","max_fitness_phin","max_fitness_phiw","id"
"509",509,0.20336722,4.46115925,65.2803255,1.99901139,0.03312811,1283.19096,9.39987369630452,4.87965819747955,5.40901718547762,5.88813781493019,9.77979728917766,9.76113775065442,"R_log-I+Ig_log"
