"","iter","rho","burst","iota_N1","iota_N2","phi_N1","phi_N2","max_fitness_rho","max_fitness_beta","max_fitness_psin","max_fitness_psiw","max_fitness_phin","max_fitness_phiw","id"
"979",979,0.27130788,5.79211478,34.6760753,1.17066571,0.0105129,113.707945,9.77579492835038,9.79742987460076,7.21993609216774,8.46678959638144,8.45404880190599,9.85098841518073,"R_log-I+Ig_log"
