"","iter","rho","burst","iota_N1","iota_N2","phi_N1","phi_N2","max_fitness_rho","max_fitness_beta","max_fitness_psin","max_fitness_psiw","max_fitness_phin","max_fitness_phiw","id"
"598",598,0.425229,4.6701341,95.0149023,0.38975321,0.00411571,116.46419,7.61881858633178,5.82202294775848,2.96536775604486,6.62190824796399,7.24029735641212,8.28146192010445,"R_log"
