"","iter","rho","burst","iota_N1","iota_N2","phi_N1","phi_N2","max_fitness_rho","max_fitness_beta","max_fitness_psin","max_fitness_psiw","max_fitness_phin","max_fitness_phiw","id"
"974",974,0.24565402,4.00802136,27.7026727,0.95572773,0.02265491,573.204735,9.73394470378811,2.80198955662167,7.97224308676058,9.37317052392659,9.47916287758863,9.77263916350115,"R_log-I+Ig_log"
