"","iter","rho","burst","iota_N1","iota_N2","phi_N1","phi_N2","max_fitness_rho","max_fitness_beta","max_fitness_psin","max_fitness_psiw","max_fitness_phin","max_fitness_phiw","id"
"983",983,0.2177795,4.60125628,37.1796657,2.2340527,0.07659159,203.679291,9.5458306328625,5.62959513359302,6.99429773070051,5.36645630487008,7.11841125346274,9.80901684053765,"R_log-I+Ig_log"
