"","iter","rho","burst","iota_N1","iota_N2","phi_N1","phi_N2","max_fitness_rho","max_fitness_beta","max_fitness_psin","max_fitness_psiw","max_fitness_phin","max_fitness_phiw","id"
"481",481,0.31832245,5.58810383,32.6862681,1.01455979,0.00881614,110.449125,8.06401115535801,7.90571799340753,5.59112094571415,7.41594463177265,7.34044656927593,8.28715097096213,"R_log"
