"","iter","rho","burst","iota_N1","iota_N2","phi_N1","phi_N2","max_fitness_rho","max_fitness_beta","max_fitness_psin","max_fitness_psiw","max_fitness_phin","max_fitness_phiw","id"
"704",704,0.28102948,4.11546885,9.95363018,0.96813322,0.0633075,444.383356,9.76795981783067,3.228008057999,9.41607571053683,9.32395723334404,7.7179321241857,9.77858575814894,"R_log-I+Ig_log"
