"","iter","rho","burst","iota_N1","iota_N2","phi_N1","phi_N2","max_fitness_rho","max_fitness_beta","max_fitness_psin","max_fitness_psiw","max_fitness_phin","max_fitness_phiw","id"
"207",207,0.19857084,3.92564345,17.1193635,0.89447802,0.01950406,3644.952,8.26884931815425,2.06305663523643,9.75193977015696,9.67953728496527,6.13480011591336,9.83647956102408,"R_log-I_log"
