"","iter","rho","burst","iota_N1","iota_N2","phi_N1","phi_N2","max_fitness_rho","max_fitness_beta","max_fitness_psin","max_fitness_psiw","max_fitness_phin","max_fitness_phiw","id"
"218",218,0.25878219,4.02418334,4.36246038,0.95561351,0.12937624,4785.31784,9.84179010443408,2.27994264577287,5.31877310913408,9.41412661708451,4.66435222636169,9.83571790473586,"R_log-I_log"
