"","iter","rho","burst","iota_N1","iota_N2","phi_N1","phi_N2","max_fitness_rho","max_fitness_beta","max_fitness_psin","max_fitness_psiw","max_fitness_phin","max_fitness_phiw","id"
"532",532,0.39391432,4.69406771,38.2690601,0.39476892,0.00609382,625.713165,7.19566487361495,3.98163664589543,5.37165714607148,9.84642230055879,5.12254408170088,9.85170695496488,"R_log-I_log"
