"","iter","rho","burst","iota_N1","iota_N2","phi_N1","phi_N2","max_fitness_rho","max_fitness_beta","max_fitness_psin","max_fitness_psiw","max_fitness_phin","max_fitness_phiw","id"
"137",137,0.25789977,4.61989083,42.218219,1.75520382,0.06607976,1654.92929,9.76748666598888,5.73000741013649,6.61709677469885,6.49856597812065,7.57807495622532,9.75902690293853,"R_log-I+Ig_log"
