"","iter","rho","burst","iota_N1","iota_N2","phi_N1","phi_N2","max_fitness_rho","max_fitness_beta","max_fitness_psin","max_fitness_psiw","max_fitness_phin","max_fitness_phiw","id"
"343",343,0.31524001,5.39226668,20.091015,1.06323316,0.05537749,3611.60495,9.6910680168375,8.98057180781166,9.24937541145307,8.92727451273814,8.19120805236008,9.75506978026591,"R_log-I+Ig_log"
