"","iter","rho","burst","iota_N1","iota_N2","phi_N1","phi_N2","max_fitness_rho","max_fitness_beta","max_fitness_psin","max_fitness_psiw","max_fitness_phin","max_fitness_phiw","id"
"664",664,0.39440607,4.74399218,23.7722589,0.54184573,0.01265986,208.731799,7.72794970112302,5.96251814839486,6.96116066375939,7.2408724749867,7.46302134172704,8.23305540246424,"R_log"
