"","iter","rho","burst","iota_N1","iota_N2","phi_N1","phi_N2","max_fitness_rho","max_fitness_beta","max_fitness_psin","max_fitness_psiw","max_fitness_phin","max_fitness_phiw","id"
"686",686,0.2487857,3.9614082,260.077388,0.83077587,0.00209744,873.38691,9.71568940441476,2.14072808637988,2.80484976236103,9.89044315247761,4.85675537456488,9.84653678292619,"R_log-I_log"
