"","iter","rho","burst","iota_N1","iota_N2","phi_N1","phi_N2","max_fitness_rho","max_fitness_beta","max_fitness_psin","max_fitness_psiw","max_fitness_phin","max_fitness_phiw","id"
"222",222,0.51624784,6.28192971,8.53613097,1.84770258,0.10687761,1901.53457,7.39605532453437,5.30708567185614,7.68358573732482,4.90865459285609,4.18372068239959,8.17392692015543,"R_log"
