"","iter","rho","burst","iota_N1","iota_N2","phi_N1","phi_N2","max_fitness_rho","max_fitness_beta","max_fitness_psin","max_fitness_psiw","max_fitness_phin","max_fitness_phiw","id"
"728",728,0.31007085,3.96575716,13.4137771,0.83698205,0.07488661,1726.41813,9.70531516241467,2.64646390476203,9.65012897818718,9.79251135163939,7.18912813584608,9.758727660672,"R_log-I+Ig_log"
