"","iter","rho","burst","iota_N1","iota_N2","phi_N1","phi_N2","max_fitness_rho","max_fitness_beta","max_fitness_psin","max_fitness_psiw","max_fitness_phin","max_fitness_phiw","id"
"922",922,0.39425157,4.77087576,24.2857652,0.51420198,0.02353842,690.344852,9.50400130418208,6.52886072072524,8.45993120622093,10.1729802944117,9.50606854414493,9.76913269122026,"R_log-I+Ig_log"
