"","iter","rho","burst","iota_N1","iota_N2","phi_N1","phi_N2","max_fitness_rho","max_fitness_beta","max_fitness_psin","max_fitness_psiw","max_fitness_phin","max_fitness_phiw","id"
"466",466,0.41426221,4.74476169,15.0364679,0.46630386,0.01957602,657.692314,7.65542272952411,5.96393877231755,8.17953955939541,6.91553508470369,7.75122128476228,8.188165601112,"R_log"
