"","iter","rho","burst","iota_N1","iota_N2","phi_N1","phi_N2","max_fitness_rho","max_fitness_beta","max_fitness_psin","max_fitness_psiw","max_fitness_phin","max_fitness_phiw","id"
"173",173,0.15854053,4.59696236,145.889988,1.94585389,0.00877254,68.1200777,5.94021194315916,5.67219661571442,2.19541416320561,4.7592467888444,7.33925953804955,8.35095351273575,"R_log"
