"","iter","rho","burst","iota_N1","iota_N2","phi_N1","phi_N2","max_fitness_rho","max_fitness_beta","max_fitness_psin","max_fitness_psiw","max_fitness_phin","max_fitness_phiw","id"
"761",761,0.16430968,4.78666243,39.716471,1.97540539,0.04441364,210.75542,7.55216691684059,4.2472699807229,5.30703143246525,5.17291189157579,7.26902174024638,9.88647798945653,"R_log-I_log"
