"","iter","rho","burst","iota_N1","iota_N2","phi_N1","phi_N2","max_fitness_rho","max_fitness_beta","max_fitness_psin","max_fitness_psiw","max_fitness_phin","max_fitness_phiw","id"
"180",180,0.38271708,5.96322672,17.5505449,2.20749573,0.07677388,3334.63959,7.31642860887404,7.85928755177873,9.47103601656229,4.73901745606769,5.48430616632676,9.83677630742458,"R_log-I_log"
