"","iter","rho","burst","iota_N1","iota_N2","phi_N1","phi_N2","max_fitness_rho","max_fitness_beta","max_fitness_psin","max_fitness_psiw","max_fitness_phin","max_fitness_phiw","id"
"972",972,0.34173917,5.98657912,8.23636006,2.2488743,0.11823955,552.230692,7.96084662406581,7.68749833283048,5.92698611950072,4.67037053878769,4.7927267391082,9.8541195696468,"R_log-I_log"
