"","iter","rho","burst","iota_N1","iota_N2","phi_N1","phi_N2","max_fitness_rho","max_fitness_beta","max_fitness_psin","max_fitness_psiw","max_fitness_phin","max_fitness_phiw","id"
"333",333,0.34139477,3.98714918,25.1848836,0.99731845,0.02708524,303.352008,9.61790801406193,2.72434757494775,8.32175226440973,9.20535472188958,9.61315442570894,9.79072979749466,"R_log-I+Ig_log"
