"","iter","rho","burst","iota_N1","iota_N2","phi_N1","phi_N2","max_fitness_rho","max_fitness_beta","max_fitness_psin","max_fitness_psiw","max_fitness_phin","max_fitness_phiw","id"
"522",522,0.38377567,6.46964216,11.767723,1.48216623,0.0617773,1837.68946,7.77010767927148,4.99464033792742,7.98166806801124,5.63679006625771,5.96217232048679,8.17418897970202,"R_log"
