"","iter","rho","burst","iota_N1","iota_N2","phi_N1","phi_N2","max_fitness_rho","max_fitness_beta","max_fitness_psin","max_fitness_psiw","max_fitness_phin","max_fitness_phiw","id"
"825",825,0.32823351,4.00536272,9.77372175,0.66582104,0.04539784,616.953634,8.01893399543682,3.509317246369,7.80088606519564,7.86957836337626,7.45253533517813,8.18958940073251,"R_log"
