"","iter","rho","burst","iota_N1","iota_N2","phi_N1","phi_N2","max_fitness_rho","max_fitness_beta","max_fitness_psin","max_fitness_psiw","max_fitness_phin","max_fitness_phiw","id"
"953",953,0.21541538,4.75619779,16.5457033,1.98199073,0.08429053,305.432243,9.52343001765521,6.45315342185199,9.77834528511541,5.92831709928898,6.82720592653763,9.79047286856428,"R_log-I+Ig_log"
