"","iter","rho","burst","iota_N1","iota_N2","phi_N1","phi_N2","max_fitness_rho","max_fitness_beta","max_fitness_psin","max_fitness_psiw","max_fitness_phin","max_fitness_phiw","id"
"350",350,0.20334755,4.03050128,25.0344378,0.99899508,0.01927723,354.162112,7.06689266382352,3.64675435189513,6.7139622179617,7.49444194578489,7.73781010206153,8.20640857515922,"R_log"
