"","iter","rho","burst","iota_N1","iota_N2","phi_N1","phi_N2","max_fitness_rho","max_fitness_beta","max_fitness_psin","max_fitness_psiw","max_fitness_phin","max_fitness_phiw","id"
"998",998,0.30363669,4.10635843,17.9354579,0.81596371,0.03720068,735.844768,9.72230011565055,3.19016883618678,9.66367949044537,9.85426928464981,9.70230513702922,9.76806633192894,"R_log-I+Ig_log"
