"","iter","rho","burst","iota_N1","iota_N2","phi_N1","phi_N2","max_fitness_rho","max_fitness_beta","max_fitness_psin","max_fitness_psiw","max_fitness_phin","max_fitness_phiw","id"
"634",634,0.2685651,4.74165166,14.5889344,0.5735826,0.01580921,189.761221,8.20025177998741,5.95818607380373,8.16388552844674,7.39023594468346,7.58644397167865,8.23938434916267,"R_log"
