"","iter","rho","burst","iota_N1","iota_N2","phi_N1","phi_N2","max_fitness_rho","max_fitness_beta","max_fitness_psin","max_fitness_psiw","max_fitness_phin","max_fitness_phiw","id"
"290",290,0.34880314,4.01328652,14.0455008,0.9299879,0.05788746,1125.97123,7.92322596218378,3.55303228307206,8.13913306252536,7.8348912097156,6.24543206331852,8.17914552731058,"R_log"
