"","iter","rho","burst","iota_N1","iota_N2","phi_N1","phi_N2","max_fitness_rho","max_fitness_beta","max_fitness_psin","max_fitness_psiw","max_fitness_phin","max_fitness_phiw","id"
"432",432,0.26348146,5.95624939,7.04389857,2.0083873,0.09976924,227.049412,8.1939020989173,6.93704388817716,7.54868615877398,4.67063655259206,4.34426537000175,8.22790429183336,"R_log"
