"","iter","rho","burst","iota_N1","iota_N2","phi_N1","phi_N2","max_fitness_rho","max_fitness_beta","max_fitness_psin","max_fitness_psiw","max_fitness_phin","max_fitness_phiw","id"
"533",533,0.32164259,4.73669588,63.7553316,1.72896252,0.04049475,1966.4278,9.67302182622091,6.3517151646249,5.47344884539803,6.56923690319727,9.44389732447167,9.75787380388261,"R_log-I+Ig_log"
