"","iter","rho","burst","iota_N1","iota_N2","phi_N1","phi_N2","max_fitness_rho","max_fitness_beta","max_fitness_psin","max_fitness_psiw","max_fitness_phin","max_fitness_phiw","id"
"308",308,0.35198541,3.93742043,27.7477126,0.72787925,0.02766831,1005.74338,7.75729001823978,2.08849645983335,6.05560382949816,10.0942084349601,7.23466554486463,9.84480739980799,"R_log-I_log"
