"","iter","rho","burst","iota_N1","iota_N2","phi_N1","phi_N2","max_fitness_rho","max_fitness_beta","max_fitness_psin","max_fitness_psiw","max_fitness_phin","max_fitness_phiw","id"
"943",943,0.40394971,5.6754233,75.7951567,0.98221265,0.00621742,283.96335,7.09894935750475,9.64494475766596,4.34396210219122,9.27668349950913,5.13065574014547,9.87319451537506,"R_log-I_log"
