"","iter","rho","burst","iota_N1","iota_N2","phi_N1","phi_N2","max_fitness_rho","max_fitness_beta","max_fitness_psin","max_fitness_psiw","max_fitness_phin","max_fitness_phiw","id"
"373",373,0.45000656,5.57186909,6.31937035,1.06592326,0.08452653,1624.67891,9.42103722672269,9.49763136231847,8.82771363799307,8.91573795549872,6.81917031206119,9.75916413123757,"R_log-I+Ig_log"
