"","iter","rho","burst","iota_N1","iota_N2","phi_N1","phi_N2","max_fitness_rho","max_fitness_beta","max_fitness_psin","max_fitness_psiw","max_fitness_phin","max_fitness_phiw","id"
"682",682,0.42567498,4.7074628,31.9607895,0.53416282,0.01315335,18186.2779,9.45676573427896,6.19807897450325,7.48080611395648,10.1792050102484,8.8160351160704,9.7523740169508,"R_log-I+Ig_log"
