"","iter","rho","burst","iota_N1","iota_N2","phi_N1","phi_N2","max_fitness_rho","max_fitness_beta","max_fitness_psin","max_fitness_psiw","max_fitness_phin","max_fitness_phiw","id"
"86",86,0.35536866,3.99096517,13.6525112,0.78957226,0.06857833,983.676228,9.5821561813546,2.73841785718921,9.6670891945943,9.92526813591101,7.46214553768825,9.76398322771938,"R_log-I+Ig_log"
