"","iter","rho","burst","iota_N1","iota_N2","phi_N1","phi_N2","max_fitness_rho","max_fitness_beta","max_fitness_psin","max_fitness_psiw","max_fitness_phin","max_fitness_phiw","id"
"404",404,0.24971946,4.07258328,30.0063568,0.62770549,0.02573764,717.232919,8.13396473390586,3.86819273800195,5.93025955079191,7.66185384886828,8.01470652079066,8.18637621850162,"R_log"
