"","iter","rho","burst","iota_N1","iota_N2","phi_N1","phi_N2","max_fitness_rho","max_fitness_beta","max_fitness_psin","max_fitness_psiw","max_fitness_phin","max_fitness_phiw","id"
"904",904,0.26698239,4.72295434,70.7032692,0.55932169,0.00566613,1915.93052,9.77586337071194,6.27970825421674,5.18880511439931,10.1843015382898,7.6367174940397,9.7580365560962,"R_log-I+Ig_log"
