"","iter","rho","burst","iota_N1","iota_N2","phi_N1","phi_N2","max_fitness_rho","max_fitness_beta","max_fitness_psin","max_fitness_psiw","max_fitness_phin","max_fitness_phiw","id"
"83",83,0.28397073,4.5218917,29.0838699,1.92255003,0.08698688,793.169794,8.18666655156623,5.50258695247047,6.05848282608507,4.79350920440155,4.71026899098149,8.18447414314369,"R_log"
