"","iter","rho","burst","iota_N1","iota_N2","phi_N1","phi_N2","max_fitness_rho","max_fitness_beta","max_fitness_psin","max_fitness_psiw","max_fitness_phin","max_fitness_phiw","id"
"118",118,0.38363924,4.74535415,3.88056647,0.42363202,0.07555589,13935.2338,9.52239742938597,6.39686410135667,8.07103910336588,10.1361565759812,7.16118582345263,9.75258032756627,"R_log-I+Ig_log"
