"","iter","rho","burst","iota_N1","iota_N2","phi_N1","phi_N2","max_fitness_rho","max_fitness_beta","max_fitness_psin","max_fitness_psiw","max_fitness_phin","max_fitness_phiw","id"
"746",746,0.33171332,4.06082843,44.4299363,0.85118519,0.00988632,5234.39006,8.00279642062894,3.80746863836021,4.5887134260184,8.1655140913382,7.37107610984356,8.16907180841628,"R_log"
