"","iter","rho","burst","iota_N1","iota_N2","phi_N1","phi_N2","max_fitness_rho","max_fitness_beta","max_fitness_psin","max_fitness_psiw","max_fitness_phin","max_fitness_phiw","id"
"580",580,0.38949769,4.88877829,10.7720514,0.43746684,0.01562122,335.55058,9.51201552424033,7.11183212128453,9.47704270685535,10.1418108128288,9.08103016138174,9.78708122704524,"R_log-I+Ig_log"
