"","iter","rho","burst","iota_N1","iota_N2","phi_N1","phi_N2","max_fitness_rho","max_fitness_beta","max_fitness_psin","max_fitness_psiw","max_fitness_phin","max_fitness_phiw","id"
"822",822,0.35437996,6.20713558,18.5685886,1.93218269,0.05343967,751.239183,7.71485722713421,6.56475050246387,8.59312246580193,5.26464587332936,6.3483157362313,9.84866541139083,"R_log-I_log"
