"","iter","rho","burst","iota_N1","iota_N2","phi_N1","phi_N2","max_fitness_rho","max_fitness_beta","max_fitness_psin","max_fitness_psiw","max_fitness_phin","max_fitness_phiw","id"
"490",490,0.41916249,4.67007424,8.41238555,0.57263322,0.03735807,1234.16818,7.6387666649562,5.82190593963661,7.67200010283222,7.38563643122981,8.15303117098049,8.17802534139568,"R_log"
