"","iter","rho","burst","iota_N1","iota_N2","phi_N1","phi_N2","max_fitness_rho","max_fitness_beta","max_fitness_psin","max_fitness_psiw","max_fitness_phin","max_fitness_phiw","id"
"416",416,0.25891639,4.07699412,29.7491454,0.86058065,0.01937601,632.2796,9.76906105616003,3.0703646882845,7.71685865715017,9.71810649831286,9.34808068351925,9.77071158815193,"R_log-I+Ig_log"
