"","iter","rho","burst","iota_N1","iota_N2","phi_N1","phi_N2","max_fitness_rho","max_fitness_beta","max_fitness_psin","max_fitness_psiw","max_fitness_phin","max_fitness_phiw","id"
"332",332,0.29478083,4.05538407,29.5072308,0.83313936,0.02986499,1548.19881,9.35306623916961,2.35048401634749,5.89939791883412,9.88370770597288,7.89561210962657,9.8407898879148,"R_log-I_log"
