"","iter","rho","burst","iota_N1","iota_N2","phi_N1","phi_N2","max_fitness_rho","max_fitness_beta","max_fitness_psin","max_fitness_psiw","max_fitness_phin","max_fitness_phiw","id"
"591",591,0.37470129,3.99300724,193.381818,0.69693902,0.0031878,554.384141,7.4133858222074,2.21035183428676,3.1804737986226,10.1157882827637,4.93043571696357,9.85404016368573,"R_log-I_log"
