"","iter","rho","burst","iota_N1","iota_N2","phi_N1","phi_N2","max_fitness_rho","max_fitness_beta","max_fitness_psin","max_fitness_psiw","max_fitness_phin","max_fitness_phiw","id"
"680",680,0.28270292,3.9498615,31.6645666,0.81924055,0.01932944,756.2844,9.65079953159962,2.11551784622982,5.73897366137089,9.92210155801051,6.11828987341086,9.84856374969551,"R_log-I_log"
