"","iter","rho","burst","iota_N1","iota_N2","phi_N1","phi_N2","max_fitness_rho","max_fitness_beta","max_fitness_psin","max_fitness_psiw","max_fitness_phin","max_fitness_phiw","id"
"153",153,0.18497537,3.96529533,12.7099043,1.035463,0.03008786,354.327132,6.55334746513762,3.28308261241109,8.05569633263233,7.31085083623401,8.14915067546495,8.20639164830148,"R_log"
