"","iter","rho","burst","iota_N1","iota_N2","phi_N1","phi_N2","max_fitness_rho","max_fitness_beta","max_fitness_psin","max_fitness_psiw","max_fitness_phin","max_fitness_phiw","id"
"527",527,0.1634383,4.63822485,86.424134,2.50700635,0.02953551,244.506445,8.97703978028346,5.8286468658987,4.6840412177431,4.83405396286079,9.69406995430707,9.79978715827603,"R_log-I+Ig_log"
