"","iter","rho","burst","iota_N1","iota_N2","phi_N1","phi_N2","max_fitness_rho","max_fitness_beta","max_fitness_psin","max_fitness_psiw","max_fitness_phin","max_fitness_phiw","id"
"23",23,0.35642064,4.5178789,122.477259,1.81112605,0.02896833,390.376833,9.57962323950894,5.18105517607067,3.81993434698914,6.35148254814331,9.67550403261427,9.78222340613871,"R_log-I+Ig_log"
