"","iter","rho","burst","iota_N1","iota_N2","phi_N1","phi_N2","max_fitness_rho","max_fitness_beta","max_fitness_psin","max_fitness_psiw","max_fitness_phin","max_fitness_phiw","id"
"522",522,0.38377567,6.46964216,11.767723,1.48216623,0.0617773,1837.68946,7.30435723019892,5.82889748740223,6.71908780086304,6.54877796931769,5.9381833156747,9.83961267222998,"R_log-I_log"
