"","iter","rho","burst","iota_N1","iota_N2","phi_N1","phi_N2","max_fitness_rho","max_fitness_beta","max_fitness_psin","max_fitness_psiw","max_fitness_phin","max_fitness_phiw","id"
"712",712,0.35462357,4.63074122,24.4152248,0.55562928,0.00982276,1343.89356,9.58396625253086,5.78840039644265,8.43930684908351,10.183789483097,8.34763117823804,9.7607130914676,"R_log-I+Ig_log"
