"","iter","rho","burst","iota_N1","iota_N2","phi_N1","phi_N2","max_fitness_rho","max_fitness_beta","max_fitness_psin","max_fitness_psiw","max_fitness_phin","max_fitness_phiw","id"
"645",645,0.37754973,3.86101857,24.9435901,0.82539367,0.03538746,93.8649601,9.53385065198006,2.2893265110302,8.35775424312926,9.82711014331581,9.76988882347355,9.87008136959052,"R_log-I+Ig_log"
