"","iter","rho","burst","iota_N1","iota_N2","phi_N1","phi_N2","max_fitness_rho","max_fitness_beta","max_fitness_psin","max_fitness_psiw","max_fitness_phin","max_fitness_phiw","id"
"788",788,0.25434936,4.0147822,9.51786597,0.83911269,0.06662202,176.638128,8.1625944387441,3.5612447466344,7.7765851136019,8.20528659031796,5.64519959829851,8.24450699364551,"R_log"
