"","iter","rho","burst","iota_N1","iota_N2","phi_N1","phi_N2","max_fitness_rho","max_fitness_beta","max_fitness_psin","max_fitness_psiw","max_fitness_phin","max_fitness_phiw","id"
"742",742,0.37024317,4.82909556,5.68540076,0.61471051,0.03166839,12.6485058,7.47191359842332,4.37205200343553,5.50877944634166,10.0845936356117,8.76899418662871,10.3302316911851,"R_log-I_log"
