"","iter","rho","burst","iota_N1","iota_N2","phi_N1","phi_N2","max_fitness_rho","max_fitness_beta","max_fitness_psin","max_fitness_psiw","max_fitness_phin","max_fitness_phiw","id"
"183",183,0.2837596,3.860701,13.745342,0.75876141,0.03984272,258.45942,8.18711051019602,2.66103153376997,8.12299776120059,8.31702902580051,8.0411921586422,8.22070333445361,"R_log"
