"","iter","rho","burst","iota_N1","iota_N2","phi_N1","phi_N2","max_fitness_rho","max_fitness_beta","max_fitness_psin","max_fitness_psiw","max_fitness_phin","max_fitness_phiw","id"
"606",606,0.37167128,6.06982341,49.5332911,1.67442326,0.01618802,413.71553,7.45277597333792,7.15750835597568,4.95142035040564,5.91078594989476,5.84069979436617,9.86094804290463,"R_log-I_log"
