"","iter","rho","burst","iota_N1","iota_N2","phi_N1","phi_N2","max_fitness_rho","max_fitness_beta","max_fitness_psin","max_fitness_psiw","max_fitness_phin","max_fitness_phiw","id"
"243",243,0.19333453,3.9963,5.96869106,0.84770264,0.05420273,900.746471,9.29112668637201,2.75818524009409,8.73551735275528,9.75934639520066,8.26820011862259,9.76510264205239,"R_log-I+Ig_log"
