"","iter","rho","burst","iota_N1","iota_N2","phi_N1","phi_N2","max_fitness_rho","max_fitness_beta","max_fitness_psin","max_fitness_psiw","max_fitness_phin","max_fitness_phiw","id"
"139",139,0.27245773,5.50756889,7.81878802,1.05753934,0.04912593,467.27341,8.20094269254009,7.66768100369883,7.61726862071432,7.20096687043545,7.02600689220702,8.19690079343141,"R_log"
