"","iter","rho","burst","iota_N1","iota_N2","phi_N1","phi_N2","max_fitness_rho","max_fitness_beta","max_fitness_psin","max_fitness_psiw","max_fitness_phin","max_fitness_phiw","id"
"311",311,0.31361642,4.45524569,17.7073354,2.01932107,0.22692333,1746.03046,8.08464139711148,5.33421244985124,8.15479424407792,4.65560709096335,2.79600713910532,8.17460346793874,"R_log"
