"","iter","rho","burst","iota_N1","iota_N2","phi_N1","phi_N2","max_fitness_rho","max_fitness_beta","max_fitness_psin","max_fitness_psiw","max_fitness_phin","max_fitness_phiw","id"
"433",433,0.35122056,5.39178974,6.78676016,0.99051476,0.07369621,901.086131,7.91208792282421,7.32513345389933,7.52683688110251,7.53716676656885,5.25490790746287,8.1823217080223,"R_log"
