"","iter","rho","burst","iota_N1","iota_N2","phi_N1","phi_N2","max_fitness_rho","max_fitness_beta","max_fitness_psin","max_fitness_psiw","max_fitness_phin","max_fitness_phiw","id"
"431",431,0.26654243,4.57894573,9.53057493,1.90558984,0.27940422,314.876246,9.84784555195585,3.66228408941012,6.17708295228494,5.32311355541956,3.69515811592773,9.86938856574288,"R_log-I_log"
