"","iter","rho","burst","iota_N1","iota_N2","phi_N1","phi_N2","max_fitness_rho","max_fitness_beta","max_fitness_psin","max_fitness_psiw","max_fitness_phin","max_fitness_phiw","id"
"565",565,0.28503487,5.5393889,14.7149771,0.98598119,0.03439255,1861.64477,9.7621831394585,9.41257074710522,9.73741602257247,9.25185537112947,9.78311093752583,9.75821748034125,"R_log-I+Ig_log"
