"","iter","rho","burst","iota_N1","iota_N2","phi_N1","phi_N2","max_fitness_rho","max_fitness_beta","max_fitness_psin","max_fitness_psiw","max_fitness_phin","max_fitness_phiw","id"
"752",752,0.33211656,3.94209711,41.5148136,0.71433508,0.01868945,2231.85307,8.00092178318282,3.14851346241171,4.78297329940515,8.16595743515428,7.71151981327125,8.17280159578732,"R_log"
