"","iter","rho","burst","iota_N1","iota_N2","phi_N1","phi_N2","max_fitness_rho","max_fitness_beta","max_fitness_psin","max_fitness_psiw","max_fitness_phin","max_fitness_phiw","id"
"774",774,0.41252719,6.05626021,16.8442435,2.09174002,0.09135378,3347.89695,9.47574082102112,9.38060702309389,9.76674215317794,5.67505110675805,6.60452266720931,9.75533476375107,"R_log-I+Ig_log"
