"","iter","rho","burst","iota_N1","iota_N2","phi_N1","phi_N2","max_fitness_rho","max_fitness_beta","max_fitness_psin","max_fitness_psiw","max_fitness_phin","max_fitness_phiw","id"
"926",926,0.3385966,3.86649228,12.1747061,1.09831527,0.09292166,545.352599,9.62547959380504,2.30701969622352,9.56567398085546,8.77642151041923,6.55852031582758,9.77369063215001,"R_log-I+Ig_log"
