"","iter","rho","burst","iota_N1","iota_N2","phi_N1","phi_N2","max_fitness_rho","max_fitness_beta","max_fitness_psin","max_fitness_psiw","max_fitness_phin","max_fitness_phiw","id"
"683",683,0.21810443,4.52106051,74.8949381,2.3056588,0.03978581,1131.15858,9.54884872041976,5.19808484020927,5.03515574094372,5.21934196779753,9.51042143514236,9.76239194252551,"R_log-I+Ig_log"
