"","iter","rho","burst","iota_N1","iota_N2","phi_N1","phi_N2","max_fitness_rho","max_fitness_beta","max_fitness_psin","max_fitness_psiw","max_fitness_phin","max_fitness_phiw","id"
"450",450,0.43016519,6.28587623,12.441878,1.56478263,0.04004135,455.486281,6.88374449334678,6.2697817715764,6.939604097556,6.25362157298754,8.3064652988733,9.858461097092,"R_log-I_log"
