"","iter","rho","burst","iota_N1","iota_N2","phi_N1","phi_N2","max_fitness_rho","max_fitness_beta","max_fitness_psin","max_fitness_psiw","max_fitness_phin","max_fitness_phiw","id"
"230",230,0.31918966,4.00949789,28.8261743,0.70971477,0.02891971,1454.01296,8.56477394818023,2.24705023376259,5.95665051015513,10.1093254152979,7.5623434152692,9.84127571445134,"R_log-I_log"
