"","iter","rho","burst","iota_N1","iota_N2","phi_N1","phi_N2","max_fitness_rho","max_fitness_beta","max_fitness_psin","max_fitness_psiw","max_fitness_phin","max_fitness_phiw","id"
"409",409,0.29687002,5.55368423,19.2992575,0.92164095,0.01589858,358.999759,9.73877260181522,9.45071206961433,9.41787374555132,9.50395922557357,9.10620310601765,9.78483043573823,"R_log-I+Ig_log"
