"","iter","rho","burst","iota_N1","iota_N2","phi_N1","phi_N2","max_fitness_rho","max_fitness_beta","max_fitness_psin","max_fitness_psiw","max_fitness_phin","max_fitness_phiw","id"
"750",750,0.26530097,6.02324685,79.0958187,2.16403657,0.01143662,7881.85415,8.19695254881155,6.47788509328805,3.31397493686347,4.4680176240826,7.42032473518517,8.16813665468866,"R_log"
