"","iter","rho","burst","iota_N1","iota_N2","phi_N1","phi_N2","max_fitness_rho","max_fitness_beta","max_fitness_psin","max_fitness_psiw","max_fitness_phin","max_fitness_phiw","id"
"646",646,0.40771511,4.52160795,12.7675672,0.42901476,0.02648421,169.180104,7.06500740376859,3.50733551807817,7.06332499392438,9.87798985532545,6.99978122273449,9.89887046979826,"R_log-I_log"
