"","iter","rho","burst","iota_N1","iota_N2","phi_N1","phi_N2","max_fitness_rho","max_fitness_beta","max_fitness_psin","max_fitness_psiw","max_fitness_phin","max_fitness_phiw","id"
"500",500,0.24790548,3.96749861,9.65090388,0.84476445,0.06955471,2443.71782,8.11982672922431,3.29573434365867,7.789232803377,8.18715750916999,5.4730469204625,8.17223733026045,"R_log"
