"","iter","rho","burst","iota_N1","iota_N2","phi_N1","phi_N2","max_fitness_rho","max_fitness_beta","max_fitness_psin","max_fitness_psiw","max_fitness_phin","max_fitness_phiw","id"
"668",668,0.30962511,4.07453701,36.5996747,0.83207247,0.03212784,226.154524,8.10156029707734,3.87819458926537,5.18342045921264,8.22656120661622,8.18490089317055,8.22813950604487,"R_log"
