"","iter","rho","burst","iota_N1","iota_N2","phi_N1","phi_N2","max_fitness_rho","max_fitness_beta","max_fitness_psin","max_fitness_psiw","max_fitness_phin","max_fitness_phiw","id"
"659",659,0.34849114,4.56005712,29.8379633,1.76860006,0.13716181,174.51114,7.9246667554105,5.59114676318197,5.95322529903756,5.04003441571519,3.67666824099676,8.24540600569145,"R_log"
