"","iter","rho","burst","iota_N1","iota_N2","phi_N1","phi_N2","max_fitness_rho","max_fitness_beta","max_fitness_psin","max_fitness_psiw","max_fitness_phin","max_fitness_phiw","id"
"98",98,0.25278307,4.06004342,63.9208811,0.67635249,0.00676,1965.95411,8.15402414392738,3.80338271375417,3.73809791560639,7.93258367325347,7.28965602467469,8.17367667164376,"R_log"
