"","iter","rho","burst","iota_N1","iota_N2","phi_N1","phi_N2","max_fitness_rho","max_fitness_beta","max_fitness_psin","max_fitness_psiw","max_fitness_phin","max_fitness_phiw","id"
"556",556,0.33000058,4.97701443,54.9758189,0.50683338,0.00372377,2389.08793,9.64934688243403,7.51156917434418,5.86176357758298,10.1703326916226,7.28557335351895,9.75678794993157,"R_log-I+Ig_log"
