"","iter","rho","burst","iota_N1","iota_N2","phi_N1","phi_N2","max_fitness_rho","max_fitness_beta","max_fitness_psin","max_fitness_psiw","max_fitness_phin","max_fitness_phiw","id"
"757",757,0.38739834,5.58974797,31.2930916,0.99168238,0.01302596,1139.7194,7.75548238314852,7.9103680047413,5.76115175039335,7.53128881291714,7.47642092707058,8.17898944971594,"R_log"
