"","iter","rho","burst","iota_N1","iota_N2","phi_N1","phi_N2","max_fitness_rho","max_fitness_beta","max_fitness_psin","max_fitness_psiw","max_fitness_phin","max_fitness_phiw","id"
"925",925,0.25754467,5.62707169,21.5344696,1.39541052,0.02962948,466.77835,8.17692521551634,8.01145231594441,7.47864048237187,5.87267684731848,8.13836383052995,8.19693049168807,"R_log"
