"","iter","rho","burst","iota_N1","iota_N2","phi_N1","phi_N2","max_fitness_rho","max_fitness_beta","max_fitness_psin","max_fitness_psiw","max_fitness_phin","max_fitness_phiw","id"
"404",404,0.24971946,4.07258328,30.0063568,0.62770549,0.02573764,717.232919,9.74822604421429,3.05265850353844,7.68739521678886,10.1732162390331,9.57088357849612,9.76848758945039,"R_log-I+Ig_log"
