"","iter","rho","burst","iota_N1","iota_N2","phi_N1","phi_N2","max_fitness_rho","max_fitness_beta","max_fitness_psin","max_fitness_psiw","max_fitness_phin","max_fitness_phiw","id"
"750",750,0.26530097,6.02324685,79.0958187,2.16403657,0.01143662,7881.85415,9.77523199768108,9.44541626059016,4.89797280034531,5.51554862915892,8.58926585112121,9.75324905289378,"R_log-I+Ig_log"
