"","iter","rho","burst","iota_N1","iota_N2","phi_N1","phi_N2","max_fitness_rho","max_fitness_beta","max_fitness_psin","max_fitness_psiw","max_fitness_phin","max_fitness_phiw","id"
"32",32,0.30085477,4.01813643,8.68581631,0.81750839,0.06272644,188.377901,9.72928001238281,2.84021087512117,9.28132178516849,9.84988398996454,7.74914442656311,9.81345626644205,"R_log-I+Ig_log"
