"","iter","rho","burst","iota_N1","iota_N2","phi_N1","phi_N2","max_fitness_rho","max_fitness_beta","max_fitness_psin","max_fitness_psiw","max_fitness_phin","max_fitness_phiw","id"
"692",692,0.28682967,3.94624219,94.4453307,0.67249977,0.00812395,367.4032,9.56177010196335,2.10764539221208,4.05624362076284,10.1187465897152,5.25620444969268,9.86434999601644,"R_log-I_log"
