"","iter","rho","burst","iota_N1","iota_N2","phi_N1","phi_N2","max_fitness_rho","max_fitness_beta","max_fitness_psin","max_fitness_psiw","max_fitness_phin","max_fitness_phiw","id"
"928",928,0.33569256,4.64492263,7.33347887,0.6094485,0.03896636,31.5871784,8.1003804333599,3.84391214199734,5.76866929628489,10.0794034928354,8.68595038695438,10.1162010409584,"R_log-I_log"
