"","iter","rho","burst","iota_N1","iota_N2","phi_N1","phi_N2","max_fitness_rho","max_fitness_beta","max_fitness_psin","max_fitness_psiw","max_fitness_phin","max_fitness_phiw","id"
"103",103,0.33529636,5.50230557,9.30045474,0.83978033,0.02855062,1723.87015,8.11005642458189,7.43753815887579,6.13040924314507,9.8643376828201,7.45428967533975,9.84003029568506,"R_log-I_log"
