"","iter","rho","burst","iota_N1","iota_N2","phi_N1","phi_N2","max_fitness_rho","max_fitness_beta","max_fitness_psin","max_fitness_psiw","max_fitness_phin","max_fitness_phiw","id"
"237",237,0.25172241,3.89250108,18.3819899,0.80222061,0.02592477,706.268232,8.14759391133531,2.85373677217095,8.10359034385305,8.29735511869601,8.02174494670343,8.18668293278227,"R_log"
