"","iter","rho","burst","iota_N1","iota_N2","phi_N1","phi_N2","max_fitness_rho","max_fitness_beta","max_fitness_psin","max_fitness_psiw","max_fitness_phin","max_fitness_phiw","id"
"958",958,0.34761936,4.75354005,4.21789738,0.44651906,0.09484342,1677.10265,7.92869861960688,5.98012255011815,7.34195363130188,6.83492091813844,4.47136467777338,8.17494370589472,"R_log"
