"","iter","rho","burst","iota_N1","iota_N2","phi_N1","phi_N2","max_fitness_rho","max_fitness_beta","max_fitness_psin","max_fitness_psiw","max_fitness_phin","max_fitness_phiw","id"
"948",948,0.38444879,6.06065092,6.24812051,2.24115537,0.24694376,545.230688,7.29672266677798,7.20645055381592,5.59387702408671,4.6830055756335,3.83798149056224,9.85438543363248,"R_log-I_log"
