"","iter","rho","burst","iota_N1","iota_N2","phi_N1","phi_N2","max_fitness_rho","max_fitness_beta","max_fitness_psin","max_fitness_psiw","max_fitness_phin","max_fitness_phiw","id"
"211",211,0.34736324,5.40747829,9.20362763,1.06741317,0.03773833,6631.6931,9.60218575849036,9.02727644672865,9.34384474719069,8.90934828412604,9.67090373517424,9.75353915289624,"R_log-I+Ig_log"
