"","iter","rho","burst","iota_N1","iota_N2","phi_N1","phi_N2","max_fitness_rho","max_fitness_beta","max_fitness_psin","max_fitness_psiw","max_fitness_phin","max_fitness_phiw","id"
"151",151,0.34207425,5.55368887,13.2795409,0.93611787,0.02243619,1775.4716,9.61608812681429,9.45072748376935,9.64060285757316,9.44926575524656,9.47219323729973,9.75853634805353,"R_log-I+Ig_log"
