"","iter","rho","burst","iota_N1","iota_N2","phi_N1","phi_N2","max_fitness_rho","max_fitness_beta","max_fitness_psin","max_fitness_psiw","max_fitness_phin","max_fitness_phiw","id"
"78",78,0.48894478,6.27509074,56.0910037,1.95281952,0.03080074,246.774861,7.58717659243055,5.73858705738336,4.34670347354889,4.76786988812349,8.22795612377866,8.27812263123464,"R_none"
