"","iter","rho","burst","iota_N1","iota_N2","phi_N1","phi_N2","max_fitness_rho","max_fitness_beta","max_fitness_psin","max_fitness_psiw","max_fitness_phin","max_fitness_phiw","id"
"133",133,0.28602575,5.49535257,10.7570252,0.99479196,0.02832023,1785.08526,9.14975184129931,7.54696137460135,5.33005704255055,8.64617087013986,6.19074502641465,9.76368733118211,"R_none-I+Ig_log"
