"","iter","rho","burst","iota_N1","iota_N2","phi_N1","phi_N2","max_fitness_rho","max_fitness_beta","max_fitness_psin","max_fitness_psiw","max_fitness_phin","max_fitness_phiw","id"
"863",863,0.17580809,4.55225157,4.69180096,2.01069183,0.44942419,368.556363,6.75745914183399,5.57640402925498,7.45481317556337,4.68242821833059,1.81728123109121,8.25932442200631,"R_none"
