"","iter","rho","burst","iota_N1","iota_N2","phi_N1","phi_N2","max_fitness_rho","max_fitness_beta","max_fitness_psin","max_fitness_psiw","max_fitness_phin","max_fitness_phiw","id"
"555",555,0.33815716,4.04875557,31.2172643,0.81726213,0.01923354,424.169812,6.66972550940208,1.48061550291926,4.18817544047435,9.82994604297673,4.95497552690027,9.78858660906456,"R_none-I+Ig_log"
