"","iter","rho","burst","iota_N1","iota_N2","phi_N1","phi_N2","max_fitness_rho","max_fitness_beta","max_fitness_psin","max_fitness_psiw","max_fitness_phin","max_fitness_phiw","id"
"46",46,0.42882493,4.81045359,24.8326771,0.54754292,0.01188511,1208.02976,5.60723150921486,3.38286004468974,5.28514539807471,7.34074905473507,4.28362606226714,9.76755060748708,"R_none-I+Ig_log"
