"","iter","rho","burst","iota_N1","iota_N2","phi_N1","phi_N2","max_fitness_rho","max_fitness_beta","max_fitness_psin","max_fitness_psiw","max_fitness_phin","max_fitness_phiw","id"
"543",543,0.40661641,4.09260828,38.0446256,0.79151266,0.0123163,257.941787,8.65006415349825,5.50371075697584,5.24182748684305,9.76944046391425,9.16381827775855,9.80871059789982,"R_none-I_log"
