"","iter","rho","burst","iota_N1","iota_N2","phi_N1","phi_N2","max_fitness_rho","max_fitness_beta","max_fitness_psin","max_fitness_psiw","max_fitness_phin","max_fitness_phiw","id"
"370",370,0.39251548,4.76108844,7.28635594,0.49433394,0.03750849,1835.70146,5.92947139139174,3.20560160038471,4.56431287081896,7.42359698371583,8.91840418255462,9.76346443512144,"R_none-I+Ig_log"
