"","iter","rho","burst","iota_N1","iota_N2","phi_N1","phi_N2","max_fitness_rho","max_fitness_beta","max_fitness_psin","max_fitness_psiw","max_fitness_phin","max_fitness_phiw","id"
"911",911,0.12182282,4.61320034,21.7198848,2.4119869,0.070354,988.259316,5.7651943078769,5.71326646173144,7.72095431764017,4.18316433173507,5.87501233491285,8.23478494376705,"R_none"
