"","iter","rho","burst","iota_N1","iota_N2","phi_N1","phi_N2","max_fitness_rho","max_fitness_beta","max_fitness_psin","max_fitness_psiw","max_fitness_phin","max_fitness_phiw","id"
"365",365,0.25490559,4.53758517,10.8315451,1.77974044,0.32094212,2304.19988,9.68072883423664,7.05197807688962,9.14426121607729,6.2223334316997,2.79498317862028,9.76465727289552,"R_none-I_log"
