"","iter","rho","burst","iota_N1","iota_N2","phi_N1","phi_N2","max_fitness_rho","max_fitness_beta","max_fitness_psin","max_fitness_psiw","max_fitness_phin","max_fitness_phiw","id"
"655",655,0.35485308,5.5261377,405.682435,0.81128923,0.00140794,577.793997,6.38101646714828,7.86503928860934,0.886986583805421,9.82916583406374,3.53581597837802,9.78018195317354,"R_none-I+Ig_log"
