"","iter","rho","burst","iota_N1","iota_N2","phi_N1","phi_N2","max_fitness_rho","max_fitness_beta","max_fitness_psin","max_fitness_psiw","max_fitness_phin","max_fitness_phiw","id"
"836",836,0.32162275,4.07776416,14.2233088,0.67535654,0.05298176,328.038243,8.02632384948618,5.447391311638,8.23924721030289,7.81951446351707,7.04605437060138,9.7990743792695,"R_none-I_log"
