"","iter","rho","burst","iota_N1","iota_N2","phi_N1","phi_N2","max_fitness_rho","max_fitness_beta","max_fitness_psin","max_fitness_psiw","max_fitness_phin","max_fitness_phiw","id"
"997",997,0.34381239,5.52039328,39.9093527,0.89225187,0.00805626,3175.22832,8.0621704574714,7.80985632615299,5.3340934452245,8.06244458160417,7.3929566317388,8.22452272201522,"R_none"
