"","iter","rho","burst","iota_N1","iota_N2","phi_N1","phi_N2","max_fitness_rho","max_fitness_beta","max_fitness_psin","max_fitness_psiw","max_fitness_phin","max_fitness_phiw","id"
"434",434,0.31368564,4.03870982,7.16302359,0.71896156,0.12545116,115.785018,8.17472832701459,3.7754144178089,7.66612064155627,8.40490292169408,4.10701312877978,8.33911833203532,"R_none"
