"","iter","rho","burst","iota_N1","iota_N2","phi_N1","phi_N2","max_fitness_rho","max_fitness_beta","max_fitness_psin","max_fitness_psiw","max_fitness_phin","max_fitness_phiw","id"
"400",400,0.47269957,4.7378147,15.1941304,0.45165723,0.03497459,220.720539,7.6260475135454,5.97209501588309,8.24261770645176,7.34055514119824,8.24804154340162,8.28472774500594,"R_none"
