"","iter","rho","burst","iota_N1","iota_N2","phi_N1","phi_N2","max_fitness_rho","max_fitness_beta","max_fitness_psin","max_fitness_psiw","max_fitness_phin","max_fitness_phiw","id"
"993",993,0.340597,3.85450276,32.3319989,0.83727003,0.01591298,782.227184,6.62107901195436,1.19141160526645,4.06155066700653,9.79939195091434,4.62722729078874,9.77392989651069,"R_none-I+Ig_log"
