"","iter","rho","burst","iota_N1","iota_N2","phi_N1","phi_N2","max_fitness_rho","max_fitness_beta","max_fitness_psin","max_fitness_psiw","max_fitness_phin","max_fitness_phiw","id"
"603",603,0.33360913,4.10989391,35.3428409,0.90657412,0.01440862,196.063958,8.04081358193985,5.5689497485128,5.49944760145774,9.48623481912165,9.27838823251417,9.82176155012764,"R_none-I_log"
