"","iter","rho","burst","iota_N1","iota_N2","phi_N1","phi_N2","max_fitness_rho","max_fitness_beta","max_fitness_psin","max_fitness_psiw","max_fitness_phin","max_fitness_phiw","id"
"649",649,0.32673305,5.50979735,12.2841701,0.9547823,0.06129427,2184.01337,8.12824885227733,7.78029639901041,8.11151916105371,7.78564145254453,6.39761366331617,8.22663719408818,"R_none"
