"","iter","rho","burst","iota_N1","iota_N2","phi_N1","phi_N2","max_fitness_rho","max_fitness_beta","max_fitness_psin","max_fitness_psiw","max_fitness_phin","max_fitness_phiw","id"
"486",486,0.47829404,6.07846809,34.4207911,2.2078044,0.04242212,3506.77677,9.32934681041552,7.76841508568572,5.60036443893241,5.2042921539877,8.36429538905236,9.76252323282313,"R_none-I_log"
