"","iter","rho","burst","iota_N1","iota_N2","phi_N1","phi_N2","max_fitness_rho","max_fitness_beta","max_fitness_psin","max_fitness_psiw","max_fitness_phin","max_fitness_phiw","id"
"74",74,0.21616248,3.93054911,52.2090516,0.99373561,0.02025214,56.0063546,8.47772286596263,1.2982497489118,2.85058062607723,8.65459171421049,5.06424626192961,9.90598892439995,"R_none-I+Ig_log"
