"","iter","rho","burst","iota_N1","iota_N2","phi_N1","phi_N2","max_fitness_rho","max_fitness_beta","max_fitness_psin","max_fitness_psiw","max_fitness_phin","max_fitness_phiw","id"
"76",76,0.29845568,4.76604692,41.6125477,0.62916638,0.00537344,22.6141921,8.22027276417548,6.02832978473381,5.20262000327384,8.0255914116484,7.31471331491233,8.64804757487484,"R_none"
