"","iter","rho","burst","iota_N1","iota_N2","phi_N1","phi_N2","max_fitness_rho","max_fitness_beta","max_fitness_psin","max_fitness_psiw","max_fitness_phin","max_fitness_phiw","id"
"942",942,0.36446042,5.95802471,200.606038,2.17117591,0.00487291,630.099654,8.20307481341499,7.77116290459124,2.29407911085494,5.28047750857286,8.67281452135885,9.78056908062463,"R_none-I_log"
