"","iter","rho","burst","iota_N1","iota_N2","phi_N1","phi_N2","max_fitness_rho","max_fitness_beta","max_fitness_psin","max_fitness_psiw","max_fitness_phin","max_fitness_phiw","id"
"122",122,0.37104493,4.05068151,4.98601375,0.68476063,0.13830881,327.495957,7.95437846528144,3.83551996261275,7.477694811193,8.29679892400749,3.87614114156933,8.2641395860214,"R_none"
