"","iter","rho","burst","iota_N1","iota_N2","phi_N1","phi_N2","max_fitness_rho","max_fitness_beta","max_fitness_psin","max_fitness_psiw","max_fitness_phin","max_fitness_phiw","id"
"739",739,0.31531566,5.50059888,3.7778584,1.15032346,0.09173227,122.368844,8.03507925286234,9.44368955404188,8.88516714022579,8.3552945481098,4.87137842682674,9.84798194797944,"R_none-I_log"
