"","iter","rho","burst","iota_N1","iota_N2","phi_N1","phi_N2","max_fitness_rho","max_fitness_beta","max_fitness_psin","max_fitness_psiw","max_fitness_phin","max_fitness_phiw","id"
"838",838,0.39208841,4.86583356,6.66793032,0.41684306,0.05422062,445.208537,5.93376813885784,3.5943870383784,4.45084273963313,7.69895228202232,5.13285724823577,9.78711616764549,"R_none-I+Ig_log"
