"","iter","rho","burst","iota_N1","iota_N2","phi_N1","phi_N2","max_fitness_rho","max_fitness_beta","max_fitness_psin","max_fitness_psiw","max_fitness_phin","max_fitness_phiw","id"
"713",713,0.22192847,4.47855894,43.0937376,2.08061252,0.0594919,2059.24245,7.88370837025876,5.39730828390184,5.09489998255665,4.5846482718573,6.51647058052507,8.22704647617019,"R_none"
