"","iter","rho","burst","iota_N1","iota_N2","phi_N1","phi_N2","max_fitness_rho","max_fitness_beta","max_fitness_psin","max_fitness_psiw","max_fitness_phin","max_fitness_phiw","id"
"256",256,0.48333251,4.73090293,32.8969312,0.50958969,0.01040056,69.1534093,9.338055987386,7.63492299011194,5.77952092406073,8.03416098450754,9.04695183215771,9.86857778686759,"R_none-I_log"
