"","iter","rho","burst","iota_N1","iota_N2","phi_N1","phi_N2","max_fitness_rho","max_fitness_beta","max_fitness_psin","max_fitness_psiw","max_fitness_phin","max_fitness_phiw","id"
"986",986,0.29856619,4.00116524,15.187927,0.78898188,0.06286982,465.321024,8.15042868536816,5.15261438982508,8.39247979184019,9.75110814063536,6.21976929020872,9.78791042883805,"R_none-I_log"
