"","iter","rho","burst","iota_N1","iota_N2","phi_N1","phi_N2","max_fitness_rho","max_fitness_beta","max_fitness_psin","max_fitness_psiw","max_fitness_phin","max_fitness_phiw","id"
"60",60,0.40182782,6.30689862,19.9506488,1.61860295,0.0382151,1644.46246,7.8395182564458,5.63296826005881,8.02576408073767,5.37368754740695,8.19420536711117,8.22885432187269,"R_none"
