"","iter","rho","burst","iota_N1","iota_N2","phi_N1","phi_N2","max_fitness_rho","max_fitness_beta","max_fitness_psin","max_fitness_psiw","max_fitness_phin","max_fitness_phiw","id"
"721",721,0.27905002,5.49301318,32.217661,0.9485306,0.02094573,19989.8184,8.25410792013333,7.73310395203341,6.06447401483409,7.81470029786991,7.9217283009953,8.22058790722009,"R_none"
