"","iter","rho","burst","iota_N1","iota_N2","phi_N1","phi_N2","max_fitness_rho","max_fitness_beta","max_fitness_psin","max_fitness_psiw","max_fitness_phin","max_fitness_phiw","id"
"44",44,0.22175107,4.08296069,35.3044262,0.87886863,0.01022206,1959.99363,8.86189591000609,5.46713804371117,5.50352384819279,9.62909027967221,9.03562920117533,9.76574644682173,"R_none-I_log"
