"","iter","rho","burst","iota_N1","iota_N2","phi_N1","phi_N2","max_fitness_rho","max_fitness_beta","max_fitness_psin","max_fitness_psiw","max_fitness_phin","max_fitness_phiw","id"
"32",32,0.30085477,4.01813643,8.68581631,0.81750839,0.06272644,188.377901,8.16476052564992,1.43136139183399,4.84551489890396,9.82988001040916,4.43668786733144,9.8242067181557,"R_none-I+Ig_log"
