"","iter","rho","burst","iota_N1","iota_N2","phi_N1","phi_N2","max_fitness_rho","max_fitness_beta","max_fitness_psin","max_fitness_psiw","max_fitness_phin","max_fitness_phiw","id"
"532",532,0.39391432,4.69406771,38.2690601,0.39476892,0.00609382,625.713165,8.48773408551606,7.52792417177809,5.2227076569417,8.24119913831607,8.75894527541939,9.78071725372362,"R_none-I_log"
