"","iter","rho","burst","iota_N1","iota_N2","phi_N1","phi_N2","max_fitness_rho","max_fitness_beta","max_fitness_psin","max_fitness_psiw","max_fitness_phin","max_fitness_phiw","id"
"634",634,0.2685651,4.74165166,14.5889344,0.5735826,0.01580921,189.761221,8.25427274361452,5.97977179992789,8.22746270398257,7.78385540637817,7.69618800538996,8.2948264402947,"R_none"
