"","iter","rho","burst","iota_N1","iota_N2","phi_N1","phi_N2","max_fitness_rho","max_fitness_beta","max_fitness_psin","max_fitness_psiw","max_fitness_phin","max_fitness_phiw","id"
"937",937,0.3845121,5.65764772,14.92231,0.91219403,0.0355529,1662.80795,8.38288768281568,9.70111632527138,8.30311974648603,9.45670919453667,9.7632952481315,9.76703807981776,"R_none-I_log"
