"","iter","rho","burst","iota_N1","iota_N2","phi_N1","phi_N2","max_fitness_rho","max_fitness_beta","max_fitness_psin","max_fitness_psiw","max_fitness_phin","max_fitness_phiw","id"
"865",865,0.32025501,5.4834375,2.35770309,0.98182922,0.14061401,392.247466,8.02710876055397,9.41384326352186,8.67839804058107,9.10131530996986,3.92835669392708,9.7929715231076,"R_none-I_log"
