"","iter","rho","burst","iota_N1","iota_N2","phi_N1","phi_N2","max_fitness_rho","max_fitness_beta","max_fitness_psin","max_fitness_psiw","max_fitness_phin","max_fitness_phiw","id"
"170",170,0.29033892,3.98621809,71.8696451,0.86632539,0.0101758,82.6181249,8.23860248239808,3.50144274360312,3.73794489953957,8.16450790450468,7.46596892986142,8.38184527000682,"R_none"
