"","iter","rho","burst","iota_N1","iota_N2","phi_N1","phi_N2","max_fitness_rho","max_fitness_beta","max_fitness_psin","max_fitness_psiw","max_fitness_phin","max_fitness_phiw","id"
"950",950,0.30523297,3.95429494,13.673992,0.6219141,0.054118,163.514928,8.08327112772949,4.96905881478032,8.27611954749717,7.67401377332919,6.93653863580214,9.83148837831236,"R_none-I_log"
