"","iter","rho","burst","iota_N1","iota_N2","phi_N1","phi_N2","max_fitness_rho","max_fitness_beta","max_fitness_psin","max_fitness_psiw","max_fitness_phin","max_fitness_phiw","id"
"127",127,0.27736369,5.50556462,2.05038315,0.94577007,0.17784027,538.280013,9.54309325081614,7.65033810533246,3.72306584920816,9.05476772104843,2.25042031837163,9.7819097728881,"R_none-I+Ig_log"
