"","iter","rho","burst","iota_N1","iota_N2","phi_N1","phi_N2","max_fitness_rho","max_fitness_beta","max_fitness_psin","max_fitness_psiw","max_fitness_phin","max_fitness_phiw","id"
"421",421,0.41033083,5.42517948,44.1922899,0.96113647,0.01777214,1106.20046,7.80997501010936,7.54056351496807,5.01856547023253,7.75588462333343,7.78305181593533,8.23320266823541,"R_none"
