"","iter","rho","burst","iota_N1","iota_N2","phi_N1","phi_N2","max_fitness_rho","max_fitness_beta","max_fitness_psin","max_fitness_psiw","max_fitness_phin","max_fitness_phiw","id"
"968",968,0.36241357,3.92351192,9.91821375,0.61467511,0.10592386,1344.51838,8.1878951027215,4.84731772123017,9.36780923731586,7.67878148714959,4.49909639655502,9.76904340678433,"R_none-I_log"
