"","iter","rho","burst","iota_N1","iota_N2","phi_N1","phi_N2","max_fitness_rho","max_fitness_beta","max_fitness_psin","max_fitness_psiw","max_fitness_phin","max_fitness_phiw","id"
"275",275,0.28388695,4.68599574,18.4432327,1.90397439,0.13776206,1728.45238,8.6183305720563,7.50423189251819,9.00356932799692,5.89589782043329,3.96600501538878,9.76671434789302,"R_none-I_log"
