"","iter","rho","burst","iota_N1","iota_N2","phi_N1","phi_N2","max_fitness_rho","max_fitness_beta","max_fitness_psin","max_fitness_psiw","max_fitness_phin","max_fitness_phiw","id"
"637",637,0.24356028,5.57723579,21.9245697,1.14212683,0.01515372,259.1236,8.16223727558514,7.96314912434913,7.67854801666832,6.89956342297454,7.66754732109381,8.27543968481955,"R_none"
