"","iter","rho","burst","iota_N1","iota_N2","phi_N1","phi_N2","max_fitness_rho","max_fitness_beta","max_fitness_psin","max_fitness_psiw","max_fitness_phin","max_fitness_phiw","id"
"596",596,0.24099032,4.14120459,111.115512,0.67015035,0.00380278,953.838453,8.14165329837249,4.25958968236031,2.80188440877778,8.22946735299701,7.27686430812402,8.23531901170387,"R_none"
