"","iter","rho","burst","iota_N1","iota_N2","phi_N1","phi_N2","max_fitness_rho","max_fitness_beta","max_fitness_psin","max_fitness_psiw","max_fitness_phin","max_fitness_phiw","id"
"611",611,0.20253268,4.64728988,1862.1735,2.23955215,0.00105555,11927.7272,8.48350287991061,7.38933766190167,0.449320637310975,5.13970872006968,8.39444226551061,9.75960675320306,"R_none-I_log"
