"","iter","rho","burst","iota_N1","iota_N2","phi_N1","phi_N2","max_fitness_rho","max_fitness_beta","max_fitness_psin","max_fitness_psiw","max_fitness_phin","max_fitness_phiw","id"
"372",372,0.4954896,6.26529986,27.7640158,1.94351993,0.06222764,383.237569,5.17393142199893,5.70792495788512,4.68118336608305,5.06589849742431,4.46934162887871,9.79187989914349,"R_none-I+Ig_log"
