"","iter","rho","burst","iota_N1","iota_N2","phi_N1","phi_N2","max_fitness_rho","max_fitness_beta","max_fitness_psin","max_fitness_psiw","max_fitness_phin","max_fitness_phiw","id"
"182",182,0.24734857,4.13859013,15.1466546,0.79637284,0.02500073,105.059519,8.18787090702974,4.24810885756147,8.24169281560568,8.37596189862133,8.07997112961548,8.35025759738653,"R_none"
