"","iter","rho","burst","iota_N1","iota_N2","phi_N1","phi_N2","max_fitness_rho","max_fitness_beta","max_fitness_psin","max_fitness_psiw","max_fitness_phin","max_fitness_phiw","id"
"293",293,0.1926189,4.5192185,16.661869,2.12712063,0.11145897,829.634914,7.79548629267322,2.46682734367681,9.78115777595224,4.73033680037858,2.92489790149195,9.77290656124047,"R_none-I+Ig_log"
