"","iter","rho","burst","iota_N1","iota_N2","phi_N1","phi_N2","max_fitness_rho","max_fitness_beta","max_fitness_psin","max_fitness_psiw","max_fitness_phin","max_fitness_phiw","id"
"853",853,0.35784339,5.78508646,11.45073,0.88722017,0.02861372,282.011055,8.15609591435152,9.79396580636993,8.89467106388753,9.58690755959269,8.28360089059969,9.80493905711998,"R_none-I_log"
