"","iter","rho","burst","iota_N1","iota_N2","phi_N1","phi_N2","max_fitness_rho","max_fitness_beta","max_fitness_psin","max_fitness_psiw","max_fitness_phin","max_fitness_phiw","id"
"647",647,0.25380417,4.41184853,24.3481875,2.03864599,0.12645931,412.113902,8.22034697297689,5.21864663985703,7.18166480375058,4.64266173832807,4.08747915565171,8.25523723351827,"R_none"
