"","iter","rho","burst","iota_N1","iota_N2","phi_N1","phi_N2","max_fitness_rho","max_fitness_beta","max_fitness_psin","max_fitness_psiw","max_fitness_phin","max_fitness_phiw","id"
"862",862,0.34913632,4.63677488,3.32430156,0.5051407,0.09496073,640.855073,8.10376685964031,7.35775455481954,8.82033588600906,8.05034915799434,4.77404783723771,9.78021473576688,"R_none-I_log"
