"","iter","rho","burst","iota_N1","iota_N2","phi_N1","phi_N2","max_fitness_rho","max_fitness_beta","max_fitness_psin","max_fitness_psiw","max_fitness_phin","max_fitness_phiw","id"
"303",303,0.34670133,3.95409046,13.6606621,0.81520726,0.04051421,1358.51324,8.0911620444843,4.96825265940037,8.27767829893899,9.83629246013477,8.68655340097913,9.76893612275221,"R_none-I_log"
