"","iter","rho","burst","iota_N1","iota_N2","phi_N1","phi_N2","max_fitness_rho","max_fitness_beta","max_fitness_psin","max_fitness_psiw","max_fitness_phin","max_fitness_phiw","id"
"848",848,0.29299483,4.04002987,11.871111,1.04498442,0.05702728,102.460722,8.70926663917447,1.46642705370012,5.637812737442,8.2681464233841,4.86555889631716,9.86585356930059,"R_none-I+Ig_log"
