"","iter","rho","burst","iota_N1","iota_N2","phi_N1","phi_N2","max_fitness_rho","max_fitness_beta","max_fitness_psin","max_fitness_psiw","max_fitness_phin","max_fitness_phiw","id"
"249",249,0.35685536,3.83257432,20.3454995,0.86264872,0.04937896,131.783982,8.0103283253164,2.62138673084329,7.96964255467317,8.17816060314339,7.33402914664777,8.32562010879444,"R_none"
