"","iter","rho","burst","iota_N1","iota_N2","phi_N1","phi_N2","max_fitness_rho","max_fitness_beta","max_fitness_psin","max_fitness_psiw","max_fitness_phin","max_fitness_phiw","id"
"1000",1000,0.36346476,4.9137808,25.7699985,0.45142649,0.01708192,327.345813,6.26092513971683,3.78933600367925,5.06696177729465,7.54507545721528,4.7376169871156,9.79759148170968,"R_none-I+Ig_log"
