"","iter","rho","burst","iota_N1","iota_N2","phi_N1","phi_N2","max_fitness_rho","max_fitness_beta","max_fitness_psin","max_fitness_psiw","max_fitness_phin","max_fitness_phiw","id"
"63",63,0.30598278,3.93109547,15.6676692,0.92255256,0.03178641,227.748603,7.83533361739807,1.2990478267698,8.44841661098172,9.25492550974684,7.30204384200869,9.81382396242914,"R_none-I+Ig_log"
