"","iter","rho","burst","iota_N1","iota_N2","phi_N1","phi_N2","max_fitness_rho","max_fitness_beta","max_fitness_psin","max_fitness_psiw","max_fitness_phin","max_fitness_phiw","id"
"513",513,0.34138136,3.96010811,38.8816731,0.78458958,0.02165013,2291.17608,8.0717705519441,3.35923734395364,5.41789012694158,8.39850969048721,7.95128098685711,8.22632026330253,"R_none"
