"","iter","rho","burst","iota_N1","iota_N2","phi_N1","phi_N2","max_fitness_rho","max_fitness_beta","max_fitness_psin","max_fitness_psiw","max_fitness_phin","max_fitness_phiw","id"
"52",52,0.25813562,4.71677196,10.4362143,0.53542348,0.03855524,180.507611,9.74600870785423,7.59409517264329,9.2679100980153,7.91007818337936,9.08390561321024,9.82609840326149,"R_none-I_log"
