"","iter","rho","burst","iota_N1","iota_N2","phi_N1","phi_N2","max_fitness_rho","max_fitness_beta","max_fitness_psin","max_fitness_psiw","max_fitness_phin","max_fitness_phiw","id"
"109",109,0.26356188,5.68396991,31.3072652,1.09209889,0.01802771,470.269937,8.2480050877381,8.19757554117324,6.16847516973183,7.12881445945278,7.79439161766764,8.2509463257757,"R_none"
