"","iter","rho","burst","iota_N1","iota_N2","phi_N1","phi_N2","max_fitness_rho","max_fitness_beta","max_fitness_psin","max_fitness_psiw","max_fitness_phin","max_fitness_phiw","id"
"13",13,0.29623083,5.46249213,10.0977046,1.14624113,0.05497504,369.250084,8.48468213922154,7.22811943679144,5.16583928781347,7.62801689436752,5.0565451445839,9.79316207918311,"R_none-I+Ig_log"
