"","iter","rho","burst","iota_N1","iota_N2","phi_N1","phi_N2","max_fitness_rho","max_fitness_beta","max_fitness_psin","max_fitness_psiw","max_fitness_phin","max_fitness_phiw","id"
"232",232,0.41857161,4.82493124,28.2311621,0.43739821,0.01632842,1271.64977,7.78235882480327,6.14439324406134,6.55893773430938,7.29507490828034,7.71904942797378,8.23147847652063,"R_none"
