"","iter","rho","burst","iota_N1","iota_N2","phi_N1","phi_N2","max_fitness_rho","max_fitness_beta","max_fitness_psin","max_fitness_psiw","max_fitness_phin","max_fitness_phiw","id"
"261",261,0.25036514,3.86853102,27.8618772,0.81394226,0.01816969,5903.0178,9.5617161301888,4.62779371638612,6.50760943537925,9.83612906074332,9.41462962903211,9.76085273404662,"R_none-I_log"
