"","iter","rho","burst","iota_N1","iota_N2","phi_N1","phi_N2","max_fitness_rho","max_fitness_beta","max_fitness_psin","max_fitness_psiw","max_fitness_phin","max_fitness_phiw","id"
"557",557,0.30790393,4.63926353,35.3090142,2.04269236,0.08373934,964.596888,7.72268010516195,2.80867524528085,3.77593799282081,4.87833807961444,3.52579011499845,9.77052810695195,"R_none-I+Ig_log"
