"","iter","rho","burst","iota_N1","iota_N2","phi_N1","phi_N2","max_fitness_rho","max_fitness_beta","max_fitness_psin","max_fitness_psiw","max_fitness_phin","max_fitness_phiw","id"
"287",287,0.23953427,4.48326115,5.99734462,2.13695181,0.56095834,9241.47131,9.28340287968701,2.37288111144237,4.33391757104157,4.71374318764575,1.34512866947457,9.75704278439229,"R_none-I+Ig_log"
