"","iter","rho","burst","iota_N1","iota_N2","phi_N1","phi_N2","max_fitness_rho","max_fitness_beta","max_fitness_psin","max_fitness_psiw","max_fitness_phin","max_fitness_phiw","id"
"703",703,0.41059248,5.46117104,6.82969112,1.06983986,0.13744242,1662.72078,8.70510221240692,9.37451841501081,9.27419184689662,8.69520537023153,3.970327625138,9.76703951492254,"R_none-I_log"
