"","iter","rho","burst","iota_N1","iota_N2","phi_N1","phi_N2","max_fitness_rho","max_fitness_beta","max_fitness_psin","max_fitness_psiw","max_fitness_phin","max_fitness_phiw","id"
"727",727,0.28797512,5.50296455,6.3184185,0.87264934,0.06652922,635.823445,8.24291807024507,7.76113252750613,7.58967606206448,8.14051980333536,6.08310798379575,8.24295577940167,"R_none"
