"","iter","rho","burst","iota_N1","iota_N2","phi_N1","phi_N2","max_fitness_rho","max_fitness_beta","max_fitness_psin","max_fitness_psiw","max_fitness_phin","max_fitness_phiw","id"
"960",960,0.49653988,6.16120774,14.1599675,2.25346028,0.13346372,152.183403,5.16825496052076,6.04829363896906,6.51341003760597,4.52634834485698,2.62933027082054,9.83747759080526,"R_none-I+Ig_log"
