"","iter","rho","burst","iota_N1","iota_N2","phi_N1","phi_N2","max_fitness_rho","max_fitness_beta","max_fitness_psin","max_fitness_psiw","max_fitness_phin","max_fitness_phiw","id"
"896",896,0.25375497,4.0862535,8.3371095,0.81562459,0.06315416,285.136254,8.22014428019601,4.00864607969474,7.7759470591446,8.32959909784675,6.28123122098468,8.27052214822037,"R_none"
