"","iter","rho","burst","iota_N1","iota_N2","phi_N1","phi_N2","max_fitness_rho","max_fitness_beta","max_fitness_psin","max_fitness_psiw","max_fitness_phin","max_fitness_phiw","id"
"132",132,0.34618312,6.26302687,61.4808241,1.85630057,0.01859779,516.139548,8.08860104757727,7.84709821362394,4.02493584048201,6.01787828161906,9.41953414282082,9.78517727816686,"R_none-I_log"
