"","iter","rho","burst","iota_N1","iota_N2","phi_N1","phi_N2","max_fitness_rho","max_fitness_beta","max_fitness_psin","max_fitness_psiw","max_fitness_phin","max_fitness_phiw","id"
"216",216,0.34171132,5.96741337,63.939305,2.26333555,0.01588348,1007.3579,8.07046791314353,7.25881355292123,4.0161361979698,4.35238063208512,7.69944918968973,8.23450299636519,"R_none"
