"","iter","rho","burst","iota_N1","iota_N2","phi_N1","phi_N2","max_fitness_rho","max_fitness_beta","max_fitness_psin","max_fitness_psiw","max_fitness_phin","max_fitness_phiw","id"
"254",254,0.46151126,3.93777931,51.4710457,0.85921041,0.02103089,81.5987763,9.27228953574037,4.90385284197868,4.40237943947851,9.72139937990555,9.35677179776791,9.8668993429489,"R_none-I_log"
