"","iter","rho","burst","iota_N1","iota_N2","phi_N1","phi_N2","max_fitness_rho","max_fitness_beta","max_fitness_psin","max_fitness_psiw","max_fitness_phin","max_fitness_phiw","id"
"891",891,0.26358514,3.95350812,16.669901,0.84875227,0.02118635,383.445012,9.78087580131047,1.33206602665984,9.78140648705541,9.76079752062256,5.16831964742794,9.79186310890547,"R_none-I+Ig_log"
