"","iter","rho","burst","iota_N1","iota_N2","phi_N1","phi_N2","max_fitness_rho","max_fitness_beta","max_fitness_psin","max_fitness_psiw","max_fitness_phin","max_fitness_phiw","id"
"442",442,0.43059834,4.78526019,3.48005114,0.4033525,0.08770982,2354.8133,5.5934151069394,3.29112618432013,3.93227756586767,7.77265424221884,3.41397415616065,9.76171089321138,"R_none-I+Ig_log"
