"","iter","rho","burst","iota_N1","iota_N2","phi_N1","phi_N2","max_fitness_rho","max_fitness_beta","max_fitness_psin","max_fitness_psiw","max_fitness_phin","max_fitness_phiw","id"
"341",341,0.15619126,4.53198795,28.9158917,2.26691544,0.0695544,1160.93056,6.33917938556516,5.52881131794586,6.46565384752109,4.34811839208236,5.91719100241354,8.23258215748002,"R_none"
