"","iter","rho","burst","iota_N1","iota_N2","phi_N1","phi_N2","max_fitness_rho","max_fitness_beta","max_fitness_psin","max_fitness_psiw","max_fitness_phin","max_fitness_phiw","id"
"858",858,0.47245268,6.16564062,4.74803979,1.78541373,0.25569026,253.348483,9.3149262132005,7.82924300584078,9.019188830164,6.20680591552046,3.07465960422314,9.80949837576362,"R_none-I_log"
