"","iter","rho","burst","iota_N1","iota_N2","phi_N1","phi_N2","max_fitness_rho","max_fitness_beta","max_fitness_psin","max_fitness_psiw","max_fitness_phin","max_fitness_phiw","id"
"192",192,0.49286754,5.89584111,46.1911474,2.59408962,0.0349794,75.1279213,7.57829498041177,7.7751131214077,4.88678281436683,3.99440765849599,8.24801059690945,8.39604421943873,"R_none"
