"","iter","rho","burst","iota_N1","iota_N2","phi_N1","phi_N2","max_fitness_rho","max_fitness_beta","max_fitness_psin","max_fitness_psiw","max_fitness_phin","max_fitness_phiw","id"
"615",615,0.36449266,3.94123977,7.51910272,0.82583934,0.05285987,206.58777,6.24744796000367,1.313903316036,4.60863263717007,9.82286992962288,5.27987758561459,9.81898852127138,"R_none-I+Ig_log"
