"","iter","rho","burst","iota_N1","iota_N2","phi_N1","phi_N2","max_fitness_rho","max_fitness_beta","max_fitness_psin","max_fitness_psiw","max_fitness_phin","max_fitness_phiw","id"
"134",134,0.34662081,3.96315919,37.5343281,0.7638392,0.03307196,386.81877,6.51169496037249,1.34650450698887,3.59980664826994,9.61606266914712,8.5122407915272,9.79156587038182,"R_none-I+Ig_log"
