"","iter","rho","burst","iota_N1","iota_N2","phi_N1","phi_N2","max_fitness_rho","max_fitness_beta","max_fitness_psin","max_fitness_psiw","max_fitness_phin","max_fitness_phiw","id"
"728",728,0.31007085,3.96575716,13.4137771,0.83698205,0.07488661,1726.41813,8.18657698502046,3.39032097395561,8.17887877508393,8.26665709652988,5.64885440980908,8.22842849483546,"R_none"
