"","iter","rho","burst","iota_N1","iota_N2","phi_N1","phi_N2","max_fitness_rho","max_fitness_beta","max_fitness_psin","max_fitness_psiw","max_fitness_phin","max_fitness_phiw","id"
"775",775,0.28227761,5.58354109,15.5274393,0.84685049,0.01793479,14390.3102,8.75175379704167,9.58336262268056,8.65253030621145,9.7708013025572,9.41061959791589,9.75939834335083,"R_none-I_log"
