"","iter","rho","burst","iota_N1","iota_N2","phi_N1","phi_N2","max_fitness_rho","max_fitness_beta","max_fitness_psin","max_fitness_psiw","max_fitness_phin","max_fitness_phiw","id"
"638",638,0.24239673,3.99288796,13.5034021,0.79210254,0.05783232,1752.60691,9.34834783310502,5.12036785631427,8.29820266997543,9.77328637327948,6.61113181310327,9.76660356123224,"R_none-I_log"
