"","iter","rho","burst","iota_N1","iota_N2","phi_N1","phi_N2","max_fitness_rho","max_fitness_beta","max_fitness_psin","max_fitness_psiw","max_fitness_phin","max_fitness_phiw","id"
"387",387,0.3855383,4.00961872,222.369533,0.67041618,0.00315758,1034.31467,6.00153530864233,1.41791637487707,1.24770706031825,8.08935801801111,3.64916708978984,9.76953636854249,"R_none-I+Ig_log"
