"","iter","rho","burst","iota_N1","iota_N2","phi_N1","phi_N2","max_fitness_rho","max_fitness_beta","max_fitness_psin","max_fitness_psiw","max_fitness_phin","max_fitness_phiw","id"
"189",189,0.40854295,4.04218172,11.3090452,0.67190926,0.03851621,122.213747,7.81609825517303,3.79293606783276,8.04002457607939,8.237989995701,8.18533362808494,8.33330335319064,"R_none"
